GEOID20,STATEFP,COUNTYFP,DISTRICT,G16PRERTRU,G16PREDCLI,G16PRELJOH,G16PRECCOP,G16PREIMCM,G16PREISTE,G16PREICAS,G16PREIFUE,G16PREOWRI,G16USSRCRA,G16USSDSTU,G16USSCWRI
16001011401,16,001,011401,857.82,206.17,35.04,0,63.09,10,4.01,0,0,817.87,208.16,65.1
16001011402,16,001,011402,804.09,294.38,49.39,2.05,86.71,8.1,3.06,1.02,0.01,890.58,267.23,58.62
16001011403,16,001,011403,281.57,115.48,17.27,1.93,38.9,4.78,1.95,0.96,0.02,328.13,104.24,12.37
16001011404,16,001,011404,1292.2,317.72,79.09,2.01,148.22,13.05,13.01,7,0,1308.43,319.7,112.15
16001011405,16,001,011405,996.34,331.81,54.1,3.02,90.23,9.06,8.02,3,0,996.62,322.78,81.15
16001011406,16,001,011406,1726.01,564.14,75.91,5.1,141.49,9.27,7.1,8,3,1789.75,474.23,130.33
16001011407,16,001,011407,651.05,302.7,30.77,2.98,58.55,5.95,8.93,2.98,0,648.07,273.92,65.5
16001011408,16,001,011408,740.8,480.2,57.92,1.1,101.1,6.26,4.1,1.05,0,837.36,432.58,62.61
16001011409,16,001,011409,713,394,47,2,73,18,3,1,1,784,354,39
16001011410,16,001,011410,650.6,471.15,61.15,2.01,59.23,30.01,10.01,1,0,708.93,474.01,68.13
16001011411,16,001,011411,807.22,453,69.18,1.03,67.58,16.92,5.98,0,0,843.54,423.54,76.01
16001011412,16,001,011412,377.28,131.11,16.04,2.83,37.73,9.43,2.83,0,0,422.55,125.45,24.52
16001011413,16,001,011413,1664.67,718.65,90.79,5.02,260.17,13.15,5.02,0,0,1889.93,628.31,110.75
16001011414,16,001,011414,1280,456,95,4,209,25,4,1,0,1395,455,111
16001011415,16,001,011415,790.78,251.78,42.72,3.64,84.53,6.36,2.73,1.82,0,857.14,224.51,43.63
16001011416,16,001,011416,1098.32,484.72,63.47,3.44,98.37,5.19,2.51,0.27,0.01,1233.71,426.24,55.27
16001011417,16,001,011417,903.63,293.24,73.03,1,91.05,10.01,11,2,0,977.63,302.24,62.05
16001011418,16,001,011418,1212.37,463.76,63.97,9,95.95,10.99,8,4,1,1228.37,462.76,105.95
16001011419,16,001,011419,663.51,313.62,64.68,2.94,67.63,8.82,2.94,3.92,0,688.99,302.84,83.31
16001011501,16,001,011501,888,641,82,1,180,21,10,5,2,1095,620,75
16001011502,16,001,011502,789,559,72,1,122,12,3,3,1,919,546,75
16001011503,16,001,011503,631,477,42,5,69,15,8,1,0,703,438,60
16001011504,16,001,011504,1006.32,733.17,95.03,6,162.05,27.01,11.01,0,0,1190.37,688.16,100.03
16001011505,16,001,011505,581,393,55,7,82,17,3,1,3,620,387,61
16001011506,16,001,011506,597,486,62,5,80,29,12,2,0,700,498,75
16001011507,16,001,011507,687,439,85,3,103,19,11,7,0,769,462,94
16001011508,16,001,011508,640,481,53,6,86,20,7,1,2,660,484,78
16001011509,16,001,011509,943,727,128,4,82,35,6,6,0,1015,729,111
16001011510,16,001,011510,490,389,85,4,31,17,9,4,0,508,398,66
16001011511,16,001,011511,451,341,45,3,44,21,0,1,1,462,340,64
16001011512,16,001,011512,422,343,72,3,42,21,4,4,0,456,338,74
16001011513,16,001,011513,506.06,386.03,71.01,2,44,22,3,3,0,523.06,393.03,60.01
16001011514,16,001,011514,504,340,58,6,69,18,10,3,0,580,325,49
16001011515,16,001,011515,403.94,228.97,44.99,1,32,7,1,1,0,447.94,196.97,37.99
16001011601,16,001,011601,795.8,823.45,71.28,1.85,50.07,16.65,4.63,0.92,0,901.4,729.07,63.87
16001011602,16,001,011602,572.68,753.38,82.66,2.07,64.59,28.66,5.15,2.08,0,651.67,707.05,69.3
16001011603,16,001,011603,612,1004,128,1,81,42,7,3,0,719,990,82
16001011604,16,001,011604,423,700,62,3,43,28,8,3,0,476,683,44
16001011605,16,001,011605,350,668,81,4,42,60,4,2,1,417,686,61
16001011606,16,001,011606,286,682,65,3,33,38,2,4,0,318,699,50
16001011607,16,001,011607,721.61,630.54,62.36,6.93,87.11,25.74,10.89,4.95,0.99,774.07,608.76,93.05
16001011608,16,001,011608,497.36,478.39,72.15,3.88,34.5,27.29,8.76,7.62,0,499.08,492.17,79.56
16001011609,16,001,011609,587.51,433.91,64.32,0,69.12,21.12,11.52,4.8,0,661.43,451.19,56.64
16001011610,16,001,011610,746.19,688.88,113.48,2.99,118.67,33.82,9.46,5.19,0,848.09,678.62,103.18
16001011611,16,001,011611,594.92,616.35,42.14,1.06,99.52,19.44,12.15,4.13,0,703.85,572.64,53.29
16001011612,16,001,011612,333.3,326.21,47.2,7.01,42.21,16.06,8.02,2.01,0,378.48,350.19,43.18
16001011613,16,001,011613,484.47,567.37,58.21,4.01,59.1,29.08,17.03,2.02,0,543.46,578.42,57.24
16001011614,16,001,011614,469,511,63,4,83,27,3,0,1,540,515,48
16001011615,16,001,011615,547.21,766.4,111.05,1,79.01,33.02,5,6,0,639.24,776.42,85.04
16001011701,16,001,011701,527,515,65,5,66,28,1,8,0,613,459,62
16001011702,16,001,011702,574,507,77,9,91,37,14,2,0,633,531,82
16001011703,16,001,011703,478,496,65,2,39,28,5,1,0,524,487,59
16001011704,16,001,011704,332.92,617.56,74.68,2.15,19.45,34.23,5.33,3.35,3,370.44,647.59,55.15
16001011705,16,001,011705,353,527,69,2,58,44,18,2,0,441,560,54
16001011706,16,001,011706,454,695,88,4,73,51,6,2,0,529,727,68
16001011707,16,001,011707,268,557,76,2,35,42,7,0,0,335,573,34
16001011708,16,001,011708,470,775,84,6,61,42,17,4,0,553,751,46
16001011709,16,001,011709,306,691,82,1,50,27,4,7,0,409,702,39
16001011710,16,001,011710,278.21,497.46,100.74,2.04,24.42,23.43,8.1,1.02,0.01,328.28,431.3,32.54
16001011711,16,001,011711,216,477,84,4,24,34,6,0,0,295,447,41
16001011712,16,001,011712,409,450,69,6,55,28,5,2,0,490,467,60
16001011713,16,001,011713,608,568,97,5,86,31,14,4,0,719,594,68
16001011714,16,001,011714,539.52,628.8,75.32,3.11,50.24,28.72,9.07,0.15,0.04,565.73,628.36,78.24
16001011715,16,001,011715,451.48,613.2,85.68,2.89,57.76,44.28,1.93,3.85,0.96,534.27,627.64,57.76
16001011801,16,001,011801,606,393,76,5,70,16,9,4,1,681,412,79
16001011802,16,001,011802,806,490,86,2,141,28,1,4,0,924,473,83
16001011803,16,001,011803,569,319,54,2,60,16,4,5,0,633,298,55
16001011804,16,001,011804,82.95,27.98,1,1,7,2,0,0,0,68.97,31.97,12.99
16001011805,16,001,011805,455.54,844.03,84.8,3.94,42.4,41.41,4.93,1.97,2.96,585.69,792.75,54.23
16001011806,16,001,011806,379.19,733.62,51.13,1.05,43.63,8.65,3.03,1,0.03,514.03,649.86,28.27
16001011807,16,001,011807,490,763,108,2,51,49,16,4,0,595,786,88
16001011808,16,001,011808,386.94,710.87,71.34,3,35.16,47.09,6.02,2.01,1,450.35,719.53,58.23
16001011809,16,001,011809,517.04,812.24,98.55,7,77.58,42.22,8.05,4.01,0,663,748.49,66.56
16001011810,16,001,011810,332.96,596.76,45.45,0,47.42,17.78,3.95,0.99,0,412,535.51,46.44
16001011811,16,001,011811,368.3,689.22,71.53,2.76,62.05,9.39,6.46,0.02,0,531.23,609.04,25.16
16001011812,16,001,011812,428.63,662.34,76.58,0.99,36.8,25.86,4.97,2.98,0,516.15,603.66,52.71
16001011813,16,001,011813,356.43,702.8,76.08,2,42.04,19.05,1.01,3,0,502.5,636.81,34.07
16001011814,16,001,011814,565.11,661.79,73.75,1.99,52.82,19.93,5.98,1.99,1,684.71,604.98,54.82
16001011815,16,001,011815,641.89,623.21,86.25,2.01,78.18,30.07,9.02,3.01,0,738.29,594.02,71.18
16001011816,16,001,011816,327,436,56,1,33,9,8,1,0,456,360,23
16001011817,16,001,011817,698.96,1216.59,129.49,2.2,92.93,26.96,7.39,1.94,0,1028.45,1044.54,52.71
16001011818,16,001,011818,647.44,727.63,113.08,6.03,107.03,21.67,4.18,2.05,0,816.98,660.04,62.17
16001011901,16,001,011901,819.36,808.99,89.76,0.03,107.38,21.45,4.04,2.01,0,938.07,781.81,72.46
16001011902,16,001,011902,473.62,759.47,67.17,2,52.22,14.04,7.01,1,0,627.82,707.43,21.15
16001011903,16,001,011903,311.58,211.71,24.97,0,24.97,10.99,1,0,0,327.55,204.72,28.96
16001011904,16,001,011904,609.95,524.79,48.2,0,69.23,17.05,10.01,0,0,625.19,510.73,66.17
16001011905,16,001,011905,495,602,72,7,62,32,9,0,0,544,648,62
16001011906,16,001,011906,454.51,763.77,75.89,1.97,57.19,35.47,3.94,0.99,0,538.3,743.07,50.27
16001011907,16,001,011907,565,823,59,3,47,23,6,0,0,652,774,41
16001011908,16,001,011908,167.2,624.32,49.03,0,16.02,21.01,1,0,0,233.26,572.29,28.01
16001011909,16,001,011909,292,951,69,3,50,27,1,0,0,409,910,24
16001011910,16,001,011910,350.6,1331.48,85.9,1,70.92,48.94,6.99,2,0,552.37,1237.59,36.96
16001011911,16,001,011911,187,954,62,3,25,36,5,4,0,275,946,21
16001011912,16,001,011912,135,791,56,0,19,24,1,3,1,209,776,11
16001011913,16,001,011913,187,945,49,0,26,31,6,2,0,280,879,31
16001011914,16,001,011914,162,781,53,3,25,39,3,2,0,229,765,28
16001011915,16,001,011915,214.07,815.22,79.18,1.95,26.39,66.47,3.91,5.86,0,286.4,839.66,44.96
16001011916,16,001,011916,254.82,540.86,42.69,2.97,26.79,27.79,7.93,1,0,314.4,543.81,34.71
16001011917,16,001,011917,163.75,607.88,56.16,2.01,26.13,31.09,3.02,3,2,251.13,596.62,24.14
16001011918,16,001,011918,469.2,1224.5,72.97,2.02,47.85,29.48,11.05,5.02,0,643.95,1100.88,37.69
16001011919,16,001,011919,274.28,1024.26,67.47,2.95,44.85,37.32,5.93,1,0,412.81,953.21,46.5
16001011920,16,001,011920,230.26,456.65,27.44,0,27.44,11.76,0.98,0.98,0,323.35,396.88,20.58
16001012001,16,001,012001,878,403,59,1,160,8,7,3,0,1004,361,74
16001012002,16,001,012002,1077,641,81,3,188,13,6,1,0,1277,563,80
16001012003,16,001,012003,999,392,63,4,143,8,4,2,0,1136,339,67
16001012004,16,001,012004,909,406,78,2,132,16,19,1,0,988,397,98
16001012005,16,001,012005,1146,542,90,5,158,13,25,2,3,1237,494,112
16001012006,16,001,012006,1076,446,86,3,123,12,5,5,0,1165,445,88
16001012007,16,001,012007,873.49,355.38,63.32,15.06,98.37,11.18,7.06,3.08,0,925.01,380.16,97.69
16001012008,16,001,012008,1080,494,111,5,105,32,15,4,0,1130,515,127
16001012009,16,001,012009,1171,638,110,5,142,29,14,6,0,1254,641,138
16001012010,16,001,012010,786,421,93,2,92,14,5,1,0,862,416,96
16001012011,16,001,012011,792.68,421.83,72.97,4,129.95,18.99,13.99,0,0,912.63,387.84,76.97
16001012012,16,001,012012,598,324,46,0,72,19,5,2,0,632,318,67
16001012013,16,001,012013,696,346,66,1,93,5,5,3,0,769,310,69
16001012101,16,001,012101,1298,454,61,9,137,12,12,0,0,1405,413,80
16001012102,16,001,012102,1060,433,89,6,98,16,14,2,1,1116,377,105
16001012103,16,001,012103,640,321,30,4,66,13,4,5,1,669,302,46
16001012104,16,001,012104,815.06,448.28,97.41,6.96,90.45,8.95,4.97,1.99,0,890.61,412.5,75.54
16001012105,16,001,012105,507.94,290.72,35.59,1.04,77.55,4.05,4.03,2.01,0,559.39,265.5,45.46
16001012106,16,001,012106,1572,784,123,3,220,20,17,4,0,1805,710,110
16001012107,16,001,012107,823.28,398.56,52.33,4.05,104,9.26,11.28,2.05,0,902.3,359.51,82.74
16001012108,16,001,012108,641.72,317.44,55.67,1.95,84,10.74,11.72,1.95,0,684.7,315.49,73.26
16001012109,16,001,012109,599,456,66,9,102,14,10,5,2,725,442,67
16001012110,16,001,012110,397,169,30,3,27,2,4,1,0,442,143,21
16001012111,16,001,012111,791,418,66,4,103,12,10,0,0,869,402,81
16001012112,16,001,012112,1113,659,93,6,125,17,4,2,1,1177,621,105
16001012113,16,001,012113,738,406,70,4,54,11,6,1,0,782,387,77
16001012114,16,001,012114,825,460,83,3,101,34,14,3,0,909,511,89
16001012115,16,001,012115,886.18,452.05,98.01,9,135.02,34,3,3,1,913.17,477.05,126.02
16001012116,16,001,012116,654,383,70,4,78,13,5,1,0,709,360,57
16001012201,16,001,012201,855,372,85,1,103,13,3,2,2,914,369,97
16001012202,16,001,012202,775,286,58,7,100,14,4,1,0,791,289,88
16001012203,16,001,012203,807,319,74,2,76,32,18,1,0,848,341,88
16001012204,16,001,012204,844,378,87,7,92,26,3,4,0,817,386,115
16001012205,16,001,012205,522,153,28,4,55,9,0,0,0,509,161,41
16001012206,16,001,012206,1024,389,66,8,127,10,7,3,0,1126,344,88
16001012207,16,001,012207,1277.94,257.1,62.78,5.02,140.87,20.18,7.12,5.04,0,1268.27,271.23,137.18
16001012208,16,001,012208,1173,399,108,8,138,12,18,2,0,1188,377,140
16001012209,16,001,012209,659.61,214.59,60.32,1.98,62.3,14.83,7.91,2.97,0,683.34,223.49,79.11
16001012210,16,001,012210,948,323,65,5,91,19,10,4,0,974,317,103
16001012211,16,001,012211,1051.16,238.24,54.41,2.05,84.51,16.08,8.11,5,0,1002.9,243.22,109.91
16001012212,16,001,012212,806.69,230.51,43.7,4.96,49.71,7.95,11.92,0,0,778.87,227.52,90.42
16001012213,16,001,012213,98.49,10.05,2.2,0.03,4.41,0.03,0.11,0,0.01,88.96,11.14,7.89
16001012214,16,001,012214,674.05,203.37,31.74,0.99,56.56,8.93,9.91,0.99,1.98,649.17,199.42,80.39
16003039001,16,003,039001,175.58,34.98,1.61,4.02,1.7,2.04,0.08,0.1,0,135.15,45.1,23.52
16003039002,16,003,039002,371.13,77.21,17.69,1.99,22.7,0.99,2.01,3.87,0,323.34,87.35,64.68
16003039003,16,003,039003,414.99,85.59,18.43,2.89,19.36,0.08,3.87,1.92,0,383.27,108.69,55.09
16003039004,16,003,039004,37,3,1,0,1,0,0,1,0,37,1,2
16003039005,16,003,039005,511.04,203.37,43.97,2.05,35.17,14.77,6.04,0.13,0,548.36,202.59,48.48
16003039006,16,003,039006,48.2,13.77,0.23,0.02,0.2,1.04,0.04,0.01,0,38.5,16.76,8.17
16005052834,16,005,052834,261,157,15,3,47,7,4,0,0,303,175,27
16005052835,16,005,052835,258.36,141.11,22.86,0.99,36.77,7.95,2.98,0,0,323.95,128.19,19.87
16005052836,16,005,052836,321,201,26,4,88,7,5,0,0,406,207,48
16005052837,16,005,052837,355,144,26,1,123,1,5,3,0,443,173,47
16005052838,16,005,052838,363.64,154.89,24.14,0.01,109.23,4.05,5.02,0,0,488.05,132.81,35.13
16005052839,16,005,052839,398.48,250.58,35.6,3.44,97.91,9.09,3.98,0.89,0,489.2,249.79,50.01
16005052840,16,005,052840,218.18,114.11,23.02,3,30.05,1.01,4,4,1,249.23,137.09,17.02
16005052841,16,005,052841,163.47,124.41,13.39,0.56,44.07,3.91,5.02,1.11,0,199.74,132.22,23.99
16005052842,16,005,052842,217.87,165.9,25.98,1,50.97,9.99,0,0,0,287.83,166.9,23.99
16005052843,16,005,052843,267.01,225,34,3,42,15,1,0,3,315.01,247,39
16005052850,16,005,052850,334.74,138.89,9.99,3,114.91,6,5,0,0,419.68,158.88,34.97
16005052851,16,005,052851,500.26,219.11,37.01,3,105.09,7,4,0,0,577.32,247.12,48.03
16005052852,16,005,052852,298,124,25,3,41,4,3,3,0,317,162,31
16005052853,16,005,052853,465,218,38,5,104,30,13,3,1,552,253,69
16005052854,16,005,052854,475.49,111.22,23.82,0.99,112.15,1,5.95,0,0,569.77,129.09,40.7
16005052855,16,005,052855,496.96,201.23,34.33,5.17,124.81,5.45,3.27,0.19,0,622.57,212.04,32.87
16005052856,16,005,052856,388.93,156.2,13.98,0.02,56.87,3.98,1,0,0,424.01,172.08,30.81
16005052857,16,005,052857,458.64,124.2,23.57,1.81,59.82,4.53,2.72,1.81,0,487.65,132.36,48.04
16005052858,16,005,052858,254,106,19,2,44,4,3,0,0,281,121,35
16005052859,16,005,052859,332.3,106.59,14.04,1,44.01,7.02,10.01,0.01,0,338.4,143.49,52.05
16005052860,16,005,052860,229.61,453.23,31.95,2,10.98,14.97,3.99,5.99,0,313.47,378.36,39.93
16005052861,16,005,052861,285.67,56.62,5.99,1.99,92.18,0.02,5.01,0.99,0,340.12,79.59,38.7
16005052862,16,005,052862,379.45,49.95,15.89,3.96,82.24,5.97,15.85,0,0,416.99,112.41,36.76
16005052863,16,005,052863,347.74,101.12,28.93,4.02,75.27,1.04,2.99,1,0.99,372.67,173.43,36.07
16005052864,16,005,052864,459,156.85,19.04,1.02,27.43,10.01,3.09,0,0,433.31,194.13,47.09
16005052865,16,005,052865,517.39,128.23,15.39,0.12,90.12,5.11,12.01,0.02,0,536.7,197.42,57.84
16005052867,16,005,052867,371.6,93.61,15.55,5.07,90.85,5.01,1.19,1.14,0,385.2,184.26,37.73
16005052868,16,005,052868,57,7,3,0,5,0,0,0,0,55,8,5
16005052901,16,005,052901,244,149,15,2,41,8,0,0,0,267,151,33
16005052902,16,005,052902,338.37,198.72,22.22,0,77,7.06,5,2,0,410.49,221.64,37.13
16005052903,16,005,052903,278.41,192.23,25.57,0,48.3,0.95,4.73,0,0,339.01,189.39,17.99
16005052904,16,005,052904,280.74,330.21,31.11,0,47.48,19.3,0.98,2.89,0,313.94,351.35,42.6
16005052905,16,005,052905,300,235,20,2,27,16,5,0,0,297,283,46
16005052906,16,005,052906,187.98,253.95,23.21,2,41.86,16.76,6.04,1.11,0,221.27,280.78,34.67
16005052907,16,005,052907,268.35,266.03,35.6,9.89,55.12,11.2,3.68,0.56,0,330.43,303.97,32.8
16005052908,16,005,052908,151.54,176.33,22.24,2.07,27.14,10.15,3.02,3.01,0,177.45,195.12,20
16005052909,16,005,052909,228.83,168.33,43.84,6.14,39.45,14.03,4.38,3.51,0,275.29,200.77,38.58
16005052910,16,005,052910,392.94,195.53,18.8,3.76,68.62,11.28,9.4,3.76,0,421.15,238.77,47.94
16005052911,16,005,052911,409.99,220.72,33.09,4.01,56.23,20.05,2.02,3,0,451.13,251.85,47.17
16005052912,16,005,052912,381,152,27,0,52,6,9,0,0,408,180,46
16005052913,16,005,052913,282.66,154.27,23.89,3.98,29.86,7.96,5.97,2.99,0,286.64,168.2,46.78
16005052914,16,005,052914,370.33,232.78,29.53,4.14,65.66,16.34,0.51,3.15,0,382.69,279.36,55.69
16005052915,16,005,052915,252.01,111.01,17,2,58,10,2,1,0,247.01,163.02,59
16005052917,16,005,052917,244.35,177.01,22.02,2.01,55.91,11.99,4.01,0.01,0,278.23,208.95,42.05
16005052918,16,005,052918,358.48,207.4,29.12,2,94.51,5.04,7.01,4,0,443.8,215.54,46.28
16005052919,16,005,052919,200,140,24,2,42,9,1,6,0,243,166,29
16005052920,16,005,052920,215,167,45,2,37,5,7,1,0,273,167,43
16005052921,16,005,052921,256,168,32,1,67,18,4,3,0,330,201,35
16005052922,16,005,052922,260,215,50,3,75,6,2,1,0,305,258,50
16005052923,16,005,052923,198,180,28,1,51,9,4,3,0,235,205,27
16005052924,16,005,052924,114.22,136.92,17.57,0.73,26.36,11.72,2.93,2.2,0,142.78,150.1,20.5
16005052925,16,005,052925,164.77,233.06,29.43,1.27,39.64,14.28,2.07,1.8,0,199.21,265.88,38.5
16005052926,16,005,052926,102,253,30,0,24,21,6,0,2,148,288,24
16005052927,16,005,052927,183,256,26,1,37,6,1,1,0,260,216,14
16005052928,16,005,052928,463.75,328.47,66.1,0.84,80.57,17.25,4.26,1.28,0.28,560.89,330.97,65.82
16005052931,16,005,052931,125,249,33,1,46,16,1,1,2,157,283,33
16005052932,16,005,052932,177,208,19,0,53,3,0,1,0,234,203,26
16005052966,16,005,052966,290.71,156.78,11.03,2.21,37.53,8.69,1.07,0.74,0.73,312.28,160.95,30.54
16007072905,16,007,072905,155.81,10.79,1.92,1.19,18.41,1.19,3.46,0.1,0,166.63,12.6,10.6
16007072916,16,007,072916,49.68,9.25,2.05,1.01,8.17,0,1.01,0,0,56.66,7.31,5.2
16007073201,16,007,073201,294.6,42.09,8.06,1.79,48.35,1.79,4.48,0.9,0,311.62,49.25,40.3
16007073202,16,007,073202,235.46,28.4,9.16,0.92,48.56,0,2.75,0,0,276.68,28.4,21.99
16007073203,16,007,073203,284.87,47.56,8.98,2.06,38.61,1.94,0.97,0,0,303.36,45.49,39.05
16007073206,16,007,073206,56.84,8.57,2.04,0.96,13.68,0.08,0.1,0,0,71.54,7.66,3.08
16007073207,16,007,073207,105.54,9.04,2.02,0,13.16,0,0,0,0,111.65,11.05,4.04
16007073208,16,007,073208,147.24,16.52,1.76,0.08,29.62,1,2.25,0,0,170.64,13.38,10.71
16007073209,16,007,073209,87,23,6,0,18,0,2,0,0,95,29,13
16007073210,16,007,073210,33.31,1.07,1.07,0,11.82,0,0,0,0,38.68,3.22,4.3
16007073211,16,007,073211,274.82,22.74,2.97,2.97,25.7,0,0,0.99,0,279.77,28.67,21.75
16007073212,16,007,073212,127.75,11.68,1.79,1.79,27.69,2.67,0.89,0.01,0,148.21,18.82,9.01
16007073213,16,007,073213,234.3,16.11,3.03,2.01,31.31,2.02,4.01,0,0,245.53,25.18,17.1
16007073215,16,007,073215,101.46,6.96,2.98,0,29.84,0,0,0,0,122.35,8.95,6.96
16009095001,16,009,095001,200.42,61.91,9.94,2.33,4.45,3.16,2.16,1.65,0.04,198.09,58.81,29.04
16009095002,16,009,095002,247.95,56.67,12.54,2.67,7.94,0.81,2.26,0.71,0.01,253.9,53.03,21.21
16009095003,16,009,095003,355.36,84.14,14.6,1.37,7.04,1.98,2.24,0.16,0.02,340.59,89.17,23.54
16009095004,16,009,095004,153.5,27.08,10.28,0.08,1.16,3.06,0.07,0.07,0,135.49,35.03,16.86
16009095005,16,009,095005,219.69,34.95,15.56,0.14,2.14,0,1.57,0,0,203.16,42.8,31.24
16009095006,16,009,095006,357.08,154.83,18.69,1.76,12.2,16.34,6.91,2.62,0.02,404.49,121.64,44.05
16009095007,16,009,095007,196.12,31.82,9.7,0.94,0.94,0.09,3.51,0,0,174.81,36.87,26.22
16009095008,16,009,095008,52.85,4.42,0.21,0.06,0.06,3.07,0.06,0,0,54.97,5.33,0.37
16009095009,16,009,095009,621.6,114.07,16.82,4.72,5.13,5.72,4.8,0,0,629.46,108.08,29.53
16009095010,16,009,095010,186.96,68.97,7.73,1.63,5.92,2.13,2.65,2.42,0,198.13,63.87,19.45
16009095011,16,009,095011,493.45,124.39,34.21,1.15,13.44,5.44,3.59,2.1,0.91,490.93,125.05,49.46
16011113101,16,011,113101,287.46,81.89,13.65,3.41,63.98,4.27,5.97,0.85,0,325,88.71,49.47
16011113102,16,011,113102,403.13,160.18,17.2,1.05,89.92,6.06,9.09,0.01,0,462.67,156.27,58.71
16011113103,16,011,113103,344,132,27,6,74,1,9,4,0,395,133,73
16011113104,16,011,113104,422.06,187.03,12.01,1,66.01,9,7,0,0,462.07,185.03,59.01
16011113105,16,011,113105,416.94,191.1,33.78,4.83,69.49,12.55,3.86,2.9,0,468.09,207.5,61.77
16011113106,16,011,113106,435,116,31,5,114,3,3,1,0,523,126,43
16011113107,16,011,113107,726.31,90.21,16.15,4.35,129.43,3.55,10.7,1.16,0,778.48,133.54,78.41
16011113108,16,011,113108,579.63,78.86,16.82,1.02,110.23,2.99,9.86,1.04,0,612.19,120.03,67.22
16011113109,16,011,113109,493,119,12,1,93,6,7,4,0,540,124,75
16011113110,16,011,113110,512.29,52.27,19.96,4.75,75.08,4.75,8.55,2.85,0,532.25,87.44,57.98
16011113111,16,011,113111,307,65,12,5,55,4,3,4,0,349,69,34
16011113112,16,011,113112,503,55,14,3,96,0,1,0,0,541,68,52
16011113113,16,011,113113,496.35,111.5,20.57,0.97,107.19,3.91,5.42,0.02,0,556.78,126.41,69.84
16011113114,16,011,113114,623,82.36,29.07,3.88,149.21,3.88,8.72,0,0,706.32,122.08,72.67
16011113115,16,011,113115,499.74,210.25,12.3,5.01,60.55,14.09,4.01,1,0,565.62,141.71,50.63
16011113116,16,011,113116,233.42,31.48,8.89,0.01,16.78,3.02,0.03,0.01,0,221.51,49.35,21.67
16011113117,16,011,113117,433,99,14,4,79,4,5,1,0,473,106,52
16011113118,16,011,113118,322.33,43.68,17.13,1.9,56.09,0.04,0.01,0,0,327.42,56.68,39.01
16011113119,16,011,113119,225.17,48.85,7.47,0.03,48.79,0.95,0.08,2.77,0,245.6,61.1,33.02
16011113120,16,011,113120,101.12,568.5,16.87,1,15.05,23.72,6.92,2.97,0,310.68,377.79,27.83
16011113121,16,011,113121,842.25,142.92,29.73,4.04,180.83,2.14,14.76,0,0,955.41,142.78,110.39
16011113122,16,011,113122,458.71,85.37,12.53,1.86,58.82,2.84,5.63,2.92,0,479.42,101.11,47.49
16011113123,16,011,113123,351.81,71.97,7.61,1.7,48.05,2.15,2.07,1.34,0,364.36,81.03,47.78
16011113124,16,011,113124,386,51,5,6,73,2,6,0,0,407,64,50
16011113125,16,011,113125,462.53,43.07,9.91,2.09,66.84,4.02,6.96,0.02,0,468.39,64.32,63.68
16011113126,16,011,113126,21.71,3.4,0.1,0.02,3.67,0.04,0.08,0,0,24.72,0.68,3.64
16011113127,16,011,113127,0,0,0,0,0,0,0,0,0,0,0,0
16011113128,16,011,113128,27.18,4.63,0.68,0.1,3.12,0.16,0.31,0.16,0,27.51,5.46,2.55
16013132601,16,013,132601,14.7,0.37,0.05,0,4.61,0.09,0,0,0,13.47,0.28,3.15
16013132602,16,013,132602,271.09,169.27,24.61,1,7.5,9.06,0.01,0,0,297.13,174.21,19.43
16013132603,16,013,132603,442.59,97.11,16.38,4.08,71.09,2.2,5.17,1.06,0,506.31,108.25,37.98
16013132604,16,013,132604,182.37,350.66,18.2,2.96,13.28,12.04,0.16,0.04,0,276.2,303.96,2.48
16013132605,16,013,132605,156.02,155.08,18.39,1.04,7.19,5.16,0.08,0.02,0.01,186.13,146.85,6.26
16013132606,16,013,132606,125.59,200.92,17.64,0,5.88,5.92,0.02,0.01,0,161.03,164.7,10.72
16013132607,16,013,132607,178,361,24,1,14,14,3,1,0,236,363,13
16013132608,16,013,132608,148.06,413.84,22.8,0.01,12.84,11.86,6.85,1.96,0,210.49,385.8,18.74
16013132609,16,013,132609,152.36,449.32,18.93,0,5.98,10.94,1.98,0.99,0,208.08,414.44,3.03
16013132610,16,013,132610,193,488,40,0,26,3,0,0,0,278,454,11
16013132611,16,013,132611,243,514,27,0,34,12,6,3,0,342,478,26
16013132612,16,013,132612,414.05,534.14,52.62,5.96,25.81,21.84,9.93,2.98,0.99,560.98,504.36,35.74
16013132613,16,013,132613,211.43,631.95,29.23,1.12,14.33,13.15,0.06,0.27,0,324.46,580.95,10.68
16013132614,16,013,132614,211.15,911.6,38.88,0.97,7.81,19.44,1.94,2.91,0,325.96,861,9.74
16013132615,16,013,132615,240.95,408.39,42.49,0.97,22.2,7.81,0,3.84,0,354.31,368.54,7.78
16013132616,16,013,132616,184.59,736.47,33.88,3.98,19.92,27.85,0,1.99,0,312.17,658.81,12.95
16015158030,16,015,158030,758.26,248.31,43.41,2.03,35.9,7,4.08,0.03,0,723.73,265.58,98.47
16015158040,16,015,158040,695.22,139.84,47.99,3.95,20.73,10.9,8.87,1,0.02,628.35,173.02,102.47
16015158050,16,015,158050,366.66,129.24,31.5,3.07,23.99,8.28,3.22,1.16,0.07,355.62,153.78,53.06
16015158060,16,015,158060,137.6,19.95,6.98,1.99,4.99,1,0,0,0,107.69,37.9,22.93
16015158070,16,015,158070,573.82,203.71,36.34,1.91,25.82,6.69,5.74,3.83,1.91,548.95,189.36,103.29
16015158080,16,015,158080,142.07,36.16,6.71,0.04,0.67,1.11,0.07,0.99,0,133.57,40.4,10.67
16017171001,16,017,171001,470.94,264.58,31.94,2.57,18.98,15.68,4.32,0.9,0,512.41,258.39,33.89
16017171002,16,017,171002,509,186,31,4,11,7,5,2,0,535,168,34
16017171003,16,017,171003,496.95,416.81,41.74,7.08,14.26,31.5,4.11,3.06,0,585.13,383.55,39.57
16017171004,16,017,171004,285,64,8,1,7,6,4,0,0,278,78,24
16017171006,16,017,171006,325,112.44,4.94,4.81,5.13,9.62,0,3.85,5.77,321.34,122.83,20.72
16017171007,16,017,171007,321.66,68.15,14.03,3,7,6.01,5,0,0,321.65,71.14,23.04
16017171008,16,017,171008,650.24,224.18,33.34,2.43,28.17,24.6,3.72,0.14,0,665.17,235.17,49.63
16017171009,16,017,171009,215.39,168.56,11.15,0.02,7.05,11.1,0.02,0.01,0,246.63,153.51,10.11
16017171010,16,017,171010,437.42,114.11,17.96,5.61,12.26,5.66,5.63,0.01,0.04,444.18,108.51,35.72
16017171011,16,017,171011,853.55,142.38,39.06,7,19.99,13.03,4,1,0,828.54,151.36,78.09
16017171013,16,017,171013,384.74,178.82,25.15,0.04,7.18,19.13,7.05,2,0,394.67,183.81,29.47
16017171014,16,017,171014,340.82,238.98,20.02,3.13,13.07,10.24,2.98,1.11,0.18,367.53,235.34,19.52
16017171015,16,017,171015,400.68,325.12,57.67,2.98,5.97,32.81,5.97,0,0,423.55,345,47.72
16017171016,16,017,171016,116.36,26.4,4.89,0,0,1.96,0,0,0,115.38,25.42,7.82
16017171017,16,017,171017,941.69,425.76,50.62,5.08,40.06,28,7.16,1.18,0.12,997.42,428.6,77.16
16017171018,16,017,171018,252.58,87.89,17.04,0.39,9.74,4.34,2.37,0.99,2.96,269.82,87.49,18.28
16017171020,16,017,171020,215.39,105.26,9.93,1.99,2.97,1.99,0.99,0.99,0,249.11,91.38,6.95
16017171021,16,017,171021,306.94,106.8,20.9,1.99,12.96,13.92,2.99,0.99,0,330.82,110.76,26.89
16017171022,16,017,171022,732.54,156.69,25.95,2,10.98,7.98,11.98,0,0,733.54,167.67,30.94
16017171023,16,017,171023,92.09,58.81,4.09,1.02,0.04,3.02,0.02,0.01,0,100.37,57.68,4.09
16017171024,16,017,171024,168.59,50.83,11.92,2.97,1.02,1.01,1.99,0.99,0,177.39,45.93,10.03
16017171026,16,017,171026,283.69,404.33,35.81,0.94,16.02,28.27,1.88,2.83,1.88,324.21,415.64,29.22
16017171029,16,017,171029,650,122,27,4,11,7,8,1,0,643,125,51
16017171030,16,017,171030,489.67,550.63,52.11,5.9,18.68,35.4,7.87,3.93,0,573.24,531.95,40.31
16017171031,16,017,171031,517,196,22,3,11,11,4,1,4,519,185,48
16017171032,16,017,171032,279.86,51.48,8.13,1.04,3,2.01,1.03,0.01,0,271.07,52.41,17.04
16017171033,16,017,171033,173.89,66.29,6.73,0,3.84,6.73,0.96,0.96,0,183.5,61.49,12.49
1601717127A,16,017,17127A,307.25,118.32,9.7,2.57,11.57,8.36,3.21,0.01,0,302.95,117.66,30.12
1601717127B,16,017,17127B,168.12,64.37,5.28,1.41,6.33,4.57,1.76,0,0,165.66,64.01,16.53
16017177005,16,017,177005,436.29,88.82,11.71,0.98,13.66,3.9,0.98,0.98,0,420.67,94.68,40.02
16017177012,16,017,177012,284,171,23,2,7,10,1,1,0,314,157,15
16017177019,16,017,177019,135.07,26.14,1.84,0.04,4.54,0.08,0,0.03,0.05,137.74,23.51,7.37
16017177025,16,017,177025,696,297,50,1,18,16,2,2,0,719,292,58
16017177028,16,017,177028,389,137,27,2,12,8,4,0,3,421,134,35
16019193001,16,019,193001,536.93,167.94,32.98,3.88,142.61,10.67,9.71,1.94,0,632.95,189.26,88.31
16019193013,16,019,193013,540.65,268.84,47.33,1.35,139.42,7.79,7.26,2.35,0,643.41,265.62,64.84
16019193021,16,019,193021,684.42,236.93,56.51,5.94,141.91,5.96,3.97,0.01,0,806.45,215.19,79.37
16019193022,16,019,193022,576.89,141.51,34.64,0.99,148.42,9.89,2.97,4.95,0,690.69,157.34,73.22
16019193025,16,019,193025,442,237,27,1,131,3,3,0,0,571,195,50
16019193027,16,019,193027,566.14,207.58,29.8,0.99,128.13,4.97,6.95,1.99,0,673.4,201.62,53.63
16019193028,16,019,193028,403.79,85.8,15.09,2.84,103.69,2.87,4.3,0.01,0,454.87,96.39,55.68
16019193037,16,019,193037,492.04,128.83,7.01,3.13,56.06,1.08,7.57,0.03,0,507.62,120.52,49.88
16019193038,16,019,193038,523.91,166.86,26.55,3.12,103.11,8.08,4.09,2.07,0.05,611.86,152.36,55.65
16019193039,16,019,193039,619.21,70.1,17.52,2.92,141.17,0.97,20.45,0.97,0,671.78,102.23,82.76
16019193040,16,019,193040,624,209,48,3,149,15,7,4,1,729,236,82
16019193041,16,019,193041,567,80,10,2,92,5,5,0,0,592,101,53
16019193042,16,019,193042,524,65,27,2,180,7,9,1,0,670,84,47
16019193045,16,019,193045,788.88,157.22,48.05,5,182.23,5.02,5,6.01,0,918.05,179.24,98.11
16019193046,16,019,193046,695,184,34,1,179,0,4,0,0,792,197,74
16019193047,16,019,193047,592,149,40,3,170,8,4,0,0,695,185,73
16019193048,16,019,193048,553,163,34,0,165,9,4,3,0,687,179,60
16019193049,16,019,193049,513.39,183.78,39.95,4,151.82,17.98,3,5.99,0,632.25,188.77,89.89
16019193050,16,019,193050,850.56,186.24,41.23,2.18,205.85,5.19,6.76,1.01,0,976.67,196.63,113.05
16019193051,16,019,193051,529.13,114.59,21.92,2.99,136.52,1.99,2.99,0,0,618.81,118.58,71.75
16019193052,16,019,193052,631,107,25,4,205,2,11,0,0,770,134,68
16019193057,16,019,193057,455,114,17,3,62,6,5,0,0,497,122,40
16019193255,16,019,193255,280.93,76.16,8.47,0.01,26.58,0.01,0.96,0.94,0,282.8,78.1,20.92
16019193256,16,019,193256,25.04,10,0,0,6.02,3,0,0,0,27.06,14,0.01
16019193258,16,019,193258,663.13,109.64,21.91,1.02,88.09,4.98,2.05,0.01,0,723.95,93.07,67.93
16019193259,16,019,193259,740.83,127.79,29.95,2,153.71,2,5.99,0,0,845.63,126.78,75.88
16019193302,16,019,193302,536,229,41,4,116,10,6,4,0,622,238,77
16019193303,16,019,193303,326.88,152.28,31.04,5.12,66.49,9.34,5.31,1.06,0,376.9,166.95,39.78
16019193304,16,019,193304,494.83,179.94,38.99,2,93.97,14.99,9,2,0,580.8,170.94,80.97
16019193305,16,019,193305,440,217,46,4,99,13,6,1,0,530,226,75
16019193306,16,019,193306,463,200,34,1,102,12,6,1,0,565,188,50
16019193307,16,019,193307,348.93,256.54,48.11,9.01,93.21,19.04,6.01,5,0,447.07,237.62,70.12
16019193308,16,019,193308,455,207,33,4,104,5,3,0,0,559,186,52
16019193309,16,019,193309,525.53,272.91,37.49,3.73,104.41,18.69,4.68,7.48,0,590.58,290.71,77.8
16019193310,16,019,193310,501.08,198.72,48.82,3.43,118.2,6.85,6.85,2.57,0,611.57,208.14,50.54
16019193311,16,019,193311,442.1,343.14,55.29,5.03,83.81,17.15,3.04,3.06,0,490.6,348.28,87.61
16019193312,16,019,193312,511.95,314.5,34.12,5.18,122.11,7.03,9.61,3.35,0,644.41,305.72,47.45
16019193314,16,019,193314,363.39,209.58,42.92,4.99,81.86,14.97,3.99,0,0,415.32,240.49,45.93
16019193315,16,019,193315,529,286,28,2,126,5,9,2,0,610,285,70
16019193316,16,019,193316,513,217,35,1,104,6,4,0,0,598,226,52
16019193317,16,019,193317,536.23,306.97,48.52,5.11,119.32,19.23,5.07,1.07,5,605.56,342.71,85.91
16019193318,16,019,193318,519.32,250.92,43.27,8.65,110.6,19.23,5.77,5.77,0,626.97,233.68,75.96
16019193319,16,019,193319,528.05,215.42,33.12,0.24,128.73,8.52,2.16,0.16,0,666.67,197.99,56.97
16019193320,16,019,193320,596.1,204.56,41.28,2.29,131.43,19.58,2.6,3.22,0,662.01,252.25,68.44
16019193323,16,019,193323,475.39,172.75,38.22,6.85,105.03,7.85,5.88,3.92,1.95,574.49,143.37,58.88
16019193324,16,019,193324,475,207,29,3,107,5,0,1,1,601,177,44
16019193326,16,019,193326,577,224,43,6,111,1,3,0,0,697,189,47
16019193443,16,019,193443,589,74,13,5,143,4,9,1,0,651,99,69
16019193444,16,019,193444,672,110,18,7,94,2,4,1,0,691,139,64
16019193453,16,019,193453,478.83,97.32,27.07,7,117.38,5,3.01,1,0,571.09,92.31,50.19
16019193454,16,019,193454,375.76,33.59,4.5,1.98,50.12,0.99,3.02,0.06,0,375.88,43.59,43.83
16021211001,16,021,211001,430.74,126.2,16.38,0.85,12.48,9.43,1.72,1.5,0,442.58,131.3,26.13
16021211002,16,021,211002,161.69,45.71,6.08,0.45,5.03,3.49,0.76,0.55,0,166.72,47.11,10.18
16021211003,16,021,211003,395.17,88.81,15.97,3.99,11.97,3.99,0,0,0,407.14,83.82,27.94
16021211004,16,021,211004,930.58,185.72,32.43,8.84,47.17,16.71,7.86,2.95,0,988.55,171.97,73.7
16021211005,16,021,211005,648,164,41,8,14,22,12,1,1,688,177,54
16021211006,16,021,211006,711.01,182.36,24.12,3.86,18.33,17.37,9.65,0,0,734.16,175.61,54.99
16021211007,16,021,211007,511.26,140.08,25.01,3,21.01,7.01,1,1,0,533.26,133.08,27.02
16023233501,16,023,233501,266.3,59.48,8.3,1.68,40.39,2.58,1.68,0.11,0,301.7,58.57,26
16023233502,16,023,233502,183.38,45.02,4.65,1.15,21.35,2.22,0.15,1,0,187.73,57.8,10.89
16023233503,16,023,233503,142,4,1,0,12,0,1,0,0,136,6,15
16023233504,16,023,233504,347.42,55.17,12.64,1.22,41.77,2.54,1.22,0.88,0,344.89,67.18,52.51
16025252601,16,025,252601,213.13,61.28,14.05,2,13.11,5.01,6,0,0,217.13,78.27,16.11
16025252602,16,025,252602,183.41,45.59,8.36,0,18.49,0.94,0,0,0,183.47,44.68,18.51
16027271007,16,027,271007,220.96,198.95,17.46,0.04,13.25,11.13,3.07,6.05,0,260.32,180.63,29.45
16027271008,16,027,271008,556.2,256.16,35.17,2.92,52.96,8.8,3.91,3.91,0,585.55,238.33,93.94
16027271009,16,027,271009,721,382,44,2,68,15,6,4,1,804,348,87
16027271010,16,027,271010,599.21,435.7,61.82,5.98,50.85,24.93,8.97,4.99,0,706.89,413.77,81.76
16027271011,16,027,271011,245.79,197.3,20.18,2.02,8.15,16.07,4.03,2.01,0,290.11,177.23,31.24
16027271012,16,027,271012,899.78,371.5,52.93,1,69.91,12.98,8.99,4.99,0,957.7,352.52,102.86
16027271013,16,027,271013,794,383,43,7,70,5,4,5,0,865,336,92
16027271014,16,027,271014,774,394,57,4,50,19,8,4,0,829,371,99
16027271015,16,027,271015,471,373,38,1,46,16,1,2,0,531,335,63
16027271016,16,027,271016,1371,439,106,13,146,25,21,1,0,1504,470,131
16027271017,16,027,271017,592,339,47,4,55,20,6,5,0,678,333,64
16027271018,16,027,271018,439,213,34,0,68,12,7,3,2,505,203,48
16027271019,16,027,271019,495.25,295.55,39.35,3.03,42.51,13.11,11.08,4.02,0,566.64,270.62,64.53
16027271020,16,027,271020,283.39,60.92,7.05,0.03,21.54,2,1,1,0,291.33,44.52,26.75
16027271126,16,027,271126,970.64,157.99,33.77,8.93,71.48,8.95,13.89,0.99,1.99,968.51,185.8,107.34
16027271127,16,027,271127,1156.53,252.64,37.84,5.04,81.25,7.14,10.06,0.07,0,1139.98,254.83,129.76
16027271128,16,027,271128,625.45,170.31,25.89,0,42.83,3.98,6.97,1.99,0,640.39,177.28,70.71
16027271129,16,027,271129,1183.43,299.22,50.02,5.01,119.02,6.01,8.02,0,0,1248.22,301.22,109.21
16027271130,16,027,271130,927.15,266.14,46.31,2.96,74.93,6.9,3.96,3.94,0,948.75,274.01,106.52
16027271131,16,027,271131,798,300,58,2,69,16,5,10,0,828,330,92
16027271132,16,027,271132,651.95,153.65,26.01,2.02,36.04,6.99,6.02,1,0.01,632.14,162.68,76.93
16027271133,16,027,271133,485,110,13,3,22,0,8,1,0,498,97,48
16027271134,16,027,271134,432.22,64.73,18.06,1.03,23.09,4.04,2.02,2.02,0,420.5,82.63,39.12
16027271135,16,027,271135,762.29,141.04,37.42,5.94,51.32,8.94,4.98,3.92,0,805.56,140.19,67.3
16027271136,16,027,271136,587.76,263.99,24.74,5.27,17.17,3.27,1.32,4.95,0,619.02,225.16,61.89
16027271137,16,027,271137,737.85,112.42,32.04,3.01,30.03,6,7,0.01,0,730.92,141.35,56.09
16027271138,16,027,271138,434.29,62.3,14.86,1,10.19,0.16,2.99,0.98,0,408.32,56.61,55.14
16027271139,16,027,271139,714.4,150.4,27.71,4.95,71.24,10.88,3.96,3.96,0,738.15,166.23,75.2
16027271140,16,027,271140,1102,266,43,6,110,14,8,3,0,1117,283,120
16027271141,16,027,271141,1148.8,268.58,55.66,7.78,150.34,12.75,12.65,2.92,0.01,1146.05,309.59,173.62
16027271142,16,027,271142,1318.36,274.09,57.75,4.98,146.35,6.02,12.93,3.98,0,1398.12,261.16,166.16
16027271143,16,027,271143,392.5,88.88,17.19,0.29,43.22,8.4,0.49,0.17,0.98,406.12,100.49,39.73
16027271144,16,027,271144,166.06,60.89,10.65,4.8,18.47,2.92,2.89,0.97,0,183.33,61.93,24.25
16027271249,16,027,271249,690.75,252.45,57.65,4.97,83.49,17.89,12.92,2.98,0,753.36,263.38,86.47
16027271250,16,027,271250,471.97,192.36,29.75,0,40.65,8.92,9.92,0.99,0,505.69,179.47,63.46
16027271251,16,027,271251,793,234,50,11,90,11,3,1,1,862,232,83
16027271252,16,027,271252,882,334,79,1,85,17,3,2,1,936,360,99
16027271253,16,027,271253,1012,287,64,11,95,17,4,4,0,1057,294,109
16027271254,16,027,271254,847,340,64,3,88,23,10,3,0,913,354,92
16027271255,16,027,271255,785,241,29,2,60,11,1,1,1,792,237,85
16027271256,16,027,271256,635,248,36,4,57,13,10,1,0,687,256,56
16027271257,16,027,271257,588.03,353.64,49.25,5,41.35,25.08,11.08,3.01,1,634.31,364.53,92.54
16027271258,16,027,271258,894,177,58,2,63,22,7,2,0,876,212,100
16027271259,16,027,271259,811.05,328.99,57.65,3.98,74.54,10.93,5.96,3.98,0,869.69,345.89,75.54
16027271260,16,027,271260,613.95,312.01,48.35,3.02,70.46,11.07,7.04,2.02,2,681.31,303.11,85.46
16027271261,16,027,271261,566,355,43,11,55,23,11,4,0,615,372,76
16027271262,16,027,271262,858,395,52,8,91,14,11,6,0,945,398,82
16027271369,16,027,271369,595,362,56,2,46,21,2,5,0,615,380,82
16027271370,16,027,271370,643,250,57,1,67,10,6,2,2,701,263,66
16027271371,16,027,271371,641,259,17,1,75,7,3,2,0,686,242,57
16027271372,16,027,271372,659.75,290.89,50.98,6,58.98,12,7,1,0,717.73,305.89,75.97
16027271373,16,027,271373,650,377,52,1,63,26,12,5,1,689,399,98
16027271374,16,027,271374,1133,354,60,6,119,14,3,4,0,1212,367,96
16027271375,16,027,271375,801.25,284.11,45.02,4,85.02,11,5,3,0,867.27,280.11,77.03
16027271376,16,027,271376,651.12,424.39,81.06,6.01,86.08,25.03,8.01,4,0,773.17,446.38,66.13
16027271377,16,027,271377,817.93,291.72,58.17,3.13,78.37,13.19,6.17,0.06,4,878.3,303.26,85.23
16027271378,16,027,271378,943.88,347.61,57.94,6.99,73.92,27.97,6.99,4,0,991.83,347.62,110.87
16027271379,16,027,271379,952.89,335.37,43.16,3.19,87.12,7.39,8.14,2.02,1,1033.05,315.11,95.71
16027271380,16,027,271380,928.11,379.63,46.84,7.81,85.88,15.61,5.86,0.98,0,1015.95,368.89,69.29
16027271381,16,027,271381,1106.07,355.28,61.83,6.87,72.63,9.81,8.83,2.94,0,1125.7,383.74,117.77
16027271382,16,027,271382,847,252,63,5,115,7,13,3,0,943,257,77
16027279001,16,027,279001,1011.58,228.22,33.4,3.3,51.59,16.09,8.17,1.19,0,1032.24,240.57,90.06
16027279002,16,027,279002,456.31,70.61,15.47,2.9,22.25,0.97,2.9,0.97,0,457.24,68.71,42.56
16027279003,16,027,279003,1023.51,211.55,33.56,6.1,87.8,15.03,5.1,1.03,0,1026.55,223.48,131.54
16029293201,16,029,293201,396.25,42.35,20.63,1,85.61,1.98,4.91,0,0,469.96,63.01,22.71
16029293202,16,029,293202,386.9,65.82,12.97,2.99,38.91,1,2,0,0,376.96,81.76,50.85
16029293203,16,029,293203,196.41,37.36,9.58,0.96,41.2,2.87,2.87,0,0,221.32,37.36,22.99
16029293204,16,029,293204,227.84,29.81,5.21,4.02,38.06,2.06,0.07,0,0,249.52,38.87,20.52
16029293205,16,029,293205,309.17,11.98,1.11,3.79,46.96,2.88,3.82,2.83,0,326.59,22.36,32.49
16029293206,16,029,293206,37.84,1,1,0,13.94,1,1,0,0,47.8,1.99,8.96
16029293207,16,029,293207,418,62,7,1,42,3,2,1,0,414,69,51
16029293208,16,029,293208,239.16,19.3,6.23,0.02,60.02,0.04,3.01,0,0,284.36,33.32,17.95
16029293209,16,029,293209,39,0,0,0,1,0,0,0,0,33,0,4
16031312701,16,031,312701,186.26,91.59,10.78,2.31,9.24,6.16,1.54,0.77,0,204.73,81.59,23.86
16031312702,16,031,312702,200.03,68.67,19.9,1,24.88,0,2.99,1,0,225.9,62.7,23.88
16031312703,16,031,312703,360.97,104.33,29.1,0,70.12,2,3.01,3,0,425.1,93.3,46.12
16031312704,16,031,312704,455,103,24,2,78,2,4,1,0,516,96,59
16031312705,16,031,312705,372,76,19,1,60,4,2,1,0,418,81,36
16031312706,16,031,312706,404.21,135.07,18.15,1.07,55.42,3.02,3.07,4,0,449.78,126.27,50.97
16031312707,16,031,312707,266.39,29.92,3.48,1.98,21.82,1.97,0.06,0.19,0,270.23,27.71,35.06
16031312708,16,031,312708,78.49,15.01,1,1,9.14,0,2.03,0,0,88.46,13,6.16
16031312709,16,031,312709,35.01,0.97,0,0,9.72,0,1.94,0,0,33.06,0,11.67
16031312710,16,031,312710,507.49,47.2,17.63,2.96,45.31,1.98,5.88,0,0,504.8,59.91,57.82
16031312711,16,031,312711,67.65,5.55,1.69,0.05,12.63,0.05,0,0.81,0,71.78,3.88,10.52
16031312712,16,031,312712,360.79,41.93,5.85,2.93,55.58,0.98,2.93,0,0,383.22,49.73,38.03
16031312713,16,031,312713,58.5,7.64,0.98,0.01,13.3,1.89,0.01,0,0,73.61,5.77,3.88
16031312714,16,031,312714,154.16,22.73,0.99,1.98,29.65,1.98,0.99,0,0,179.85,21.74,7.91
16031312715,16,031,312715,194.81,10.87,3.95,1.98,36.61,0.99,5.94,0,0,211.59,16.79,24.76
16031312716,16,031,312716,207.01,23,0,1,21,0,1,0,0,194.01,25,31
16031312717,16,031,312717,314.45,25.37,3.03,1.05,37.19,1,1,0,0,317.84,27.22,35
16031312718,16,031,312718,37.7,10.4,1.06,0.96,10.44,0.02,0.05,0.01,0,47.35,7.52,4.73
16031312719,16,031,312719,218,32,2,0,26,1,2,0,0,243,22,19
16031312720,16,031,312720,391.07,42.41,13.34,2.08,70.89,3.07,6.08,0.09,0,442.41,42.65,44.9
16031312721,16,031,312721,482.73,68.4,7.93,0,63.44,0.99,3.96,0.99,0,491.65,64.43,66.41
16031312722,16,031,312722,34.24,3.21,1.06,0.02,8.66,0.03,0.09,0,0,38.57,3.26,2.44
16031312723,16,031,312723,342.98,40.06,6.84,1.95,61.56,1.95,0.98,3.91,0,358.62,44.95,56.68
16031312724,16,031,312724,161,3,7,0,19,0,4,0,0,164,10,18
16031312725,16,031,312725,55.74,27.41,3.22,0.69,2.76,1.84,0.46,0.23,0,61.27,24.41,7.14
16033333501,16,033,333501,73.35,19.65,2.98,2.98,11.24,0.01,1.98,0,0,89.42,12.55,6.29
16033333502,16,033,333502,48.45,13.3,0,0,5.7,0,0,0,0,52.25,10.45,5.7
16033333503,16,033,333503,80.99,11,1,1,6,1,2,0,0,82.99,9,11
16035357001,16,035,357001,374.89,98.94,17.71,2.32,13.46,11.5,4.52,3.18,0,382.79,100.47,25.91
16035357002,16,035,357002,337,89,9,1,5,6,2,0,0,334,86,20
16035357003,16,035,357003,344.11,103.06,15.29,2.68,5.54,5.5,4.48,1.82,0,359.21,92.53,18.09
16035357004,16,035,357004,277,42,5,0,10,4,1,0,0,276,45,9
16035357005,16,035,357005,319,114,11,1,11,3,1,2,0,323,126,14
16035357006,16,035,357006,66.69,5.06,0.33,0.07,1.24,0.04,0.15,0,0,65.66,4.66,2.99
16035357007,16,035,357007,27.56,13.33,0.89,0,0.89,0,0,0,0,24.89,16.89,0
16035357008,16,035,357008,146.77,21.42,4.05,0,4.01,2.03,0.01,0.03,0,130.93,23.39,12.05
16035357009,16,035,357009,378,55,13,0,5,1,1,0,0,374,53,23
16035357010,16,035,357010,20.5,4.63,0.1,0.02,0.14,0,0.02,0.02,0,20.48,3.68,1.25
16035357011,16,035,357011,163.55,59.03,10.65,0,0.97,0.97,0.97,1.94,0,166.45,61.94,7.74
16035357012,16,035,357012,261.87,49.23,6.4,1.15,10.17,0,0.98,0.98,0,259.24,51.52,19.69
16035357013,16,035,357013,58.47,31.64,3.95,0,0.99,1.97,0.99,1.97,0,70.31,29.65,3.96
16035357014,16,035,357014,84,21,0,0,5,2,1,0,0,83,20,4
16037378001,16,037,378001,365.82,37.14,6.08,1.98,4.9,4,2.92,0.1,0.02,317.77,37.05,59.21
16037378002,16,037,378002,248.94,31,5.3,0.09,10.27,1.28,5.1,2.99,0,221.51,30.99,48.23
16037378003,16,037,378003,288.66,47.04,15.62,0.87,24.55,3.47,0.87,0.01,0,273.94,54.94,45.35
16037378004,16,037,378004,80.67,26.91,9.54,0.04,2.01,0.28,0,0,0,81.37,20.25,7.67
16037378005,16,037,378005,67.27,4.31,1.09,0.01,4.99,0.02,0.02,0,0,70.05,8.25,0.36
16037378006,16,037,378006,113.8,20.78,4.26,0.01,5.41,0.06,0.01,0,0,105.55,19.91,12.75
16037378007,16,037,378007,183.84,77.63,6.21,1.01,18.32,3.05,0.01,0,0,188.64,77.73,27.6
16037378008,16,037,378008,56.1,92.98,5.13,0.93,3.81,7.41,0,0,0,74.64,89.85,5.03
16037378009,16,037,378009,337.95,81.89,11.85,3.94,4.98,9.86,2.98,5.91,0.98,326.8,81.89,41.76
16039392301,16,039,392301,26.23,10.05,4.03,0,1.28,0.98,0.03,0,0,26.88,13.1,2.53
16039392303,16,039,392303,60.04,8.02,0.32,0,3.3,0.04,0.1,0.99,0.01,61.83,4.93,1.73
16039392304,16,039,392304,510.95,153.5,19.07,0,35.1,4.01,9.02,0,0,512.84,160.58,60.24
16039392305,16,039,392305,162.1,44.19,3.04,0,10.05,1.01,4,0.01,0,155.11,44.17,28.04
16039392306,16,039,392306,127.96,42.65,5.95,0,3.97,0.99,0.99,0,0,124.99,49.59,8.93
16039392307,16,039,392307,155.06,52.73,18.58,2.03,8.68,0.11,1.03,1.01,0,165.75,63.39,14.53
16039392308,16,039,392308,384.55,102.05,30.03,7,18.02,1,2.01,0,0,392.53,106.04,37.06
16039392309,16,039,392309,590.6,219.35,39.05,7.19,29.48,10.68,4,4.31,1.06,660.48,175.47,50.16
16039392310,16,039,392310,455,155,18,1,40,16,5,4,0,468,157,49
16039392311,16,039,392311,440,153,35,0,25,4,3,0,0,454,150,54
16039392312,16,039,392312,553,130,33,5,56,3,8,3,0,602,128,49
16039392313,16,039,392313,391,146,20,2,28,3,5,2,0,434,120,36
16039392314,16,039,392314,425.27,145.41,18.92,0,29.88,5.98,2.99,0,0,463.12,121.51,43.82
16039392315,16,039,392315,818,263,53,6,41,16,3,1,1,847,248,82
16039392316,16,039,392316,553.4,171.65,30.95,2.81,37.52,10.32,0,4.69,0.94,551.52,188.53,62.84
16039392317,16,039,392317,95.69,14.97,1.02,0,1.02,0,1,0,0,81.76,15.98,14.96
16039392318,16,039,392318,78.33,7.48,2.99,0.01,8.65,0.03,0.96,0,0,69.01,10.27,16.35
16041413201,16,041,413201,304,37,5,6,75,1,8,0,0,369,45,22
16041413202,16,041,413202,330,37,13,3,63,5,9,0,0,387,40,36
16041413203,16,041,413203,229.81,16.4,6.04,3.45,49.29,2.57,3.46,0,0,272.93,14.76,20.69
16041413204,16,041,413204,247,49,3,2,50,4,7,1,0,292,49,21
16041413205,16,041,413205,292.45,36.03,10.01,3,71.05,1,4,1,0,346.47,46.04,22.04
16041413206,16,041,413206,101.4,6.02,2.05,0.98,24.65,0.01,2.17,0,0,116.17,11.03,6.19
16041413207,16,041,413207,173,15,6,3,56,0,4,0,0,221,8,26
16041413208,16,041,413208,286.8,12.74,7.94,0.58,93.25,1.41,17.39,0,0,375.03,19.4,27.24
16041413209,16,041,413209,271.82,31.98,4.76,1.88,45.47,4.7,3.79,0,0,303.18,33.9,23.59
16041413210,16,041,413210,358,37,11,1,84,2,23,0,0,428,39,43
16041413211,16,041,413211,149,13,9,4,45,0,13,1,0,188,18,23
16041413212,16,041,413212,145.88,10.64,4.68,0.19,38.33,1.38,0.31,0,0,172.85,15.11,13.85
16041413213,16,041,413213,97.04,11.49,4.14,1.01,17.5,1.01,0.07,0,0,104.17,18.84,8.45
16041413214,16,041,413214,198.93,12.55,4.49,0,23.48,0.9,1.78,0,0,208.06,18.82,17.04
16041413215,16,041,413215,325.96,15.92,15.13,1.11,89.9,1.29,7.16,0,0,409.02,23.95,28.21
16041413216,16,041,413216,247,19,10,2,52,1,7,1,0,306,20,16
16041413217,16,041,413217,161,26,1,5,38,3,1,0,0,204,23,12
16043433501,16,043,433501,235.38,52.74,5.14,2.91,22.65,0.07,0.11,0,0,251.55,43.25,21.27
16043433502,16,043,433502,380.37,63.37,11.51,0.43,49.85,2.37,3.56,0,0,407.5,68.48,35.74
16043433503,16,043,433503,475.66,72.55,11.85,4.4,72.73,2.45,2.04,1,0,497.83,79.74,63.89
16043433504,16,043,433504,106.5,17.89,3.02,0.65,14.24,0.75,1.04,0.02,0,114.24,17.92,10.47
16043433505,16,043,433505,360.25,31.76,15.88,2.98,100.23,0,10.92,0,0,421.78,33.74,61.53
16043433506,16,043,433506,304.4,83.3,8.1,3.04,28.55,3.01,0.07,0,0,324.74,74.31,31.31
16043433507,16,043,433507,129.88,8.07,0.86,0.8,21.85,2.37,1.6,0.01,0,145.01,9.86,10.62
16043433508,16,043,433508,293.9,38.43,11.29,0.21,40.92,0.06,1.92,0.99,0.06,314.94,40.32,36.44
16043433510,16,043,433510,329.94,50.26,15.24,1.72,79.64,2.53,5.91,0.01,0,379.19,64.5,46.54
16043433511,16,043,433511,276.13,70.82,9.49,3.97,49.85,0,0.26,1.12,0,321.53,56.93,23.78
16043433512,16,043,433512,341.92,80.62,16.51,3.89,101.02,1.94,0.97,2.91,1.94,423.52,82.57,45.65
16043433513,16,043,433513,257.26,41.07,3.07,2.01,67.39,3,2.02,1,0,293.3,41.3,40.28
16043433514,16,043,433514,140.47,20.07,3.65,0.91,18.7,0.91,1.37,0,0,150.04,20.52,13.68
16043433515,16,043,433515,462.17,23.49,11.72,2.1,83.65,0.63,4.22,0.96,0,480.64,61.65,57.09
16045458001,16,045,458001,368,109,22,1,21,6,5,1,0,370,115,40
16045458002,16,045,458002,394.35,109.55,29.15,0.98,27.93,3.52,4.15,1.21,0,413.8,120.36,38.84
16045458003,16,045,458003,446,123,13,1,19,5,7,1,0,427,146,43
16045458004,16,045,458004,397,111,21,5,21,3,2,3,0,400,113,50
16045458005,16,045,458005,689.85,119.52,19.82,0.04,32.71,3.96,3.95,0.02,0,631.53,124.62,89.89
16045458006,16,045,458006,652.66,129.02,28.38,5.34,32,6.56,0.48,0.12,1.11,622.87,150.99,74.85
16045458007,16,045,458007,476.62,94.3,17.84,2.55,22.09,4.25,3.4,0.85,0.85,464.73,94.3,49.28
16045458008,16,045,458008,614.68,82.96,26.99,3,43.98,6,1,4,0,605.68,91.95,75.96
16045458009,16,045,458009,548.48,84.52,24.2,6.96,42.31,5.04,2.05,2.98,0,500.79,114.43,64.15
16045458010,16,045,458010,389.89,67.93,13.71,0.02,33.95,4.46,1.83,1.78,0,389.34,61.07,49.99
16045458011,16,045,458011,469.22,84.81,17.21,2.02,44.19,7.03,7.02,0.01,0,468.25,123.92,44.33
16045458012,16,045,458012,425.49,88.48,3.98,0.99,12.92,0,2.98,0.99,0,382.74,93.45,57.66
16045458013,16,045,458013,113.31,24.33,3.3,1.12,4.15,2.37,0.11,0.19,0,107.59,29.48,16.03
16047472601,16,047,472601,245.6,87.36,10.78,3.46,18.1,3.85,3.08,0.77,0,261.77,88.52,28.1
16047472602,16,047,472602,331.08,117.56,14.51,4.66,24.42,5.17,4.16,1.04,0,352.88,119.1,37.85
16047472603,16,047,472603,948.05,162.04,27.53,2.87,92.7,2.98,15.62,4.15,0,1009.49,150.48,87.44
16047472604,16,047,472604,548.32,193.96,16.1,4.73,40.71,1.9,2.84,6.62,0,578.54,188.29,46.45
16047472605,16,047,472605,602.48,128.74,20.27,3.2,40.23,4.96,4.07,1.36,0,597.29,128.56,74.53
16047472606,16,047,472606,226.92,58.5,10.98,0.11,17.84,4.95,0.24,0.05,0,241.37,62.74,14.47
16047472607,16,047,472607,821.45,177.81,9.14,7.9,57.63,6.01,11.85,1.98,0,773.27,216.33,108.08
16049497001,16,049,497001,80.7,7.97,3.99,0,0,0,0,0,0,68.75,9.96,7.97
16049497002,16,049,497002,172.27,19.91,3.06,2.3,4.59,1.53,2.3,0,0,155.42,22.2,20.67
16049497003,16,049,497003,276.05,57.8,10.96,0,5.98,0,3.99,0,0,275.05,54.81,20.93
16049497004,16,049,497004,258.15,65.99,8.73,4.85,2.91,0.97,0,1.94,0,249.42,63.08,23.29
16049497005,16,049,497005,121.04,14.38,3.03,0.01,5.01,0.01,1.01,2.01,0,108.08,21.32,14.09
16049497006,16,049,497006,132,20,2,0,3,0,1,0,0,132,10,6
16049497007,16,049,497007,203.21,27.41,10.18,1,4.04,3.04,4.09,0,0,217.12,20.41,8.4
16049497008,16,049,497008,152.85,35.01,9.27,1.15,0.09,0.03,0,1.06,0,168.58,25.92,9.71
16049497009,16,049,497009,126.2,29.12,2.43,0.81,6.47,0,0,0,0,118.11,30.74,14.56
16049497010,16,049,497010,311,44,18,1,14,5,3,0,0,309,52,29
16049497011,16,049,497011,270,59,20,3,5,4,7,1,1,279,69,19
16049497012,16,049,497012,264.14,48.76,17.06,3.8,7.49,0.93,4.74,0,0,273.1,49.9,19.83
16049497013,16,049,497013,372.03,85.55,10.94,1.99,9.95,0.99,0.99,0.99,1.99,378.99,79.58,39.79
16049497014,16,049,497014,434.15,85.85,24.39,3.9,20.49,8.78,0,0,0,461.46,81.95,17.56
16049497015,16,049,497015,178.54,28.1,1.61,4.09,4.5,8.2,1,0,0,155.27,36.98,26.39
16049497016,16,049,497016,16.08,3.87,2.02,0.59,0.07,0.65,0.13,0,0,15.37,6.21,2.35
16049497017,16,049,497017,588.54,144.02,21.58,1.9,10.5,4.67,8.41,0.93,0.93,557.42,157.16,64.06
16049497018,16,049,497018,150.51,29.6,4.52,0.32,0.9,1.19,1.8,0,0,148.38,30.85,8.97
16049497019,16,049,497019,810.57,144.74,24.05,9.71,19.45,7.49,4.74,1,2,748.24,153.51,96.63
16049497020,16,049,497020,64.67,28.85,3.98,0,0.99,0.99,1.99,0,0,71.64,28.85,0.99
16049497021,16,049,497021,261.84,42.68,14.11,1,9.1,0.01,4,1,0.01,255.7,52.73,19.28
16049497022,16,049,497022,319.66,75.47,13.89,0,12.9,1,0,0,0.99,309.75,79.42,28.8
16049497023,16,049,497023,94.08,7.4,4.09,0.16,1.9,0.06,0.09,2.84,0,91.97,10.95,9.18
16049497024,16,049,497024,272,15,3,0,2,0,0,0,0,241,25,23
16049497025,16,049,497025,234.5,28.5,7.66,2.11,1.54,0.09,2.17,0.01,0.01,228.91,33.06,7.18
16049497026,16,049,497026,151.75,9.61,5.78,1.93,9.87,0.96,3.85,0,0,133.45,7.45,39.01
16049497027,16,049,497027,72.81,22.52,1.22,0.92,0.15,0.92,0,1.15,0,73.58,17.28,8.98
16051513501,16,051,513501,347.67,64.75,31.88,0,109.58,4.98,8.97,0,0,431.35,72.72,58.78
16051513502,16,051,513502,233.78,46.38,7.57,0.95,53.95,1.89,4.73,0.95,0,275.42,48.27,23.66
16051513503,16,051,513503,1449.87,111.52,66.69,13.91,323.31,10.95,18.91,0.99,3.97,1648.9,155.27,163.16
16051513504,16,051,513504,511.98,70.48,15.68,2.62,143.9,5.2,8.65,0,0,582.67,88.65,88.73
16051513505,16,051,513505,502.27,57.51,14.06,3.2,71.63,2.41,2.67,0.06,0,508.78,63.36,67.13
16051513506,16,051,513506,717.19,62.98,18.92,1.03,101.12,3.95,8.8,2.94,0,734.32,94.51,86.98
16051513507,16,051,513507,594.44,87.59,22.37,2.92,95.6,2.92,1.94,0.97,0,625.77,107.06,68.17
16051513508,16,051,513508,491.95,39.18,14.57,0.15,67.41,2,5.74,1.88,0.03,512.57,49.46,59.72
16051513509,16,051,513509,216.59,30.58,2.07,3.92,53.7,1.16,1.5,2.07,0,243.23,35.01,29.3
16051513510,16,051,513510,203.94,16.57,4.13,2.02,42.15,9.02,4.07,0,0,216.53,22.72,36.68
16051513511,16,051,513511,504.08,80.88,14.14,3.72,74.11,2.84,2.97,0.87,0,554.4,79.09,51.87
16051513512,16,051,513512,177.47,18.73,0.99,3.94,6.9,0,1.97,2.96,0,136.06,16.76,39.44
16051513513,16,051,513513,213.54,17.27,2.01,0.06,29.1,0,3.03,0.04,0,224.95,31.24,11.57
16051513514,16,051,513514,470.17,79.55,7.21,1.31,58.45,1.22,5.26,0.07,0,461.1,93.57,64.61
16051513515,16,051,513515,387.49,49.76,5.86,0.98,40.04,0,1.96,0,0,379.7,62.46,36.14
16051513516,16,051,513516,493,41,9,6,62,0,5,2,0,500,47,70
16051513517,16,051,513517,889.66,98.09,35.91,3.15,223.39,6.3,14.51,3,0,1052.8,125.15,107.15
16053532501,16,053,532501,527.25,94.18,17.04,1.01,34.09,5,3.02,3,0,510.41,103.15,71.02
16053532502,16,053,532502,318.4,70.43,13.16,2,27.93,0.05,5.09,1.05,0,322.77,75.15,39.95
16053532503,16,053,532503,337.11,64.47,12.81,3.23,23.38,2.5,3.12,2.98,0,338.32,69.39,44.38
16053532504,16,053,532504,941.4,192.6,27.91,2.07,63.61,4.98,11.89,0.1,0,941.33,177.09,114.42
16053532505,16,053,532505,442.9,137,26.64,7.61,45.67,11.41,4.76,2.86,0,502.74,123.73,64.75
16053532506,16,053,532506,592.9,253.18,46.15,4.09,92.03,6.67,3.22,1.09,0,700.91,229.97,78.8
16053532507,16,053,532507,509.24,156.39,18.57,0.98,38.12,4.89,2.93,0.98,0,551.27,132.93,54.74
16053532508,16,053,532508,240.5,98.29,15.3,0.95,12.87,9.44,2.86,0.95,0,270.27,94.11,21.6
16053532509,16,053,532509,353.08,127.64,16.08,1,41.16,4.02,3.01,1,0,396.25,111.54,36.22
16053532510,16,053,532510,370,133,24,4,39,3,6,2,0,385,134,47
16055552001,16,055,552001,932.43,221.07,31.02,13,30.01,8.01,12,3,1,952.42,216.08,81.04
16055552002,16,055,552002,1026,132,25,0,29,10,7,0,0,1016,135,71
16055552003,16,055,552003,1064.8,221.16,28.02,5,27.02,10.01,19,1,1,1078.77,209.17,71.07
16055552004,16,055,552004,656.66,232.57,18.07,1.01,8.21,10.9,1.03,0.04,0,658.36,216.08,39.32
16055552005,16,055,552005,1070.36,313.63,48.71,4.07,45.33,17.2,5.13,1.04,2,1127.23,294.03,80.97
16055552006,16,055,552006,1290.57,227.23,54.1,3.93,40.33,6.89,4.92,0,0,1299.42,222.31,90.5
16055552007,16,055,552007,1096.64,322.37,61.29,5.93,31.67,17.8,10.87,2.96,0,1171.77,272.97,86.03
16055552012,16,055,552012,513,115,18,0,9,3,4,1,1,486,131,41
16055552013,16,055,552013,362.57,88.19,19.28,3.1,19.96,4.26,3.14,0.04,0,403.65,80.77,16.87
16055552014,16,055,552014,712.11,189.15,37.34,3.01,24.21,3.09,3.05,1.03,0,728.62,186.96,50.43
16055552015,16,055,552015,846.89,297.85,46.66,0.99,28.79,11.91,6.95,3.97,0,917.38,271.04,59.57
16055552016,16,055,552016,894,288,38,1,42,12,4,1,0,1020,239,25
16055552017,16,055,552017,555,209,41,3,20,5,3,3,1,602,195,37
16055552018,16,055,552018,1066,253,43,4,38,23,12,1,0,1119,259,70
16055552019,16,055,552019,667.61,271.23,33.34,4.04,26.26,12.14,1.04,4.04,3,755.48,240.9,32.32
16055552020,16,055,552020,856,277,50,3,26,21,3,0,0,921,261,45
16055552021,16,055,552021,532.19,204.45,34.05,1.01,13.04,11.02,3.01,1.01,0,565.31,212.4,30.04
16055552022,16,055,552022,670.27,251.35,26.31,2.92,20.46,10.72,2.92,2.92,0,737.5,226.02,25.33
16055552041,16,055,552041,723,217,31,8,25,3,3,1,1,781,172,50
16055552061,16,055,552061,775.02,285.96,46.32,1.03,32.91,10.17,13.88,1.05,0.01,860.42,263.01,45.46
16055552067,16,055,552067,261.47,102.79,7.98,4.99,4.99,3.99,0,1,0,266.46,100.79,14.97
16055552068,16,055,552068,566.5,198.01,14.28,2.03,8.39,9.95,8.1,2.13,0,566.57,200.73,34.7
16055552070,16,055,552070,403.71,114.68,19.92,1.99,10.96,4.99,2.99,0,0,394.76,122.65,36.86
16055553008,16,055,553008,1339,322,49,6,45,11,4,3,0,1393,295,80
16055553009,16,055,553009,1278,338,53,7,26,18,14,1,3,1334,297,66
16055553010,16,055,553010,349,63,11,1,7,4,4,0,1,344,62,28
16055553011,16,055,553011,661,180,42,6,14,8,15,0,0,704,172,49
16055553023,16,055,553023,667.09,185.09,56.9,7.72,21.43,8.71,0.05,0.01,0.96,684.93,195.64,66.65
16055553024,16,055,553024,503,186,35,3,17,2,4,1,0,535,173,38
16055553025,16,055,553025,875.22,309.06,43.5,3.08,26.52,13.13,8.08,7.02,0,945.14,285.06,49.76
16055553026,16,055,553026,434,169,40,5,12,11,4,1,0,482,160,38
16055553027,16,055,553027,392,104,27,1,18,5,3,3,0,439,98,17
16055553028,16,055,553028,1460,363,99,8,60,19,13,5,2,1559,364,76
16055553029,16,055,553029,471,177,38,1,11,14,1,1,1,488,179,47
16055553030,16,055,553030,747,223,54,1,22,8,10,0,0,778,217,62
16055553031,16,055,553031,212.43,71.68,10.93,2.11,5.5,7.32,4.09,0.16,0,226.48,80.49,9.03
16055553032,16,055,553032,577.05,243.26,39.89,4.87,21.41,13.63,3.89,6.81,0,621.82,235.49,43.78
16055553033,16,055,553033,347.01,123.37,22.05,1,10.04,6.02,4.02,0,0,386.09,102.31,23.09
16055553034,16,055,553034,736.89,215.97,47.99,1,27,10,7,1,0,781.89,216.97,34
16055553035,16,055,553035,389.1,141.66,18.96,0,13.97,5.99,5.99,0,0,420.03,118.72,35.91
16055553036,16,055,553036,385.07,95.02,20,4,13,10,0,0,0,426.08,90.02,12
16055553063,16,055,553063,755.58,146.05,25.14,4.1,24.42,6.05,3.79,0.97,0.04,797.84,146.33,36.8
16055553064,16,055,553064,409.75,78.95,16.99,1,5,8.99,3,0,0,424.74,73.96,16.99
16055553065,16,055,553065,503.43,158.87,25.82,2.02,10.17,1.08,7.89,0.02,0,550.11,121.68,29.92
16055553066,16,055,553066,541.49,183.17,30.36,4.06,27.37,10.09,3.06,0.01,0,593.14,175.17,34.53
16055553069,16,055,553069,442,242,26,0,9,9,0,0,0,484,206,30
16055554037,16,055,554037,893.97,259.99,49,5,36,3,10,2,1,967.97,227,52
16055554038,16,055,554038,710.05,361.02,35,5,62,11,5,1,0,775.05,350.02,45
16055554039,16,055,554039,1206.91,436.97,86.99,3,63,19,11,1,0,1342.9,406.97,69.99
16055554040,16,055,554040,808,368,61,3,39,17,1,0,3,887,325,67
16055554042,16,055,554042,598,335,24,3,39,17,6,3,0,673,310,36
16055554043,16,055,554043,658.81,264.76,23.28,1.02,10.1,13.03,9.06,1,0,728.2,236.43,25.34
16055554044,16,055,554044,648,398,47,0,24,14,4,0,0,723,367,44
16055554045,16,055,554045,630,326,49,3,28,10,9,0,1,711,291,41
16055554046,16,055,554046,708,293,51,3,34,6,1,0,0,781,282,44
16055554047,16,055,554047,877,370,49,3,22,10,10,1,0,945,334,45
16055554048,16,055,554048,363,174,33,2,6,15,4,0,0,385,173,41
16055554049,16,055,554049,481.39,219.62,41.07,1,10.17,12.99,3.08,2.99,0.99,500.87,216.48,35.1
16055554050,16,055,554050,355,193,12,0,24,10,9,0,0,410,170,13
16055554051,16,055,554051,492.16,282.1,45.18,2.02,10.08,10.99,1.08,1,0,508.6,263.75,58.2
16055554052,16,055,554052,409,189,33,1,21,10,3,0,0,441,204,36
16055554053,16,055,554053,462.13,290.23,53.2,2.02,17.04,18.05,11.01,0,0,470.38,320.26,47.09
16055554054,16,055,554054,289.15,315.56,51.77,3.91,10.75,11.73,2.93,0.98,0,352.66,323.36,22.47
16055554055,16,055,554055,253.82,263.45,33.31,8.02,5.17,28.11,1,0.01,0,299.42,251.31,36.13
16055554056,16,055,554056,230,270,43,1,10,12,3,3,0,294,272,19
16055554057,16,055,554057,369,275,41,1,18,12,4,0,0,417,274,29
16055554058,16,055,554058,304.9,408.76,51.72,4.05,28.03,19.11,0.06,1.01,0,404.55,387.06,22.31
16055554059,16,055,554059,223,232,24,1,7,17,2,1,0,251,218,22
16055554060,16,055,554060,201.68,226.32,32.48,0.98,10.86,3.95,1.01,3.93,0,227.36,231.18,17.75
16055554062,16,055,554062,284.97,166.98,30.29,2.01,14.1,3.04,4.01,0.03,0,341.22,146.01,20.16
16057575001,16,057,575001,126,134,28,0,14,5,0,0,0,183,115,8
16057575002,16,057,575002,266,503,80,0,33,30,17,2,3,403,506,32
16057575003,16,057,575003,281,293,53,3,37,19,31,1,1,416,301,22
16057575004,16,057,575004,230,266,29,3,41,14,21,0,1,358,263,17
16057575005,16,057,575005,209.95,301.06,35.65,3.96,41.59,11.88,12.87,0.99,0,329.77,274.32,23.77
16057575006,16,057,575006,177.21,498.07,65.9,1.97,37.54,36.62,20.8,1.74,3.69,317.84,532.87,24.31
16057575007,16,057,575007,343.85,415.63,70.48,4.76,57.01,34.83,11.51,2.41,0,474.76,437.36,43.16
16057575008,16,057,575008,285,746,108,1,19,31,5,7,0,439,657,36
16057575009,16,057,575009,184.25,360.56,27.48,0.04,37.23,17.56,14.66,0.01,0.97,314.32,320.56,14.77
16057575010,16,057,575010,109.09,195.73,24.17,4.24,25.01,10.62,8.94,1.59,0.03,181,197.64,13.18
16057575011,16,057,575011,127.06,356.09,39.4,4.02,31.31,18.17,33.16,1.01,0.01,238.85,379.28,11.18
16057575012,16,057,575012,258.12,259.13,54.61,3.77,37.65,17.01,16.92,3.76,0.94,366.41,273.19,25.46
16057575013,16,057,575013,103,275,31,5,30,9,2,1,0,183,266,11
16057575014,16,057,575014,95.14,306.13,39.13,3.07,27.62,19.95,19.18,2.3,2.3,183.37,330.68,16.11
16057575015,16,057,575015,125.35,343.21,44.77,0.99,36.81,16.91,14.92,0.99,0.99,205.92,360.12,20.89
16057575016,16,057,575016,207,493,92,3,41,33,24,3,0,344,489,41
16057575017,16,057,575017,239.61,313.49,33.94,7.99,26.96,8.99,14.98,0,0,346.43,278.55,19.97
16057575018,16,057,575018,165.25,449.51,71.8,2.95,16.72,39.34,3.93,2.95,0,239.02,477.05,29.51
16057575019,16,057,575019,482.47,151.2,30.47,7.07,8.1,4.57,1,2.68,0,497.47,160.37,34.32
16057575020,16,057,575020,50.85,10.46,1.81,0.19,0.65,0.18,0.29,0.28,0,51,12.91,3.1
16057575021,16,057,575021,493.94,235.05,37.38,4.04,22.09,28.64,2.51,1.13,0.01,569.47,227.39,28.29
16057575022,16,057,575022,136.63,20.96,3.88,0,0.78,2.33,0,0.78,0,125.76,26.39,14.75
16057575023,16,057,575023,238.86,103.32,19.23,1,4.09,4.06,2.05,3.01,0,249.36,99.22,27.09
16057575024,16,057,575024,203.12,91.15,12.86,0.21,5.71,2.9,5.48,0.09,0,222.89,96.78,7.46
16057575025,16,057,575025,113.58,19.06,3.64,0.62,4.7,1.39,0.08,1.23,0,113.9,24.83,5.95
16057575026,16,057,575026,166,63,9,0,9,5,4,1,0,184,66,11
16057575027,16,057,575027,455.11,176.61,18.36,0.92,5.5,11.88,7.31,2.74,0,488.1,182.09,22.86
16057575028,16,057,575028,347.99,113.4,26.54,1.08,6.44,3.97,2.82,0.21,0,382.76,110.73,9.36
16057575029,16,057,575029,574.16,398.65,68.59,1.19,27.44,18.67,14.28,3.91,0.05,708.71,368.77,38.97
16057575030,16,057,575030,228.14,108.75,22.74,0.09,6.52,5.13,1.69,0.26,3,260.26,111.27,18.17
16057575031,16,057,575031,157.99,46.52,6.83,0.96,3.86,0.02,4.81,0,0,167.73,44.6,5.79
16057575032,16,057,575032,100.96,52.63,8.06,3.04,1.22,1.56,2,0.19,0,99.55,65.93,10.57
16059598001,16,059,598001,180.84,17.11,3.03,0,6.14,1,0,0,0,172.92,25.22,16
16059598002,16,059,598002,184,59,8,0,3,3,0,0,0,178,47,21
16059598003,16,059,598003,45.02,17.18,3,0,4,0.02,0,0,0,51.05,14.18,1.01
16059598004,16,059,598004,217.66,26.96,3,2,5.99,0,2,0,0,210.67,25.96,16.97
16059598005,16,059,598005,827.38,247.65,45.42,2.01,43.43,7.94,6.9,2.97,0,843.95,256.42,73.34
16059598006,16,059,598006,727.36,204.5,42.6,5,36.61,13.06,5.1,3.04,0,709.82,201.7,101.73
16059598007,16,059,598007,625.26,124.85,23.97,6.99,32.96,5.99,3,3,0,653.23,103.88,55.93
16059598008,16,059,598008,67,13,6,0,4,0,0,0,0,59,19,13
16059598009,16,059,598009,137.49,22.9,2.99,0,2.99,0,1.99,0,0,135.49,29.86,9.96
16061616001,16,061,616001,264.19,88.91,15.44,3.18,9.26,4.31,8.23,0.09,0.02,303.21,73.07,22.14
16061616002,16,061,616002,171.81,27.89,6.84,0.98,0.5,1.47,0.5,0.49,0,163.11,33.71,12.69
16061616003,16,061,616003,294.44,54.59,10.14,0.96,0.91,4.53,2.82,0.48,0.04,281.11,61.46,29.33
16061616004,16,061,616004,242.44,46.97,9.59,0.01,2.86,0.97,5.71,0.01,0,247.19,48.83,17.28
16061616005,16,061,616005,211.12,43.17,10.04,1,1.1,2.01,0.21,0.95,0,209.35,37.76,19.86
16061616006,16,061,616006,22.32,7.06,6.01,0,0,0,0.01,0,0,26.33,6.07,3.02
16061616007,16,061,616007,22.59,7.5,4.1,0,3.03,0.01,1.06,0,0,32.65,4.52,1.18
16061616008,16,061,616008,4.1,2.03,1,0,0,0,0,0,0,5.09,1.04,0.01
16063632601,16,063,632601,410.8,210.06,22.19,2.01,40.44,6.08,6.09,1.03,0,472.01,184.06,46.56
16063632603,16,063,632603,233.74,76.92,9.16,0.07,16.19,4.13,2.16,0.1,0,251.29,68.5,25.31
16063632604,16,063,632604,294.97,47.16,12.21,2.81,17.86,7.51,7.5,3.74,0,289.44,63.97,28.2
16063632605,16,063,632605,204.98,25.14,10.22,1.04,24.34,0.12,2.12,1.05,0,214.05,36.31,16.49
16063632606,16,063,632606,33.51,0,0,0,2.87,0,0,0,0,30.64,0,5.74
16065653401,16,065,653401,246.11,11.75,7.81,1.94,55.71,2.91,0.99,0,0,274.53,27.33,30.23
16065653402,16,065,653402,760.38,57.93,21.54,4.94,248.36,5.67,17.65,0.24,0,912.87,90.78,116.8
16065653403,16,065,653403,575.45,45.25,30.43,4.15,202.71,2.64,5.99,0.07,0,725.08,68.99,69.06
16065653404,16,065,653404,484.14,34.15,17.69,1.08,138.36,0.64,6.73,0,0,582.51,53.19,49.52
16065653405,16,065,653405,419.04,62.24,23.67,1.58,224.82,3.95,6.37,1.59,0,624.53,64.02,47.63
16065653406,16,065,653406,578.38,51.97,18.28,1.92,246.35,0,8.66,0,0,768.92,84.68,54.86
16065653407,16,065,653407,654.61,89.95,33.05,2.57,330.5,6.1,12.19,2.43,0,926.85,106.88,88.48
16065653408,16,065,653408,1009.59,179.63,106.43,4.99,739.93,9.93,21.87,6.97,1,1665.19,229.3,152.96
16065653409,16,065,653409,426.5,81,69,2,396,3.5,12.5,1,0,769,104.5,76.5
16065653410,16,065,653410,436.63,81.21,57.33,1.81,308.12,6.53,5.58,0.03,0,714.64,85.64,54.7
16065653411,16,065,653411,133.73,36.65,17.83,0,105.66,0.66,1.32,0.33,0,226.18,33.02,18.16
16065653412,16,065,653412,0,0,0,0,0,0,0,0,0,0,0,0
16065653413,16,065,653413,208.14,28.27,18.74,0.68,104.24,3.41,3.41,0,0,307.27,27.93,19.08
16065653414,16,065,653414,390.39,84.72,45.07,0.53,261.84,3.77,4.9,0.57,0,625.63,78.23,45.9
16065653415,16,065,653415,754.43,119.18,69.08,5.52,500.21,6.06,11.19,0.83,0,1189.77,135.64,86.48
16065653416,16,065,653416,731.79,145.72,42.46,4.41,454.17,7.23,7.58,1.01,0,1125.83,154.56,91.43
16065653417,16,065,653417,201.31,10.69,4.84,0.04,42.99,0.04,0.92,0,0,223.5,16.54,23.72
16065653418,16,065,653418,473.91,45.49,23.14,4.04,204.95,5.05,8.17,1,0,637.95,68.8,53.1
16065653419,16,065,653419,491.53,38.8,6.69,0.96,108.69,1.08,0.39,0.13,0,561.84,47.09,43.01
16067672701,16,067,672701,411.46,86.07,18.03,1.02,35.19,4.04,9.02,2.02,0,445.15,75.23,38.38
16067672702,16,067,672702,629.35,109.47,19.28,1.01,65.54,4.02,5.03,2.06,1,634.33,120.41,63.92
16067672703,16,067,672703,558.79,170.64,17.71,2.03,48.37,9,3.07,5.16,0,576.89,143.38,68.14
16067672704,16,067,672704,523.71,107.23,21.06,0.96,40.21,0,1.92,4.79,0,526.58,99.57,63.19
16067672705,16,067,672705,523.96,134.99,21,3,37,6,5,1,0,546.96,122.99,52
16067672706,16,067,672706,451.99,53.8,9.97,2.99,33.89,0,5.97,1.99,0,435.14,62.73,58.73
16067672708,16,067,672708,459,96,26,4,54,5,7,2,0,451,116,83
16067672709,16,067,672709,255.75,118.25,27.5,1.83,29.33,4.58,2.75,3.67,0,297.91,102.66,39.42
16067672710,16,067,672710,399.76,102.19,17.04,0.01,31.11,5.01,4.01,7,0,399.87,105.17,56.07
160676727A1,16,067,6727A1,447.02,145.64,18.48,6.17,57.64,3.41,3.25,2.33,0,507.81,123.24,42.55
160676727B1,16,067,6727B1,231.01,43.2,11.03,3.01,31.11,0,0.03,0.01,0,249.86,37.27,26.27
16069696001,16,069,696001,231.88,177.91,25.99,0,7,12.99,4,2,0,265.87,172.91,26.99
16069696002,16,069,696002,337.73,150.52,25.26,6.92,9.24,11.93,1.07,0.08,0,371.61,153.1,32.95
16069696003,16,069,696003,350,263,58,3,28,14,3,2,0,451,248,24
16069696004,16,069,696004,311,213,40,4,11,9,5,0,0,371,195,30
16069696005,16,069,696005,303,131,44,2,5,10,1,0,0,339,143,22
16069696006,16,069,696006,406.61,244.15,34.04,4,15.02,8,4.01,3.01,0,446.69,253.13,30.02
16069696007,16,069,696007,319.01,175,31,0,16,9,4,2,1,384.01,171,9
16069696008,16,069,696008,524.73,279.32,38.91,3.99,17.96,4.99,3.99,2.99,0,641.45,232.44,9.98
16069696009,16,069,696009,524,204,48,1,16,4,4,2,1,592,196,24
16069696010,16,069,696010,278,119,29,0,7,5,1,0,0,304,123,16
16069696011,16,069,696011,308,197,34,4,15,7,5,2,0,380,180,22
16069696012,16,069,696012,199,81,18,1,13,3,3,3,0,216,87,15
16069696013,16,069,696013,349,133,27,0,9,1,7,1,0,398,130,9
16069696014,16,069,696014,374.43,145.09,30.96,3.87,13.54,2.9,0,5.8,0,433.43,138.33,18.38
16069696015,16,069,696015,340,121,9,4,9,3,8,3,0,371,113,12
16069696016,16,069,696016,350,163,30,1,13,1,1,4,0,403,136,16
16069696017,16,069,696017,395.85,143.39,36.61,6.1,16.78,4.58,3.05,0.76,0,455.34,141.86,16.02
16069696018,16,069,696018,386,123,27,3,5,6,5,1,0,427,110,18
16069696019,16,069,696019,505,171,32,4,11,10,12,0,0,572,170,19
16069696020,16,069,696020,507,164,39,0,12,3,15,0,1,561,163,21
16069696021,16,069,696021,621,190,40,6,16,6,3,1,0,682,178,22
16069696022,16,069,696022,486,168,42,7,24,10,5,0,0,559,168,27
16069696023,16,069,696023,99.61,21.45,10.58,0,1.41,0.07,0.1,0.1,0,113.03,19.99,2.35
16069696024,16,069,696024,399.82,101.89,25.1,0.08,16.32,3,3.83,3.82,0,458.41,83.79,14.68
16069696025,16,069,696025,511.41,135.44,35.47,6.06,12.65,7.53,7.88,0.44,1.98,559.83,144.76,17.69
16069696026,16,069,696026,230.14,490.79,23.72,1.1,9.52,28.03,1,0.1,0,324.04,440.64,26.55
16069696027,16,069,696027,193.8,35.39,12,0,1.03,3,3.01,0.01,0,203.84,45.31,8.03
16069696028,16,069,696028,227.61,60.45,6.31,0.9,4.51,8.99,0,0.9,0,235.71,67.63,13.5
16069696029,16,069,696029,156.45,63.97,4.35,0,5.03,0.03,3.03,0.06,0,164.55,64.06,9.26
16069696030,16,069,696030,121,33,6,0,1,1,1,0,0,133,27,7
16069696031,16,069,696031,239.41,77.41,8.4,1.03,7.98,5.04,0.01,0.04,0.01,240.43,83.03,15.74
16069696032,16,069,696032,125.45,55.63,8.21,0.04,3.06,0.07,1.07,0,1.02,143.65,45.8,6.1
16071713201,16,071,713201,472.92,50.26,3.13,5.12,65.46,0,6.98,0,0,511.62,56.24,26.32
16071713202,16,071,713202,313.46,49.51,11.23,3.1,64.72,2,2.29,1,0,368.58,49.75,29.09
16071713203,16,071,713203,365.98,57.2,9.25,4.06,66.18,0.01,10.79,0,0,408.91,66.25,41.88
16071713204,16,071,713204,283.2,17.36,11.61,3.84,44.74,0.01,1.97,0,0,308.72,23.17,24.17
16071713205,16,071,713205,60.91,6.74,0.97,0.97,13.76,0.95,0.95,0,0,75.49,7.69,3.08
16071713206,16,071,713206,35.61,2.84,0.88,0.88,16.57,0.05,0.05,0,0,47.2,2.89,8.52
16073732301,16,073,732301,308.55,90.44,10.49,2.75,7.3,2.81,0.77,2.03,0,293.92,86.45,33.05
16073732302,16,073,732302,585.77,117.31,16.47,1.96,26.1,4.84,4.83,0.02,0,565.45,121.12,60.06
16073732303,16,073,732303,417.56,77.08,12.57,3.02,17.6,3.13,3.13,1.02,0,411.26,75.13,48.44
16073732304,16,073,732304,440.64,100.08,26.49,0,14.72,3.92,3.92,1.96,0,445.53,97.13,43.18
16073732305,16,073,732305,73.29,0.61,0.14,0,1.1,0.01,0.04,0.01,0,63.39,0.6,4.26
16073732306,16,073,732306,310.25,43.89,7.98,0,7.98,6.98,0,0,1,261.37,51.87,52.87
16073732307,16,073,732307,145.87,17.53,2.92,0,5.82,0.02,1.91,0,0.01,127.78,17.52,17.24
16073732308,16,073,732308,90.12,7.07,0.04,0,0.07,0,0.02,0,0,75.18,7.07,11.98
16073732309,16,073,732309,292.23,28.84,14.19,0,9.53,0.96,4.71,0.03,0,284.44,21.26,31.41
16073732310,16,073,732310,202.27,37.99,7.41,0,9.12,1.97,1.18,1.93,0,201.92,34.76,13.02
16073732311,16,073,732311,14.71,26.78,2.02,0,0.1,0.01,0.01,0.01,0,16.46,26.76,2.17
16073732312,16,073,732312,20.29,0.84,2.1,0,5.07,0.02,1.01,0.02,0,19.32,0.8,10.1
16075759001,16,075,759001,537.66,165.85,28.98,2,20.99,5.99,5,0,0,540.66,161.87,48.96
16075759002,16,075,759002,1150.02,286.51,45.92,1,40.93,11.98,9.98,1,0,1146.03,302.48,98.83
16075759003,16,075,759003,451.63,128.62,20,0.96,16.22,10.46,6.66,2.86,0,443.13,149.48,36.2
16075759004,16,075,759004,291.78,64,10.81,2.69,12.59,3.6,2.7,0,0,293.56,66.71,22.53
16075759005,16,075,759005,1069.41,294.06,37.26,7.09,53.31,10.12,4.12,6.1,0,1107.44,266.67,79.32
16075759006,16,075,759006,804.46,192.52,31.55,3.16,34.38,4.7,3.46,3,0,812.74,180.57,77.24
16075759007,16,075,759007,213.49,24.38,6.23,0.06,12.32,0.07,3.05,0,0,221.58,26.45,18.49
16075759008,16,075,759008,1050.37,210.47,35.91,3.99,62.84,6.98,3.99,3.99,0,1013.46,239.39,121.69
16075759009,16,075,759009,776.37,117.69,26.69,6.92,46.55,4.94,2.96,0,0,748.84,128.6,86.96
16075759010,16,075,759010,134.17,20.26,3.3,1.08,13.39,0.07,0.04,0,0,142.66,24.33,9.01
16077772801,16,077,772801,289.6,152.06,22.76,2.71,40.82,4.54,3.61,0.98,0,346.04,153.57,30.06
16077772802,16,077,772802,442.57,217.14,32.44,2.3,54.61,5.34,3.08,6.79,0,526.42,195.48,48.34
16077772803,16,077,772803,503.17,210.47,25.14,4.08,68.18,8.13,7.04,2.1,0,587.32,204.45,41.3
16077772804,16,077,772804,146.96,18.26,5.81,0.83,44.84,0.83,4.15,0,0,175.19,24.91,24.08
16077772805,16,077,772805,94.78,14.33,0.37,0.15,7.39,0.52,0.07,0.07,0,100.39,14.85,3.69
16077772806,16,077,772806,191.09,87.1,5.59,1.93,17.86,6.64,1.08,1.06,0,209.34,93.2,14.73
16079797001,16,079,797001,114.21,41.66,2.75,0.15,1.73,0.63,1.19,0.02,0,115.06,39.19,3.22
16079797002,16,079,797002,155.48,106.09,15.55,0,6.4,5.49,2.74,0.91,0,153.65,122.56,12.8
16079797003,16,079,797003,245.49,163.04,29.64,1.85,5.56,6.48,1.85,0,0,267.72,165.82,21.31
16079797004,16,079,797004,177,80,9,0,4,7,2,0,0,196,84,5
16079797005,16,079,797005,507,221,31,7,13,10,8,1,0,523,244,40
16079797006,16,079,797006,624.48,305.19,64.94,5.9,18.7,12.79,6.9,3.94,0,688.42,320.92,42.32
16079797007,16,079,797007,47.78,30.83,4.6,0.05,0.17,1.12,1.06,2.04,0,52.37,33.97,4.39
16079797008,16,079,797008,204.34,60.16,10.46,0.04,5.13,2.09,6.04,0.03,0,211.79,70.26,10.3
16079797009,16,079,797009,597.52,204.76,23.13,4.01,21.04,6.01,10.02,1.02,0,629.61,206.83,22.11
16079797010,16,079,797010,444.77,134.18,22.66,0.97,7.64,2.09,3.89,2.83,0,460.58,146.24,19.41
16079797011,16,079,797011,82.21,10.71,0,0.96,1.93,0,0.01,0,0,79.29,10.7,6.79
16079797012,16,079,797012,49.68,5.35,3,1.03,1.06,0,0,0,0,39.59,10.35,12.22
16079797013,16,079,797013,35.35,17.61,1.12,0,0.47,0.4,1.19,0.07,0,33.22,17.81,4.91
16081813201,16,081,813201,580.54,317.42,37.45,0,81.83,8.89,5.91,1.97,0,662.38,290.84,65.04
16081813202,16,081,813202,288.03,190.43,14.08,0,56.08,17.96,0.02,0.01,0,353.07,204.28,20.16
16081813203,16,081,813203,127.13,180.22,19.03,0,6.03,0.01,2,0,0,162.18,156.25,8.01
16081813204,16,081,813204,223.85,380.67,46.14,2.02,53.45,25.15,0.04,3.01,0,310.48,440.71,21.21
16081813205,16,081,813205,254.5,275.21,15.52,1.98,37.57,13.06,4.11,1.02,0,312.82,278.1,19.21
16081813206,16,081,813206,348.09,439.05,26.08,1,56.06,26.97,9.01,0.01,1,441.26,451.77,21.03
16081813207,16,081,813207,338.55,372.46,25.28,0,35.07,6.85,5.84,0.97,0,409.55,330.82,14.62
16083832301,16,083,832301,438.94,84.46,10.41,3.06,29.79,0.1,6.08,2.02,0,392.81,102.45,67.5
16083832302,16,083,832302,580.25,89.27,22.81,5.95,26.78,10.91,1.99,0.99,0,555.44,115.06,68.44
16083832303,16,083,832303,376.21,73.04,12.01,3,9.02,0.01,6,2,0,333.19,76.06,63.03
16083832304,16,083,832304,306.93,54.63,10.35,0.05,26.46,8.14,3.01,1.01,0,284.03,87.78,40.74
16083832305,16,083,832305,216.48,41.1,6.02,2,15.03,1,1,0,0,204.48,43.1,22.06
16083832401,16,083,832401,506.78,237.75,50.67,4.55,31.97,24.33,6.04,9.39,0,540.75,252.34,93.34
16083832402,16,083,832402,379.66,167.17,38.79,2.77,36.02,9.24,6.46,2.77,0,379.65,194.88,64.66
16083832403,16,083,832403,458,281,33,3,42,13,7,0,0,487,296,70
16083832404,16,083,832404,444,222,32,3,67,16,0,0,0,504,232,48
16083832405,16,083,832405,506,166,13,4,72,10,3,3,0,536,179,59
16083832406,16,083,832406,462.94,154.65,23.95,0,46.89,0,1,1,0,500.86,129.7,52.88
16083832407,16,083,832407,422.41,209.74,31.36,6.86,34.3,9.8,0.98,2.94,0,456.72,194.06,63.71
16083832408,16,083,832408,414.25,148.96,13.65,0,40.88,9.06,9.06,0,0,446.06,150.71,39.08
16083832409,16,083,832409,539.18,233.89,39.72,4.05,48.58,11.92,4.91,0.06,0,593.62,206.21,72.63
16083832410,16,083,832410,397.8,172.39,16.41,2,51.22,7.94,0.94,0,0,420.09,170.58,58.04
16083832411,16,083,832411,494,158,41,0,81,3,0,0,0,502,205,68
16083832412,16,083,832412,550,162,33,3,42,23,4,1,0,578,200,34
16083832413,16,083,832413,576.14,191.73,28.06,3.74,46.76,5.61,6.55,2.81,0,586.42,180.51,72.02
16083832414,16,083,832414,588,201,40,4,56,10,5,3,0,649,188,49
16083832415,16,083,832415,391.51,122.85,18.47,7.68,24.21,9.92,1.3,0.27,0,380.46,136.2,55.56
16083832416,16,083,832416,261.33,100.86,9.93,5.35,22.16,9.17,0.76,0.76,0,264.38,110.8,32.09
16083832417,16,083,832417,388,166,48,2,53,13,0,0,0,444,177,49
16083832418,16,083,832418,459,170,28,2,61,12,5,1,1,504,179,59
16083832419,16,083,832419,471.88,167.6,24.94,2,92.78,5.99,0,1,0,551.69,169.6,45.89
16083832420,16,083,832420,746.85,289.3,52.04,1,143.17,4.01,3,7,0,844.99,316.3,66.08
16083832421,16,083,832421,361.47,177.71,23.01,0.13,48.71,6.31,3.2,0.14,0,425.27,145.52,38.69
16083832422,16,083,832422,284.07,140.1,17.39,2.9,50.24,6.76,0.97,3.86,0,334.31,141.07,29.95
16083832423,16,083,832423,448,158,18,1,70,4,0,1,0,507,116,51
16083832501,16,083,832501,250.22,62.39,12.18,0.01,32.11,4.01,2.1,0.03,0,260.83,59.22,30.83
16083832503,16,083,832503,400.88,121.75,11.88,2.97,26.73,1.98,2.97,0.99,0,407.81,133.63,37.61
16083832504,16,083,832504,383.32,119.99,28,4,32,6.01,2,2,0,375.29,145,56.03
16083832505,16,083,832505,382.34,185.11,22.03,4,28.03,4.01,0,8,0,413.34,183.13,41.05
16083832506,16,083,832506,559.56,126.9,29.98,4,35.97,5,1,3,0,551.57,144.89,80.94
16083832507,16,083,832507,481,94,28,3,40,13,1,3,0,505,101,53
16083832508,16,083,832508,536.87,106,33.68,0.05,53.59,1.02,5.96,5.93,0,555.59,110.1,71.58
16083832509,16,083,832509,577.91,152.6,20.6,1,17.9,1.94,10.76,2.93,0,541.05,135.18,89.97
16083832510,16,083,832510,409.69,66.02,7.43,4.96,25.59,3.98,4.06,1.08,0,380.19,74.02,64.55
16083832511,16,083,832511,525,89,38,3,72,7,4,5,0,560,129,54
16083832512,16,083,832512,529.33,109.23,13.27,3.01,98.67,0.07,8.01,1,0,585.26,108.41,56.85
16083832513,16,083,832513,718,109,25,3,83,14,6,3,0,752,142,68
16083832514,16,083,832514,522.61,101.69,21.85,1.01,56.46,5.95,1.05,0.02,0,518.38,116.44,69.78
16083832524,16,083,832524,369,99,17,1,34,2,6,0,0,405,99,34
16083832525,16,083,832525,355.16,77.03,11,4,31.03,6,0,0,0,323.18,108.03,53.02
16083832526,16,083,832526,382.01,77,21,2,31,6,0,0,0,386.01,80,60
16085858001,16,085,858001,416.81,529.83,59.15,1.3,33.15,11.7,2.6,1.95,0,515.63,509.01,22.11
16085858002,16,085,858002,931.55,511.05,74.74,4.04,65.43,12.11,10.21,6,0,996.39,514.14,101.58
16085858003,16,085,858003,327.3,83.6,12.92,2.23,14.98,2.64,1.38,0.35,0,337.79,86.35,20.79
16085858004,16,085,858004,623.42,643.66,65.86,1.69,39.37,17.95,8.15,2,0,750.34,597.39,40.28
16085858005,16,085,858005,241.73,36.71,4,1.08,11.89,3.91,1.03,1.81,0,239.76,47.64,18.23
16085858006,16,085,858006,52.91,17.33,0.34,0.06,1.3,2.21,0.02,0,0,53.55,15.25,6.43
16085858007,16,085,858007,20.84,9.84,5.21,0,4.05,2.32,0,0,0,25.47,13.32,4.05
16085858008,16,085,858008,276.11,78.22,8.01,2.59,23.06,0.11,2.55,1.68,0,267.39,96.62,25.79
16087879001,16,087,879001,396.95,65.67,10.78,1.96,13.72,1.96,0.98,0.98,0,372.45,74.49,45.09
16087879002,16,087,879002,267,103,15,0,13,4,3,2,0,269,104,28
16087879003,16,087,879003,188.8,69.21,9.05,2.01,9.05,5,2.01,0,0,177.85,79.19,24.08
16087879004,16,087,879004,273.89,114.12,22.82,1.98,21.83,2.98,2.98,1.98,0,318.54,114.12,12.9
16087879005,16,087,879005,225.36,68.5,14.89,1.99,11.91,2.98,1.99,0.99,0.99,205.51,89.35,30.78
16087879006,16,087,879006,219.44,56.97,13.47,2.16,14.86,1.06,2.13,1.02,0.01,232.37,52.41,23.27
16087879007,16,087,879007,418.45,33.67,3.55,3.26,5.41,0.07,2.27,0,0,365.37,37.71,44.92
16087879008,16,087,879008,394.02,67.32,7.92,0,28.71,1.98,1.98,0,0,393.03,73.26,25.74
16087879009,16,087,879009,288,110,18,1,14,4,2,1,0,270,112,42
16087879010,16,087,879010,354.27,47.47,14.81,3.94,23.67,0.99,1.98,0.99,0,352.3,64.21,23.7
16087879011,16,087,879011,249.86,39.27,7.62,3.67,18.52,0.97,3.66,0.04,0,255.08,40.36,29.95
