GEOID20,STATEFP,COUNTYFP,DISTRICT,G18USSRCRA,G18USSDHEI,G18USSOWRI,G18HALRARM,G18HALDSCH,G18HALITUT,G18HALOWRI,G18SOSDBOS,G18SOSICOA,G18SOSIJAE,G18SOSOWRI,G18ATGRSTE,G18ATGDTHO,G18ATGOWRI,G18AGRRGOE,G18AGRDDOT,G18AGROWRI,G18PSCRCHR,G18PSCDBRA,G18PSCOWRI,G18PSCRKRO,G18PSCDBUC,G18PSCOWR2,G18TAXRRAU,G18TAXDOVE,G18TAXOWRI
38001003901,38,001,003901,796.11,364.04,4,878.11,236.03,44.01,0,289.04,195.02,609.07,1,934.11,217.03,4,934.12,208.03,0,888.1,248.04,1,812.1,297.04,0,834.1,297.04,2
38003002401,38,003,002401,178,191,3,201,158,9,0,165,40,144,0,254,109,0,237,124,0,203,155,0,199,155,0,193,164,1
38003002402,38,003,002402,283.57,370.72,3.88,303.96,304.71,35.91,0.97,307.65,67,243.72,0.97,352.51,289.16,0.97,375.79,263.95,1.94,300.11,325.06,0.97,309.8,297.91,3.88,297.17,323.17,1.94
38003002403,38,003,002403,188,194,3,206,148,21,2,166,33,161,1,236,136,1,222,146,2,195,167,2,195,168,2,183,186,1
38003002404,38,003,002404,301.88,330.2,3,325,277.19,30.5,1.06,301.53,78.84,230.04,2.06,385.45,240.86,0.06,382.9,237.69,1,323.78,295.64,1.06,338.72,269.58,0.06,318.55,297.48,1
38003002405,38,003,002405,370.76,401.66,0.97,420,319.59,26.07,0.97,321.52,106.21,314.76,2.9,503.03,263.59,0.97,500.14,259.72,0,421.93,317.66,0.97,416.14,316.69,0.97,393.93,352.41,0.97
38003002406,38,003,002406,164,163,0,179,131,12,0,135,37,132,1,202,116,0,210,108,0,181,129,0,173,131,1,168,145,0
38003002407,38,003,002407,70,59,1,78,49,4,0,43,20,66,0,93,38,0,94,37,0,81,49,0,75,54,0,78,52,0
38003002408,38,003,002408,79,63,1,100,39,3,0,42,13,82,0,109,31,0,109,32,0,96,42,0,92,45,0,83,54,0
38003002409,38,003,002409,126,91,0,144,65,4,0,62,31,110,0,166,50,0,169,47,0,141,62,0,133,68,0,138,70,0
38003002410,38,003,002410,39,38,1,47,28,2,0,29,12,32,0,48,28,0,52,24,2,46,26,1,46,27,0,48,27,0
38003002411,38,003,002411,324.78,249.42,0.16,346.04,193.51,27.51,1.01,216.3,70.95,256.48,1.08,392.01,168.39,1.01,400.18,164.64,0.06,359.18,184.65,1.01,358.34,182.82,1.1,337.35,216.94,0.1
38003002412,38,003,002412,112,113,0,130,84,7,1,74,25,121,0,150,68,1,149,71,0,132,82,0,136,82,0,130,92,0
38003002413,38,003,002413,119,123,0,126,103,12,0,101,38,98,0,147,89,0,157,83,0,134,97,0,131,99,0,112,120,1
38003002414,38,003,002414,41,51,0,49,42,2,0,39,6,45,0,68,24,0,59,33,0,46,43,0,58,29,0,50,41,0
38003002415,38,003,002415,110,79,2,130,50,5,0,45,21,115,1,141,45,0,145,43,0,124,60,0,125,53,0,125,57,0
38005001401,38,005,001401,545.67,476.27,7,578.68,397.35,42.92,0,340.53,81.93,582.46,0,714.46,299.51,0,701.46,306.49,1,611.49,386.48,0.01,591.52,392.44,1,581.56,415.4,0
38005002301,38,005,002301,117.56,118.43,1,123.58,103.37,12.03,0,93.32,18.11,122.52,1,157.64,82.35,1,160.67,77.32,1,137.57,92.37,0,128.59,99.36,0,133.59,102.37,0
38005002302,38,005,002302,74.3,691.2,2,112.31,601.16,41.03,3,588.14,60.05,94.28,2,132.36,617.13,2,139.36,605.13,3,120.32,622.16,4,97.31,644.16,4,111.31,626.17,4
38005002303,38,005,002303,91.15,141.1,2,95.15,123.08,9.01,1,115.07,11.03,91.14,2,111.18,113.07,4,115.18,111.07,2,100.16,123.08,2,95.16,122.08,2,95.15,125.09,4
38007003901,38,007,003901,120.76,52.46,0,128.68,33.66,11.88,0,45.53,29.7,84.14,0,138.58,33.66,0,138.58,30.69,0,127.69,41.57,0.99,126.7,42.56,0,130.66,42.56,0
38007003902,38,007,003902,254,41,0,262,26,6,0,31,50,201,1,260,30,0,259,28,0,249,39,0,240,40,0,233,54,0
38007003903,38,007,003903,74.38,21.11,0,77.41,16.07,3.01,0,12.1,10.07,63.3,1,82.39,13.1,0,87.41,8.08,0,76.41,15.08,0,78.35,15.12,0,74.38,17.09,0
38009000601,38,009,000601,448.9,170.61,4.06,470.59,119.46,25.41,1.01,138.51,89.3,374.29,1.03,507.18,118.23,1.04,529.32,92.09,0.03,418.82,204.57,0.03,451.79,152.21,0.03,463.16,153.1,0.03
38009000602,38,009,000602,451.21,238.01,3.96,495.61,162.96,26.71,1,232.9,85.04,343.64,1.98,535.1,147.22,2.96,544.97,137.35,1.97,381.16,299.16,1.97,443.34,211.34,1.98,467.02,205.42,1.97
38009000603,38,009,000603,384.14,218.48,4.99,416.08,149.64,33.9,2.99,172.67,103.71,304.3,3.99,449.01,149.62,2,456,143.63,1,337.22,255.43,1,384.13,192.54,1.99,400.1,187.56,1
38009000604,38,009,000604,504.34,239.21,1,536.23,185.39,21.93,0,207.32,83.72,423.6,1,588.06,153.49,0,588.06,146.52,0,468.45,264.13,0,525.27,202.33,0,517.29,218.28,1
38009000605,38,009,000605,358.66,243.79,0,397.77,188.61,18.07,1,207.68,63.28,309.4,2,431.94,166.51,1,444.94,150.48,1,317.55,278.87,1,352.73,222.67,1,365.71,219.72,1
38011003901,38,011,003901,540.68,215.38,7.83,590.65,136.06,21.54,1.96,182.07,105.77,416.31,0.98,619.02,130.21,0.98,622.95,114.53,0.98,571.04,159.58,0.98,552.44,171.32,0,553.39,179.19,0
38011003902,38,011,003902,313.32,78.62,1.17,347.35,39.94,6.46,0.04,55.93,53.23,251.69,0.02,348.98,47.79,0.02,356.05,35.47,0.02,327.96,56.42,0.02,319.56,58.68,0,307.61,76.81,0
38011003903,38,011,003903,171,32,2,182,17,8,0,21,41,126,0,180,23,0,191,15,0,181,23,0,170,29,0,169,36,0
38011003904,38,011,003904,207.89,77.96,1,210.89,59.97,15.99,0,81.96,42.98,137.93,3,220.89,59.97,0,226.88,51.97,1,203.9,74.96,0,188.9,80.96,0,187.9,86.96,0
38013000201,38,013,000201,47,11,0,50,5,0,1,6,7,35,0,52,3,0,50,4,0,49,6,0,47,6,0,40,14,0
38013000202,38,013,000202,177,81,2,199,56,4,0,58,29,163,0,218,43,0,213,45,0,193,60,1,197,53,0,201,60,0
38013000203,38,013,000203,243.5,57.09,1,251.49,41.08,10.01,0,47.11,28.09,215.38,0,264.53,38.07,0,264.53,37.06,0,251.49,48.09,0,247.48,49.08,0,237.48,60.1,0
38013000204,38,013,000204,113,30,3,122,16,3,0,22,19,96,0,128,16,0,125,16,1,113,28,0,118,19,0,111,31,0
38013000205,38,013,000205,99,23,0,101,16,4,0,13,13,90,0,106,15,0,107,13,0,101,20,0,104,15,0,106,14,0
38013000206,38,013,000206,50,26,1,56,17,3,0,20,7,40,0,59,15,0,63,12,0,51,20,0,55,19,0,55,20,0
38015000701,38,015,000701,1294.86,577.05,19.26,1346.53,412.42,89.52,5.09,608.22,326.54,827.55,8.28,1390,457.1,6.14,1444.6,375.97,3.17,1288.16,490.57,4.2,1262.67,495.65,4.22,1176.24,633.86,10.16
38015000702,38,015,000702,915.61,494.59,10.14,1020.76,325.29,36.93,1.99,455.74,173.85,683.27,3.05,1092.61,287.94,3.98,1076.07,276.98,3.98,979.25,343.34,6.1,965.21,337.03,6.04,888.59,456.64,7.03
38015000703,38,015,000703,1050.31,585.28,12.11,1127.69,418.87,61.13,5.03,542.42,260.36,726.37,9.17,1188.82,435.47,2.05,1206.73,373.6,2.09,1075.26,453.99,3.12,1058.87,455.27,4.11,941.2,625.25,5.06
38015000704,38,015,000704,512.9,195.89,5.6,540.88,146.45,17.73,1.87,189.35,122.17,360.89,6.53,558.61,139.93,1.86,560.48,128.72,2.8,517.57,157.64,3.73,503.58,165.1,3.73,458.81,230.39,2.8
38015000705,38,015,000705,549.08,202.04,2.22,596.58,130.97,16.41,1.03,210.62,101.37,389.23,2.96,595.85,146.11,1.97,607.4,124.63,1.97,570.47,138.52,1.05,551.36,148.76,1.05,516.29,199.81,1.96
38015000706,38,015,000706,902.75,441.6,3.64,955.41,325.44,38.98,0.01,427.81,183.64,633.01,1.74,1004.16,307.11,0.81,1020.56,277.27,0.61,943.17,326.19,2.29,925.42,334.12,1.55,873.16,410.9,1.36
38015000707,38,015,000707,790.31,497.93,13.89,858.44,352.6,55.11,3.01,426.92,181.76,595.58,5.11,891.75,358.54,5.05,904.32,332.52,5.05,829.13,393.35,4.98,809.13,393.09,4.98,778.22,459.46,3.08
38015000708,38,015,000708,873.11,552.35,14,961.21,392.22,50.03,1,513.38,185.2,652.78,4.01,1039.19,369.26,1,1046.21,336.22,1,940.15,411.23,0,894.11,437.25,1,880.03,496.36,2
38015000801,38,015,000801,181.75,78.76,1.02,184.85,59.57,14.09,0,81.63,42.34,129.45,2,188.97,63.54,3,202.01,53.48,1,177.85,71.62,1,171.73,73.7,1,163.76,86.71,1
38015000802,38,015,000802,103,63,2,107,49,10,0,54,15,91,0,120,44,0,131,34,0,122,37,0,112,46,0,110,50,1
38015000803,38,015,000803,170.58,49,1.05,176.63,30.83,12.11,0,40.74,44.24,122.59,1.02,185.88,29.66,0.02,184.9,30.73,1,172.7,41.89,0,167.64,40.91,1.02,152.41,56.13,0
38015000804,38,015,000804,1109,403,10,1182,282,41,1,394,207,834,2,1241,261,4,1257,229,3,1149,309,3,1115,318,3,1055,413,4
38015000805,38,015,000805,956.19,360.32,3.99,1012.08,263.5,37.93,0,337.36,141.73,784.52,1,1057,250.53,0,1063.99,232.56,1,991.12,292.45,1,974.16,295.44,1,890.32,389.26,2
38015000806,38,015,000806,589.81,252.68,9.01,643.92,173.5,27.07,2,241.64,113.27,455.48,0,674,162.47,1,674.01,150.44,1,628.88,187.55,0,611.84,192.56,0,563.68,251.74,4
38015002801,38,015,002801,168,70,1,180,42,9,1,58,43,126,0,182,54,0,191,41,0,176,49,1,163,62,0,154,83,1
38015002802,38,015,002802,275.94,85.98,0,289.94,63.99,10,0,77.98,33.99,227.95,1,291.94,62.99,1,293.94,55.99,0,275.94,74.98,0,269.95,76.98,0,266.95,80.98,0
38015002803,38,015,002803,591,202,5,627,139,17,3,192,111,434,4,654,135,2,658,122,2,612,143,4,595,157,3,563,195,8
38015003001,38,015,003001,969.95,461.23,5.05,1015.77,340,56.19,1.96,424.41,153.91,768.32,3.84,1069.59,332.61,4.86,1101.81,286.8,4.77,980.09,385.91,4.81,977.18,376.84,5.77,918.96,441.71,3.88
38015003002,38,015,003002,867,691,28,932,501,113,5,601,243,655,8,1000,545,5,1032,482,2,908,581,5,879,588,6,849,649,6
38015003003,38,015,003003,1179.98,724.61,10.14,1292.08,544.2,55.69,3.05,666.5,244.17,914.42,4.12,1414.29,469.39,8.13,1424.32,437.96,2.16,1263.87,557.81,3.15,1220.05,573.35,3.19,1184.08,660.32,4.12
38015003004,38,015,003004,1381.82,790.97,17.93,1512.3,559.87,79.7,1.99,748.13,216.19,1091.91,2.99,1606.94,528,5.98,1631.86,472.2,1,1457.51,614.67,2.99,1480.41,561.88,4.98,1385.77,702.33,4.98
38015003201,38,015,003201,424.89,342.77,9.48,438.66,271.74,55.63,1.08,292.83,99.04,343.83,4.56,487.73,268.72,4.56,492.84,256.28,2.4,437.54,305.48,2.24,429.29,297.73,2.32,426.59,316.14,3.32
38015003202,38,015,003202,362.77,318.46,5.54,380.31,264.92,29.54,0.92,287.08,66.46,283.38,6.46,424.62,231.69,6.46,415.38,238.15,4.62,379.38,274.15,2.77,376.62,265.85,3.69,358.15,290.77,3.69
38015003203,38,015,003203,265,255,8,273,197,31,4,207,73,203,2,302,207,3,302,193,3,254,233,2,255,228,3,265,230,3
38015003204,38,015,003204,350,321,13,385,234,52,2,260,121,270,5,408,260,2,449,205,5,369,278,6,359,284,6,360,293,5
38015003205,38,015,003205,769.71,563.79,19.99,834.69,402.85,88.97,3,478.82,204.92,605.77,6,898.66,416.84,11,913.66,387.85,5,821.69,469.82,5,808.7,469.82,6,764.71,522.8,8
38015003206,38,015,003206,1099.29,623.21,7.01,1199.31,444.15,46.03,0,586.18,149.08,891.23,3,1299.34,396.16,3,1317.34,341.15,2,1177.31,453.18,1,1150.3,465.18,1,1099.29,548.2,3
38015003207,38,015,003207,423,325,9,483,225,43,3,301,84,342,4,515,228,4,532,196,4,460,261,2,446,257,3,452,276,3
38015003501,38,015,003501,442.41,372.27,3.19,494.23,277.41,27.9,0,317.26,82.9,369.08,3.19,557.2,234.36,3.19,536.48,239.14,2.39,487.05,272.62,1.59,483.87,263.06,2.39,455.97,317.26,1.59
38015003502,38,015,003502,699,863,11,746,702,75,2,722,185,567,5,891,640,5,851,635,2,753,710,2,745,705,1,703,788,4
38015003503,38,015,003503,791,584,9,876,442,44,3,510,190,629,2,982,385,4,982,360,5,864,451,1,829,474,3,800,525,3
38015003504,38,015,003504,550,505,11,605,371,66,6,435,125,451,4,651,399,2,649,371,4,577,434,4,573,433,1,551,473,2
38015003505,38,015,003505,846.89,554.96,10.96,939.55,402.52,45.83,1,481.23,149.45,728.33,1.99,1008.3,376.62,4.98,1016.27,347.72,2.99,895.71,439.39,1.99,886.75,427.43,1.99,835.93,510.13,3.99
38015003506,38,015,003506,562,408,9,597,297,66,3,344,140,444,5,679,276,2,680,249,6,608,316,4,600,316,4,570,361,5
38015004701,38,015,004701,1928.53,1005.24,17.99,2154.36,726.45,42.97,2,948.28,341.74,1503.86,4,2338.22,556.58,7.99,2329.23,537.59,5,2086.41,719.45,4,2100.4,677.49,4,1921.54,915.3,4
38015004702,38,015,004702,1581,1169,15,1789,863,71,1,1001,305,1329,5,1956,748,7,1948,734,4,1734,903,2,1695,908,4,1648,1013,2
38015004703,38,015,004703,615,544,18,686,394,71,8,466,127,504,7,750,395,3,738,376,6,659,443,5,652,437,5,625,490,6
38015004704,38,015,004704,1367.47,829.76,6.01,1550.64,560.55,62.03,2,731.72,206.26,1155.14,6,1684.78,476.42,4.01,1664.77,466.41,1,1516.59,586.55,1,1505.6,578.51,1,1432.46,701.7,4
38017011-01,38,017,011-01,1216,2160,21,1356,1884,110,11,1801,347,1072,12,1643,1664,9,1591,1660,13,1362,1830,13,1445,1737,12,1408,1837,11
38017011-02,38,017,011-02,1223,2211,26,1287,1924,175,11,1822,414,1036,17,1530,1810,8,1511,1761,9,1292,1946,7,1326,1884,8,1277,1996,9
38017013-01,38,017,013-01,1077.9,1320.43,13.36,1202.1,1081.53,79.69,1.14,1096.88,304.53,881.81,3.11,1432.85,911.34,2.99,1375.76,931.44,3.05,1234.02,1042.83,1.14,1238.51,1025.63,2.15,1146.05,1165.02,1.17
38017013-02,38,017,013-02,689.75,1111.54,16.23,753.83,923.57,102.33,2.01,908,235.18,563.08,3.08,916.56,840.85,3.05,908.65,814.12,3.05,766.3,935.91,1.02,801.33,885.68,3.03,760.92,955.85,2.03
38017013-03,38,017,013-03,1433.3,1626.46,17.39,1621.64,1330.92,89.82,4.83,1287.46,345.77,1275.87,4.83,1908.49,1090.43,0.97,1816.73,1133.89,2.9,1634.19,1260.41,4.83,1651.58,1215.02,5.8,1593.63,1355.07,5.8
38017016-01,38,017,016-01,750.84,1415.65,25.01,802.92,1197.52,140.05,14,1163.56,258.2,665.63,17.01,986.02,1144.44,10,972,1134.44,10,841.92,1249.49,14,858.91,1226.49,10,819.9,1284.53,10
38017016-02,38,017,016-02,827.91,1298.57,23.06,893.55,1091.56,107.31,9.02,1101.41,181.18,730.37,8.02,1073.53,990.73,5,1064.22,980.88,8.01,944.59,1077.31,8.02,939.65,1063.16,7.02,898.46,1137.64,5.02
38017016-03,38,017,016-03,1410,1891,18,1510,1591,160,3,1629,334,1113,17,1792,1434,10,1731,1434,7,1548,1576,9,1542,1554,10,1509,1652,8
38017016-04,38,017,016-04,648,570,4,694,478,33,0,480,162,495,2,802,391,3,778,396,3,715,447,1,712,432,2,680,480,3
38017020-01,38,017,020-01,192,223,2,225,173,16,1,166,58,182,4,270,142,1,268,133,2,220,177,1,232,158,1,219,180,1
38017021-01,38,017,021-01,903,2279,31,962,2004,189,8,1903,316,840,9,1164,1938,7,1165,1877,8,1005,2017,5,1027,1968,8,1029,2015,9
38017021-02,38,017,021-02,769.32,1558.48,27,817.35,1321.41,146.03,9,1307.38,337.07,530.29,14,958.42,1266.35,14,979.4,1213.35,13,826.36,1342.38,12,808.35,1343.38,14,835.35,1350.4,14
38017022-01,38,017,022-01,110,86,2,126,60,12,0,71,21,103,0,127,70,0,139,58,0,125,69,0,123,71,0,113,80,0
38017022-02,38,017,022-02,208,262,3,246,199,20,2,211,47,197,3,289,164,4,277,181,2,262,190,2,255,190,3,246,208,1
38017022-03,38,017,022-03,117,140,4,143,111,3,2,122,28,104,1,160,100,0,146,114,0,145,107,0,138,109,1,136,115,0
38017022-04,38,017,022-04,673,753,10,791,561,68,6,583,154,642,9,952,457,6,914,485,6,786,570,3,819,528,3,769,615,4
38017022-05,38,017,022-05,444,378,4,477,289,46,1,289,127,372,3,515,292,3,513,272,3,476,300,4,483,292,4,453,327,5
38017022-06,38,017,022-06,1634.76,1629.76,13,1751.74,1319.81,142.98,1,1402.79,338.95,1316.81,6,2071.7,1105.84,7,1991.71,1135.83,8,1828.73,1241.82,10,1810.73,1239.82,7,1683.75,1418.79,8
38017022-07,38,017,022-07,262,256,0,299,198,18,0,200,58,242,0,346,169,0,310,197,0,302,194,0,311,181,0,281,219,0
38017022-08,38,017,022-08,1178,1215,12,1308,973,75,5,1027,286,919,10,1507,839,4,1462,830,7,1324,929,4,1307,923,5,1246,1049,5
38017024-01,38,017,024-01,98,96,0,104,80,8,0,79,27,80,0,125,66,0,114,78,0,111,76,0,104,83,0,105,83,0
38017024-02,38,017,024-02,154,160,1,166,130,14,0,120,48,133,0,189,114,1,190,110,0,182,110,0,179,108,0,173,126,0
38017025-01,38,017,025-01,243,154,1,274,106,14,0,116,50,193,1,292,95,0,277,103,0,266,95,0,260,95,0,254,118,0
38017025-02,38,017,025-02,301,264,5,314,226,19,1,229,64,241,2,373,179,2,357,190,2,340,193,2,341,187,1,322,223,1
38017027-01,38,017,027-01,303,719,9,340,620,50,3,578,102,299,2,408,590,2,405,578,2,343,623,2,354,608,3,352,620,3
38017027-02,38,017,027-02,1416,2024,15,1584,1674,110,6,1698,437,1065,7,1878,1444,8,1836,1414,5,1569,1648,2,1625,1566,3,1541,1714,4
38017027-03,38,017,027-03,2309.37,2739.81,22.26,2527.91,2300.66,159.39,3.02,2381.17,638.44,1670.63,11.09,3011.94,1907.66,7.02,2852.28,1967.63,4.02,2623.57,2107.89,8.04,2560.71,2114.32,10.02,2415.66,2378.87,11.04
38017041-01,38,017,041-01,1660,2370,26,1823,2017,158,6,1897,456,1477,8,2172,1785,9,2169,1722,10,1906,1932,7,1952,1868,4,1867,2002,8
38017041-02,38,017,041-02,1483.19,1704.42,19.02,1582.3,1464.2,103.09,4,1462.2,292.3,1252.96,7.01,1872.55,1246.01,4,1823.5,1241.02,6,1628.34,1378.14,5,1673.34,1320.11,4,1580.27,1463.23,5
38017044-01,38,017,044-01,1222,2660,27,1330,2299,187,8,2340,279,1097,13,1629,2111,12,1640,2034,11,1361,2243,10,1385,2171,15,1356,2293,11
38017044-02,38,017,044-02,1287.23,1911.4,15.95,1400.89,1670.11,98.71,2.99,1699.02,281.18,1101.77,5.98,1789.76,1335.09,8.97,1654.15,1404.88,5.98,1483.65,1529.52,4.99,1455.73,1521.54,7.98,1410.87,1632.22,7.98
38017045-01,38,017,045-01,1365.74,2033.58,18.02,1480.9,1733.32,143.08,2.01,1639.54,315.35,1253.36,8.01,1790.58,1490.7,9.01,1730.27,1491.9,8.01,1532.07,1644.04,7,1507.03,1641.02,5.02,1486.92,1730.21,6.01
38017045-02,38,017,045-02,610.31,476.34,7.95,668.96,375.91,32.81,0,408.7,146.14,461.24,5.96,744.55,322.21,0.99,727.64,321.22,0.99,668.98,355.04,0.99,663.02,356.03,0.99,652.05,384.89,2.98
38017045-03,38,017,045-03,575.38,502.26,7.02,631.49,403.94,41.16,0,407.82,142.31,470.3,5.01,722.83,336.68,3.01,714.76,333.68,1.01,648.55,374.85,2.01,668.51,352.85,3,629.5,426.92,0.01
38017045-04,38,017,045-04,233.23,208.2,1,267.24,156.16,14.02,0,164.16,41.06,218.17,0,303.28,133.13,0,297.28,131.13,0,257.26,164.14,0,270.26,147.14,0,252.25,176.17,0
38017046-01,38,017,046-01,761,1373,11,854,1169,97,3,1120,175,754,5,1069,1020,6,1030,1042,5,898,1134,7,940,1087,5,887,1162,7
38017046-02,38,017,046-02,1475.73,1810.58,15.14,1607.55,1558.91,77.73,7.01,1553.65,296.36,1272.26,6.05,1958.69,1248.31,7.01,1861.33,1281.3,11.01,1674.9,1407.49,10.02,1686.97,1349.19,11.01,1625.42,1485.02,12.02
38017046-03,38,017,046-03,950.95,1131.44,13.59,1031.49,968.42,71.81,0.97,943.19,230.95,807.34,4.85,1240.12,812.19,0.97,1205.18,811.22,0.97,1065.45,927.66,1.94,1072.25,898.55,0.97,1017.9,979.09,1.94
38019001001,38,019,001001,1181.87,765.44,12.01,1216.89,643.37,64.05,4,614.34,222.2,922.7,6,1427.03,468.27,4,1421.02,444.28,5,1222.86,595.39,3.01,1133.9,654.35,3,1170.87,657.37,4.01
38021002601,38,021,002601,81,68,3,94,53,2,0,57,12,71,0,104,42,0,88,58,0,91,51,0,86,52,0,83,59,0
38021002602,38,021,002602,572,555,3,656,443,23,1,443,158,483,2,755,357,1,664,456,0,665,422,0,654,433,0,634,468,0
38021002801,38,021,002801,600,288,0,625,222,35,0,229,156,461,1,677,203,0,638,235,0,633,235,0,621,235,0,597,272,0
38023000201,38,023,000201,349,220.09,4,422,124.09,22,0,154.07,92.98,294.04,0,467.02,107.06,0,460.04,106.03,0,368.03,180.05,1,406.02,144.05,0,363,199.08,0
38023000202,38,023,000202,156,134.91,1,189,91.91,10,0,98.93,34.02,146.96,0,215.98,70.94,0,221.96,60.97,0,178.97,100.95,1,189.98,84.95,0,161,123.92,0
38023000203,38,023,000203,95,58,2,111,41,3,0,43,24,81,0,113,37,2,117,36,0,102,48,0,98,51,0,93,59,0
38023000204,38,023,000204,120,56,1,137,33,9,1,38,33,103,1,144,35,1,148,30,1,130,46,1,137,39,1,118,59,1
38025000401,38,025,000401,21,108,0,22,97,8,0,89,8,26,0,25,100,0,25,99,0,22,103,0,21,103,0,24,103,0
38025000402,38,025,000402,160,41,1,171,28,3,0,35,27,130,1,170,32,0,168,33,0,164,33,0,156,41,0,153,48,0
38025000403,38,025,000403,216.02,57.33,1,233.03,34.31,4.01,1,41.3,39.01,178.03,1,239.04,32.3,1,246.05,27.3,1,224.02,41.32,1,220.02,43.32,1,191.03,80.3,0
38025000404,38,025,000404,66,22,0,68,16,1,0,18,6,54,0,70,13,0,72,11,0,69,13,0,61,19,0,62,20,0
38025000405,38,025,000405,2.98,49.67,0,4.97,46.69,0.99,0,44.7,1.99,4.97,0,5.96,45.7,0,6.95,44.7,0,2.98,48.68,0,2.98,47.68,0,4.97,45.7,0
38025003601,38,025,003601,237,58,1,250,41,5,0,50,36,196,0,259,33,0,255,40,0,236,45,0,233,51,0,219,81,0
38025003602,38,025,003602,155,51,4,186,26,2,0,31,21,151,0,185,25,1,186,25,0,169,36,1,163,35,0,155,52,0
38025003603,38,025,003603,71,14,0,76,7,2,0,9,2,72,0,78,8,0,77,8,0,75,10,0,72,10,0,70,13,0
38025003604,38,025,003604,19,1,1,19,1,1,0,4,6,10,0,15,5,0,18,2,0,17,3,0,19,1,0,16,4,0
38025003901,38,025,003901,88.68,12.11,1.01,92.7,8.07,0.01,0,10.07,17.12,71.57,0,88.74,10.07,0,91.75,8.05,0,90.73,7.06,0,91.68,5.09,0,79.67,20.12,0
38025003902,38,025,003902,130.4,27.1,1,134.42,20.06,0.02,0,30.09,14.07,101.3,0,129.42,23.07,0,127.42,27.07,0,128.41,21.08,0,116.39,32.09,0,95.35,60.15,0
38025003903,38,025,003903,332.6,83.9,0,346.58,53.94,14.98,0,72.91,59.93,253.7,2,351.58,56.93,0,351.58,58.93,0,343.59,64.92,0,324.61,75.91,0,291.65,122.85,0
38027002301,38,027,002301,360.4,309.29,2,387.41,248.26,30.02,1,223.22,101.06,323.38,2,444.44,216.25,0,437.47,222.23,2,393.4,257.26,0,376.42,270.23,0,384.42,270.25,0
38027002302,38,027,002302,314.01,245.24,1.99,329.96,210.34,17.95,0,182.43,62.82,293.07,0,360.88,196.37,0,376.81,183.43,0,324.99,211.34,0,332.95,201.39,0,331.96,211.35,0
38029002801,38,029,002801,351.06,89.02,1,360.06,67.01,12,2,73.02,44.01,304.05,0,372.06,65.01,0,383.06,53.01,0,353.06,76.02,0,342.05,83.02,0,329.05,103.02,0
38029002802,38,029,002802,312.86,76.73,2.99,319.84,55.8,12.95,1,87.68,74.72,214.24,1.99,314.87,72.73,1,339.77,45.84,1.99,301.91,78.71,2.99,294.93,79.71,1.99,291.94,87.69,1.99
38029002803,38,029,002803,257.49,87.15,2,285.52,58.08,11.02,0,85.14,46.11,207.34,1,296.53,61.09,0,304.54,53.09,0,285.5,66.11,0,272.46,76.12,0,268.47,84.14,0
38029002804,38,029,002804,246.14,74.25,2.01,260.16,40.2,10.04,1,71.3,57.24,170.82,0.01,266.12,46.27,0.01,269.24,44.15,0.01,248.1,53.28,0.01,232.09,58.29,1.01,237.04,68.32,0.01
38029002805,38,029,002805,266.12,64.04,3,283.11,41.03,6.01,0,64.03,38.05,214.07,0,274.11,51.01,3.99,294.15,39,0,271.11,53.02,0,262.07,59.04,0,243.12,77,3
38031002901,38,031,002901,53,50,0,62,36,3,0,42,13,43,0,68,34,0,68,34,0,64,36,0,60,37,0,62,38,0
38031002902,38,031,002902,33,32,1,45,21,0,0,19,5,38,1,46,21,0,47,18,0,36,28,0,40,22,1,40,23,0
38031002903,38,031,002903,59,33,0,62,27,2,0,30,10,48,0,67,24,0,69,22,0,62,28,0,59,28,0,61,28,0
38031002904,38,031,002904,289.46,120.45,4.14,315.78,80.47,11.67,0.06,111.32,48.84,245.15,0.06,343.83,62.86,0.06,347.84,60.87,1.08,317.53,79.01,0.05,309.5,80.87,0.05,290.95,109.69,0.03
38031002905,38,031,002905,332,187.47,4.88,341.77,153.29,25.39,1.95,184.54,65.42,249.01,1.95,379.85,130.83,1.95,379.85,132.78,2.93,332.01,175.74,1.95,333.96,167.93,1.95,315.4,194.3,0.98
38031002906,38,031,002906,285.58,165.11,3.98,305.49,132.26,10.95,1.99,155.16,50.74,229.88,1.99,331.37,117.33,1.99,334.35,111.37,1.99,304.5,130.27,0.99,289.59,139.22,0.99,269.69,174.04,0.99
38033003901,38,033,003901,702.76,170.78,4.99,719.74,122.83,24.98,2,150.8,156.73,491.13,4.99,734.74,130.81,2,749.71,114.83,2,672.85,159.77,1,657.88,159.77,1,644.93,195.68,1
38035001701,38,035,001701,395.53,274.57,1.84,394.9,256.99,9.53,0.95,222.31,66.04,333.69,0.05,478.08,178.92,0.06,456.02,189.86,0.9,409.43,221.2,0.02,398.61,215.57,0.04,396.91,245.78,0.07
38035001702,38,035,001702,1147.13,1254.56,7.99,1178.74,1122.3,68.64,3.01,991.32,227.27,946.76,2.97,1470.97,855.03,2.97,1372.14,860.45,1.03,1186.29,1001.17,0.99,1182.85,976.21,0.99,1159.07,1104.03,1.98
38035001703,38,035,001703,909,1178,12,892,1100,72,3,981,229,696,4,1204,817,4,1132,829,2,916,986,4,911,968,2,911,1055,6
38035001704,38,035,001704,767,881,3,771,823,32,2,698,164,650,7,994,606,3,930,623,5,819,700,2,800,693,2,777,782,6
38035001705,38,035,001705,1168.1,1023.55,2.92,1172.94,955.51,24.32,3.89,801.98,217.8,928.99,1.94,1511.15,598.91,2.91,1424.65,623.25,0.98,1202.16,783.54,0.97,1184.61,768.95,1.94,1139.98,917.59,3.88
38035001801,38,035,001801,294.94,207.92,4.06,285.14,188.05,17.46,1.02,164.29,64.45,229.71,2.02,332.91,154.48,1.02,333.33,138.52,3.01,289.17,172.39,3.01,286.17,174.23,2.01,270.01,202.01,2.02
38035001802,38,035,001802,322.94,486.69,7.17,333.75,420.52,37.48,0.99,400.51,95.33,256.44,0.99,412.58,370.91,1.99,394.3,373.8,3.02,329.91,421.08,1.99,335.91,410.79,0.99,323.74,449.41,1.99
38035001803,38,035,001803,160.39,262.8,5.8,156.52,248.31,19.32,0,216.43,52.17,136.23,0,220.29,195.17,0,209.66,192.27,0.97,160.39,235.75,0,161.35,226.09,0,154.59,249.28,0
38035001804,38,035,001804,264,433,16,262,374,50,2,324,98,238,4,342,328,8,332,325,7,275,370,8,270,372,6,274,388,7
38035001805,38,035,001805,446,793,12,471,702,62,4,653,187,335,3,610,595,6,570,604,4,486,682,2,490,666,2,486,697,3
38035001806,38,035,001806,66,131,1,60,127,7,0,119,14,56,0,79,115,0,72,118,0,64,123,0,62,122,0,70,117,1
38035001807,38,035,001807,636,819,7,639,747,48,2,664,143,555,4,837,561,8,812,569,5,647,677,7,629,686,6,643,714,5
38035001901,38,035,001901,268.19,242.76,2.02,268.23,220.62,15.07,2,199.62,55.13,219.14,0,339.26,159.65,1,332.22,158.66,1.01,287.16,190.71,1,270.23,200.65,1,271.19,215.72,1
38035001902,38,035,001902,216,159,3,225,128,25,1,130,64,165,0,270,99,2,272,94,3,240,112,1,238,112,1,224,138,1
38035001903,38,035,001903,631,481,9,663,379,60,3,363,220,479,2,788,304,3,766,316,3,694,345,2,667,362,2,662,407,2
38035001904,38,035,001904,402,264,6,418,212,29,0,201,91,330,1,497,159,1,479,168,0,438,195,1,445,177,0,412,230,0
38035002001,38,035,002001,292,189,3,295,158,23,0,154,97,205,2,333,142,3,329,134,2,293,164,1,294,163,0,296,167,0
38035002002,38,035,002002,885.81,690.62,2.04,928.89,587.58,38.37,0.06,506.24,161.32,821.17,0.03,1115.05,435.14,2.04,1109.73,409.51,2.01,941.33,551.96,1.01,956.07,524.73,2.03,902.38,609,0.06
38035004201,38,035,004201,427,539,10,410,490,47,3,419,122,353,1,559,369,5,525,381,3,473,426,4,455,438,4,429,486,3
38035004202,38,035,004202,283,437,8,297,377,41,1,349,100,216,5,349,347,2,347,332,2,288,381,3,274,388,1,292,391,3
38035004203,38,035,004203,297,319,3,314,272,24,2,266,68,233,3,355,234,2,336,240,1,302,257,1,297,261,4,314,268,2
38035004204,38,035,004204,438,610,5,439,545,47,1,498,117,344,2,564,437,7,561,425,3,466,502,3,453,501,3,447,541,4
38035004301,38,035,004301,719.43,932.18,7.09,730.38,831.36,43.46,2.05,752.7,165.22,567.44,4,941.38,640.64,2,878.32,648.19,2.05,748.12,728.66,3,735.57,713.38,3,732.52,803.8,3
38035004302,38,035,004302,651,917,7,647,847,50,0,741,165,524,4,884,627,2,804,657,3,694,746,2,670,756,2,670,818,5
38035004303,38,035,004303,514.77,671.66,6.06,531.74,612.12,31.3,0.03,527.03,142.11,445.81,3,672.36,481.67,1,641.67,485.04,3.03,541.22,559,3,536.86,551.82,2,537.83,596.76,2
38035004304,38,035,004304,271,492,3,281,439,32,0,404,93,206,1,377,364,0,366,358,0,291,420,1,289,408,1,294,434,0
38035004305,38,035,004305,78,137,2,71,129,14,1,119,28,61,1,98,114,0,88,120,0,74,132,0,66,136,1,75,134,0
38037003101,38,037,003101,558.29,173.44,1.07,600.02,108.98,22.68,1,124.1,104.49,475.39,0,621.61,107.03,0.99,645.21,84.51,0.02,588.13,131.73,0,559.41,144.65,0.02,556.74,162.22,0.02
38037003102,38,037,003102,92.35,23.11,0,99.37,14.07,5.01,0,22.08,8.06,83.29,0,103.38,14.07,0,103.4,13.05,0,96.36,21.08,0,98.35,19.09,0,95.34,22.1,0
38037003103,38,037,003103,166.81,98.31,2.94,198.23,59,7.89,0.98,73.71,41.37,140.17,0,201.22,61.93,0,206.17,59.91,0.98,191.35,71.78,0,176.6,80.62,0.98,186.38,79.68,0.98
38037003104,38,037,003104,5.4,1.67,0.01,5.8,1.05,0.22,0.01,1.19,1.01,4.6,0,6.01,1.03,0.01,6.23,0.81,0,5.68,1.27,0,5.41,1.39,0,5.38,1.56,0
38037003105,38,037,003105,95.75,38.5,1.97,100.68,25.66,4.94,0,35.54,10.86,73.05,0,105.62,20.73,0.99,110.56,18.75,0,99.7,26.65,0,91.8,30.6,0,95.75,31.59,0
38039002301,38,039,002301,151,101,0,164,82,9,0,80,20,145,0,184,72,0,180,74,0,166,82,0,166,77,0,161,89,0
38039002302,38,039,002302,119.11,124.18,2,134.13,102.14,5.01,0,99.14,24.03,110.11,0,161.16,77.13,0,159.16,80.12,0,126.14,108.15,0,130.13,101.15,0,128.11,103.17,0
38039002303,38,039,002303,132,107,2,149,81,4,0,76,29,101,0,168,59,0,155,69,0,144,75,0,143,77,0,140,82,0
38039002304,38,039,002304,130,124,0,164,83,6,0,89,23,123,0,175,75,0,172,71,0,137,103,0,144,90,0,145,94,0
38039002305,38,039,002305,153.19,76.6,0,167.92,57.94,2.95,0,53.03,29.46,127.66,0.98,187.56,33.39,0,189.52,35.36,0,169.88,43.21,0,165.95,46.16,0,164.97,53.03,1.96
38041003101,38,041,003101,478,129,3,503,91,17,0,106,88,379,1,521,79,0,527,78,1,484,108,0,468,111,0,456,135,0
38041003102,38,041,003102,66,19,1,71,14,2,0,15,19,50,0,72,12,0,74,10,0,70,14,0,66,19,0,64,21,0
38041003601,38,041,003601,340.99,102,2,366.99,66,13,2,76,57,286,8,363.99,73,2,376.99,63,1,352.99,79,2,347.99,85,1,320.99,111,1
38041003602,38,041,003602,103,24,1,114,13,1,0,21,11,92,1,115,11,0,116,13,0,108,16,0,98,23,0,102,23,0
38043001401,38,043,001401,72.42,43,1.95,74.37,35.17,4.89,0,32.26,11.76,70.41,0.98,85.12,28.34,0.98,86.1,31.27,0,77.3,38.11,0,74.36,39.09,0.98,64.59,48.87,0
38043001402,38,043,001402,46,37,0,52,29,1,0,22,7,52,0,61,20,0,60,22,0,49,29,0,48,31,0,50,31,0
38043001403,38,043,001403,35.97,39.97,0,43.97,29.98,2,0,29.98,4,36.97,0,51.96,23.98,0,51.96,23.98,0,43.97,30.98,0,40.97,28.98,0,41.97,30.98,0
38043001404,38,043,001404,437,164,2,478,94,29,1,141,72,367,0,484,113,0,502,95,0,440,140,0,435,142,0,419,170,1
38043001405,38,043,001405,104,25,0,115,16,4,0,19,28,84,0,117,16,1,126,7,0,114,20,0,113,17,0,117,15,0
38043001406,38,043,001406,211.54,53.38,0.99,221.43,29.66,14.83,0,42.51,38.55,172.01,0.99,228.35,37.56,0,239.22,27.68,0,221.43,41.52,0,212.53,40.53,0,218.46,42.51,0
38045002801,38,045,002801,421.24,273.85,2.99,442.15,223.07,27.88,0,209.12,87.63,370.45,0,499.91,186.22,1,498.91,185.22,1.99,454.1,212.11,1.99,450.12,213.11,1,427.21,249.95,1
38045002901,38,045,002901,135,60,0,152,36,4,0,37,19,134,0,156,37,0,165,29,0,155,35,0,150,39,0,150,40,0
38045002902,38,045,002902,224,195,6,246,161,12,0,148,61,200,0,281,135,0,288,136,0,249,155,0,257,144,0,253,160,0
38045002903,38,045,002903,421,327,0,465,253,18,0,266,80,350,0,518,211,0,513,221,0,452,260,0,475,235,0,446,280,0
38047002801,38,047,002801,197.03,57.25,2,212.03,38.21,6.04,0,51.27,32.14,166.83,0,220.09,37.19,0,217.14,33.13,1,201.03,46.22,0.01,196,51.21,1,189.99,64.26,1
38047002802,38,047,002802,300.83,74.71,1,303.82,60.76,10.96,0,77.7,40.84,244.05,1,321.75,54.79,0,334.7,40.84,0,301.83,65.74,1.99,294.85,63.75,1,290.87,79.69,0
38047002803,38,047,002803,143,74,1,166,44,9,1,47,39,126,2,172,46,2,177,40,1,157,53,2,162,48,1,160,55,1
38047002804,38,047,002804,49,7,1,49,8,0,0,11,6,38,0,45,8,0,51,5,0,43,12,0,50,5,0,44,12,0
38047002805,38,047,002805,51,15,3,64,6,2,0,8,18,43,0,64,7,0,62,9,0,62,9,1,61,10,0,60,10,0
38049000601,38,049,000601,142.2,61.66,0,161.1,34.81,9.94,0,45.74,26.85,129.28,0,167.06,37.79,0,162.09,40.77,1.99,115.36,89.5,0,149.16,52.71,0,156.12,43.76,0
38049000602,38,049,000602,133.04,39.02,1,142.05,23.01,10,0,28.01,22.01,124.04,0,153.05,22.01,0,152.05,22.01,0,127.04,47.03,1,143.05,30.02,0,140.05,33.01,1
38049000603,38,049,000603,387.5,179.22,5,404.57,127.12,37.03,0,149.16,65.1,344.46,0,456.59,116.13,0,448.57,115.14,1.01,365.41,198.32,0,371.53,164.19,2,388.56,164.15,1
38049000604,38,049,000604,189.03,77.02,3,199.04,49.02,21,0,57.02,49.01,157.03,1,211.04,57.01,0,218.04,49.01,0,170.04,96.02,0,198.04,63.02,0,196.03,68.02,0
38049000605,38,049,000605,503.03,332.01,2,548.03,264,27,0,270.01,80.01,459.02,4,619.03,224.01,2,628.03,208,2,530.03,295,2,533.03,289.01,1,521.03,301.01,1
38049000606,38,049,000606,110,51,3,122,33,7,0,41,25,91,0,135,28,0,134,30,0,111,48,0,107,49,0,113,49,0
38049000607,38,049,000607,106,86,0,127,55,9,0,61,30,91,1,139,51,0,139,53,0,111,77,0,111,71,1,121,66,0
38049000608,38,049,000608,88,53,1,93,38,5,0,36,13,84,0,108,31,0,107,32,0,85,52,1,87,48,0,91,45,0
38051002801,38,051,002801,262.08,122.05,2,303.08,71.03,9,0,72.04,69.02,225.06,1,313.09,65.03,1,326.09,52.03,0,298.09,71.03,1,278.08,84.04,0,278.08,90.04,1
38051002802,38,051,002802,140.91,83.95,1,153.91,61.96,4,0,66.96,38.98,114.93,0,167.9,55.97,0,169.9,49.97,1,166.9,52.97,0,148.91,65.96,1,143.91,71.96,0
38051002803,38,051,002803,33.76,43.15,1.01,47.85,21.93,4.12,0,25.88,6.37,39.55,0,56.09,16.78,0,58.09,18.77,0.01,43.9,27.89,0.01,35.88,33.89,0,42.79,31.05,0
38051002804,38,051,002804,318.28,142.12,0.01,353.31,91.08,22.02,1,125.1,45.03,281.26,1,394.35,75.06,0,406.36,62.05,0,354.3,102.08,3.01,356.28,106.1,0,347.3,118.1,0
38051002805,38,051,002805,101.73,43.88,1.99,110.7,28.92,6.98,0,37.9,11.97,95.74,0,126.66,19.95,1,129.65,16.96,1,109.71,28.92,1.99,101.73,35.91,1,108.71,36.9,1
38051002806,38,051,002806,126.49,32.87,0,130.47,22.91,4.98,0,29.88,26.89,94.62,0,127.48,20.92,0,143.42,12.95,0,126.49,24.9,0,112.54,31.87,0,118.52,28.88,0
38053000401,38,053,000401,16,211,1,27,186,8,1,183,16,21,2,28,195,1,36,186,0,19,202,1,19,202,1,23,199,0
38053000402,38,053,000402,24,216,0,40,185,10,1,192,18,23,0,39,197,1,39,195,1,31,203,1,32,202,1,29,206,0
38053003901,38,053,003901,97.9,30.15,0,102.86,18.15,4.05,0,14.19,21.03,71.93,0,99.92,23.15,0,107.85,15.21,0,99.87,21.2,0,90.95,23.17,0,90.9,28.18,0
38053003902,38,053,003902,84.35,15.14,0,89.36,8.09,1.02,0,12.05,18.07,57.27,0,89.34,10.12,0,88.4,9.07,0,85.36,8.11,0,82.31,9.12,0,80.32,17.12,0
38053003903,38,053,003903,259.99,65.49,1.98,262.97,41.68,16.87,0.99,48.62,75.42,164.73,0.99,265.95,53.59,0.99,275.87,42.67,1.98,258.01,52.59,1.98,256.02,52.59,1.98,253.05,59.54,1.98
38053003904,38,053,003904,189.11,42.63,0.01,199.76,23.27,6.77,0,22.3,35.87,148.41,1.93,202.69,28.09,0,204.64,24.21,0,195.92,26.15,0,192.01,26.18,0,185.23,41.67,0
38053003905,38,053,003905,984.03,186.07,5.91,1015.58,88.66,48.17,0,131.68,256.81,652.69,6.9,1015.83,118.04,6.85,1030.72,97.19,4.89,969.73,131.67,6.83,958.47,136.85,4.89,951.72,167.24,10.75
38053003906,38,053,003906,997.62,288.86,4.07,1029.9,198.94,43.47,0,212.55,354.53,589.27,10.04,1043.79,217.29,3.09,1067.86,182.21,1.07,1015.25,217.51,0.11,971.4,242.41,2.07,988.16,246.87,3.15
38053003907,38,053,003907,64.9,19.09,0,74.81,5.16,2.05,0,6.23,14,48.87,0,70.93,10.09,0,76.85,5.14,0.99,70.86,9.16,0.01,70.85,8.18,0,67.92,11.13,0
38053003908,38,053,003908,139.47,23.59,1.02,144.09,15.15,2.61,0,15.51,24.89,113.74,0.13,149.94,14.66,0.06,153.1,10.43,0.05,147.37,13.74,0.06,139.41,18.6,0.04,137.15,24.27,0.1
38053003909,38,053,003909,153.28,69.25,0,170.31,42.2,5.02,1,51.23,28.07,125.21,2,172.31,43.21,0,182.32,38.2,0,168.28,42.23,1,155.28,49.23,1,156.28,59.24,0
38055000401,38,055,000401,431.01,180,1,442.01,149,17,0,164,56,369.01,0,469.01,137,0,488.01,116,0,430.01,160,1,423.01,161,0,423.01,172,1
38055000402,38,055,000402,17.89,270.38,2.98,38.77,226.64,14.91,0.99,235.59,18.89,25.85,1.99,45.73,237.58,1.99,45.73,234.6,1.99,26.84,251.49,2.98,21.87,255.47,1.99,27.83,250.5,1.99
38055000801,38,055,000801,2869.58,1248.58,24.99,3015.54,929.68,162.94,2,1069.63,570.74,2335.88,6,3207.44,896.73,0,3287.39,792.8,7,3009.58,1024.63,4,2820.59,1149.66,2,2851.62,1191.57,2
38057000401,38,057,000401,3.11,8.62,0.02,5.23,6.36,0.09,0.01,8.41,0.11,3.15,0.01,4.27,7.42,0.01,5.27,6.4,0.01,3.16,8.51,0.02,3.13,8.53,0.01,4.17,7.5,0.01
38057003301,38,057,003301,163.41,127.54,2.99,181.34,91.67,14.95,0,104.62,37.86,142.48,0,191.31,99.64,1,193.3,97.65,0,191.31,96.65,1,156.43,129.53,0,172.37,113.59,1
38057003302,38,057,003302,125,49,1,132,32,6,0,46,20,105,0,144,31,0,140,32,0,135,38,0,122,46,0,125,47,0
38057003303,38,057,003303,944,473,4,987,351,51,1,457,135,781,4,1057,355,2,1091,312,1,1103,310,3,950,421,1,940,442,6
38057003304,38,057,003304,1382,325,11,1402,210,66,1,294,266,1088,5,1487,215,1,1490,206,1,1430,265,0,1353,313,1,1343,337,1
38057003305,38,057,003305,157.09,51.36,2.96,159.08,35.55,13.82,0.99,43.46,36.53,115.63,1.97,164.01,40.5,1.97,166.99,38.5,0.99,156.1,48.39,1.97,147.23,50.36,1.97,144.27,53.33,0.99
38057003306,38,057,003306,164,27,0,171,20,2,0,33,14,142,0,175,20,0,175,20,0,173,19,0,166,25,0,167,27,0
38059003101,38,059,003101,186.4,50.44,2,191.52,35.27,5.06,0,62.28,26.27,135.23,0,193.58,39.26,0,201.64,29.21,0,174.5,49.32,1,174.42,49.36,0,169.42,59.4,0
38059003102,38,059,003102,197,46,0,201,31,10,0,44,43,143,0,209,35,0,217,23,0,193,42,0,188,41,0,176,54,0
38059003103,38,059,003103,529.32,196.42,5.85,558.65,152.89,13.24,1.01,192.04,79.58,424.1,0.11,569.63,150.11,1.03,595.35,124.26,0.08,555.27,151.59,1.02,524.52,172.77,1.02,504.32,208.55,0.99
38059003104,38,059,003104,375.71,196.07,6,394.93,138.78,35.01,1.01,181.94,91.22,273.36,1.02,409.01,150.7,2.03,412.08,141.6,5,386.84,164.75,3,366.8,169.81,3,373.65,178.01,2.01
38059003105,38,059,003105,1100.12,525.1,21,1159.13,390.08,68.01,2,520.08,210.03,812.09,5,1199.14,407.07,8,1227.14,361.07,5,1102.13,455.08,8,1064.12,489.08,7,1025.12,559.1,6
38059003106,38,059,003106,293,243,8,329,173,29,3,222,65,235,0,355,182,1,365,167,0,322,200,1,303,215,1,307,224,2
38059003301,38,059,003301,537.94,214.5,4,579.04,134.3,36.1,0.02,196.65,115.43,397.16,1.02,593.14,146.27,0,613.17,126.24,0,588.83,149.52,0,537.82,175.48,0,517.78,201.59,0.01
38059003302,38,059,003302,1013,418,5,1079,301,43,0,430,201,735,2,1094,317,0,1140,268,2,1050,344,1,1007,369,0,956,438,5
38059003303,38,059,003303,103,24,0,102,19,3,0,28,22,70,0,104,21,0,109,17,0,102,22,0,95,27,1,95,25,0
38059003401,38,059,003401,1066.98,623.1,17.01,1161.73,431.88,94.43,5.97,562.65,294.15,765.15,10.89,1219.41,438.85,8.94,1235.16,409.24,7.92,1106.36,492.22,7.94,1060.92,528.44,6.95,1028.68,604.64,4
38059003402,38,059,003402,1297.44,740.97,9.97,1413.13,533.54,65.82,5.98,671.16,244.33,987.29,8.98,1465.98,526.56,12.96,1499.89,472.7,7.98,1367.25,569.44,5.98,1316.39,601.35,5.98,1271.51,688.11,8.98
38059003403,38,059,003403,468,423,14,491,313,75,4,371,132,354,4,529,338,8,560,303,7,490,362,4,454,386,5,455,397,6
38059003404,38,059,003404,471,324,10,519,241,32,1,290,98,372,1,555,235,1,567,214,2,508,256,0,481,269,1,463,309,1
38059003405,38,059,003405,526.88,429.9,7,559.87,338.92,54.99,2,376.92,122.97,423.91,6,645.86,303.93,3,627.86,306.93,2,578.87,349.92,2,555.88,357.92,3,514.88,424.9,2
38059003406,38,059,003406,327,284,8,362,215,37,1,250,92,253,3,390,217,3,417,179,4,358,234,2,331,250,2,339,263,1
38059003407,38,059,003407,386.06,263.47,12.99,405.22,183.32,55.01,3,242.4,117.25,267.8,5.01,423.29,217.2,6,465.15,166.34,5,410.06,216.34,2.01,389.03,228.38,3.01,379,249.48,3.99
38059003601,38,059,003601,314.91,87.64,6.04,327.92,57.45,21.18,0.01,79.54,52.47,259.37,2.03,330.99,71.5,1.03,351.01,47.5,1.01,310.9,80.61,1.03,308.77,77.64,1.03,302.73,88.67,1.01
38059003602,38,059,003602,376.28,80.21,0.99,392.12,48.52,14.85,1.98,93.08,59.41,277.26,1.98,404.99,47.53,0,409.94,41.59,0,371.33,73.27,0,363.4,72.28,0,357.46,88.13,0.99
38061000201,38,061,000201,672.78,179.73,1.97,689.72,127.05,28.81,0,183.77,181.61,435.6,3.94,716.41,133.15,0.99,726.41,116.26,1.97,658.97,170.75,1.97,664.01,154.84,0,664.88,171.85,0.99
38061000202,38,061,000202,290.95,61.21,0.03,299,40.92,10.18,0,65.17,57.34,216.19,0.06,303.3,48.81,0.01,309.3,42.7,0.03,289.76,56.2,0.03,294.71,50.11,0,289.85,61.09,0.01
38061000203,38,061,000203,117,29,1,122,18,4,0,24,34,81,0,120,25,1,132,15,0,115,29,0,110,30,0,108,35,0
38061000401,38,061,000401,144.17,89.11,1,172.17,56.09,3.01,0,77.07,34.02,106.18,0,176.2,56.08,0,187.19,43.09,0,161.17,66.1,0,152.18,72.09,0,145.17,81.1,0
38061000402,38,061,000402,216.58,310.5,0,239.63,259.4,23.04,0,312.46,48.14,148.43,0,260.64,261.42,0.01,266.66,253.41,0,220.58,297.46,0,218.58,292.46,1,216.58,298.47,1
38061000403,38,061,000403,140.71,50.89,0,146.7,35.93,6.99,0,48.9,32.93,96.8,0,148.69,37.92,0,154.68,34.93,0,141.71,45.9,0,137.71,47.9,0,138.71,50.89,0
38061000404,38,061,000404,74.91,14.36,0,73.57,13.64,1.04,0.34,15.7,9.9,60.92,0,80.69,9.24,0,80.71,9.57,0,74.58,13.33,0,71.86,13.33,0,71.52,16.73,0
38061000405,38,061,000405,263.09,260.76,1.11,289.77,209.08,21.34,2.16,238.11,67.05,195.68,1.11,296.37,218.74,3.15,302.62,215.3,1.16,267.04,240.81,1.16,265.23,238.37,1.16,264.94,246.84,1.11
38061000406,38,061,000406,144.21,27.53,0,141.59,26.22,1.97,0.66,30.15,19.01,117.33,0,155.35,17.7,0,155.35,18.35,0,143.55,25.56,0,138.31,25.56,0,137.65,32.12,0
38061000407,38,061,000407,142.07,581.47,1.89,172.31,499.31,40.6,2.83,519.18,56.74,128.71,1.89,182.7,527.62,2.84,187.43,520.07,2.83,158.11,547.48,2.83,160.94,539.93,2.83,156.22,548.44,1.89
38063002301,38,063,002301,770,866,11,879,690,49,2,616,201,720,3,1045,576,2,1043,556,2,877,686,4,861,678,4,874,711,3
38065003301,38,065,003301,153,55,0,167,31,9,1,45,35,117,0,168,28,0,179,23,0,172,31,0,153,43,0,143,59,1
38065003302,38,065,003302,65.29,30.88,2.65,74.12,19.41,6.18,0,30,9.71,56.47,0.88,75,24.71,2.65,83.82,16.76,0,80.29,20.29,0.88,67.94,30,0.88,71.47,28.24,0
38065003303,38,065,003303,65,36,0,77,17,8,0,23,17,58,0,80,20,0,85,16,0,78,20,0,69,25,0,73,26,0
38065003304,38,065,003304,49.66,17.88,0,52.64,12.91,0.99,0,19.86,6.95,39.73,0,55.62,9.93,0,64.56,1.99,0,56.61,9.93,0,46.68,18.87,0,48.67,16.89,0
38065003305,38,065,003305,114.79,24.29,0.01,117.84,16.18,5.05,0,15.27,21.16,91.58,0,120.86,16.2,0,115.89,18.17,0,118.85,20.21,0,108.78,26.24,0,110.75,27.28,0
38065003306,38,065,003306,145,38,1,149,27,7,0,31,24,118,1,159,22,0,162,20,0,156,25,0,138,38,0,141,39,0
38065003307,38,065,003307,125.04,48.24,1.35,135.24,30.68,6.83,0,50.14,22.34,94.8,2.12,136.38,38.36,0.35,143.62,27.25,1,134.09,36.77,1.12,119.38,46.13,0.12,123.86,47.88,1
38067001001,38,067,001001,334.09,190.9,3.02,353.1,149.81,20.07,1.01,152.7,91.21,258,4,386.3,132.66,1,397.29,118.66,0.01,363.1,152.82,0,363.06,146.85,0,340.03,167.94,0
38067001002,38,067,001002,368.77,202.33,3.99,377.74,167.44,19.93,0,160.47,82.72,286.05,1,435.55,123.59,0,431.56,124.58,1.99,364.78,171.43,1.99,367.77,164.45,1,364.78,172.43,3.99
38067001003,38,067,001003,410.76,253.61,1.02,422.76,224.46,16.9,0,192.54,57.36,385.13,0,508.15,150.9,0,504.3,155.55,0.04,450.2,194.82,0,429.48,210.38,0,432.08,217.79,0.98
38067001004,38,067,001004,407.41,239.51,1.98,419.42,203.63,12.12,0,173.57,73.69,355.95,0,479.04,148.18,0,481.9,137.52,1.96,422.96,189.28,0,415.65,184.73,0,399.07,211.32,0.02
38067001005,38,067,001005,128,102,2,138,88,5,0,79,23,124,0,168,63,0,164,65,0,148,79,0,142,82,0,141,86,0
38067001006,38,067,001006,164.1,143.21,3.98,164.1,129.29,10.94,1.99,111.39,33.81,149.18,0,193.93,107.41,0,192.94,106.41,0.99,163.1,132.27,0,157.13,137.24,0,151.17,152.16,0
38069001401,38,069,001401,81,30,0,85,21,6,0,28,11,66,0,85,27,0,93,18,0,95,16,0,86,20,0,81,30,0
38069001402,38,069,001402,87,45,0,96,36,3,0,37,18,72,0,104,30,0,101,33,0,91,40,0,91,39,0,92,40,0
38069001403,38,069,001403,195.17,83.66,3,213.14,61.6,4.08,0,71.41,26.04,171.4,0,234.35,46.45,0,229.34,46.47,0,191.35,82.45,0.99,188.32,78.49,0,192.27,81.53,0
38069001404,38,069,001404,118.05,85.99,1,131.06,65.99,7,0,74.99,22,98.05,0,145.06,58.98,0,139.06,61.98,0,115.05,81.99,0,131.04,69,0,123.05,78,0
38069001405,38,069,001405,42.01,45.01,1,54.01,33.01,1,0,42.01,5,39.01,0,61.02,25.01,0,65.02,20,0,51.01,36.01,0,53.01,29.01,0,53.01,35.01,0
38069001406,38,069,001406,221.11,138.08,0,239.12,107.06,15.01,0,125.07,41.02,183.09,0,264.13,95.05,0,270.13,85.06,0,234.11,117.08,0,231.12,110.06,0,232.11,122.07,0
38069001407,38,069,001407,157,111,2,183,86,8,0,94,34,139,1,209,64,0,212,62,0,173,95,0,167,96,0,187,85,0
38069001408,38,069,001408,266.99,172.99,2,295.99,130.99,17,0,152.99,33,243.99,0,330.98,109.99,0,339.98,99,0,288.99,142.99,0,274.99,144.99,1,289.99,142.99,0
38071001501,38,071,001501,237.46,166.29,2,257.49,142.24,8.03,0,113.24,34.08,235.39,0,303.54,94.21,1,317.53,79.2,0,261.47,123.26,1,260.46,117.26,0,270.46,125.27,0
38071001502,38,071,001502,658.55,441.7,7.99,684.54,348.76,64.96,2,315.79,113.92,612.58,3,801.46,291.8,3,805.45,289.8,2,708.52,356.76,2,695.53,350.76,2,685.53,387.74,2
38071001503,38,071,001503,1370.94,1449.1,36.03,1477.49,1193.09,139.56,8.98,1061.35,314.35,1343,8.98,1792.14,1003.14,10.97,1769.52,994.51,7.99,1506.28,1208.93,6.99,1418.01,1271.9,6,1452.25,1276.91,9.02
38071001504,38,071,001504,401.06,278.9,6.97,434.52,234.91,11.45,1.02,219.65,63.65,370,1.02,506.86,175.86,1.03,485.49,184.5,1.01,433.72,233.07,1.01,438.99,215.1,1,423.75,244.09,1.98
38073002401,38,073,002401,124,207,5,139,183,12,0,180,34,109,0,165,163,0,147,179,1,141,183,1,136,186,0,137,189,0
38073002402,38,073,002402,220,343,4,268,266,28,1,231,54,268,0,347,213,2,279,284,0,294,248,1,277,261,0,266,283,0
38073002601,38,073,002601,346.03,570.03,8,412.04,447.02,52,3,426.02,120.01,332.03,5,511.05,387.02,4,400.03,504.03,4,399.05,476.01,4,410.04,455.02,6,395.03,483.03,5
38073002602,38,073,002602,199.97,278.97,4,252.96,210.98,11,0,203.98,54.99,194.97,2,308.95,164.98,0,225.97,251.97,0,264.95,181.99,0,241.96,199.98,0,220.97,238.97,1
38075000601,38,075,000601,153,60,2,172,38,6,1,52,28,125,0,184,32,2,192,26,0,151,64,2,174,42,0,169,47,0
38075000602,38,075,000602,70,44,0,81,28,7,0,24,15,70,0,88,24,1,87,24,0,75,35,0,71,36,0,82,31,0
38075000603,38,075,000603,366,157,3,413,92,24,0,122,83,300,1,448,84,0,437,89,0,367,157,2,369,138,3,382,140,1
38075000604,38,075,000604,48.58,25.77,0,52.54,19.83,2.97,0,19.83,10.91,43.62,0.99,58.49,16.85,0,56.51,17.84,0.99,49.57,24.78,0.99,49.57,24.78,0.99,51.55,23.79,0
38075000605,38,075,000605,194,69,0,194,42,21,0,42,39,168,1,221,42,0,225,35,2,173,81,2,193,57,1,198,58,0
38077002501,38,077,002501,200.11,314.16,4,252.15,226.11,22.01,1,234.12,48.03,178.11,2,293.18,198.09,1,212.13,284.15,1,251.17,215.09,2,264.17,198.08,0,233.14,247.12,1
38077002502,38,077,002502,118,158,2,146,99,23,1,116,53,89,1,178,92,1,143,131,1,152,105,1,149,106,1,144,122,1
38077002503,38,077,002503,226.18,316.66,8.28,253.58,252.31,29.95,1.91,239.56,70.09,210.89,2.55,319.84,213.44,3.19,244.66,289.9,1.91,262.5,251.03,2.55,266.96,244.02,1.91,256.13,265.69,3.19
38077002504,38,077,002504,85,138,0,113,100,8,0,86,24,103,1,133,88,0,100,120,0,117,94,0,119,90,0,107,110,0
38077002505,38,077,002505,143,137,1,177,91,8,0,96,32,143,1,189,83,0,165,109,0,176,86,1,170,92,1,151,112,3
38077002506,38,077,002506,151,146,3,168,116,12,1,119,24,146,0,187,109,0,173,120,0,160,119,0,169,112,1,151,141,0
38077002507,38,077,002507,103,98,2,110,78,10,0,88,16,83,0,133,67,1,114,85,0,120,72,0,115,74,0,113,82,0
38077002508,38,077,002508,347.31,409.76,9.15,398.09,298.59,38.86,3.05,314.6,65.38,307.46,1.05,472.32,261.14,1.03,378.07,336.44,2.05,392.01,292.38,3.03,393.91,280.31,1.03,369.48,328.37,2.03
38077002509,38,077,002509,297.8,335.72,3.98,344.48,252.32,22.74,1.33,278.88,62.98,249.07,1.33,403.18,214.41,0.66,317.8,300.99,1.32,342.52,247.03,0.67,340.01,244.89,0.67,328.36,273.19,0.66
38077002510,38,077,002510,128.85,180.37,4.72,144.46,143.71,17.06,1.09,136.46,39.92,120.13,1.45,182.2,121.58,1.81,139.37,165.13,1.09,149.54,142.99,1.45,152.08,139,1.09,145.9,151.34,1.81
38077002511,38,077,002511,639.85,700.49,4.87,730.4,530.07,54.4,1.62,565.49,167.63,537.44,2.62,847.46,471.43,0.31,677.1,623.55,0.63,732.43,526.57,1.31,751.04,501.78,1.31,682.12,600.41,0.31
38077002601,38,077,002601,104,60,1,111,46,4,0,44,28,87,0,119,40,1,119,43,0,116,40,0,121,35,0,102,56,1
38077002602,38,077,002602,171,165,1,184,137,13,1,139,41,141,1,215,119,0,188,148,0,197,132,0,190,134,1,176,152,0
38077002603,38,077,002603,253,411,2,315,310,20,1,326,63,243,0,364,284,0,217,443,0,321,310,0,316,303,2,290,344,0
38077002604,38,077,002604,250,236,1,280,178,23,0,197,65,187,2,301,171,0,206,273,0,272,180,0,271,171,0,258,195,1
38077002605,38,077,002605,97.89,136.84,0,125.85,98.89,4.99,1,106.88,28.97,89.89,1,151.82,78.91,0,112.87,125.85,1,140.83,77.91,1,142.83,67.92,1,120.86,104.88,1
38079000901,38,079,000901,296,352,3,343,271,27,2,316,33,259,2,377,259,1,371,262,1,292,322,1,280,323,1,305,317,1
38079000902,38,079,000902,139,400,2,189,321,27,0,339,44,125,0,205,327,0,200,334,1,159,362,1,160,354,1,159,365,0
38079000903,38,079,000903,131.01,1986.01,2,214.01,1706.01,132,2,1754.01,107,177.01,2,260.01,1786.01,5,235.01,1805.01,3,165.01,1874.01,4,148.01,1890.01,2,179.01,1855.01,3
38079000904,38,079,000904,161,992.99,1,234,795.99,83,1,843.99,54,176,2,268,842.99,1,247,850.99,2,182,908.99,2,181,886.99,2,187,895.99,2
38079000905,38,079,000905,265.99,311,2,311.99,233,22,0,258,40,244.99,2,331.99,231,0,348.99,213,0,262.99,286,0,264.99,271,1,272.99,280,0
38081002601,38,081,002601,190,299,4,235,241,19,1,221,51,209,1,287,196,2,203,292,0,227,252,0,247,221,1,223,261,0
38081002602,38,081,002602,196,249.01,4,230,194,20,1,191,55,171,2,274.01,166,0,217,229.01,0,229,199,0,247,179,0,223,209,1
38081002603,38,081,002603,109.09,141.12,1,124.1,113.09,10.01,0,95.09,29.02,116.08,0,149.12,96.09,1,124.09,124.12,1,121.1,116.1,1,126.1,108.1,2,119.1,120.1,0
38081002604,38,081,002604,238.91,314.87,0,264.89,246.9,22.99,0,235.91,49.98,222.91,0,308.88,225.91,0,238.91,302.88,0,266.89,249.9,0,253.9,253.9,0,260.9,269.89,0
38081002605,38,081,002605,87,167,1,108,136,9,1,131,24,90,1,124,124,3,96,162,0,106,130,2,111,127,1,104,144,1
38083000701,38,083,000701,606.78,178.96,3,634.75,114.99,36.99,1,152.98,96.98,501.79,4,666.74,114.99,0,679.74,102.99,1,613.77,153.97,2,607.76,155.97,0,607.75,158.98,0
38085003101,38,085,003101,18,268,1,44,212,20,1,212,25,38,1,50,229,0,55,213,3,36,232,1,28,241,1,39,231,2
38085003102,38,085,003102,46.85,41.96,2.03,44.94,34.68,5.17,0,37.9,9.45,36.35,0,51.01,34.74,0.01,50.03,37.7,0.02,41.9,41.81,0.01,42.81,38.84,0.01,43.84,42.88,0.01
38085003103,38,085,003103,14.86,128.79,0.99,26.75,106.99,3.96,0.99,106,5.94,22.79,0.99,30.71,108.98,0,30.71,104.02,0,24.77,109.97,0,17.83,113.93,0,20.8,116.9,0.99
38085003104,38,085,003104,109.01,79.55,0.01,117.38,60.97,7.2,0.01,66.1,24.94,84.27,0,129.58,51.95,1.01,135.79,49.75,0,105.28,78.18,0,99.02,81.29,0,105.99,77.45,0
38085003105,38,085,003105,16.14,339.21,2.01,36.25,280.01,34.04,1.01,282,28.06,38.21,1.01,43.29,305.02,1,48.29,299.98,2,29.23,320.03,1,35.17,309.07,3,25.2,316.1,2.01
38085003106,38,085,003106,23,356,8,53,291,38,1,294,43,40,1,60,316,4,73,301,1,40,338,2,40,331,4,40,334,2
38087003901,38,087,003901,86,17,1,89,10,5,0,16,16,64,0,88,15,0,90,13,0,89,14,0,86,16,0,81,22,0
38087003902,38,087,003902,115.24,32.78,0,123.19,21.86,3.97,0,28.81,20.86,91.4,0,117.22,28.81,0,124.18,22.85,0,123.19,24.84,0,106.3,36.76,0,114.24,28.81,0
38087003903,38,087,003903,105,23,0,106,21,1,0,21,22,78,2,110,17,0,116,11,0,111,15,0,99,20,0,101,22,0
38089003601,38,089,003601,458.38,85.11,3,474.41,62.07,17.01,0,78.1,97.07,349.3,1,474.39,74.1,0,480.41,64.08,0,455.41,87.08,0,463.35,77.12,0,440.38,104.1,0
38089003602,38,089,003602,537.01,164,2,577.01,100,26,1,125,114,431,1,594.01,110,0,603.01,103,0,542.01,146,0,544.01,141,0,518.01,175,0
38089003603,38,089,003603,1319.7,498.13,8.42,1417.05,319.78,81.01,4.66,374.03,333.23,982.66,9.33,1436.38,351.63,6.53,1427.27,334.64,5.59,1266.77,469.79,6.53,1274.85,449.44,3.73,1254.36,505.57,5.58
38089003604,38,089,003604,1175.52,309.46,8.56,1281.9,173.32,29.76,2.33,227.91,236.82,925.52,6.64,1258.51,211.38,4.45,1282.65,173.42,2.4,1176.6,241.89,4.45,1136.51,254.29,2.26,1129.05,311,1.4
38089003605,38,089,003605,194.14,76.04,2,221.15,45.02,6,0,49.03,39.03,176.11,0,212.15,57.02,0,220.15,47.02,0,194.14,66.03,0,194.14,64.03,0,191.14,74.04,0
38089003606,38,089,003606,203,45,1,200,34,11,0,41,29,156,1,208,34,1,211,26,0,195,40,0,192,39,1,179,54,1
38089003607,38,089,003607,418,140,4,461,82,18,3,106,83,336,1,454,98,1,465,82,1,422,119,1,422,111,1,394,145,2
38089003701,38,089,003701,4639.63,1833.37,41.02,5141.9,1129.88,219.22,9.01,1449.03,932.92,3681.71,28.03,5063.96,1339.97,6.02,5116.93,1176.92,12.02,4690.49,1509.3,15.02,4489.51,1614.24,15.01,4477.45,1757.4,14.02
38091002301,38,091,002301,98,99,1,110,85,3,1,82,25,82,3,137,59,0,125,67,0,114,75,0,109,79,0,106,89,0
38091002302,38,091,002302,77,124,2,84,110,8,0,96,20,80,1,128,72,0,117,86,0,93,100,0,102,91,0,93,105,0
38091002303,38,091,002303,78.29,114.96,0,90.19,97.12,5.95,0,81.27,22.79,84.24,0,113.97,78.29,0,116.95,76.31,0,95.14,96.13,0,94.15,93.16,0,89.2,101.09,0
38091002304,38,091,002304,67.6,109.86,0,82.68,87.73,7.04,0,84.59,19.17,68.65,0,97.87,79.58,0,100.89,75.56,0,83.72,90.72,0,78.72,93.69,0,69.69,104.74,0
38091002305,38,091,002305,80.81,110.4,1,97.08,86.06,6.05,0,73.97,12.54,93.34,0.02,117.44,68.61,0,117.48,69.64,0,90.12,84.79,0,92.05,83.84,0,84.03,99.97,0.04
38093001201,38,093,001201,588,501,3,634,383,43,3,406,109,469,4,745,305,4,702,315,3,599,389,6,592,367,4,599,396,5
38093001202,38,093,001202,836,788,15,921,603,59,7,616,179,688,3,1101,474,4,1072,463,4,908,566,2,848,598,3,879,624,1
38093001203,38,093,001203,614.65,516.62,9.8,648.96,384.28,50.98,1.96,422.51,124.5,450.94,1.96,741.11,328.4,1.96,724.45,314.68,3.92,628.38,375.46,2.94,592.11,391.14,2.94,603.87,426.43,0.98
38093001204,38,093,001204,638.54,495.88,8.2,656.2,398.22,57.58,3.03,422.65,152.49,472,7.01,748.56,357.68,1,746.45,342.34,1.06,655.91,397.22,2.04,632.54,416.43,2.02,653.48,427.88,1.02
38093001205,38,093,001205,462.68,384.53,4.01,464.7,314.43,43.06,0,299.45,103.16,350.5,0.01,547.8,269.38,0,533.8,266.37,2,474.7,301.42,1,458.67,295.45,1,462.7,325.46,0
38093002901,38,093,002901,176,86,1,187,68,4,0,83,25,134,0,198,54,0,207,48,0,192,49,0,180,56,0,176,67,0
38093002902,38,093,002902,130,72,1,133,56,7,2,69,34,89,2,144,55,0,152,46,0,135,60,0,135,55,0,131,64,0
38093002903,38,093,002903,239.2,183.1,1,258.2,141.08,12.01,1,131.08,45.04,183.16,0,302.23,108.07,0,308.23,102.06,0,253.2,127.07,1,241.19,125.07,0,248.19,148.09,1
38093002904,38,093,002904,487.94,259.74,7.33,499.03,196.94,29,1.06,189.7,94.2,383.66,0.03,564.33,168.03,1,565.14,157.46,0.09,496.57,178.98,0.06,472.96,181.34,0.03,476.9,215.06,0.03
38093002905,38,093,002905,363.5,117.63,3.01,372.61,94.35,13.17,1,112.5,63.45,286.03,4.01,396.69,80.44,0,401.82,72.33,3,369.61,92.49,0,364.51,94.48,0,360.58,104.5,1
38093002906,38,093,002906,438.53,248.51,3.2,461.23,185.82,22.04,0.04,205.59,63.55,345.19,1.04,522.1,144.69,1.04,500.77,158.4,0.08,442.81,189.64,0.06,421.07,188.96,1.06,448.31,200.68,0.02
38093002907,38,093,002907,516.47,374.61,10.46,550.68,285.24,32.34,1.9,308.02,134.06,379.54,0.95,624.86,255.75,0,619.16,237.69,2.85,536.43,285.21,1.9,516.45,296.61,0.95,514.55,320.41,0.95
38095001501,38,095,001501,430.53,272.7,4,454.5,218.76,23.97,2,223.75,69.92,365.6,3,505.45,190.79,2,494.46,187.79,0,432.53,240.74,1,431.53,236.74,0,427.53,251.72,1
38095001502,38,095,001502,102,95,1,106,84,7,0,77,21,95,0,124,72,0,133,65,0,106,84,0,101,88,0,107,87,0
38095001503,38,095,001503,91,129,1,105,110,6,0,102,10,101,0,120,94,0,126,91,0,100,114,0,101,108,0,109,107,0
38097002001,38,097,002001,55,77,1,64,61,5,0,42,11,69,2,89,36,0,82,41,0,68,56,0,67,55,0,69,55,0
38097002002,38,097,002002,84.1,92.09,1,92.12,80.07,4.01,0,77.07,20.02,72.1,0,116.13,60.06,0,116.13,59.06,0,102.11,72.07,0,103.12,69.06,0,93.11,78.08,1
38097002003,38,097,002003,35,46,0,38,40,1,0,39,6,34,1,46,33,0,50,29,0,42,35,0,40,36,0,38,40,0
38097002004,38,097,002004,300.5,408.22,4,328.84,342.32,36.56,0.99,322.63,89.42,268.84,0,448.57,247.22,0.02,417.86,278.89,0,356.29,325.66,2,346.46,331.49,1.01,365.82,324.06,2
38097002005,38,097,002005,104.5,111.78,2,134.16,79.68,2.44,0.01,81.37,25.58,101.16,0,148.43,63.78,0.98,143.14,68.11,0,126.71,84.34,1,128.54,80.51,0.99,113.18,99.94,1
38097002006,38,097,002006,180.81,191.79,2,190.79,168.82,12.99,0,158.83,21.98,172.81,0,251.73,116.87,2,248.73,115.88,1,192.79,159.83,1,193.79,155.83,1,185.8,175.81,0
38097002007,38,097,002007,105.19,85.21,0,110.21,73.18,4.01,0,71.17,12.02,96.19,1,129.27,56.13,0,128.27,59.12,0,111.21,69.17,0,118.21,63.17,0,108.2,75.19,0
38097002008,38,097,002008,237.06,254.09,2,282.07,186.07,15.01,2,181.07,60.01,231.07,1,328.1,154.06,0,329.09,147.06,0,286.08,180.07,0,296.07,166.07,0,251.07,216.08,0
38097002009,38,097,002009,106,108,0,108,86,15,0,83,18,103,1,139,70,0,131,74,1,103,101,0,112,90,0,100,105,0
38097002010,38,097,002010,195,184,2,219,144,14,0,138,42,185,0,256,122,0,251,122,0,218,151,0,218,153,0,215,158,0
38097002011,38,097,002011,173,209,1,197,170,10,1,145,43,181,1,246,128,1,253,120,1,204,161,3,203,157,3,198,172,1
38097002012,38,097,002012,158.94,220.91,4,179.93,178.93,20.99,2,175.93,33.99,160.93,1,239.9,139.94,1,219.91,148.94,3,189.92,175.93,3,179.93,183.93,2,174.93,198.92,0
38099001001,38,099,001001,728.01,678.01,7,835.01,530,48,0,411,165,761.01,4,999.01,394,2,1006.01,375,2,823.01,508,2,801.01,510,1,785.01,570,2
38099001901,38,099,001901,1822.77,1259.7,18.01,1888.77,1050.63,117.04,5.01,946.57,344.16,1601.63,6,2231.98,801.46,6,2259.96,753.46,7,1909.83,1002.55,6,1877.78,1011.58,6,1844.78,1106.62,6
38101000301,38,101,000301,492.21,204.62,4.04,520.32,140.17,37.3,1.01,172.39,111.66,389.58,4.01,553.49,141.27,2.02,564.57,121.12,1.01,492.25,185.4,1.01,495.2,171.41,1.01,480.22,204.46,1.01
38101000302,38,101,000302,657.79,340.23,7.83,686.26,237.83,63.46,3.92,285.16,141.1,513.06,4.09,747.49,243.08,3.25,769.36,209.68,2.12,668.41,298.5,1.23,669.46,286.68,1.23,671.19,305.69,1.2
38101000303,38,101,000303,561,202,6,581,133,40,0,169,137,412,2,594,152,1,622,115,1,549,181,0,545,171,0,535,200,0
38101000304,38,101,000304,1963,1428.15,39.12,2066.42,1028.01,260.25,7.08,1222.45,583.24,1405.37,11.89,2216.02,1121.64,13.74,2289.07,983.2,7.87,2003.34,1237.1,8.76,1957.34,1238.91,8.76,1979.58,1283.85,7.79
38101000401,38,101,000401,513.9,196.17,4,535.89,143.16,29.01,1,168.19,94.12,424.73,2,573.97,137.11,1,584.97,115.11,1,520.9,175.16,1,515.87,164.16,1,537.86,164.2,2
38101000402,38,101,000402,352.42,139.23,2,388.46,95.17,16.03,0,132.17,75.09,280.38,2.01,408.51,84.15,0,421.49,70.16,0.01,375.43,111.22,0.01,358.43,114.22,0.01,369.45,115.21,0
38101000403,38,101,000403,90.09,57.05,0,103.1,35.03,5,0,42.05,13.02,80.06,0,105.11,38.03,0,112.11,33.03,0,100.1,37.04,0,91.09,43.04,0,96.09,44.05,0
38101000404,38,101,000404,135.76,78.86,0,146.74,59.9,6.99,0,53.91,19.97,133.77,1,165.71,50.91,0,158.72,55.9,0,141.75,65.88,0,144.75,60.89,0,138.76,69.88,0
38101000405,38,101,000405,172,83,1,181,60,8,0,67,26,147,0,191,63,0,197,56,0,180,71,0,172,70,0,186,66,0
38101000406,38,101,000406,346.99,118,1,355.99,76,29,0,105,50,289.99,1,370.99,88,0,375.99,82,0,352.99,100,0,341.99,102,0,340.99,117,0
38101000501,38,101,000501,3422,2328,40,3709,1724,246,12,2023,682,2751,24,4007,1664,11,4033,1553,15,3463,2050,17,3391,2029,15,3442,2118,13
38101003801,38,101,003801,108.39,67.99,0,116.27,50.25,6.9,0,52.22,26.61,80.8,0,119.23,52.22,0,120.22,52.22,0,110.36,60.11,0,111.35,57.15,0,110.36,60.11,0
38101003802,38,101,003802,684,276,8,747,163,52,0,244,139,538,2,789,169,0,793,162,1,720,215,1,696,228,0,691,261,0
38101003803,38,101,003803,179,65,1,190,43,11,0,52,27,158,0,208,38,0,203,40,0,174,64,1,179,55,0,173,66,0
38101003804,38,101,003804,300.14,108.09,1,309.15,76.06,15.01,0,110.08,50.03,226.11,1,326.17,81.06,0,336.17,66.06,0,294.15,95.07,0,286.14,94.08,0,285.15,111.08,0
38101003805,38,101,003805,532.97,230.56,3.99,561.92,165.68,32.94,0,234.55,70.86,430.17,0,579.88,174.66,1,592.86,155.7,0,542.95,196.62,1,539.96,196.62,0,519,225.57,1
38101003806,38,101,003806,2228.88,1284.36,17.01,2360.93,929.26,186.05,3,1228.37,487.1,1636.72,7,2551.95,916.28,5,2586.97,837.24,4,2293.9,1095.31,5,2211.9,1128.3,3,2256.85,1168.36,3
38101004001,38,101,004001,287.47,155.58,1.86,295.97,118.07,26.17,2.79,139.51,84.2,199.53,1.86,313.7,125.55,1.86,325.82,107.86,1.86,294.95,134.98,1.86,297.75,127.48,1.86,275.39,155.46,1.86
38101004002,38,101,004002,24.43,14.34,0.21,25.31,10.9,2.28,0.22,12.83,7.08,17.01,0.17,27.12,11.3,0.16,27.99,9.91,0.16,25.13,12.43,0.16,25.19,11.92,0.16,23.65,14.02,0.16
38101004003,38,101,004003,2053.71,1479.09,28.93,2166.45,1129.77,203.65,13.99,1314.43,574.12,1445.66,15.97,2390.95,1105.92,14.97,2423.98,1016.01,13.98,2127.56,1280.49,13.98,2090.71,1269.44,14.97,2050.59,1374.41,12.98
38103001401,38,103,001401,243.47,58.09,1.01,242.58,48.78,8.18,0,51.91,31.34,207.15,0.01,261.86,37.72,0,270.89,29.66,0,247.49,49.95,0,236.44,54.98,0,240.51,53.96,0
38103001402,38,103,001402,183.12,76.05,0,181.13,68.03,7.01,0,59.03,20.02,158.11,1,196.13,61.03,0,210.14,51.03,0,183.12,73.04,0,178.12,72.04,0,184.13,67.04,0
38103001403,38,103,001403,204.97,61.99,1,209.97,45.99,12,0,51.99,39.99,150.98,0,205.97,57.99,0,213.97,49.99,0,205.97,49.99,0,195.97,49.99,1,201.97,54.99,0
38103001404,38,103,001404,185.03,111.03,4,206.03,79.02,14,0,88.02,43,152.03,2,225.04,74.02,0,227.04,71.02,1,203.03,87.02,0,191.03,94.02,0,191.03,100.02,0
38103001405,38,103,001405,582.98,242.05,2.99,600.9,181.3,36.85,0,204.21,75.74,509.22,1,667.64,161.37,0,677.62,145.42,0,588.96,211.17,0,570.02,220.14,1,589.94,215.16,0
38103001406,38,103,001406,201.88,72.95,1,211.87,52.97,10.99,0,54.97,38.98,171.89,1,217.87,52.97,1,229.86,41.97,0,199.88,68.96,0,200.88,58.96,2,206.87,63.96,1
38105000101,38,105,000101,961,440,8,1007,308,68,3,326,256,713,8,1080,317,2,1099,261,2,990,352,2,990,343,3,975,383,2
38105000102,38,105,000102,1236,505,11,1299,342,75,2,378,347,840,7,1379,325,3,1379,283,2,1277,372,2,1262,371,5,1231,442,3
38105000103,38,105,000103,175,71,0,175,54,15,0,51,78,104,2,184,57,0,193,42,0,177,58,0,180,55,0,175,64,0
38105000104,38,105,000104,1525.21,683.27,19.01,1625.24,457.17,95.06,9,543.23,396.31,1089.82,16,1682.25,487.22,10,1714.29,441.16,8,1608.22,518.23,5,1596.22,512.21,4,1550.17,586.27,5
38105000201,38,105,000201,947.87,211.02,3.97,966.67,130.78,50.53,1,176.3,245.69,638.77,1.98,972.63,169.42,1.98,1003.34,122.88,1,949.83,176.33,1,951.8,166.44,1.99,915.2,210.98,0.01
38105000202,38,105,000202,118,33,0,127,18,6,0,27,22,97,0,128,21,0,127,23,0,119,27,0,119,27,0,116,30,0
38105000203,38,105,000203,1042.32,277.55,3.04,1039.5,198.64,65.6,1.01,253.12,289.7,631.99,7.02,1070.61,223.07,2.02,1075.9,192.61,4.01,1017.31,237.19,2.01,1020.36,236.07,2.02,1000.93,270.57,2
38105000204,38,105,000204,105,27,2,102,25,4,0,25,28,75,0,102,26,2,110,21,0,104,23,1,105,21,2,93,36,1
38105000205,38,105,000205,174.14,109.32,0.99,171.17,84.46,24.84,0,88.45,52.71,127.35,0.99,185.08,94.4,0,178.12,99.37,0.99,167.19,108.3,0,174.13,103.34,0,159.22,116.28,0
38105000206,38,105,000206,253,52,0,254,39,8,0,52,84,146,2,251,45,0,269,29,0,245,45,0,242,48,0,235,56,0
38105000207,38,105,000207,219,144,2,227,114,20,0,130,56,148,0,244,117,0,255,95,0,222,119,0,226,112,0,200,150,0
38105000208,38,105,000208,759,156,0,778,108,23,1,155,216,473,3,785,117,1,786,113,1,744,147,2,739,144,2,723,174,2
38105000209,38,105,000209,118,73,0,135,47,7,0,47,43,89,0,145,42,0,148,40,0,124,53,0,130,48,0,130,53,1
38105000210,38,105,000210,127,64,1,140,40,12,0,54,24,106,1,148,47,0,151,40,1,134,58,0,141,50,0,132,60,0
38105000211,38,105,000211,358,130,7,348,108,26,2,108,125,209,4,359,119,1,367,109,1,347,122,2,346,121,2,341,128,0
