GEOID20,state,county,vtd,pop,pop_hisp,pop_white,pop_black,pop_aian,pop_asian,pop_nhpi,pop_other,pop_two,vap,vap_hisp,vap_white,vap_black,vap_aian,vap_asian,vap_nhpi,vap_other,vap_two,pre_16_rep_tru,pre_16_dem_cli,uss_16_rep_mur,uss_16_dem_met,gov_18_rep_dun,gov_18_dem_beg,pre_20_rep_tru,pre_20_dem_bid,uss_20_rep_sul,uss_20_dem_gro,arv_16,adv_16,arv_18,adv_18,arv_20,adv_20,nrv,ndv
0201337-700,AK,Aleutians East Borough,37-700,1589,563,146,266,57,499,11,6,41,1567,560,145,266,47,499,10,6,34,25,64,55,29,44,56,28,29,37,19,40,46.5,44,56,32.5,24,37.8,39.4
0201337-712,AK,Aleutians East Borough,37-712,450,49,195,21,36,110,5,1,33,420,42,190,21,35,107,5,1,19,28,1,12,4,8,10,20,11,17,11,20,2.5,8,10,18.5,11,17,7.4
0201337-720,AK,Aleutians East Borough,37-720,759,43,209,10,324,109,6,0,58,655,42,204,10,237,109,6,0,47,125,43,143,7,73,68,132,62,137,45,134,25,73,68,134.5,53.5,122,45
0201337-744,AK,Aleutians East Borough,37-744,622,19,108,0,380,53,10,4,48,478,14,95,0,285,46,6,4,28,125,60,155,19,88,107,156,73,140,76,140,39.5,88,107,148,74.5,132.8,67
0201637-704,AK,Aleutians West Census Area,37-704,498,67,233,35,109,13,15,1,25,457,53,233,35,88,11,15,1,21,13,21,26,9,13,13,15,18,20,16,19.5,15,13,13,17.5,17,17.4,15.4
0201637-706,AK,Aleutians West Census Area,37-706,4254,594,1326,221,182,1483,221,8,219,3768,526,1233,221,152,1347,181,8,100,354,533,501,200,316,413,505,465,494,426,427.5,366.5,316,413,499.5,445.5,434,407.4
0201637-750,AK,Aleutians West Census Area,37-750,67,2,2,0,60,0,0,0,3,54,2,2,0,48,0,0,0,2,8,17,15,3,6,18,6,11,10,8,11.5,10,6,18,8,9.5,9,11.4
0201637-752,AK,Aleutians West Census Area,37-752,413,5,24,1,358,6,2,1,16,300,2,24,1,263,6,1,1,2,20,120,114,9,24,109,24,179,76,91,67,64.5,24,109,50,135,51.6,101.6
0202012-225,AK,Anchorage Municipality,12-225,2353,155,1808,11,136,34,2,10,197,1816,95,1456,9,108,27,2,7,112,756.7,350,539,130.4,711.6,383.2,923.3,539.7,958.8,472.7,647.9,240.2,711.6,383.2,941,506.2,777.9,375.2
0202012-230,AK,Anchorage Municipality,12-230,3297,155,2547,24,109,48,0,47,367,2395,98,1919,22,83,38,0,32,203,1258.1,415.1,863.7,110.4,1179.3,481.2,1442.5,624.1,1477,575.8,1060.9,262.8,1179.3,481.2,1459.8,600,1244.1,441.3
0202012-233,AK,Anchorage Municipality,12-233,2089,142,1473,15,103,29,4,28,295,1616,92,1210,14,67,18,3,25,187,610,205,356,65,520,222,821,365,829,336,483,135,520,222,825,350.5,627.2,238.6
0202013-235,AK,Anchorage Municipality,13-235,1563,86,1092,15,54,109,7,6,194,1163,54,873,10,41,62,6,6,111,609.5,192.7,353.2,65.6,479.4,181,729.9,325.8,729.9,274.9,481.3,129.1,479.4,181,729.9,300.4,580.4,208
0202013-240,AK,Anchorage Municipality,13-240,2624,161,2002,40,89,48,11,22,251,1895,92,1503,29,68,31,6,12,154,939,363,651,103,823,375,1022,572,1094,443,795,233,823,375,1058,507.5,905.8,371.2
0202013-245,AK,Anchorage Municipality,13-245,6453,1157,3788,728,66,227,33,29,425,4801,862,2826,576,41,200,28,24,244,584.9,265.8,474.2,166.2,422.2,225.5,981.8,686.2,957.9,661.4,529.6,216,422.2,225.5,969.9,673.8,684.2,401
0202013-250,AK,Anchorage Municipality,13-250,3636,392,2323,107,177,143,33,35,426,2745,247,1896,85,115,117,21,21,243,1059,439,731,167,809,424,1123,659,1088,653,895,303,809,424,1105.5,656,962,468.4
0202013-255,AK,Anchorage Municipality,13-255,1886,110,1477,26,51,37,7,37,141,1434,79,1160,17,34,37,7,29,71,772,311,536,91,632,304,778,384,801,351,654,201,632,304,789.5,367.5,703.8,288.2
0202013-260,AK,Anchorage Municipality,13-260,406,30,169,31,115,24,9,2,26,382,19,165,31,113,20,9,2,23,79.7,128.2,119.5,42.8,62.2,108.8,36,64.1,35,38.9,99.6,85.5,62.2,108.8,35.5,51.5,66.5,76.6
0202014-940,AK,Anchorage Municipality,14-940,2686,270,1858,82,149,62,5,9,251,2014,152,1481,62,98,51,5,8,157,831,405,664,121,731,426,872,590,899,552,747.5,263,731,426,885.5,571,799.4,418.8
0202014-945,AK,Anchorage Municipality,14-945,1544,78,1196,26,71,28,2,12,131,1110,44,892,19,45,24,2,5,79,613,287,468,106,535,311,705,471,751,447,540.5,196.5,535,311,728,459,614.4,324.4
0202014-950,AK,Anchorage Municipality,14-950,2218,131,1685,32,79,43,5,25,218,1629,76,1293,30,45,39,4,20,122,944,399,744,116,817,479,1075,610,1116,575,844,257.5,817,479,1095.5,592.5,939.2,435.8
0202014-955,AK,Anchorage Municipality,14-955,1168,91,870,13,15,27,9,7,136,842,50,663,13,10,26,9,7,64,359.3,188.9,281.6,60.9,332.8,171.2,398.1,263.1,399,266.6,320.4,124.9,332.8,171.2,398.6,264.8,354.2,190.1
0202014-960,AK,Anchorage Municipality,14-960,3125,270,2354,50,64,70,13,14,290,2164,158,1694,39,46,62,7,5,153,1008,538,907,176,798,530,1022,701,1102,615,957.5,357,798,530,1062,658,967.4,512
0202014-965,AK,Anchorage Municipality,14-965,4727,361,3546,91,87,108,25,36,473,3384,223,2666,62,57,94,16,25,241,1411.8,795.7,1227.6,208.5,1278.3,783.2,1668.1,968.7,1786.8,873.4,1319.7,502.1,1278.3,783.2,1727.4,921,1474.5,725.9
0202014-970,AK,Anchorage Municipality,14-970,3124,220,2259,81,190,79,18,19,258,2346,135,1723,73,158,58,15,17,167,765.3,414,643.2,125.2,693,416.9,919.9,629.8,1000.3,540.4,704.2,269.6,693,416.9,960.1,585.1,804.3,425.3
0202015-300,AK,Anchorage Municipality,15-300,4576,767,2747,448,42,207,39,20,306,3433,539,2130,336,33,166,33,15,181,603.8,255.7,482.5,150.9,235.9,165.1,616.2,376.5,597.5,369.7,543.2,203.3,235.9,165.1,606.8,373.1,507.2,263.6
0202015-305,AK,Anchorage Municipality,15-305,3310,359,1280,380,334,327,244,17,369,2431,235,1090,264,214,233,158,11,226,702,498,566,201,592,475,743,650,732,627,634,349.5,592,475,737.5,638.5,667,490.2
0202015-310,AK,Anchorage Municipality,15-310,2683,300,955,248,432,219,93,10,426,2037,183,824,206,342,169,57,5,251,430,423,364,178,321,391,514,633,491,576,397,300.5,321,391,502.5,604.5,424,440.2
0202015-315,AK,Anchorage Municipality,15-315,2673,284,726,157,258,851,109,23,265,1821,192,618,131,181,470,69,14,146,399.3,354.2,346.9,153.4,298.1,329.3,400.8,377.9,392,359.6,373.1,253.8,298.1,329.3,396.4,368.8,367.4,314.9
0202015-320,AK,Anchorage Municipality,15-320,3207,315,1135,381,281,434,179,17,465,2362,233,964,301,205,285,109,14,251,395,315.6,324.6,140.7,275.9,381.4,404.9,616.8,409.4,545.5,359.8,228.1,275.9,381.4,407.2,581.2,362,400
0202016-325,AK,Anchorage Municipality,16-325,2042,211,849,139,203,252,94,10,284,1549,123,736,112,140,194,54,10,180,256,384,255,138,252,323,376,507,384,484,255.5,261,252,323,380,495.5,304.6,367.2
0202016-330,AK,Anchorage Municipality,16-330,3547,377,1500,298,325,507,126,36,378,2705,239,1321,240,253,311,95,23,223,469,565,481,220,432,595,541,709,531,679,475,392.5,432,595,536,694,490.8,553.6
0202016-335,AK,Anchorage Municipality,16-335,3435,399,1179,322,360,322,425,7,421,2465,273,977,235,249,249,254,4,224,388.1,345,339,143,356,359,549.1,685,537.1,689,363.6,244,356,359,543.1,687,433.8,444.2
0202016-340,AK,Anchorage Municipality,16-340,1670,129,983,70,147,86,67,3,185,1307,78,858,61,95,69,37,1,108,431,480,416,159,348,483,429,500,434,474,423.5,319.5,348,483,431.5,487,411.6,419.2
0202016-345,AK,Anchorage Municipality,16-345,1697,125,920,103,129,131,57,10,222,1342,80,773,92,104,113,29,9,142,440,355,385,114,347,384,405,424,413,431,412.5,234.5,347,384,409,427.5,398,341.6
0202016-350,AK,Anchorage Municipality,16-350,3891,343,1787,329,409,383,149,24,467,2937,225,1523,258,282,304,87,17,241,784,710,731,239,711,767,796,935,824,899,757.5,474.5,711,767,810,917,769.2,710
0202016-355,AK,Anchorage Municipality,16-355,2475,188,948,176,340,234,278,22,289,1885,143,790,154,239,189,174,19,177,435,463,408,197,334,387,420,524,422,464,421.5,330,334,387,421,494,403.8,407
0202017-400,AK,Anchorage Municipality,17-400,1639,83,1144,32,53,70,66,16,175,1273,58,947,26,41,62,40,5,94,377,572,460,134,334,584,320,538,348,496,418.5,353,334,584,334,517,367.8,464.8
0202017-405,AK,Anchorage Municipality,17-405,1544,144,778,81,193,122,8,15,203,1264,112,691,65,141,103,3,11,138,199,315,215,116,154,307,174,288,169,289,207,215.5,154,307,171.5,288.5,182.2,263
0202017-410,AK,Anchorage Municipality,17-410,1989,141,959,121,350,122,55,16,225,1549,118,787,90,263,98,43,10,140,293,421,373,149,276,430,336,480,381,416,333,285,276,430,358.5,448,331.8,379.2
0202017-415,AK,Anchorage Municipality,17-415,2467,337,758,66,225,714,124,4,239,1764,220,622,43,167,495,69,2,146,364,341,341,92,309,368,407,636,409,624,352.5,216.5,309,368,408,630,366,412.2
0202017-420,AK,Anchorage Municipality,17-420,4372,435,2158,185,427,500,162,20,485,3544,311,1895,157,330,398,109,18,326,829,801,791,295,685,826,862,1158,912,1085,810,548,685,826,887,1121.5,815.8,833
0202017-425,AK,Anchorage Municipality,17-425,2912,284,1317,198,337,243,129,22,382,2479,212,1233,170,277,212,79,18,278,330,508,386,194,282,480,430,598,418,598,358,351,282,480,424,598,369.2,475.6
0202017-430,AK,Anchorage Municipality,17-430,1846,183,675,190,244,237,112,7,198,1498,151,621,158,179,184,76,4,125,225.9,339.9,268.9,120,246.9,313.9,280.9,447.9,265.9,452.9,247.4,229.9,246.9,313.9,273.4,450.4,257.7,334.9
0202018-435,AK,Anchorage Municipality,18-435,1079,56,798,5,26,59,14,10,111,865,33,665,5,22,48,12,10,70,231,416,318,63,226,391,253,339,270,316,274.5,239.5,226,391,261.5,327.5,259.6,305
0202018-440,AK,Anchorage Municipality,18-440,1313,90,713,60,103,124,69,9,145,1098,71,640,52,87,105,46,9,88,228,264,203,91,189,314,224,411,239,404,215.5,177.5,189,314,231.5,407.5,216.6,296.8
0202018-445,AK,Anchorage Municipality,18-445,1589,105,841,60,178,115,69,5,216,1287,79,727,51,145,95,40,5,145,320,402,318,142,305,412,421,637,438,624,319,272,305,412,429.5,630.5,360.4,443.4
0202018-450,AK,Anchorage Municipality,18-450,2198,258,853,96,338,259,146,11,237,1714,184,741,79,259,210,89,9,143,345,334,295,136,261,324,343,633,357,577,320,235,261,324,350,605,320.2,400.8
0202018-455,AK,Anchorage Municipality,18-455,2413,293,896,185,300,381,146,12,200,2033,210,813,171,263,336,102,12,126,299,455,296,195,253,376,282,467,255,473,297.5,325,253,376,268.5,470,277,393.2
0202018-460,AK,Anchorage Municipality,18-460,2301,208,1233,97,145,223,132,21,242,1929,161,1106,83,119,172,80,20,188,340,644,417,172,293,686,314,715,318,711,378.5,408,293,686,316,713,336.4,585.6
0202018-465,AK,Anchorage Municipality,18-465,1785,223,509,123,272,356,121,7,174,1479,158,494,105,234,281,89,7,111,177,274,179,117,142,257,156,335,138,356,178,195.5,142,257,147,345.5,158.4,267.8
0202018-470,AK,Anchorage Municipality,18-470,1322,161,444,159,155,116,113,11,163,1004,117,394,101,112,85,62,10,123,138,160,113,58,102,190,150,291,139,311,125.5,109,102,190,144.5,301,128.4,202
0202018-475,AK,Anchorage Municipality,18-475,1617,119,848,121,153,173,41,12,150,1371,93,776,104,119,145,28,7,99,220,246,244,74,219,253,201,270,212,231,232,160,219,253,206.5,250.5,219.2,214.8
0202018-480,AK,Anchorage Municipality,18-480,1579,77,1113,32,77,100,19,6,155,1294,47,966,24,63,86,10,3,95,386,725,462,165,332,695,416,596,441,562,424,445,332,695,428.5,579,407.4,548.6
0202019-500,AK,Anchorage Municipality,19-500,2961,375,708,382,375,246,436,8,431,2074,237,588,269,304,179,262,8,227,217,399,211,178,184,317,285,470,273,453,214,288.5,184,317,279,461.5,234,363.4
0202019-505,AK,Anchorage Municipality,19-505,3805,533,663,510,473,501,613,20,492,2540,332,574,354,362,302,360,16,240,225,395,260,166,214,357,367,562,317,574,242.5,280.5,214,357,342,568,276.6,410.8
0202019-510,AK,Anchorage Municipality,19-510,3444,522,876,254,330,744,308,28,382,2341,330,722,180,251,451,171,16,220,367,459,321,211,320,419,424,547,431,531,344,335,320,419,427.5,539,372.6,433.4
0202019-515,AK,Anchorage Municipality,19-515,1998,365,460,106,262,379,183,7,236,1469,256,415,88,189,272,123,3,123,158.1,176.1,149.1,68,176.1,161.1,235.1,279.1,196.1,307.1,153.6,122.1,176.1,161.1,215.6,293.1,182.9,198.3
0202019-520,AK,Anchorage Municipality,19-520,2463,371,829,104,309,462,151,3,234,1790,227,722,81,237,301,93,2,127,307,455,325,135,259,452,332,475,312,469,316,295,259,452,322,472,307,397.2
0202019-525,AK,Anchorage Municipality,19-525,2290,179,1162,131,183,273,125,11,226,1879,130,1019,117,156,216,76,9,156,362,791,458,243,282,850,332,792,347,719,410,517,282,850,339.5,755.5,356.2,679
0202020-530,AK,Anchorage Municipality,20-530,2124,224,982,137,174,180,123,26,278,1680,158,857,109,127,152,86,15,176,292.9,442,332.6,133.2,245,431.9,353.4,803.5,372.5,753.6,312.7,287.6,245,431.9,363,778.6,319.3,512.8
0202020-535,AK,Anchorage Municipality,20-535,4056,539,1472,491,328,404,394,32,396,3115,339,1343,339,251,349,237,21,236,440,828,522,310,462,759,465,887,476,888,481,569,462,759,470.5,887.5,473,734.4
0202020-540,AK,Anchorage Municipality,20-540,970,63,675,28,54,40,15,10,85,881,53,632,27,50,40,12,7,60,166,227.3,196.7,63.2,116.6,242.1,134.4,212.5,154.2,210.5,181.3,145.3,116.6,242.1,144.3,211.5,153.6,191.1
0202020-545,AK,Anchorage Municipality,20-545,1054,39,809,17,54,48,7,16,64,953,29,744,17,48,48,7,12,48,201,449,291,119,164,404,186,250,195,244,246,284,164,404,190.5,247,207.4,293.2
0202020-550,AK,Anchorage Municipality,20-550,2210,162,1003,160,510,108,66,19,182,2016,130,936,147,478,100,51,14,160,114,176,131,68,94,138,116,211,109,213,122.5,122,94,138,112.5,212,112.8,161.2
0202020-555,AK,Anchorage Municipality,20-555,2458,202,1283,178,256,170,156,21,192,2162,166,1188,166,222,151,105,19,145,276,568,403,204,273,599,346,839,391,761,339.5,386,273,599,368.5,800,337.8,594.2
0202020-560,AK,Anchorage Municipality,20-560,1196,61,945,21,43,31,9,9,77,992,39,805,21,40,31,9,9,38,238,572,331,115,209,631,263,635,305,596,284.5,343.5,209,631,284,615.5,269.2,509.8
0202020-565,AK,Anchorage Municipality,20-565,757,24,618,9,21,21,7,5,52,644,21,536,6,14,21,7,5,34,164,419,245,78,146,358,183,350,204,323,204.5,248.5,146,358,193.5,336.5,188.4,305.6
0202020-570,AK,Anchorage Municipality,20-570,3729,406,1217,381,817,183,308,33,384,3084,287,1127,315,735,147,192,27,254,284,459,307,209,235,468,323,673,305,649,295.5,334,235,468,314,661,290.8,491.6
0202021-600,AK,Anchorage Municipality,21-600,2148,119,1698,28,52,51,37,11,152,1687,80,1389,20,35,46,19,10,88,403,862,623,144,391,823,336,709,389,680,513,503,391,823,362.5,694.5,428.4,643.6
0202021-605,AK,Anchorage Municipality,21-605,2113,183,1242,53,135,130,65,21,284,1672,121,1089,46,99,102,41,12,162,601.6,508.2,527.9,175,508.2,534.8,680.2,673.4,713.7,646.8,564.7,341.6,508.2,534.8,697,660.1,606.3,507.6
0202021-610,AK,Anchorage Municipality,21-610,2355,159,1203,80,283,161,108,12,349,1754,109,989,55,213,140,67,3,178,483,451,495,162,425,475,518,795,594,696,489,306.5,425,475,556,745.5,503,515.8
0202021-615,AK,Anchorage Municipality,21-615,1605,125,899,26,143,165,35,17,195,1215,74,750,23,97,118,20,12,121,384,379,375,128,352,403,486,528,522,525,379.5,253.5,352,403,504,526.5,423.8,392.6
0202021-620,AK,Anchorage Municipality,21-620,2111,116,1244,59,197,226,78,32,159,1733,89,1066,51,160,187,48,24,108,408,399,402,118,365,394,381,496,406,475,405,258.5,365,394,393.5,485.5,392.4,376.4
0202021-625,AK,Anchorage Municipality,21-625,2382,180,1337,50,142,341,67,15,250,1886,138,1120,41,102,278,38,9,160,483,624,592,185,432,676,502,806,525,761,537.5,404.5,432,676,513.5,783.5,506.8,610.4
0202021-630,AK,Anchorage Municipality,21-630,1741,187,899,57,199,161,40,4,194,1442,129,826,53,153,131,29,4,117,277,353,244,126,222,361,281,509,272,525,260.5,239.5,222,361,276.5,517,259.2,374.8
0202021-635,AK,Anchorage Municipality,21-635,2608,189,1331,65,188,470,65,16,284,1978,123,1099,46,122,373,41,15,159,429,650,514,179,442,722,494,899,546,834,471.5,414.5,442,722,520,866.5,485,656.8
0202022-640,AK,Anchorage Municipality,22-640,3270,341,1520,102,193,563,146,23,382,2461,214,1271,72,153,440,93,14,204,734,473,622,155,642,534,811,850,850,772,678,314,642,534,830.5,811,731.8,556.8
0202022-645,AK,Anchorage Municipality,22-645,4083,237,2772,96,169,357,32,23,397,3060,133,2181,78,123,285,27,14,219,1066,752,1098,155,1043,866,1141,837,1258,706,1082,453.5,1043,866,1199.5,771.5,1121.2,663.2
0202022-650,AK,Anchorage Municipality,22-650,2141,114,986,60,209,439,73,4,256,1676,92,830,52,141,357,52,1,151,412,357,423,111,421,327,516,558,516,538,417.5,234,421,327,516,548,457.6,378.2
0202022-655,AK,Anchorage Municipality,22-655,2552,234,1142,90,307,355,90,13,321,1881,156,941,75,196,270,53,8,182,462,376,408,147,414,401,498,627,509,640,435,261.5,414,401,503.5,633.5,458.2,438.2
0202022-660,AK,Anchorage Municipality,22-660,2785,162,1859,60,128,172,63,12,329,2243,112,1569,47,102,148,42,8,215,733,674,772,147,690,669,853,846,926,764,752.5,410.5,690,669,889.5,805,794.8,620
0202022-665,AK,Anchorage Municipality,22-665,2293,133,1358,52,190,163,63,22,312,1693,73,1102,33,139,121,31,13,181,513,417,484,151,507,446,597,571,615,570,498.5,284,507,446,606,570.5,543.2,431
0202022-670,AK,Anchorage Municipality,22-670,865,45,571,15,52,59,6,8,109,680,27,471,12,43,43,6,8,70,284,230,276,57,281,226,269,275,304,223,280,143.5,281,226,286.5,249,282.8,202.2
0202023-735,AK,Anchorage Municipality,23-735,1474,130,619,50,142,250,64,8,211,1181,97,542,35,105,202,49,7,144,267,259,258,86,236,272,322,327,310,345,262.5,172.5,236,272,316,336,278.6,257.8
0202023-740,AK,Anchorage Municipality,23-740,2426,234,1292,84,187,220,112,8,289,1909,157,1109,73,136,167,64,5,198,466,426,412,153,415,440,552,631,542,620,439,289.5,415,440,547,625.5,477.4,454
0202023-745,AK,Anchorage Municipality,23-745,2032,191,813,116,200,375,105,11,221,1651,140,707,101,178,309,65,8,143,231,224,211,76,231,246,274,272,260,280,221,150,231,246,267,276,241.4,219.6
0202023-750,AK,Anchorage Municipality,23-750,2527,236,1238,104,221,266,118,25,319,1970,143,1086,70,176,218,69,22,186,495,385,402,150,455,444,545,544,582,522,448.5,267.5,455,444,563.5,533,495.8,409
0202023-755,AK,Anchorage Municipality,23-755,1852,239,929,62,155,184,78,7,198,1442,156,788,48,114,152,48,4,132,489,420,463,106,478,389,583,676,622,603,476,263,478,389,602.5,639.5,527,438.8
0202023-760,AK,Anchorage Municipality,23-760,1879,165,976,113,120,183,91,9,222,1529,132,878,91,91,145,57,7,128,307,289,280,74,301,272,362,266,360,255,293.5,181.5,301,272,361,260.5,322,231.2
0202023-765,AK,Anchorage Municipality,23-765,2235,199,1266,88,180,194,62,13,233,1790,152,1071,70,135,168,40,11,143,579,513,524,173,507,493,609,584,636,556,551.5,343,507,493,622.5,570,571,463.8
0202023-770,AK,Anchorage Municipality,23-770,2923,756,729,64,308,705,59,14,288,2022,479,626,50,210,445,41,14,157,412,386,391,121,304,285,408,520,422,466,401.5,253.5,304,285,415,493,387.4,355.6
0202024-700,AK,Anchorage Municipality,24-700,2361,185,1524,45,170,145,63,2,227,1776,123,1198,32,130,109,38,2,144,644,406,513,141,572,450,680,716,703,709,578.5,273.5,572,450,691.5,712.5,622.4,484.4
0202024-705,AK,Anchorage Municipality,24-705,2213,190,1235,71,212,171,61,24,249,1654,129,996,59,130,135,34,23,148,486,376,462,122,445,402,665,653,727,596,474,249,445,402,696,624.5,557,429.8
0202024-710,AK,Anchorage Municipality,24-710,2424,153,1578,62,82,241,22,32,254,1872,97,1286,44,61,198,16,21,149,730,565,749,139,742,556,784,683,862,637,739.5,352,742,556,823,660,773.4,516
0202024-715,AK,Anchorage Municipality,24-715,2249,179,1288,68,74,384,17,7,232,1738,116,1067,52,48,316,15,7,117,559,528,621,119,576,506,663,546,726,473,590,323.5,576,506,694.5,509.5,629,434.4
0202024-720,AK,Anchorage Municipality,24-720,2596,217,1498,67,212,244,21,18,319,2015,149,1233,55,177,183,11,12,195,601,410,530,117,541,482,669,553,705,513,565.5,263.5,541,482,687,533,609.2,415
0202024-725,AK,Anchorage Municipality,24-725,2203,155,1648,33,63,55,19,7,223,1703,103,1340,27,35,47,15,7,129,769,580,802,126,685,585,816,700,908,630,785.5,353,685,585,862,665,796,524.2
0202024-730,AK,Anchorage Municipality,24-730,3707,232,2302,77,149,459,41,42,405,2658,138,1760,61,95,351,23,30,200,920,721,958,187,917,791,1102,897,1205,816,939,454,917,791,1153.5,856.5,1020.4,682.4
0202025-840,AK,Anchorage Municipality,25-840,1185,151,432,76,117,211,34,11,153,912,109,372,52,89,169,28,8,85,168,159,155,55,161,158,213,275,208,259,161.5,107,161,158,210.5,267,181,181.2
0202025-845,AK,Anchorage Municipality,25-845,3805,289,1933,104,418,472,104,23,462,2886,204,1576,87,322,349,67,16,265,805,731,783,234,767,810,1019,1089,1062,1014,794,482.5,767,810,1040.5,1051.5,887.2,775.6
0202025-850,AK,Anchorage Municipality,25-850,2492,168,1670,58,108,204,10,23,251,1835,114,1277,50,71,172,8,14,129,584,631,634,127,547,693,610,720,669,640,609,379,547,693,639.5,680,608.8,562.2
0202025-855,AK,Anchorage Municipality,25-855,2646,279,1428,74,201,287,35,10,332,1968,177,1130,63,147,235,31,8,177,684,486,522,158,597,535,725,737,733,738,603,322,597,535,729,737.5,652.2,530.8
0202025-860,AK,Anchorage Municipality,25-860,3014,276,1336,126,301,388,191,12,384,2286,204,1109,104,221,305,116,6,221,536,450,506,154,457,474,679,759,685,731,521,302,457,474,682,745,572.6,513.6
0202025-865,AK,Anchorage Municipality,25-865,1970,173,873,78,118,460,42,21,205,1543,116,749,58,89,375,30,14,112,453,365,414,110,441,369,510,450,524,447,433.5,237.5,441,369,517,448.5,468.4,348.2
0202025-870,AK,Anchorage Municipality,25-870,3105,293,1462,105,255,518,36,22,414,2392,211,1223,83,189,415,30,18,223,586,564,544,182,552,599,652,582,676,549,565,373,552,599,664,565.5,602,495.2
0202026-800,AK,Anchorage Municipality,26-800,3460,424,1654,155,247,498,50,13,419,2689,266,1390,118,199,412,29,4,271,596,517,558,141,636,495,729,696,740,640,577,329,636,495,734.5,668,651.8,497.8
0202026-805,AK,Anchorage Municipality,26-805,1968,65,1496,21,81,74,8,22,201,1488,43,1173,21,50,66,7,17,111,637,466,622,110,633,510,699,688,790,635,629.5,288,633,510,744.5,661.5,676.2,481.8
0202026-810,AK,Anchorage Municipality,26-810,2414,215,1462,74,86,338,4,10,225,1777,126,1128,54,66,249,3,10,141,586,312,486,95,606,357,794,515,880,442,536,203.5,606,357,837,478.5,670.4,344.2
0202026-815,AK,Anchorage Municipality,26-815,2542,157,1659,52,127,184,20,38,305,1869,94,1304,40,92,150,11,25,153,839,548,793,127,826,554,923,658,1017,570,816,337.5,826,554,970,614,879.6,491.4
0202026-820,AK,Anchorage Municipality,26-820,2417,110,1938,19,71,51,3,15,210,1837,66,1541,19,50,45,3,1,112,767,666,806,148,767,642,755,561,823,514,786.5,407,767,642,789,537.5,783.6,506.2
0202026-825,AK,Anchorage Municipality,26-825,3059,371,1277,112,424,451,48,0,376,2315,273,1049,80,318,325,43,0,227,549,408,451,177,453,431,647,669,653,628,500,292.5,453,431,650,648.5,550.6,462.6
0202026-830,AK,Anchorage Municipality,26-830,1319,55,905,100,47,65,46,16,85,896,28,671,52,31,40,26,3,45,330,249,309,74,308,260,380,291,416,263,319.5,161.5,308,260,398,277,348.6,227.4
0202026-835,AK,Anchorage Municipality,26-835,1825,225,732,100,219,267,106,0,176,1417,176,627,79,139,221,62,0,113,244,217,237,87,224,260,317,492,333,491,240.5,152,224,260,325,491.5,271,309.4
0202027-900,AK,Anchorage Municipality,27-900,2759,194,1627,178,172,202,58,20,308,2160,102,1370,150,133,167,39,18,181,740,659,593,244,703,710,776,827,821,745,666.5,451.5,703,710,798.5,786,726.6,637
0202027-905,AK,Anchorage Municipality,27-905,2220,170,956,166,243,220,162,18,285,1727,126,851,134,184,159,82,16,175,401,296,332,108,414,336,471,489,463,491,366.5,202,414,336,467,490,416.2,344
0202027-910,AK,Anchorage Municipality,27-910,3329,286,1282,252,455,483,107,24,440,2392,199,1067,193,314,282,74,16,247,688.3,563.3,560.5,250.8,632.6,566.5,717.9,871.3,745.8,867.1,624.4,407,632.6,566.5,731.9,869.2,669,623.8
0202027-915,AK,Anchorage Municipality,27-915,1821,159,803,162,121,171,141,15,249,1300,85,659,128,73,132,88,8,127,385.1,306.1,339.1,144,369.1,308.1,365.1,416.1,373.1,401.1,362.1,225,369.1,308.1,369.1,408.6,366.3,315.1
0202027-920,AK,Anchorage Municipality,27-920,2447,220,1306,177,189,147,104,10,294,1853,147,1078,123,149,115,65,7,169,512.7,575.4,549.6,193.1,431.7,585.4,559.9,758.6,593,723.5,531.2,384.3,431.7,585.4,576.4,741.1,529.4,567.2
0202027-925,AK,Anchorage Municipality,27-925,1843,149,1030,93,109,183,62,14,203,1439,97,851,71,87,140,43,11,139,523,384,478,116,478,410,551,548,569,531,500.5,250,478,410,560,539.5,519.8,397.8
0202027-930,AK,Anchorage Municipality,27-930,2933,204,1775,179,152,177,85,24,337,2311,123,1519,138,112,137,67,20,195,740,795,732,216,648,818,767,839,835,767,736,505.5,648,818,801,803,744.4,687
0202027-935,AK,Anchorage Municipality,27-935,484,31,381,6,12,8,1,2,43,407,30,323,5,7,7,1,1,33,113,169,128,43,119,176,138,121,158,106,120.5,106,119,176,148,113.5,131.2,123
0202028-105,AK,Anchorage Municipality,28-105,1897,129,1338,18,94,76,5,7,230,1385,77,1020,13,62,63,2,6,142,649,507,698,96,565,486,623,532,676,492,673.5,301.5,565,486,649.5,512,642.2,422.6
0202028-110,AK,Anchorage Municipality,28-110,3070,124,2495,39,82,54,1,35,240,2408,91,2004,32,63,46,0,21,151,982.7,743.2,911.6,153.3,1037.1,810.8,1172.9,781.1,1298.7,663.2,947.2,448.2,1037.1,810.8,1235.8,722.1,1080.6,630.3
0202028-115,AK,Anchorage Municipality,28-115,2163,146,1616,40,92,70,3,12,184,1563,92,1225,27,55,63,3,10,88,680,362,682,73,657,440,759,389,819,380,681,217.5,657,440,789,384.5,719.4,328.8
0202028-120,AK,Anchorage Municipality,28-120,2104,76,1704,22,81,29,0,5,187,1627,47,1357,20,56,29,0,5,113,729,492,671,108,703,531,853,567,912,538,700,300,703,531,882.5,552.5,773.6,447.2
0202028-125,AK,Anchorage Municipality,28-125,1456,75,1171,9,29,45,0,14,113,1148,46,967,8,20,35,0,12,60,376.3,403.8,373.4,100.7,401.9,358.2,494.1,497.9,546.4,441.8,374.8,252.3,401.9,358.2,520.2,469.9,438.4,360.5
0202028-130,AK,Anchorage Municipality,28-130,336,24,246,2,20,6,0,2,36,286,18,219,2,19,6,0,0,22,108,106,73,45,83,128,135,237,126,259,90.5,75.5,83,128,130.5,248,105,155
0202028-135,AK,Anchorage Municipality,28-135,2167,92,1885,8,26,48,0,7,101,1738,69,1531,7,22,35,0,7,67,299,880,572,235,277,928,430,1967,479,1917,435.5,557.5,277,928,454.5,1942,411.4,1185.4
0202028-140,AK,Anchorage Municipality,28-140,3432,198,2643,23,88,186,5,18,271,2548,119,2060,17,57,143,0,8,144,1020,742,1047,136,992,725,1113,854,1260,678,1033.5,439,992,725,1186.5,766,1086.4,627
0202028-145,AK,Anchorage Municipality,28-145,1827,57,1526,9,53,46,2,10,124,1467,33,1267,9,40,38,2,7,71,581,524,563,99,574,523,584,454,638,422,572,311.5,574,523,611,438,588,404.4
0205037-746,AK,Bethel Census Area,37-746,204,6,20,1,146,3,0,1,27,128,1,18,1,93,3,0,1,11,5.1,34.3,22.2,3.1,6.4,24.4,3.2,43.1,12.2,22.1,13.7,18.7,6.4,24.4,7.7,32.6,9.8,25.4
0205038-800,AK,Bethel Census Area,38-800,687,4,27,1,643,0,0,0,12,455,2,27,1,422,0,0,0,3,40,68.2,53.1,18.2,51.3,123.6,109.5,108.8,75.1,113.1,46.6,43.2,51.3,123.6,92.3,111,65.8,86.4
0205038-802,AK,Bethel Census Area,38-802,462,0,18,0,442,0,0,0,2,272,0,15,0,255,0,0,0,2,18.7,53.1,36.4,18.6,25.2,92.3,49.4,80.1,25.2,97.8,27.5,35.9,25.2,92.3,37.3,88.9,31,68.4
0205038-804,AK,Bethel Census Area,38-804,514,11,90,1,367,1,0,0,44,364,10,79,1,241,1,0,0,32,57.9,98.7,93.8,19,54.9,92.8,40,78.8,53.9,47.9,75.8,58.8,54.9,92.8,46.9,63.3,60.1,67.4
0205038-806,AK,Bethel Census Area,38-806,387,1,9,1,371,1,0,0,4,233,1,9,1,219,1,0,0,2,10,50.3,42.5,13.8,15.2,61,24.2,29.9,17,34.4,26.2,32.1,15.2,61,20.6,32.1,21.8,37.9
0205038-808,AK,Bethel Census Area,38-808,3558,84,538,42,2495,92,1,10,296,2383,60,448,37,1573,79,1,10,175,234,396,385,74,228,518,292,433,289,408,309.5,235,228,518,290.5,420.5,285.6,365.8
0205038-810,AK,Bethel Census Area,38-810,2767,60,639,31,1634,95,1,8,299,2035,43,535,30,1153,90,1,8,175,220.8,416.6,378.7,94.2,213.4,495.1,296.5,346.4,295.6,327.9,299.8,255.4,213.4,495.1,296.1,337.2,281,336.1
0205038-812,AK,Bethel Census Area,38-812,506,2,17,0,458,0,0,0,29,305,2,16,0,276,0,0,0,11,14,82,106,18,49,154,26,153,35,134,60,50,49,154,30.5,143.5,46,108.2
0205038-814,AK,Bethel Census Area,38-814,104,1,3,0,92,0,0,0,8,63,1,3,0,52,0,0,0,7,8,11,19,2,11,15,14,14,15,14,13.5,6.5,11,15,14.5,14,13.4,11.2
0205038-816,AK,Bethel Census Area,38-816,144,10,38,1,86,3,0,0,6,103,7,37,0,57,0,0,0,2,2,23.4,13.6,3.9,12.7,18.5,1,18.5,4.9,10.7,7.8,13.6,12.7,18.5,2.9,14.6,6.8,15
0205038-818,AK,Bethel Census Area,38-818,406,5,6,0,368,0,0,0,27,266,1,5,0,243,0,0,0,17,53,108.6,95.7,22.6,43.6,147.5,68.7,103.3,69.6,100.9,74.3,65.6,43.6,147.5,69.2,102.1,66.1,96.6
0205038-820,AK,Bethel Census Area,38-820,318,2,19,0,279,0,0,0,18,206,1,18,0,179,0,0,0,8,17.4,56.6,65.9,6,31.3,89.9,26.7,79.6,48.6,44.6,41.6,31.3,31.3,89.9,37.6,62.1,38,55.4
0205038-822,AK,Bethel Census Area,38-822,623,0,21,1,597,0,0,0,4,385,0,14,1,370,0,0,0,0,14.6,69.4,56.5,14.4,17.7,85.8,11.7,85,25.2,68.2,35.5,41.9,17.7,85.8,18.4,76.6,25.1,64.6
0205038-824,AK,Bethel Census Area,38-824,704,2,15,2,680,0,0,0,5,446,1,12,2,428,0,0,0,3,33,89,70,30,43,128,76,125,37,149,51.5,59.5,43,128,56.5,137,51.8,104.2
0205038-826,AK,Bethel Census Area,38-826,486,1,5,1,465,0,0,0,14,300,1,5,1,284,0,0,0,9,42,44,49,13,24,72,73,94,64,84,45.5,28.5,24,72,68.5,89,50.4,61.4
0205038-828,AK,Bethel Census Area,38-828,813,0,15,0,774,4,0,0,20,493,0,14,0,467,4,0,0,8,19.1,112.8,89.1,30.7,62.5,123.2,22.8,176.2,43.1,140.8,54.1,71.8,62.5,123.2,32.9,158.5,47.3,116.8
0205038-830,AK,Bethel Census Area,38-830,380,1,3,0,369,0,0,0,7,224,1,3,0,215,0,0,0,5,32,49,55,19,13,73,45,46,34,56,43.5,34,13,73,39.5,51,35.8,48.6
0205038-832,AK,Bethel Census Area,38-832,278,2,4,0,262,0,0,0,10,182,2,4,0,166,0,0,0,10,6.1,50.8,60.7,7,24,52.8,27.9,58.7,31.9,49.7,33.4,28.9,24,52.8,29.9,54.2,30.1,43.8
0205038-836,AK,Bethel Census Area,38-836,206,1,9,0,193,0,0,0,3,147,0,9,0,136,0,0,0,2,18,52,68,10,41,58,36,57,48,35,43,31,41,58,42,46,42.2,42.4
0205038-838,AK,Bethel Census Area,38-838,430,2,15,2,394,1,0,0,16,282,2,13,2,256,1,0,0,8,38.5,74.1,69.1,5.9,13.8,87.9,61.2,96.8,50.4,97.8,53.8,40,13.8,87.9,55.8,97.3,46.6,72.5
0205038-840,AK,Bethel Census Area,38-840,509,5,12,0,486,0,0,0,6,324,4,9,0,307,0,0,0,4,14.8,55.9,51.5,27,14.8,96,19.2,69.8,27.9,56.7,33.2,41.5,14.8,96,23.6,63.3,25.7,61.1
0205038-842,AK,Bethel Census Area,38-842,308,0,6,0,293,0,0,0,9,188,0,5,0,179,0,0,0,4,8,92,86,15,21,60,23,24,19,32,47,53.5,21,60,21,28,31.4,44.6
0205038-844,AK,Bethel Census Area,38-844,306,0,8,0,294,0,0,0,4,170,0,8,0,161,0,0,0,1,7,56,46,18,13,82,33,43,18,54,26.5,37,13,82,25.5,48.5,23.4,50.6
0205038-846,AK,Bethel Census Area,38-846,594,0,13,0,581,0,0,0,0,353,0,13,0,340,0,0,0,0,23,59.2,61,15.9,28.3,73.3,68.9,43.3,49.5,47.7,42,37.5,28.3,73.3,59.2,45.5,46.1,47.9
0205038-848,AK,Bethel Census Area,38-848,776,3,13,0,730,0,0,0,30,486,1,12,0,463,0,0,0,10,47.2,90.4,89.5,21.6,30.5,93.4,73.7,117,44.2,153.4,68.3,56,30.5,93.4,59,135.2,57,95.2
0205038-852,AK,Bethel Census Area,38-852,658,1,18,0,635,0,0,0,4,413,1,17,0,393,0,0,0,2,34,146,125,41,59,204,48,167,44,167,79.5,93.5,59,204,46,167,62,145
0205038-854,AK,Bethel Census Area,38-854,446,1,13,0,418,0,0,0,14,260,1,10,0,242,0,0,0,7,14.9,59.4,56.5,11.9,44.6,76.3,26.7,97.1,54.5,63.4,35.7,35.6,44.6,76.3,40.6,80.2,39.4,61.6
0205038-856,AK,Bethel Census Area,38-856,469,0,8,0,457,1,0,0,3,267,0,7,0,256,1,0,0,3,18,74,74,12,17,120,45,121,50,91,46,43,17,120,47.5,106,40.8,83.6
0205038-858,AK,Bethel Census Area,38-858,411,1,11,0,389,0,0,0,10,257,1,11,0,241,0,0,0,4,11,91,75,30,26,129,16,146,28,117,43,60.5,26,129,22,131.5,31.2,102.6
0205038-860,AK,Bethel Census Area,38-860,212,1,15,0,182,0,0,0,14,140,0,13,0,118,0,0,0,9,29.2,30.1,48.1,1.2,35.7,36.3,13.5,37.5,21.8,22.1,38.7,15.6,35.7,36.3,17.7,29.8,29.7,25.4
0206037-722,AK,Bristol Bay Borough,37-722,307,18,178,4,47,0,0,1,59,236,12,162,3,32,0,0,0,27,138,36,117,18,101,62,141,73,140,68,127.5,27,101,62,140.5,70.5,127.4,51.4
0206037-734,AK,Bristol Bay Borough,37-734,470,24,163,2,216,5,3,1,56,362,11,145,0,155,5,3,0,43,113.5,82.6,141.6,17.2,77.2,83.5,132.5,82.6,138.9,68.1,127.6,49.9,77.2,83.5,135.7,75.3,120.7,66.8
0206037-748,AK,Bristol Bay Borough,37-748,67,3,16,0,33,0,0,0,15,60,2,16,0,29,0,0,0,13,8.4,9.9,16,0.8,5.3,12.9,10.7,18.3,0,12.2,12.2,5.3,5.3,12.9,5.3,15.2,8.1,10.8
0206309-650,AK,NA,09-650,1511,103,1104,9,100,48,4,6,137,1085,66,829,9,77,38,1,3,62,442,237,367,70,342,338,511,357,503,369,404.5,153.5,342,338,507,363,433,274.2
0206309-655,AK,NA,09-655,987,83,675,10,102,33,10,1,73,806,62,563,9,82,28,6,1,55,261,106,211,38,205,161,288,197,274,194,236,72,205,161,281,195.5,247.8,139.2
0206309-660,AK,NA,09-660,1532,85,1167,14,99,21,16,7,123,1169,47,913,12,79,20,11,6,81,398.9,195.5,224.4,78.8,283.2,256.3,545.5,308.2,532.6,288.2,311.7,137.1,283.2,256.3,539,298.2,396.9,225.4
0206309-665,AK,NA,09-665,272,10,147,2,10,52,23,1,27,210,6,120,2,9,36,17,0,20,97.7,64.3,81.4,27.1,57.5,48.5,127,90.6,127,61.5,89.6,45.7,57.5,48.5,127,76,98.1,58.4
0206332-805,AK,NA,32-805,2609,113,1618,7,235,371,7,10,248,2051,77,1357,5,174,281,5,7,145,450.9,390.1,545.7,103.8,277.3,640.5,377.1,392.1,339.2,428,498.3,246.9,277.3,640.5,358.1,410,398,390.9
0206332-850,AK,NA,32-850,191,3,57,4,111,2,1,1,12,135,1,46,4,77,1,1,1,4,6.6,17.4,24.2,2.1,8,18,14.7,19.3,16.4,16.6,15.4,9.8,8,18,15.5,17.9,14,14.7
0206606-020,AK,NA,06-020,182,2,103,0,51,3,0,0,23,162,1,97,0,44,3,0,0,17,108,19,53,3,83,18,108,14,92,18,80.5,11,83,18,100,16,88.8,14.4
0206606-025,AK,NA,06-025,1134,38,642,3,307,6,5,9,124,870,18,542,2,204,6,5,9,84,313.2,97.7,190.7,49.8,258.3,156.3,372.6,196.8,349.3,194.7,251.9,73.7,258.3,156.3,361,195.8,296.8,139.1
0206606-035,AK,NA,06-035,300,16,146,0,123,0,0,0,15,210,8,112,0,84,0,0,0,6,94,32,69,9,71,67,122,53,111,65,81.5,20.5,71,67,116.5,59,93.4,45.2
0206606-047,AK,NA,06-047,251,7,210,0,14,0,0,1,19,197,5,171,0,9,0,0,1,11,119.8,30.3,55.3,18.2,113.7,38.7,155.4,37.1,132.7,49.3,87.6,24.3,113.7,38.7,144,43.2,115.4,34.7
0206606-053,AK,NA,06-053,118,1,16,1,89,0,0,1,10,84,1,15,1,60,0,0,1,6,11.6,23.9,17.8,4.8,8.2,34.8,9.6,36.2,8.2,34.8,14.7,14.3,8.2,34.8,8.9,35.5,11.1,26.9
0206606-060,AK,NA,06-060,0,0,0,0,0,0,0,0,0,0,0,0,0,0,0,0,0,0,2.8,3.5,4.9,0.4,2.7,4.1,3.9,5.2,4.2,4.1,3.8,2,2.7,4.1,4.1,4.6,3.7,3.5
0206606-090,AK,NA,06-090,0,0,0,0,0,0,0,0,0,0,0,0,0,0,0,0,0,0,0,0,0,0,0,0,0,0,0,0,0,0,0,0,0,0,0,0
0206609-632,AK,NA,09-632,632,20,474,2,61,8,5,4,58,508,16,399,2,49,8,3,4,27,231,44,112,34,192,68,294,63,280,84,171.5,39,192,68,287,73.5,221.8,58.6
0206806-005,AK,Denali Borough,06-005,164,2,142,0,5,0,0,0,15,106,1,97,0,5,0,0,0,3,58.1,15.7,27.5,7.1,58.1,21.2,72.3,14.1,64.4,18.9,42.8,11.4,58.1,21.2,68.4,16.5,56.1,15.4
0206806-012,AK,Denali Borough,06-012,196,1,135,2,36,0,0,0,22,167,1,119,1,33,0,0,0,13,89,52,69,10,74,65,116,71,112,59,79,31,74,65,114,65,92,51.4
0206806-024,AK,Denali Borough,06-024,149,9,119,0,5,2,0,0,14,115,9,96,0,3,2,0,0,5,72,30.7,45.1,19.2,47.1,25.9,61.5,26.9,57.6,27.9,58.6,25,47.1,25.9,59.5,27.4,56.7,26.1
0206806-026,AK,Denali Borough,06-026,186,4,168,0,1,1,0,0,12,158,2,149,0,0,1,0,0,6,17,128,35,36,17,131,11,141,13,139,26,82,17,131,12,140,18.6,115
0206806-040,AK,Denali Borough,06-040,924,16,814,7,12,10,3,4,58,745,15,659,7,12,10,0,4,38,340.5,170.9,287.4,58.8,301.2,206.8,373.9,233.7,368.3,212.5,314,114.8,301.2,206.8,371.1,223.1,334.3,176.5
0207037-702,AK,Dillingham Census Area,37-702,216,5,39,0,131,2,0,0,39,164,3,33,0,100,0,0,0,28,40.7,32.8,49.7,7,31.8,78.5,73.5,24.8,60.6,32.8,45.2,19.9,31.8,78.5,67.1,28.8,51.3,35.2
0207037-710,AK,Dillingham Census Area,37-710,73,2,8,0,62,0,0,0,1,50,0,8,0,41,0,0,0,1,62.3,94.4,85.2,23.1,40.2,127.9,59.6,64.4,54,70.6,73.7,58.7,40.2,127.9,56.8,67.5,60.3,76.1
0207037-714,AK,Dillingham Census Area,37-714,2353,104,624,17,1257,40,9,7,295,1691,68,512,17,872,33,5,7,177,322.7,439.6,377.8,127.9,222.8,559.1,330.4,356.6,299,391.4,350.3,283.8,222.8,559.1,314.7,374,310.5,374.9
0207037-718,AK,Dillingham Census Area,37-718,111,7,9,1,89,1,0,0,4,78,1,9,1,65,1,0,0,1,25,24,35,3,13,36,34,23,27,36,30,13.5,13,36,30.5,29.5,26.8,24.4
0207037-724,AK,Dillingham Census Area,37-724,183,0,5,0,167,0,0,0,11,106,0,5,0,92,0,0,0,9,17,10,22,3,24,59,39,40,38,39,19.5,6.5,24,59,38.5,39.5,28,30.2
0207037-732,AK,Dillingham Census Area,37-732,487,5,16,0,443,0,0,0,23,324,2,13,0,296,0,0,0,13,70.2,86.5,127.2,10.9,43,122.7,92.9,72.8,71.8,86.5,98.7,48.7,43,122.7,82.3,79.7,81,75.9
0207037-736,AK,Dillingham Census Area,37-736,512,6,24,1,457,0,0,0,24,313,4,20,1,277,0,0,0,11,25,155,153,25,15,195,43,254,55,237,89,90,15,195,49,245.5,58.2,173.2
0207037-754,AK,Dillingham Census Area,37-754,922,17,45,0,806,2,0,0,52,593,9,42,0,510,2,0,0,30,83,130.2,177.1,7,59.4,185.6,143.7,125,124,130.2,130.1,68.6,59.4,185.6,133.9,127.6,117.5,115.6
0209001-446,AK,Fairbanks North Star Borough,01-446,3108,252,1747,160,372,134,8,21,414,2364,165,1427,125,252,117,7,21,250,691.9,537.4,657.2,133.2,608.8,620.3,828.1,703.4,824.1,689.5,674.5,335.3,608.8,620.3,826.1,696.5,722,536.8
0209001-455,AK,Fairbanks North Star Borough,01-455,580,55,321,23,67,22,0,6,86,467,42,280,11,60,17,0,3,54,182,121,138,39,122,104,162,141,151,134,160,80,122,104,156.5,137.5,151,107.8
0209001-465,AK,Fairbanks North Star Borough,01-465,1468,116,745,77,309,52,16,13,140,1260,77,657,76,277,48,10,11,104,253,223,210,88,202,195,223,253,216,224,231.5,155.5,202,195,219.5,238.5,220.8,196.6
0209001-470,AK,Fairbanks North Star Borough,01-470,1872,118,1061,97,280,90,22,16,188,1537,82,932,86,218,68,17,15,119,353,380,367,108,295,400,380,380,382,366,360,244,295,400,381,373,355.4,326.8
0209001-475,AK,Fairbanks North Star Borough,01-475,993,84,554,44,99,33,13,4,162,749,51,454,36,75,26,13,1,93,254.2,167.4,234.6,56.3,170.7,200.9,234.6,320.4,240.5,271.1,244.4,111.9,170.7,200.9,237.5,295.7,226.9,203.2
0209001-480,AK,Fairbanks North Star Borough,01-480,2668,198,1526,136,325,160,15,29,279,2047,147,1246,109,226,146,13,19,141,590.7,421.8,598.6,110.9,486.7,507.7,685.6,621.6,724.6,538.7,594.7,266.4,486.7,507.7,705.1,580.2,617.2,440.1
0209001-485,AK,Fairbanks North Star Borough,01-485,2390,164,1054,241,523,84,21,22,281,1807,113,866,197,382,63,15,14,157,295.2,222.3,274.2,96.1,252.1,280.2,343.3,416.3,335.2,425.3,284.7,159.2,252.1,280.2,339.3,420.8,300,288
0209001-490,AK,Fairbanks North Star Borough,01-490,2637,246,1036,278,496,160,70,32,319,2065,176,879,216,380,148,45,22,199,359,388.2,315.3,147.9,268.6,319.2,450.5,477.8,406.7,481.7,337.2,268,268.6,319.2,428.6,479.7,360,362.9
0209001-495,AK,Fairbanks North Star Borough,01-495,1466,157,707,93,169,122,18,4,196,1128,94,624,78,108,96,11,3,114,192,108,149,25,155,133,192,161,196,159,170.5,66.5,155,133,194,160,176.8,117.2
0209002-345,AK,Fairbanks North Star Borough,02-345,3705,227,2571,93,273,93,18,40,390,2743,142,2021,74,172,70,14,31,219,1299,447,844.5,148.6,947.6,378.3,1574.1,571,1386.6,467.2,1071.7,297.8,947.6,378.3,1480.4,519.1,1210.4,402.4
0209002-355,AK,Fairbanks North Star Borough,02-355,2594,231,1385,145,315,135,39,22,322,2062,182,1158,118,248,110,26,17,203,518.4,408.9,439,150.2,412.8,422.5,641.5,547.5,586.3,549.4,478.7,279.6,412.8,422.5,613.9,548.5,519.6,415.7
0209002-365,AK,Fairbanks North Star Borough,02-365,3973,306,2270,282,341,210,59,24,481,2917,208,1802,203,221,163,28,15,277,972.9,536.9,784,200.2,656.5,508.9,1053.9,740.4,1020.7,646.3,878.4,368.6,656.5,508.9,1037.3,693.4,897.6,526.5
0209002-375,AK,Fairbanks North Star Borough,02-375,8752,1791,4868,927,69,330,110,51,606,6516,1303,3650,724,48,280,86,24,401,395.2,193.6,299.7,118.5,164,94,400,245.4,382.2,232.3,347.4,156.1,164,94,391.1,238.9,328.2,176.8
0209003-130,AK,Fairbanks North Star Borough,03-130,4340,232,3121,61,302,83,8,73,460,3165,157,2397,51,187,66,5,47,255,1149.6,340.2,760.6,116.9,911.1,366,1369.7,509.6,1344.6,485.9,955.1,228.6,911.1,366,1357.1,497.8,1107.1,363.7
0209003-135,AK,Fairbanks North Star Borough,03-135,3356,213,2507,78,136,53,15,38,316,2432,152,1890,61,75,50,12,25,167,1131.6,222.9,726.6,61.7,942.5,249.8,1292.9,361.3,1253.1,362.3,929.1,142.3,942.5,249.8,1273,361.8,1069.3,251.6
0209003-165,AK,Fairbanks North Star Borough,03-165,3949,195,2970,79,214,66,9,31,385,2867,124,2206,59,156,62,8,23,229,1400.5,293.8,834,102.6,1139.9,327.1,1508.6,452.8,1494.5,466.4,1117.2,198.2,1139.9,327.1,1501.6,459.6,1275.5,328.5
0209003-175,AK,Fairbanks North Star Borough,03-175,2243,168,1449,107,127,104,23,16,249,1628,104,1107,77,74,87,18,11,150,629.9,189.3,417,75.4,500.7,179.4,698.8,294.1,709.4,238.6,523.5,132.3,500.7,179.4,704.1,266.4,591.2,195.4
0209003-183,AK,Fairbanks North Star Borough,03-183,3735,267,2673,85,174,81,2,54,399,2703,172,2003,63,108,72,2,38,245,1121.8,207,640.8,70.9,930,226.8,1250.3,305.3,1245.6,276,881.3,138.9,930,226.8,1248,290.6,1037.7,217.2
0209004-230,AK,Fairbanks North Star Borough,04-230,1144,52,937,8,64,10,1,3,69,915,38,771,4,47,7,1,2,45,239,470,280,148,192,471,274,679,292,651,259.5,309,192,471,283,665,255.4,483.8
0209004-240,AK,Fairbanks North Star Borough,04-240,3157,107,2454,30,170,93,3,24,276,2502,74,2013,17,121,78,1,21,177,689.9,979.7,796.8,243.2,552.8,999.8,711,1020.9,763,985.9,743.3,611.4,552.8,999.8,737,1003.4,702.7,845.9
0209004-250,AK,Fairbanks North Star Borough,04-250,1407,40,1120,15,72,13,1,18,128,1120,25,924,12,46,13,1,15,84,276,440,259,122,256,489,358,731,365,757,267.5,281,256,489,361.5,744,302.8,507.8
0209004-260,AK,Fairbanks North Star Borough,04-260,1725,64,1410,13,58,25,2,13,140,1381,39,1150,12,42,23,1,11,103,304.1,730.3,416.7,254.2,266.9,816.1,418.4,1052,420.4,1070.5,360.4,492.2,266.9,816.1,419.4,1061.2,365.3,784.6
0209004-265,AK,Fairbanks North Star Borough,04-265,4299,199,3292,37,227,78,23,45,398,3180,114,2541,32,146,58,14,38,237,1250.2,615.8,995.2,161.1,1164.7,771.6,1439.4,780.4,1465.1,769.7,1122.7,388.4,1164.7,771.6,1452.3,775,1262.9,619.7
0209004-270,AK,Fairbanks North Star Borough,04-270,5003,218,3816,38,305,90,7,39,490,3853,136,3049,34,221,77,3,36,297,1250.8,718.2,1083.8,166.9,1153.3,917.5,1383.6,863.6,1391.9,867.4,1167.3,442.6,1153.3,917.5,1387.8,865.5,1252.7,706.7
0209004-280,AK,Fairbanks North Star Borough,04-280,782,31,607,12,33,7,1,10,81,644,18,523,11,15,7,0,9,61,55.2,200.5,85.8,46.4,67.4,207.5,98.1,207.5,112.1,187.4,70.5,123.4,67.4,207.5,105.1,197.4,83.7,169.8
0209005-580,AK,Fairbanks North Star Borough,05-580,457,36,278,21,63,2,1,4,52,363,27,233,18,53,2,1,4,25,141,42,79,18,82,85,140,72,139,83,110,30,82,85,139.5,77.5,116.2,60
0209005-582,AK,Fairbanks North Star Borough,05-582,5947,227,4571,70,444,105,2,43,485,4562,146,3642,55,310,91,1,29,288,1405.2,1385.2,1426.6,362.6,1254.6,1519.6,1486.8,1505.5,1545.4,1483,1415.9,873.9,1254.6,1519.6,1516.1,1494.3,1423.7,1251.2
0209005-586,AK,Fairbanks North Star Borough,05-586,2559,158,1610,87,276,123,7,11,287,2114,128,1368,65,225,111,6,8,203,433.3,486.2,495.4,138.1,371.3,541.3,535.4,679.4,556.4,671.3,464.3,312.1,371.3,541.3,545.9,675.3,478.4,503.3
0209005-587,AK,Fairbanks North Star Borough,05-587,496,40,312,16,63,4,0,4,57,362,24,237,15,38,4,0,0,44,176.5,65.3,124.8,22.9,125.1,62.6,196.3,114.3,187.1,118.4,150.7,44.1,125.1,62.6,191.7,116.4,162,76.7
0209005-588,AK,Fairbanks North Star Borough,05-588,663,42,448,5,60,15,0,0,93,555,28,383,5,55,11,0,0,73,212.4,130.2,184.1,41.9,172.9,138.3,253.6,220.4,267.4,212.6,198.2,86,172.9,138.3,260.5,216.5,218.1,148.7
0209005-590,AK,Fairbanks North Star Borough,05-590,701,23,530,4,30,26,3,2,83,516,7,401,4,24,21,1,1,57,161.8,41.1,88.3,13.1,180.1,38.5,254.4,86.6,246.6,81.3,125,27.1,180.1,38.5,250.5,83.9,186.2,52.1
0209005-592,AK,Fairbanks North Star Borough,05-592,1466,125,797,43,223,68,6,9,195,1143,85,689,35,150,57,5,9,113,333.1,257.5,271.4,119.3,228.7,340,295.3,460.4,286.4,440.5,302.3,188.4,228.7,340,290.8,450.4,283,323.5
0209005-594,AK,Fairbanks North Star Borough,05-594,462,36,251,12,84,42,1,4,32,420,34,238,12,72,41,0,0,23,37,89,39,37,28,45,30,78,31,80,38,63,28,45,30.5,79,33,65.8
0209005-596,AK,Fairbanks North Star Borough,05-596,3470,210,2177,147,358,121,31,10,416,2540,137,1705,126,220,105,21,9,217,779,697,777,219,706,758,875,994,916,942,778,458,706,758,895.5,968,810.6,722
0209006-145,AK,Fairbanks North Star Borough,06-145,2635,432,1649,196,22,97,13,22,204,1834,292,1135,166,19,82,13,8,119,445.9,105,374.9,72,218,69,455.9,201,445.9,219,410.4,88.5,218,69,450.9,210,388.1,133.2
0209006-150,AK,Fairbanks North Star Borough,06-150,580,15,479,2,18,11,1,3,51,471,7,402,2,12,8,1,3,36,229.9,79,96,31,223,72,317.9,94,283.9,93,163,55,223,72,300.9,93.5,230.2,73.8
0209006-155,AK,Fairbanks North Star Borough,06-155,729,48,543,20,25,15,6,5,67,549,34,421,16,20,12,3,4,39,230.9,48.7,143.2,18.7,217.6,48.8,260.8,63.8,246,72.1,187,33.7,217.6,48.8,253.4,68,219.7,50.4
0209006-160,AK,Fairbanks North Star Borough,06-160,1261,63,1040,8,36,19,2,1,92,968,37,817,8,23,19,1,1,62,598.9,102,289.8,36.8,456.7,109.9,679,153.5,654.4,166.8,444.3,69.4,456.7,109.9,666.7,160.2,535.8,113.8
0209006-170,AK,Fairbanks North Star Borough,06-170,1509,69,1223,2,42,13,2,19,139,1189,48,974,1,31,12,2,16,105,452.7,221.5,304.1,57.5,432.5,255.3,529.3,282.2,531.1,265.8,378.4,139.5,432.5,255.3,530.2,274,449.9,216.5
0209006-180,AK,Fairbanks North Star Borough,06-180,1374,65,1069,12,35,42,5,27,119,1110,38,898,9,26,36,5,18,80,515.8,187.8,264.2,65.8,413.2,223.6,622.3,261.3,588.4,270,390,126.8,413.2,223.6,605.4,265.7,480.8,201.7
0210033-545,AK,Haines Borough,33-545,1908,62,1444,2,204,14,2,7,173,1569,51,1223,1,165,13,2,7,107,570.9,651.5,562.4,199.9,547,672.6,842.4,1329.9,871.2,1274.2,566.6,425.7,547,672.6,856.8,1302,678.8,825.6
0210033-550,AK,Haines Borough,33-550,172,5,133,0,1,0,0,2,31,133,5,112,0,0,0,0,1,15,83,69,69,42,97,113,140,245,133,243,76,55.5,97,113,136.5,244,104.4,142.4
0210533-505,AK,Hoonah-Angoon Census Area,33-505,659,18,557,1,34,0,0,4,45,537,11,475,1,25,0,0,4,21,103.6,240.8,103.6,122.6,121.5,262.9,177.4,543.7,175.4,575.6,103.6,181.7,121.5,262.9,176.4,559.7,136.3,349.1
0210533-530,AK,Hoonah-Angoon Census Area,33-530,8,0,6,0,0,1,0,0,1,4,0,3,0,0,1,0,0,0,16.2,43.5,26.7,16.2,16.7,45,17.8,37.9,18,36.6,21.4,29.9,16.7,45,17.9,37.2,19.1,35.8
0210533-555,AK,Hoonah-Angoon Census Area,33-555,87,1,10,0,67,0,0,0,9,70,0,10,0,57,0,0,0,3,8,59,52,13,17,54,11,143,4,137,30,36,17,54,7.5,140,18.4,81.2
0210535-700,AK,Hoonah-Angoon Census Area,35-700,369,27,28,0,269,6,1,4,34,277,15,28,0,207,5,1,3,18,45.2,193.1,156.9,56.5,76.2,175.2,69.6,420.3,89.6,317,101.1,124.8,76.2,175.2,79.6,368.6,87.5,232.4
0210535-720,AK,Hoonah-Angoon Census Area,35-720,996,67,338,1,447,5,3,6,129,742,36,266,1,353,5,3,5,73,206,207,218,77,234,213,265,418,256,353,212,142,234,213,260.5,385.5,235.8,253.6
0210535-750,AK,Hoonah-Angoon Census Area,35-750,127,4,85,2,20,3,0,0,13,108,4,72,2,16,3,0,0,11,52,21,45,5,30,23,43,57,36,48,48.5,13,30,23,39.5,52.5,41.2,30.8
0210535-755,AK,Hoonah-Angoon Census Area,35-755,0,0,0,0,0,0,0,0,0,0,0,0,0,0,0,0,0,0,0,0,0,0,0,0,0,0,0,0,0,0,0,0,0,0,0,0
0210535-775,AK,Hoonah-Angoon Census Area,35-775,119,3,99,2,4,0,0,2,9,107,1,93,2,4,0,0,2,5,38.6,39.8,29.6,22.6,20.5,67.9,17.4,85.7,13.4,97.6,34.1,31.2,20.5,67.9,15.4,91.7,23.9,62.7
0211033-500,AK,Juneau City and Borough,33-500,2152,150,1304,31,224,75,36,8,324,1695,93,1145,22,164,60,20,5,186,274.8,874.1,477.2,300.6,273.8,1006.1,318.5,1147.9,320.5,1113.2,376,587.4,273.8,1006.1,319.5,1130.6,333,888.4
0211033-510,AK,Juneau City and Borough,33-510,2623,141,1671,50,353,93,36,16,263,2218,103,1469,35,291,85,26,14,195,281.8,762.4,460.6,266.8,281.8,787.4,265.8,725.4,306.8,686.5,371.2,514.6,281.8,787.4,286.3,706,319.3,645.7
0211033-515,AK,Juneau City and Borough,33-515,2453,138,1778,18,169,125,10,13,202,2138,108,1593,18,140,112,10,9,148,224,1222,429,388,187,1204,183,713,173,782,326.5,805,187,1204,178,747.5,239.2,861.8
0211033-520,AK,Juneau City and Borough,33-520,1280,93,868,6,124,61,12,1,115,1049,69,739,2,100,48,12,0,79,191,386,289,132,175,434,134,364,142,364,240,259,175,434,138,364,186.2,336
0211033-525,AK,Juneau City and Borough,33-525,3537,270,1241,69,837,534,23,12,551,2636,182,1011,56,609,433,20,10,315,498,564,561,225,562,534,471,1028,427,1013,529.5,394.5,562,534,449,1020.5,503.8,672.8
0211033-530,AK,Juneau City and Borough,33-530,1620,89,1283,2,76,25,9,5,131,1281,56,1037,2,68,18,6,5,89,249.9,671.9,411.6,250.9,258.4,694.4,275.3,584.5,277.2,564.8,330.8,461.4,258.4,694.4,276.2,574.6,294.5,553.3
0211034-400,AK,Juneau City and Borough,34-400,2210,104,1665,10,96,53,11,11,260,1878,72,1471,10,77,45,10,11,182,485,592.3,510.6,176.1,440.8,670,498.8,694.6,523.4,715.2,497.8,384.2,440.8,670,511.1,704.9,491.7,569.6
0211034-410,AK,Juneau City and Borough,34-410,2086,152,1241,14,189,183,27,13,267,1675,101,1044,12,154,154,16,12,182,448,395.7,492.4,179.9,424.2,390,493.2,729.4,508.6,688.8,470.2,287.8,424.2,390,500.9,709.1,473.3,476.8
0211034-420,AK,Juneau City and Borough,34-420,1541,74,1245,10,45,21,3,19,124,1255,52,1050,10,27,14,1,16,85,347,622,424,212,375,686,456,641,478,627,385.5,417,375,686,467,634,416,557.6
0211034-430,AK,Juneau City and Borough,34-430,3044,220,1509,32,369,374,150,18,372,2365,142,1257,31,284,301,105,14,231,466,521,496,211,490,620,676,840,673,826,481,366,490,620,674.5,833,560.2,603.6
0211034-440,AK,Juneau City and Borough,34-440,3244,249,1801,28,376,225,70,22,473,2374,150,1435,25,260,183,45,13,263,704,636,738,252,707,657,673,924,691,889,721,444,707,657,682,906.5,702.6,671.6
0211034-450,AK,Juneau City and Borough,34-450,2536,153,1569,33,225,127,30,14,385,1920,108,1268,29,162,108,20,10,215,633,612,641,197,639,704,639,718,651,740,637,404.5,639,704,645,729,640.6,594.2
0211034-460,AK,Juneau City and Borough,34-460,3929,244,2498,25,314,190,52,31,575,2883,156,1960,22,231,150,36,19,309,872,852,946,275,901,916,1108,1231,1143,1137,909,563.5,901,916,1125.5,1184,994,882.2
0212229-100,AK,Kenai Peninsula Borough,29-100,2129,76,1634,10,135,44,5,8,217,1659,57,1305,10,110,37,5,5,130,534.8,407.9,440.9,159.8,512.2,452.9,645.4,538.5,623.5,531.8,487.8,283.8,512.2,452.9,634.4,535.1,551.3,418.2
0212229-110,AK,Kenai Peninsula Borough,29-110,345,6,314,1,0,5,0,0,19,314,5,288,1,0,4,0,0,16,120.1,79,89,21,99,100.1,128.1,198.1,133.1,201.1,104.6,50,99,100.1,130.6,199.6,113.9,119.9
0212229-115,AK,Kenai Peninsula Borough,29-115,1103,37,912,5,40,15,2,10,82,914,18,795,4,24,13,2,6,52,485.4,105.1,222.8,43.4,428.5,121.1,625.7,203,601.2,191.6,354.1,74.2,428.5,121.1,613.5,197.3,472.7,132.8
0212229-120,AK,Kenai Peninsula Borough,29-120,178,1,157,0,11,0,0,0,9,147,1,132,0,5,0,0,0,9,39,67,61,18,31,75,47,121,40,136,50,42.5,31,75,43.5,128.5,43.6,83.4
0212229-130,AK,Kenai Peninsula Borough,29-130,1414,32,1138,10,77,22,0,3,132,1127,22,935,7,58,20,0,1,84,458.2,127.6,264.3,34.9,462.9,166.3,525.2,161.7,512.1,189.7,361.2,81.2,462.9,166.3,518.7,175.7,444.5,136
0212229-140,AK,Kenai Peninsula Borough,29-140,452,15,376,0,21,10,0,0,30,373,10,311,0,18,8,0,0,26,126.9,118.9,100,32.4,122.2,144.4,173.1,133.6,170.4,129.5,113.5,75.6,122.2,144.4,171.7,131.5,138.5,111.8
0212229-150,AK,Kenai Peninsula Borough,29-150,2417,62,1841,8,183,34,8,43,238,1845,42,1450,7,128,28,8,36,146,1200.6,231,497.7,76.6,1083.2,268.7,1417,371.8,1343.5,365.9,849.2,153.8,1083.2,268.7,1380.2,368.8,1108.4,262.8
0212229-160,AK,Kenai Peninsula Borough,29-160,3285,112,2408,36,357,23,12,23,314,2572,69,1922,30,293,19,9,18,212,1159.4,186,520.3,99.4,991.8,252.3,1326,242.2,1250.5,266.1,839.8,142.7,991.8,252.3,1288.3,254.2,1049.6,209.2
0212229-170,AK,Kenai Peninsula Borough,29-170,2796,168,1863,104,372,55,22,8,204,2401,127,1616,101,338,52,20,7,140,422.6,456.5,462.5,164,367.3,500.4,420.1,499.8,439.9,432.6,442.6,310.2,367.3,500.4,430,466.2,422.5,410.7
0212229-180,AK,Kenai Peninsula Borough,29-180,2270,75,1962,2,50,28,3,9,141,1793,55,1571,1,34,26,3,9,94,839,153.2,426.9,32.6,789.6,160.1,1081.1,251,1071.2,216.4,632.9,92.9,789.6,160.1,1076.1,233.7,841.5,162.7
0212229-190,AK,Kenai Peninsula Borough,29-190,2495,82,2076,10,95,28,13,17,174,1982,49,1695,8,79,25,12,16,98,971.9,175.7,398.9,50.5,803.1,233.2,1087.1,274.1,1063.2,272.2,685.4,113.1,803.1,233.2,1075.1,273.1,864.8,201.1
0212230-200,AK,Kenai Peninsula Borough,30-200,2473,106,1934,15,153,31,4,10,220,1870,70,1517,14,102,21,2,7,137,878.1,194.2,413.7,40,737.6,265.4,1125,343.5,1087.9,296.6,645.9,117.1,737.6,265.4,1106.4,320,848.5,227.9
0212230-210,AK,Kenai Peninsula Borough,30-210,3642,168,2804,11,252,57,3,25,322,2755,100,2201,9,163,49,2,15,216,1372.7,361.8,800.1,87.1,1225.1,442.4,1670.1,501.2,1661.2,485.1,1086.4,224.4,1225.1,442.4,1665.6,493.2,1345.8,375.5
0212230-220,AK,Kenai Peninsula Borough,30-220,3785,212,2504,23,427,77,24,12,506,2719,117,1905,17,299,70,15,9,287,1071,381,616,127,962,427,1312,562,1253,518,843.5,254,962,427,1282.5,540,1042.8,403
0212230-230,AK,Kenai Peninsula Borough,30-230,1939,113,1396,10,173,41,7,15,184,1445,69,1079,10,121,31,4,10,121,585,205,333,76,500,224,740,314,728,304,459,140.5,500,224,734,309,577.2,224.6
0212230-240,AK,Kenai Peninsula Borough,30-240,1700,95,1251,8,108,15,3,6,214,1273,54,1000,5,79,14,3,6,112,550,184.6,348.5,51.5,465.7,180.9,587.5,229.6,588.4,212.7,449.3,118,465.7,180.9,587.9,221.1,508,171.8
0212230-250,AK,Kenai Peninsula Borough,30-250,5463,292,4231,39,292,99,26,36,448,4177,181,3357,29,219,89,16,23,263,1731.8,493,998.7,164.6,1485.3,626.2,1741.3,691.4,1711.4,689.3,1365.2,328.8,1485.3,626.2,1726.4,690.3,1533.7,532.9
0212231-300,AK,Kenai Peninsula Borough,31-300,2433,73,2049,9,76,27,0,25,174,1951,35,1691,9,58,24,0,25,109,986,307,461,129,926,349,1337,731,1302,732,723.5,218,926,349,1319.5,731.5,1002.4,449.6
0212231-310,AK,Kenai Peninsula Borough,31-310,1445,34,1232,4,40,8,3,12,112,1180,32,1011,4,36,7,3,10,77,179.2,247.6,145.3,59.2,192,303.7,253,344.5,252.8,321.3,162.3,153.4,192,303.7,252.9,332.9,204.4,255.2
0212231-320,AK,Kenai Peninsula Borough,31-320,1240,26,1095,0,21,12,5,4,77,862,15,755,0,17,6,5,2,62,209.2,110.2,95.1,56,164.1,147.2,404.2,199.3,384.2,229.3,152.2,83.1,164.1,147.2,394.2,214.3,251.4,148.4
0212231-340,AK,Kenai Peninsula Borough,31-340,2541,110,1997,11,184,26,6,21,186,1958,73,1559,10,145,23,6,18,124,644.3,149.3,315.2,46.6,599.5,222,883,274.3,856.9,293.8,479.8,97.9,599.5,222,870,284,659.8,197.2
0212231-350,AK,Kenai Peninsula Borough,31-350,3022,103,2492,17,121,33,10,7,239,2400,67,2032,11,95,32,10,5,148,802.6,762.4,641.8,192.7,762.3,949.6,785.9,856.4,784.8,827.6,722.2,477.5,762.3,949.6,785.3,842,755.5,717.7
0212231-360,AK,Kenai Peninsula Borough,31-360,2500,118,2011,14,110,30,4,13,200,1980,85,1631,8,86,23,4,12,131,590.1,589.9,467.9,160.7,569.9,642.7,756.2,803.8,747.3,799.2,529,375.3,569.9,642.7,751.8,801.5,626.3,599.3
0212231-370,AK,Kenai Peninsula Borough,31-370,2153,54,1860,1,34,18,2,24,160,1769,38,1562,1,30,17,2,16,103,422,594,353,119.5,399.9,707,546,878.2,544.1,858.9,387.5,356.8,399.9,707,545,868.6,453,631.5
0212231-380,AK,Kenai Peninsula Borough,31-380,2868,64,2369,6,136,27,5,30,231,2373,51,2001,4,114,26,5,23,149,1136.4,467.6,543.2,134.2,929.3,597.8,1146.3,425,1093.2,433.1,839.8,300.9,929.3,597.8,1119.8,429.1,969.7,411.5
0212231-390,AK,Kenai Peninsula Borough,31-390,1526,47,1192,4,137,18,2,5,121,1278,31,1029,4,113,16,1,3,81,605,237,318,75,530,317,802,519,741,547,461.5,156,530,317,771.5,533,599.2,339
0212232-847,AK,Kenai Peninsula Borough,32-847,562,17,387,2,67,6,0,6,77,458,14,327,2,52,5,0,6,52,166.6,110.7,99.2,34.4,134.5,153.6,213.9,205.1,206.2,206.3,132.9,72.5,134.5,153.6,210.1,205.7,164.1,142
0212232-855,AK,Kenai Peninsula Borough,32-855,623,30,61,1,435,4,4,0,88,412,14,49,1,296,4,3,0,45,4,51.1,37.1,12,5,58.1,2,88.1,12.1,68,20.5,31.6,5,58.1,7,78.1,12,55.5
0213036-600,AK,Ketchikan Gateway Borough,36-600,2841,190,1412,31,709,122,9,26,342,2254,132,1205,27,545,98,8,21,218,439,421,468,127,401,421,463,447,434,441,453.5,274,401,421,448.5,444,441,371.4
0213036-610,AK,Ketchikan Gateway Borough,36-610,3213,156,1502,24,491,710,6,9,315,2473,118,1241,19,332,558,3,0,202,637,529,733,167,633,543,704,541,682,540,685,348,633,543,693,540.5,677.8,464
0213036-620,AK,Ketchikan Gateway Borough,36-620,2138,65,1246,26,356,184,4,8,249,1683,43,1035,21,262,164,4,6,148,578,236,528,96,546,287,632,361,605,384,553,166,546,287,618.5,372.5,577.8,272.8
0213036-640,AK,Ketchikan Gateway Borough,36-640,1213,59,856,8,134,28,3,16,109,925,41,694,2,78,26,3,9,72,394,131,290,34,354,153,501,221,500,198,342,82.5,354,153,500.5,209.5,407.8,147.4
0213036-650,AK,Ketchikan Gateway Borough,36-650,2040,56,1598,1,143,30,3,27,182,1592,36,1300,1,99,22,1,24,109,761.1,275.8,564.4,87,641.5,338.1,887.7,394.4,865.9,415.2,662.8,181.4,641.5,338.1,876.8,404.8,744.1,302.1
0213036-660,AK,Ketchikan Gateway Borough,36-660,384,10,56,2,256,2,0,3,55,292,3,46,2,204,0,0,2,35,59.8,78.4,107.8,18.6,67.6,85.2,57.8,118.6,56.8,80.3,83.8,48.5,67.6,85.2,57.3,99.5,70,76.2
0213036-670,AK,Ketchikan Gateway Borough,36-670,2119,114,1551,8,175,42,1,4,224,1636,54,1271,7,130,33,1,4,136,620,365.4,587,86.1,531.8,383.3,783.8,532,793,531.9,603.5,225.7,531.8,383.3,788.4,531.9,663.1,379.7
0215032-800,AK,Kodiak Island Borough,32-800,116,2,84,0,25,1,0,0,4,91,2,75,0,9,1,0,0,4,53,30,45,7,31,48,55,37,50,44,49,18.5,31,48,52.5,40.5,46.8,33.2
0215032-810,AK,Kodiak Island Borough,32-810,2440,217,1806,44,128,76,5,40,124,1725,135,1307,38,58,75,4,27,81,483,230,357,63,302,279,584,398,587,382,420,146.5,302,279,585.5,390,462.6,270.4
0215032-815,AK,Kodiak Island Borough,32-815,165,5,40,1,112,0,0,1,6,140,4,38,0,95,0,0,1,2,29.2,12.5,25.6,5.1,29.1,23.8,19.4,10.7,22.4,7.6,27.4,8.8,29.1,23.8,20.9,9.1,25.1,11.9
0215032-820,AK,Kodiak Island Borough,32-820,2800,255,1050,22,360,878,26,1,208,2214,174,908,19,254,710,16,1,132,576.3,458.1,499.8,148.8,403.5,501.1,651.5,472.9,602.4,496.8,538,303.5,403.5,501.1,627,484.8,546.7,415.5
0215032-825,AK,Kodiak Island Borough,32-825,2781,236,746,8,209,1416,30,8,128,2156,172,637,6,147,1081,27,7,79,374,395.1,393.5,98.4,328.1,289.7,540.3,473.3,518.4,454.6,383.8,246.8,328.1,289.7,529.4,463.9,430.9,342.2
0215032-830,AK,Kodiak Island Borough,32-830,4236,292,2425,10,552,409,40,24,484,3092,180,1937,9,380,287,33,11,255,1423.7,762.8,1113.7,197.8,1039.4,941.2,1731.2,942.9,1693.2,928.6,1268.7,480.3,1039.4,941.2,1712.2,935.7,1400.2,754.6
0215032-835,AK,Kodiak Island Borough,32-835,216,6,22,0,176,1,2,0,9,165,5,22,0,131,0,0,0,7,19.8,38.6,55.4,5,10.9,64.3,33.6,52.4,36.6,48.5,37.6,21.8,10.9,64.3,35.1,50.5,31.3,41.8
0215032-840,AK,Kodiak Island Borough,32-840,126,8,29,0,78,0,0,0,11,112,8,25,0,70,0,0,0,9,23,36,49,9,24,55,37,85,45,63,36,22.5,24,55,41,74,35.6,49.6
0215032-845,AK,Kodiak Island Borough,32-845,221,3,89,0,119,0,4,0,6,179,3,76,0,94,0,1,0,5,63,22,43,5,41,36,68,48,67,37,53,13.5,41,36,67.5,42.5,56.4,29.6
0215838-804,AK,Kusilvak Census Area,38-804,0,0,0,0,0,0,0,0,0,0,0,0,0,0,0,0,0,0,0,0,0,0,0,0,0,0,0,0,0,0,0,0,0,0,0,0
0215838-834,AK,Kusilvak Census Area,38-834,493,1,8,2,464,0,0,0,18,310,1,8,2,291,0,0,0,8,29,61,73,12,32,83,45,97,51,99,51,36.5,32,83,48,98,46,70.4
0215838-850,AK,Kusilvak Census Area,38-850,426,0,11,0,398,1,0,0,16,241,0,11,0,220,1,0,0,9,29,40,72,5,27,60,25,58,29,58,50.5,22.5,27,60,27,58,36.4,44.2
0215839-900,AK,Kusilvak Census Area,39-900,757,2,20,0,718,0,0,9,8,444,2,16,0,419,0,0,4,3,25.1,80.3,90.9,13.5,36.7,90.9,31.9,85.1,49.3,65.8,58,46.9,36.7,90.9,40.6,75.4,46.8,67.1
0215839-904,AK,Kusilvak Census Area,39-904,961,2,18,1,898,1,0,0,41,578,2,13,1,547,0,0,0,15,46,157,143,26,55,242,91,137,94,120,94.5,91.5,55,242,92.5,128.5,85.8,136.4
0215839-910,AK,Kusilvak Census Area,39-910,827,3,23,1,759,2,0,0,39,516,2,23,1,466,2,0,0,22,56.9,116.7,147.1,19.5,49.3,121.1,87.1,110.9,102.7,86.2,102,68.1,49.3,121.1,94.9,98.6,88.6,90.9
0215839-916,AK,Kusilvak Census Area,39-916,1375,1,23,2,1330,10,0,2,7,739,0,21,2,704,7,0,2,3,60,164,147,34,62,301,108,191,111,158,103.5,99,62,301,109.5,174.5,97.6,169.6
0215839-918,AK,Kusilvak Census Area,39-918,662,1,1,0,657,0,0,0,3,397,1,1,0,393,0,0,0,2,21,80,81,9,34,126,40,111,53,88,51,44.5,34,126,46.5,99.5,45.8,82.8
0215839-922,AK,Kusilvak Census Area,39-922,629,0,22,6,588,3,0,3,7,418,0,20,6,382,2,0,3,5,40,119,149,12,37,139,60,130,72,96,94.5,65.5,37,139,66,113,71.6,99.2
0215839-928,AK,Kusilvak Census Area,39-928,218,1,2,2,203,0,0,0,10,122,1,2,2,111,0,0,0,6,3,20,0,0,16,31,10,36,11,22,1.5,10,16,31,10.5,29,8,21.8
0215839-930,AK,Kusilvak Census Area,39-930,615,0,8,2,590,2,0,0,13,360,0,8,1,339,2,0,0,10,16,114,111,14,37,110,26,100,51,72,63.5,64,37,110,38.5,86,48.2,82
0215839-934,AK,Kusilvak Census Area,39-934,685,1,12,0,666,3,0,0,3,373,1,12,0,354,3,0,0,3,39,118,112,13,31,215,57,138,54,136,75.5,65.5,31,215,55.5,137,58.6,124
0215839-940,AK,Kusilvak Census Area,39-940,720,2,25,0,675,1,0,0,17,449,1,21,0,414,1,0,0,12,26,118,108,24,36,132,50,167,71,138,67,71,36,132,60.5,152.5,58.2,115.8
0216437-708,AK,Lake and Peninsula Borough,37-708,323,11,39,0,238,3,0,0,32,221,7,34,0,164,3,0,0,13,16.9,9.9,22.8,1,11.9,21.9,17.9,12.9,18.9,8,19.9,5.5,11.9,21.9,18.4,10.4,17.7,10.7
0216437-716,AK,Lake and Peninsula Borough,37-716,114,3,25,0,76,0,0,0,10,89,2,24,0,58,0,0,0,5,11.6,4.1,14,0.2,11.7,15.1,20.3,5.7,10,6.8,12.8,2.2,11.7,15.1,15.2,6.3,13.5,6.4
0216437-726,AK,Lake and Peninsula Borough,37-726,277,3,42,0,191,1,0,0,40,178,1,38,0,120,1,0,0,18,66.5,60.6,94.6,6.8,72.8,80.9,74.8,59.5,78.5,53.7,80.5,33.7,72.8,80.9,76.7,56.6,77.4,52.3
0216437-728,AK,Lake and Peninsula Borough,37-728,226,3,25,0,173,3,0,0,22,148,3,22,0,112,1,0,0,10,15,32,52,4,23,63,15,51,32,43,33.5,18,23,63,23.5,47,27.4,38.6
0216437-730,AK,Lake and Peninsula Borough,37-730,72,1,3,0,65,0,0,0,3,47,0,2,0,43,0,0,0,2,19.5,29.4,45.4,7.8,7.8,33.5,19.5,29.4,17.1,28.9,32.5,18.6,7.8,33.5,18.3,29.1,21.9,25.8
0216437-738,AK,Lake and Peninsula Borough,37-738,320,12,129,1,150,0,0,0,28,234,7,96,1,115,0,0,0,15,10.5,55.4,47.5,6.2,13.2,57.1,6.2,54.5,10.5,48.3,29,30.8,13.2,57.1,8.3,51.4,17.6,44.3
0216437-740,AK,Lake and Peninsula Borough,37-740,43,0,20,0,21,0,0,0,2,36,0,15,0,20,0,0,0,1,16,3,14,1,4,6,8,0,7,2,15,2,4,6,7.5,1,9.8,2.4
0216437-742,AK,Lake and Peninsula Borough,37-742,101,1,14,0,79,0,0,0,7,72,0,14,0,52,0,0,0,6,29.1,9.1,31.2,3,26.1,27.1,17.1,46.1,15.1,45,30.1,6,26.1,27.1,16.1,45.6,23.7,26.1
0217007-100,AK,Matanuska-Susitna Borough,07-100,2331,148,1731,10,133,46,5,18,240,1669,90,1277,9,87,40,2,6,158,745,201,462,63,756,206,994,398,984,341,603.5,132,756,206,989,369.5,788.2,241.8
0217007-105,AK,Matanuska-Susitna Borough,07-105,1539,61,1245,19,55,12,1,8,138,1172,43,959,16,39,12,1,8,94,588,142,313,47,532,179,711,196,699,210,450.5,94.5,532,179,705,203,568.6,154.8
0217007-110,AK,Matanuska-Susitna Borough,07-110,3121,149,2432,13,156,44,6,15,306,2303,97,1833,12,109,37,5,11,199,817,249,459,97,714,259,1056,395,1006,360,638,173,714,259,1031,377.5,810.4,272
0217007-115,AK,Matanuska-Susitna Borough,07-115,2289,149,1596,26,146,35,14,18,305,1749,98,1279,21,117,27,10,13,184,647,154.2,359.3,39.5,473.3,177.7,706.1,205.4,685.7,205.4,503.2,96.9,473.3,177.7,695.9,205.4,574.3,156.5
0217007-120,AK,Matanuska-Susitna Borough,07-120,4051,233,2872,52,293,102,38,34,427,3071,131,2285,45,213,79,27,27,264,1201,335.8,676.7,143.4,978.7,381.3,988.9,294.6,948.3,293.6,938.8,239.6,978.7,381.3,968.6,294.1,958.7,289.7
0217007-125,AK,Matanuska-Susitna Borough,07-125,5121,308,3750,77,317,77,24,45,523,3620,157,2824,58,210,54,14,33,270,1337.2,310.6,720.9,109.4,1315.2,393.6,1575,467.5,1481.6,490.7,1029,210,1315.2,393.6,1528.3,479.1,1286,354.4
0217007-130,AK,Matanuska-Susitna Borough,07-130,2237,107,1624,15,168,49,6,15,253,1509,54,1170,10,111,37,6,2,119,616,124,280,69,634,142,1018,269,967,295,448,96.5,634,142,992.5,282,703,179.8
0217008-130,AK,Matanuska-Susitna Borough,08-130,1712,106,1247,20,92,29,11,9,198,1209,55,949,12,51,17,11,6,108,497,104,232,43,410,122,562,159,551,158,364.5,73.5,410,122,556.5,158.5,450.4,117.2
0217008-135,AK,Matanuska-Susitna Borough,08-135,3647,167,2756,43,209,30,14,30,398,2699,113,2152,31,152,26,11,20,194,1087.9,216,478.8,81.4,1066.4,253.3,1452.3,279.6,1411.5,289.2,783.3,148.7,1066.4,253.3,1431.9,284.4,1099.4,223.9
0217008-140,AK,Matanuska-Susitna Borough,08-140,4447,225,3297,29,332,72,10,26,456,3050,138,2359,23,207,57,8,20,238,1171,220,577,81,1110,272,1387,472,1300,444,874,150.5,1110,272,1343.5,458,1109,297.8
0217008-145,AK,Matanuska-Susitna Borough,08-145,3954,203,2879,49,268,47,32,31,445,2753,120,2128,43,178,28,18,13,225,807,164,381,93,828,233,1157,239,1082,262,594,128.5,828,233,1119.5,250.5,851,198.2
0217008-150,AK,Matanuska-Susitna Borough,08-150,5555,314,3546,157,805,103,55,36,539,4356,183,2782,151,770,89,48,23,310,1173.2,249.6,594.4,85.1,1114.4,307.8,1507.2,404.4,1433.7,412.8,883.8,167.4,1114.4,307.8,1470.4,408.6,1164.6,292
0217008-155,AK,Matanuska-Susitna Borough,08-155,3782,115,2996,21,250,37,56,13,294,2967,81,2424,12,181,37,35,9,188,1408.3,281.9,634.8,95.6,1226.1,297.7,1575.9,421.7,1498,435.4,1021.6,188.8,1226.1,297.7,1536.9,428.6,1268.6,306.5
0217009-622,AK,Matanuska-Susitna Borough,09-622,3701,137,2998,15,121,54,7,30,339,2688,92,2226,14,89,52,2,21,192,1065.4,302.8,631.2,109.1,1061.7,399.9,1396.4,387.8,1357,393.2,848.3,205.9,1061.7,399.9,1376.7,390.5,1102.3,318.5
0217009-628,AK,Matanuska-Susitna Borough,09-628,4973,211,3993,33,220,39,13,45,419,3505,93,2919,25,139,37,6,36,250,1310.6,392.8,696.8,161.8,1271.1,499.4,1623.4,589.2,1618.5,624.7,1003.7,277.3,1271.1,499.4,1621,606.9,1304.1,453.6
0217009-640,AK,Matanuska-Susitna Borough,09-640,437,12,390,0,14,1,0,0,20,332,7,304,0,10,1,0,0,10,128.4,50.2,69.2,10.1,93.3,48.2,162.5,65.3,162.5,62.3,98.8,30.1,93.3,48.2,162.5,63.8,123.2,47.2
0217009-645,AK,Matanuska-Susitna Borough,09-645,1311,41,965,5,101,14,1,19,165,1015,19,790,5,80,11,1,14,95,460,166.4,255.1,63,442.2,210.8,644.1,326,621.5,320.1,357.5,114.7,442.2,210.8,632.8,323.1,484.6,217.3
0217010-005,AK,Matanuska-Susitna Borough,10-005,1833,102,1373,19,101,34,3,22,179,1311,58,1019,16,73,23,3,14,105,470,137,272,48,447,165,622,159,599,160,371,92.5,447,165,610.5,159.5,482,133.8
0217010-010,AK,Matanuska-Susitna Borough,10-010,3265,185,2504,25,154,48,16,9,324,2221,97,1752,20,110,41,15,9,177,868,188,478,70,818,235,1268,351,1210,359,673,129,818,235,1239,355,928.4,240.6
0217010-015,AK,Matanuska-Susitna Borough,10-015,3625,194,2788,16,215,28,5,36,343,2568,117,2027,14,129,25,5,21,230,1085,223,560,76,957,321,1250,374,1213,391,822.5,149.5,957,321,1231.5,382.5,1013,277
0217010-020,AK,Matanuska-Susitna Borough,10-020,1975,41,1603,5,114,20,6,7,179,1483,21,1233,5,88,14,0,5,117,686.6,155,336.8,54.4,629.8,164.1,780.7,176.2,715.3,165.4,511.7,104.7,629.8,164.1,748,170.8,629.8,143
0217010-025,AK,Matanuska-Susitna Borough,10-025,1716,69,1403,13,57,35,6,15,118,1270,44,1062,7,37,29,6,13,72,516.5,104.1,240.3,28.2,494.1,136.2,649.6,147.8,634,176.9,378.4,66.2,494.1,136.2,641.8,162.4,506.9,118.6
0217010-030,AK,Matanuska-Susitna Borough,10-030,1496,64,1248,1,63,11,0,13,96,1223,53,1033,1,55,11,0,9,61,505.7,178.4,280.9,85.8,489.9,170.5,722.5,239.5,678.2,261.2,393.3,132.1,489.9,170.5,700.3,250.4,535.4,187.1
0217010-035,AK,Matanuska-Susitna Borough,10-035,1146,21,991,3,15,13,0,14,89,973,14,867,2,15,9,0,13,53,212,327.9,199.1,123.8,227.8,321.9,208,512.1,203.1,475.5,205.5,225.8,227.8,321.9,205.5,493.8,210,352.2
0217010-040,AK,Matanuska-Susitna Borough,10-040,650,17,543,1,34,3,0,1,51,561,6,497,0,19,1,0,1,37,203.4,53.1,112.8,20.9,222.5,53.9,301.2,76.4,288.2,69.3,158.1,37,222.5,53.9,294.7,72.8,225.6,54.7
0217010-045,AK,Matanuska-Susitna Borough,10-045,2229,27,1896,17,93,22,1,16,157,1874,12,1637,14,68,19,0,12,112,1034.7,296.8,488.6,105.9,919.4,344.5,1330.8,397.9,1249.8,376.2,761.7,201.3,919.4,344.5,1290.3,387,1004.7,304.3
0217010-050,AK,Matanuska-Susitna Borough,10-050,1242,89,836,10,114,28,4,7,154,858,47,594,6,87,20,4,5,95,224,46,114,22,259,75,340,128,327,135,169,34,259,75,333.5,131.5,252.8,81.2
0217010-055,AK,Matanuska-Susitna Borough,10-055,1580,85,1219,13,89,20,2,9,143,1095,35,887,11,61,16,2,8,75,454,103,243,39,453,155,614,172,624,180,348.5,71,453,155,619,176,477.6,129.8
0217011-055,AK,Matanuska-Susitna Borough,11-055,2848,136,2215,40,125,45,12,13,262,1945,59,1605,28,73,28,7,7,138,972.1,230.1,563.1,79,917.1,273.1,1139.1,340,1121.1,333,767.6,154.5,917.1,273.1,1130.1,336.6,942.5,251
0217011-060,AK,Matanuska-Susitna Borough,11-060,2188,92,1691,19,88,19,22,26,231,1534,49,1245,16,57,14,8,15,130,804,255,507,89,667,298,786,340,806,318,655.5,172,667,298,796,329,714,260
0217011-065,AK,Matanuska-Susitna Borough,11-065,1447,74,1131,5,69,18,3,18,129,1003,50,803,4,46,15,0,9,76,491.9,150,319.9,38,419.9,150,496.9,233.9,469.9,228.9,405.9,94,419.9,150,483.4,231.4,439.7,160.2
0217011-070,AK,Matanuska-Susitna Borough,11-070,3232,198,2321,50,276,63,3,23,298,2507,145,1876,42,201,48,1,15,179,760.9,352.6,540.5,109.8,689.5,426.4,771.2,382.7,757.7,387.1,650.7,231.2,689.5,426.4,764.5,384.9,704,331.7
0217011-075,AK,Matanuska-Susitna Borough,11-075,2677,168,1796,41,256,32,41,18,325,1895,110,1346,36,167,26,21,9,180,755.1,296.3,479.6,99.1,649.1,348.8,678.8,393.4,650.1,417.2,617.4,197.7,649.1,348.8,664.5,405.3,642.6,311
0217011-085,AK,Matanuska-Susitna Borough,11-085,2099,96,1647,34,85,38,6,17,176,1478,66,1183,23,60,29,5,16,96,707.1,197.1,444.3,58.8,654.1,215.8,803.2,362.9,841.4,329.5,575.7,128,654.1,215.8,822.3,346.2,690,232.8
0217011-090,AK,Matanuska-Susitna Borough,11-090,1452,77,1074,14,70,24,1,1,191,1061,46,831,12,43,12,1,1,115,493,124,257,32,437,157,622,202,596,212,375,78,437,157,609,207,481,145.4
0217011-095,AK,Matanuska-Susitna Borough,11-095,2388,193,1761,31,147,41,7,17,191,1724,114,1346,22,92,34,7,12,97,838.9,277,510.8,108.1,758.4,350.7,1065.8,508.8,1108.1,465.6,674.9,192.5,758.4,350.7,1086.9,487.2,856.4,342
0217011-099,AK,Matanuska-Susitna Borough,11-099,1352,44,1156,1,41,6,1,12,91,1021,27,888,1,35,6,1,11,52,608,263,336,68,528,258,719,368,686,358,472,165.5,528,258,702.5,363,575.4,263
0217012-200,AK,Matanuska-Susitna Borough,12-200,2265,125,1681,15,134,25,13,11,261,1567,73,1223,12,88,21,5,5,140,559,105,301,31,560,143,657,161,649,165,430,68,560,143,653,163,545.2,121
0217012-205,AK,Matanuska-Susitna Borough,12-205,2302,166,1653,52,99,64,9,14,245,1480,77,1121,37,51,54,8,8,124,709.2,186,384.3,53.7,609.6,219.6,860.4,303.9,854.8,314,546.7,119.9,609.6,219.6,857.6,309,683.7,215.5
0217012-210,AK,Matanuska-Susitna Borough,12-210,3484,186,2616,33,188,46,20,18,377,2425,92,1939,21,114,39,13,9,198,1158.8,213.4,565.1,113.6,1001.8,294.4,1392,288.5,1358.4,299.3,862,163.5,1001.8,294.4,1375.2,293.9,1095.2,241.8
0217012-220,AK,Matanuska-Susitna Borough,12-220,4382,109,3587,17,224,41,2,56,346,3337,79,2816,17,146,34,2,43,200,1593.4,464,933.6,151.1,1448.1,531.3,1815.9,693.6,1769.2,677,1263.5,307.6,1448.1,531.3,1792.5,685.3,1512,503.4
0218039-902,AK,Nome Census Area,39-902,428,5,22,2,378,3,0,4,14,273,2,22,2,233,0,0,4,10,25,86,88,6,37,77,31,91,54,52,56.5,46,37,77,42.5,71.5,47,62.4
0218039-906,AK,Nome Census Area,39-906,83,2,2,0,72,1,0,0,6,50,1,2,0,46,0,0,0,1,3,8,11,0,8,15,11,12,11,14,7,4,8,15,11,13,8.8,9.8
0218039-908,AK,Nome Census Area,39-908,366,5,16,0,325,2,0,0,18,230,3,16,0,199,1,0,0,11,35,51,57,12,60,63,90,52,75,52,46,31.5,60,63,82.5,52,63.4,46
0218039-912,AK,Nome Census Area,39-912,640,4,19,1,614,1,0,0,1,444,3,17,1,421,1,0,0,1,32,147,125,22,47,132,73,179,97,99,78.5,84.5,47,132,85,139,74.8,115.8
0218039-914,AK,Nome Census Area,39-914,175,1,11,0,159,0,0,0,4,117,1,9,0,104,0,0,0,3,11,32.4,42.3,3.7,14.4,40.6,22.3,47.1,25.3,39.6,26.6,18,14.4,40.6,23.8,43.4,23,32.7
0218039-920,AK,Nome Census Area,39-920,312,4,12,1,277,2,0,0,16,188,3,12,1,159,2,0,0,11,26.7,67,75.3,12.6,84.1,56.8,73.8,57.3,68.8,51.8,51,39.8,84.1,56.8,71.3,54.5,65.7,49.1
0218039-924,AK,Nome Census Area,39-924,1638,72,446,11,801,44,3,9,252,1237,51,383,5,609,37,3,3,146,216.7,221.7,272.4,51.7,151.1,208.8,202.8,225.7,227.7,186.9,244.5,136.7,151.1,208.8,215.2,206.3,214.1,178.9
0218039-926,AK,Nome Census Area,39-926,2272,63,610,22,1138,41,0,11,387,1573,45,508,18,728,33,0,9,232,288.3,281.3,342.6,77.3,209.9,386.2,306.2,308.3,347.4,244.1,315.5,179.3,209.9,386.2,326.8,276.2,298.9,259.5
0218039-932,AK,Nome Census Area,39-932,835,5,18,1,803,3,0,0,5,533,3,18,1,505,3,0,0,3,27,192,144,25,73,158,31,246,86,144,85.5,108.5,73,158,58.5,195,72.2,153
0218039-936,AK,Nome Census Area,39-936,213,1,20,4,186,0,0,0,2,152,0,20,4,128,0,0,0,0,32.3,57,62.7,11.4,40.9,72.2,54.2,44.7,54.2,34.2,47.5,34.2,40.9,72.2,54.2,39.5,48.9,43.9
0218039-938,AK,Nome Census Area,39-938,580,3,15,4,555,0,0,0,3,394,1,15,4,373,0,0,0,1,29.2,137,134.4,15.1,46.9,137.9,36.7,180.2,71.8,116.8,81.8,76.1,46.9,137.9,54.2,148.5,63.8,117.4
0218039-942,AK,Nome Census Area,39-942,457,3,25,3,411,0,0,0,15,263,1,24,3,226,0,0,0,9,28.1,40.9,46,3.4,17,60.4,40,51.1,43.4,28.9,37,22.1,17,60.4,41.7,40,34.9,36.9
0218039-944,AK,Nome Census Area,39-944,634,5,31,2,577,0,0,0,19,385,1,23,2,349,0,0,0,10,15,69,52,6,44,69,47,55,49,44,33.5,37.5,44,69,48,49.5,41.4,48.6
0218039-946,AK,Nome Census Area,39-946,252,2,9,0,224,7,0,0,10,151,2,9,0,129,6,0,0,5,19.8,39.6,49.5,8.9,19.8,26.8,26.8,45.6,25.8,38.6,34.7,24.3,19.8,26.8,26.3,42.1,28.3,31.9
0218039-948,AK,Nome Census Area,39-948,806,7,117,1,671,2,0,0,8,537,2,94,1,430,2,0,0,8,104.2,152.9,202.9,15.1,92.1,186,122.5,195.1,174.6,127.8,153.6,84,92.1,186,148.5,161.4,139.3,135.4
0218039-950,AK,Nome Census Area,39-950,168,3,8,0,146,3,2,1,5,103,3,7,0,87,1,2,0,3,6.7,32,34.8,8.9,9.7,36,5.1,43.5,18.2,29.8,20.8,20.4,9.7,36,11.6,36.7,14.9,30
0218039-952,AK,Nome Census Area,39-952,187,1,12,0,171,0,0,0,3,121,1,12,0,106,0,0,0,2,22,40.6,51.7,9.3,16.6,57.4,19.7,75.8,36.7,51.4,36.9,25,16.6,57.4,28.2,63.6,29.4,46.9
0218540-004,AK,North Slope Borough,40-004,2819,333,1832,53,445,32,31,19,74,2642,327,1806,52,321,31,31,19,55,23.2,71.1,57,15.1,26.2,60.1,43.3,77.2,38.3,68.2,40.1,43.1,26.2,60.1,40.8,72.7,37.6,58.3
0218540-006,AK,North Slope Borough,40-006,276,1,21,1,240,0,0,0,13,173,1,15,0,152,0,0,0,5,21,43,45,3,13,36,41,32,45,27,33,23,13,36,43,29.5,33,28.2
0218540-008,AK,North Slope Borough,40-008,1446,45,232,17,734,188,92,2,136,1052,29,210,17,521,147,71,2,55,146,206,230,40,133,235,192,218,233,157,188,123,133,235,212.5,187.5,186.8,171.2
0218540-010,AK,North Slope Borough,40-010,3488,128,439,53,1859,403,194,4,408,2333,86,389,50,1194,300,134,4,176,388,474,585,100,301,510,504,508,585,345,486.5,287,301,510,544.5,426.5,472.6,387.4
0218540-016,AK,North Slope Borough,40-016,283,0,12,0,269,0,0,0,2,191,0,9,0,180,0,0,0,2,38,35.4,57.5,9.4,32.1,67,69,33.9,57.1,33.7,47.7,22.4,32.1,67,63.1,33.8,50.7,35.9
0218540-030,AK,North Slope Borough,40-030,912,31,323,24,500,11,4,1,18,707,30,321,24,303,10,4,1,14,33.4,44.8,63.4,15.5,16.7,63.6,45.5,70.4,44.6,58.3,48.4,30.2,16.7,63.6,45.1,64.4,40.7,50.5
0218540-032,AK,North Slope Borough,40-032,849,6,65,7,730,2,0,4,35,506,3,51,5,425,2,0,4,16,50,114,108,21,60,83,117,116,142,83,79,67.5,60,83,129.5,99.5,95.4,83.4
0218540-034,AK,North Slope Borough,40-034,330,1,19,0,304,0,0,0,6,171,1,8,0,157,0,0,0,5,15.1,30.2,41.2,9,25.1,30.2,37.1,25.1,37.2,24.1,28.1,19.6,25.1,30.2,37.2,24.6,31.2,23.7
0218540-040,AK,North Slope Borough,40-040,628,3,21,4,599,0,0,0,1,404,0,18,4,381,0,0,0,1,88,68,106,4,54,96,167,66,165,38,97,36,54,96,166,52,116,54.4
0218840-002,AK,Northwest Arctic Borough,40-002,285,3,21,3,242,0,0,0,16,178,0,21,1,146,0,0,0,10,11.7,68.3,47.8,17.6,21.5,55.6,15.6,51.7,15.6,50.8,29.8,42.9,21.5,55.6,15.6,51.2,22.4,48.8
0218840-012,AK,Northwest Arctic Borough,40-012,553,3,8,2,524,1,0,0,15,313,2,8,2,292,1,0,0,8,26,79,99,18,57,63,49,54,38,35,62.5,48.5,57,63,43.5,44.5,53.8,49.8
0218840-014,AK,Northwest Arctic Borough,40-014,193,0,6,0,178,1,0,0,8,120,0,5,0,107,1,0,0,7,6.2,47.4,40.2,7.1,16.5,55.3,35.5,54.7,38.2,42.8,23.2,27.2,16.5,55.3,36.8,48.7,27.3,41.5
0218840-018,AK,Northwest Arctic Borough,40-018,475,1,24,1,420,2,0,0,27,310,0,22,1,271,2,0,0,14,40.3,74.7,79.6,20.1,59.5,54.8,43.5,74.5,68.6,34.3,60,47.4,59.5,54.8,56,54.4,58.3,51.7
0218840-020,AK,Northwest Arctic Borough,40-020,467,6,18,0,441,0,0,0,2,278,6,17,0,253,0,0,0,2,25,73,77,19,35,33,71,42,79,31,51,46,35,33,75,36.5,57.4,39.6
0218840-022,AK,Northwest Arctic Borough,40-022,196,5,20,1,161,1,0,0,8,111,3,20,1,82,1,0,0,4,7,18,21,4,14,19,15,39,22,28,14,11,14,19,18.5,33.5,15.8,21.6
0218840-024,AK,Northwest Arctic Borough,40-024,3249,78,514,63,2227,48,11,0,308,2242,54,445,59,1472,48,11,0,153,291,451,493,80,313,475,280,470,344,373,392,265.5,313,475,312,421.5,344.2,369.8
0218840-026,AK,Northwest Arctic Borough,40-026,586,4,30,1,537,0,0,0,14,376,3,28,1,331,0,0,0,13,43.8,80.7,98.6,15.9,66.7,103.6,75.7,66.7,90.6,40.8,71.2,48.3,66.7,103.6,83.2,53.8,75.1,61.5
0218840-028,AK,Northwest Arctic Borough,40-028,702,0,18,0,676,0,0,0,8,407,0,15,0,388,0,0,0,4,48,91,106,20,109,38,89,60,80,51,77,55.5,109,38,84.5,55.5,86.4,52
0218840-036,AK,Northwest Arctic Borough,40-036,815,1,19,0,788,0,0,0,7,485,0,17,0,464,0,0,0,4,43.7,94.3,74.4,13.9,61.5,95.2,60.5,63.5,70.4,43.7,59,54.1,61.5,95.2,65.5,53.6,62.1,62.1
0218840-038,AK,Northwest Arctic Borough,40-038,272,1,6,0,259,0,0,0,6,166,1,6,0,157,0,0,0,2,10,79,66,16,26,55,12,75,29,48,38,47.5,26,55,20.5,61.5,28.6,54.6
0219535-700,AK,Petersburg Census Area,35-700,0,0,0,0,0,0,0,0,0,0,0,0,0,0,0,0,0,0,0,0,0,0,0,0,0,0,0,0,0,0,0,0,0,0,0,0
0219535-730,AK,Petersburg Census Area,35-730,4,1,0,0,0,0,0,0,3,4,1,0,0,0,0,0,0,3,6.7,8.2,10,2.6,3.9,13.2,8.7,23.3,8.9,18.2,8.4,5.4,3.9,13.2,8.8,20.7,7.7,13.1
0219535-755,AK,Petersburg Census Area,35-755,3394,163,2444,46,231,117,12,21,360,2681,101,2029,35,158,99,12,11,236,910.9,563.1,895,196.3,688.6,686.7,998.6,533.2,892,694.6,902.9,379.7,688.6,686.7,945.3,613.9,877,534.8
0219835-705,AK,Prince of Wales-Hyder Census Area,35-705,1251,52,788,3,230,13,0,5,160,967,33,663,3,155,10,0,1,102,360.6,207.6,309.9,103.3,264.1,217.3,501,357.8,432.7,398.7,335.2,155.4,264.1,217.3,466.8,378.2,373.7,256.9
0219835-730,AK,Prince of Wales-Hyder Census Area,35-730,546,8,64,2,414,3,3,1,51,391,5,62,2,287,1,2,1,31,100.3,121.8,149,38.4,58.1,195.8,129.3,346.7,133.1,270.8,124.6,80.1,58.1,195.8,131.2,308.8,113.9,194.7
0219835-735,AK,Prince of Wales-Hyder Census Area,35-735,30,3,19,0,5,0,1,0,2,20,0,15,0,2,0,1,0,2,9.6,5.3,13.2,3.5,14.9,7.9,24.6,25.4,16.7,25.4,11.4,4.4,14.9,7.9,20.6,25.4,15.8,13.5
0219835-740,AK,Prince of Wales-Hyder Census Area,35-740,800,15,307,4,345,8,0,0,121,624,10,285,4,250,6,0,0,69,230.4,182.4,257.1,58.7,220.9,205.7,423,455.2,353.3,438.3,243.8,120.6,220.9,205.7,388.2,446.8,296.9,268.1
0219835-745,AK,Prince of Wales-Hyder Census Area,35-745,472,7,415,3,18,0,4,1,24,399,2,365,3,10,0,2,1,16,84,41,71,31,72,36,178,73,171,74,77.5,36,72,36,174.5,73.5,115.2,51
0219835-755,AK,Prince of Wales-Hyder Census Area,35-755,0,0,0,0,0,0,0,0,0,0,0,0,0,0,0,0,0,0,3.1,1.9,3,0.7,2.4,2.3,3.4,1.8,3,2.4,3.1,1.3,2.4,2.3,3.2,2.1,3,1.8
0219835-760,AK,Prince of Wales-Hyder Census Area,35-760,78,1,70,0,1,0,0,3,3,54,0,48,0,1,0,0,3,2,25,15,19,11,11,17,19,25,17,26,22,13,11,17,18,25.5,18.2,18.8
0219835-780,AK,Prince of Wales-Hyder Census Area,35-780,554,11,459,3,37,0,6,3,35,460,7,390,3,27,0,4,3,26,222.4,30.7,116.8,18.5,192.1,53.1,349.4,82.6,327.3,74.6,169.6,24.6,192.1,53.1,338.4,78.6,241.6,51.9
0219836-670,AK,Prince of Wales-Hyder Census Area,36-670,71,2,63,1,0,0,0,3,2,60,1,55,1,0,0,0,3,0,11.8,6,10.2,1.4,9.9,6.4,15,7.8,15.1,8.1,11,3.7,9.9,6.4,15.1,8,12.4,6
0219836-675,AK,Prince of Wales-Hyder Census Area,36-675,389,15,32,1,318,1,12,0,10,282,7,29,1,229,0,8,0,8,20,100,54,35,23,100,28,187.9,28,157.9,37,67.5,23,100,28,172.9,30.6,116.1
0219836-680,AK,Prince of Wales-Hyder Census Area,36-680,1562,46,151,4,1161,0,4,0,196,1126,28,130,4,828,0,2,0,134,189.4,288.4,355.6,67.9,194.2,286.1,215.7,599.3,234.1,546.5,272.5,178.2,194.2,286.1,224.9,572.9,237.8,357.6
0222035-765,AK,Sitka City and Borough,35-765,4205,225,2535,6,662,172,7,27,571,3279,144,2125,6,489,144,7,21,343,995.6,988.6,1018.5,372.1,773.1,1102.3,885.9,1047.5,816,1093.4,1007.1,680.4,773.1,1102.3,851,1070.4,897.8,920.8
0222035-770,AK,Sitka City and Borough,35-770,4253,276,2515,31,544,401,7,26,453,3435,203,2134,29,432,339,7,15,276,819.4,1140.4,949.5,413.9,696.9,1205.7,859.1,1083.5,827,1097.6,884.4,777.1,696.9,1205.7,843,1090.6,830.4,988.2
0223033-540,AK,Skagway Municipality,33-540,1240,41,1056,6,23,39,0,6,69,993,33,863,4,21,28,0,6,38,226.9,439.8,308.5,211,209,483.6,217.9,679.6,220.9,678.7,267.7,325.4,209,483.6,219.4,679.2,236.6,498.5
0224006-015,AK,Southeast Fairbanks Census Area,06-015,2,0,2,0,0,0,0,0,0,2,0,2,0,0,0,0,0,0,26.9,6.2,20.7,1.4,23.1,5.3,30.8,8.7,30.3,6.7,23.8,3.8,23.1,5.3,30.5,7.7,26.4,5.7
0224006-027,AK,Southeast Fairbanks Census Area,06-027,134,5,80,0,37,2,0,0,10,112,5,73,0,26,0,0,0,8,55.2,8.7,31,0,31,5.8,92,4.8,86.2,8.7,43.1,4.4,31,5.8,89.1,6.8,59.1,5.6
0224006-030,AK,Southeast Fairbanks Census Area,06-030,193,3,155,0,29,0,0,0,6,171,2,139,0,27,0,0,0,3,85.8,44.9,49.9,16,78.8,37.9,83.8,24.9,79.8,24.9,67.8,30.4,78.8,37.9,81.8,24.9,75.6,29.7
0224006-053,AK,Southeast Fairbanks Census Area,06-053,2,0,2,0,0,0,0,0,0,2,0,2,0,0,0,0,0,0,5.4,11.1,8.2,2.2,3.8,16.2,4.4,16.8,3.8,16.2,6.8,6.7,3.8,16.2,4.1,16.5,5.1,12.5
0224006-060,AK,Southeast Fairbanks Census Area,06-060,273,4,53,1,211,1,0,0,3,191,3,44,1,140,0,0,0,3,44.4,57.7,79.1,6.7,43.5,66.3,62.5,84.5,68.2,66.9,61.8,32.2,43.5,66.3,65.4,75.7,59.6,56.4
0224006-075,AK,Southeast Fairbanks Census Area,06-075,144,5,13,0,119,0,0,0,7,98,0,12,0,84,0,0,0,2,4,35,25,7,12,41,18,43,15,45,14.5,21,12,41,16.5,44,14.8,34.2
0224006-085,AK,Southeast Fairbanks Census Area,06-085,133,3,8,0,116,0,0,0,6,92,3,8,0,75,0,0,0,6,8.8,55.7,43,6.8,8.8,61.6,16.6,72.4,20.5,45,25.9,31.3,8.8,61.6,18.6,58.7,19.6,48.3
0224006-090,AK,Southeast Fairbanks Census Area,06-090,1259,31,850,4,169,12,0,6,187,961,21,695,4,125,7,0,5,104,511,160,312,74,445,156,620,157,578,153,411.5,117,445,156,599,155,493.2,140
0224009-600,AK,Southeast Fairbanks Census Area,09-600,3560,250,2908,56,98,67,2,17,162,2760,179,2268,46,78,63,2,17,107,1289.9,229.4,684.4,102.6,1176.5,242.3,1701.5,297,1626.6,304.1,987.2,166,1176.5,242.3,1664.1,300.6,1295.8,235.1
0224009-608,AK,Southeast Fairbanks Census Area,09-608,1108,75,922,7,16,5,11,0,72,834,44,716,6,11,5,10,0,42,415,59,227,35,356,73,493,94,479,91,321,47,356,73,486,92.5,394,70.4
0227536-690,AK,Wrangell City and Borough,36-690,2127,76,1341,0,368,25,2,11,304,1707,49,1159,0,279,21,2,10,187,750,269,646,85,648,299,827,396,791,384,698,177,648,299,809,390,732.4,286.6
0228232-850,AK,Yakutat City and Borough,32-850,0,0,0,0,0,0,0,0,0,0,0,0,0,0,0,0,0,0,0.5,1.5,2.1,0.2,0.7,1.5,1.2,1.6,1.4,1.4,1.3,0.8,0.7,1.5,1.3,1.5,1.2,1.2
0228232-860,AK,Yakutat City and Borough,32-860,662,29,248,2,250,32,1,0,100,534,18,226,2,193,32,1,0,62,136,162,155,53,107,186,173,307,172,294,145.5,107.5,107,186,172.5,300.5,148.6,200.4
0229006-007,AK,Yukon-Koyukuk Census Area,06-007,151,0,6,0,140,0,0,0,5,104,0,5,0,95,0,0,0,4,1,92.6,29.6,28.6,5.9,67,3,122.1,7.9,108.3,15.3,60.6,5.9,67,5.4,115.2,9.5,83.7
0229006-010,AK,Yukon-Koyukuk Census Area,06-010,48,1,1,0,46,0,0,0,0,41,1,0,0,40,0,0,0,0,5,37,23,2,10,28,6,63,14,60,14,19.5,10,28,10,61.5,11.6,38
0229006-015,AK,Yukon-Koyukuk Census Area,06-015,123,2,74,0,38,1,1,0,7,102,1,73,0,23,1,1,0,3,36.8,25,32.8,8,31.6,26.1,43.8,35.9,43.3,34.4,34.8,16.5,31.6,26.1,43.5,35.1,37.7,25.9
0229006-023,AK,Yukon-Koyukuk Census Area,06-023,67,0,5,0,62,0,0,0,0,54,0,5,0,49,0,0,0,0,13,35,16,3,16,31,5,30,19,13,14.5,19,16,31,12,21.5,13.8,22.4
0229006-024,AK,Yukon-Koyukuk Census Area,06-024,24,0,24,0,0,0,0,0,0,21,0,21,0,0,0,0,0,0,1,0.4,0.6,0.3,0.7,0.4,0.8,0.4,0.8,0.4,0.8,0.3,0.7,0.4,0.8,0.4,0.8,0.4
0229006-030,AK,Yukon-Koyukuk Census Area,06-030,1,0,0,0,0,0,0,0,1,0,0,0,0,0,0,0,0,0,0.2,0.1,0.1,0,0.2,0.1,0.2,0.1,0.2,0.1,0.2,0.1,0.2,0.1,0.2,0.1,0.2,0.1
0229006-033,AK,Yukon-Koyukuk Census Area,06-033,521,5,38,0,443,0,0,0,35,384,5,26,0,325,0,0,0,28,63,225,142,28,51,234,65,273,118,186,102.5,126.5,51,234,91.5,229.5,87.8,189.2
0229006-050,AK,Yukon-Koyukuk Census Area,06-050,213,6,66,0,133,1,0,1,6,158,0,66,0,88,1,0,1,2,59,10.8,28.5,5.9,45.3,16.7,71.8,8.8,61,8.8,43.8,8.4,45.3,16.7,66.4,8.8,53.1,10.2
0229006-054,AK,Yukon-Koyukuk Census Area,06-054,150,0,7,0,138,0,0,0,5,103,0,4,0,96,0,0,0,3,29,56.2,59.5,22.1,6.7,64.3,21.2,68.2,30,54.1,44.2,39.1,6.7,64.3,25.6,61.2,29.3,53
0229006-056,AK,Yukon-Koyukuk Census Area,06-056,613,2,397,2,199,0,0,0,13,474,2,307,0,155,0,0,0,10,253.9,108.3,223.5,37.9,245.9,120.8,309.7,191.9,316.6,164.1,238.7,73.1,245.9,120.8,313.1,178,269.9,124.6
0229006-070,AK,Yukon-Koyukuk Census Area,06-070,94,0,6,0,81,0,0,0,7,66,0,4,0,62,0,0,0,0,0,9,8,0,0,6,0,19,4,9,4,4.5,0,6,2,14,2.4,8.6
0229006-080,AK,Yukon-Koyukuk Census Area,06-080,249,4,41,0,197,1,0,0,6,198,3,38,0,150,1,0,0,6,23,125,105,19,15,106,29,154,34,136,64,72,15,106,31.5,145,41.2,108
0229006-095,AK,Yukon-Koyukuk Census Area,06-095,206,1,12,0,192,0,0,0,1,140,1,6,0,132,0,0,0,1,4.1,109.1,52,31,17.1,74,17.1,44.1,11.1,51.1,28.1,70,17.1,74,14.1,47.6,20.3,61.9
0229037-300,AK,Yukon-Koyukuk Census Area,37-300,70,0,3,0,62,0,0,0,5,50,0,3,0,43,0,0,0,4,11.2,37,32,4.5,10.3,33.7,18.5,34.7,29.2,23,21.6,20.7,10.3,33.7,23.9,28.8,20.2,26.6
0229037-302,AK,Yukon-Koyukuk Census Area,37-302,212,1,6,0,187,0,0,0,18,132,0,6,0,117,0,0,0,9,20.6,33.7,43.1,3.7,16.9,41.3,28.1,48.7,34.7,30.9,31.9,18.7,16.9,41.3,31.4,39.8,28.7,31.7
0229037-304,AK,Yukon-Koyukuk Census Area,37-304,176,2,7,0,140,0,0,0,27,134,0,7,0,105,0,0,0,22,17,65.2,61.2,9,17,61.4,23.1,64.5,35.3,45.1,39.1,37.1,17,61.4,29.2,54.8,30.7,49.1
0229037-306,AK,Yukon-Koyukuk Census Area,37-306,369,13,126,4,197,0,0,2,27,277,5,107,4,138,0,0,2,21,72.2,46.2,72.6,11.1,70.4,47.6,92.2,54.1,100.1,39.8,72.4,28.7,70.4,47.6,96.2,46.9,81.5,39.7
0229037-308,AK,Yukon-Koyukuk Census Area,37-308,89,2,10,0,72,0,0,0,5,73,2,9,0,58,0,0,0,4,13.8,22.8,28.4,8.9,10.6,28.4,9.8,34.9,21.9,29.2,21.1,15.8,10.6,28.4,15.8,32.1,16.9,24.9
0229037-310,AK,Yukon-Koyukuk Census Area,37-310,100,3,4,0,90,0,0,0,3,65,0,3,0,60,0,0,0,2,1,20.8,16.8,1,4,32.6,6.9,38.5,22.7,10.9,8.9,10.9,4,32.6,14.8,24.7,10.3,20.7
0229037-312,AK,Yukon-Koyukuk Census Area,37-312,56,7,26,0,14,0,2,0,7,48,5,23,0,14,0,2,0,4,9,1,8,0,10,5,12,5,10,6,8.5,0.5,10,5,11,5.5,9.8,3.4
0229039-314,AK,Yukon-Koyukuk Census Area,39-314,482,4,115,0,332,2,0,9,20,341,4,98,0,216,2,0,8,13,86.3,115.1,153.8,22.8,45.7,123.1,93.3,106.2,113.2,92.3,120.1,69,45.7,123.1,103.2,99.3,98.5,91.9
0229039-316,AK,Yukon-Koyukuk Census Area,39-316,308,4,13,0,278,0,0,0,13,193,0,12,0,175,0,0,0,6,17.6,84.9,62.2,11.2,14.3,100.9,11.7,93.8,28.9,78.7,39.9,48,14.3,100.9,20.3,86.2,26.9,73.9
0229039-318,AK,Yukon-Koyukuk Census Area,39-318,158,0,11,0,132,0,0,0,15,122,0,9,0,101,0,0,0,12,7.2,39.5,39.5,4.5,4.5,42.2,20.6,45.8,25.1,32.3,23.3,22,4.5,42.2,22.9,39.1,19.4,32.9
0229039-320,AK,Yukon-Koyukuk Census Area,39-320,98,1,0,0,97,0,0,0,0,76,0,0,0,76,0,0,0,0,2,38,43,3,4,25,1,58,11,44,22.5,20.5,4,25,6,51,12.2,33.6
0229039-322,AK,Yukon-Koyukuk Census Area,39-322,240,4,17,0,167,2,0,0,50,172,0,9,0,126,2,0,0,35,16.6,65.6,78.6,9.4,9.4,92.8,25.9,95.1,43.3,67.9,47.6,37.5,9.4,92.8,34.6,81.5,34.7,66.2
0229039-324,AK,Yukon-Koyukuk Census Area,39-324,142,1,9,0,127,0,0,0,5,103,1,8,0,92,0,0,0,2,13,42,33,3,9,43,23,49,34,36,23,22.5,9,43,28.5,42.5,22.4,34.6
0229039-942,AK,Yukon-Koyukuk Census Area,39-942,0,0,0,0,0,0,0,0,0,0,0,0,0,0,0,0,0,0,3.1,4.4,5,0.4,1.9,6.6,4.4,5.6,4.7,3.1,4,2.4,1.9,6.6,4.5,4.4,3.8,4
0229040-326,AK,Yukon-Koyukuk Census Area,40-326,194,0,21,0,164,1,0,1,7,135,0,13,0,118,1,0,1,2,8,76,67,11,1,80,12,77,24,52,37.5,43.5,1,80,18,64.5,22.4,59.2
0229040-328,AK,Yukon-Koyukuk Census Area,40-328,104,8,71,0,14,0,0,3,8,92,6,65,0,11,0,0,3,7,11.7,7.8,2.9,3.9,9.8,6.8,16.6,9.8,16.6,11.7,7.3,5.8,9.8,6.8,16.6,10.7,11.5,8
0229040-330,AK,Yukon-Koyukuk Census Area,40-330,85,1,5,0,76,0,0,0,3,60,1,5,0,51,0,0,0,3,4,26,29,5,2,55,5,52,17,42,16.5,15.5,2,55,11,47,11.4,36
