GEOID20,state,county,vtd,pop,pop_hisp,pop_white,pop_black,pop_aian,pop_asian,pop_nhpi,pop_other,pop_two,vap,vap_hisp,vap_white,vap_black,vap_aian,vap_asian,vap_nhpi,vap_other,vap_two,pre_16_dem_cli,pre_16_rep_tru,gov_16_dem_car,gov_16_rep_bon,uss_18_dem_car,uss_18_rep_arl,atg_18_dem_jen,atg_18_rep_pep,pre_20_dem_bid,pre_20_rep_tru,uss_20_dem_coo,uss_20_rep_wit,gov_20_dem_car,gov_20_rep_mur,arv_16,adv_16,arv_18,adv_18,arv_20,adv_20,nrv,ndv
10001001-28,DE,Kent County,001-28,2203,209,749,1080,14,16,0,35,100,1525,128,589,700,6,16,0,17,69,522.2,235.3,544.7,188.4,424.7,134.1,420,148.1,606.6,275.6,587.9,250.3,593.5,255,211.9,533.5,141.1,422.4,260.3,596,212.4,528.5
10001001-29,DE,Kent County,001-29,11966,651,7465,2933,46,188,8,62,613,8726,380,5574,2185,43,154,5,44,341,2165.8,2858.9,2574.3,2438.2,2216.7,2073.2,2208.7,2101.2,3030.2,3438.9,3035.7,3203.9,3068.4,3263.6,2648.5,2370.1,2087.2,2212.7,3302.1,3044.7,2768.3,2614.3
10001001-30,DE,Kent County,001-30,5543,300,3878,911,15,71,2,41,325,4251,196,3065,689,14,53,1,24,209,895.1,1580.8,1027,1468,813.9,1148.4,885.8,1078.2,1218.4,1812.9,1225.1,1710.6,1241.9,1734.2,1524.4,961,1113.3,849.9,1752.6,1228.5,1504.7,1043.9
10001001-31,DE,Kent County,001-31,537,20,417,76,2,8,0,0,14,443,16,347,60,1,5,0,0,14,49,77.6,54.5,72.4,47.7,59.2,50,57.3,64.6,88.2,63.4,84.8,65.2,85.6,75,51.8,58.2,48.9,86.2,64.4,75,56.3
10001001-32,DE,Kent County,001-32,6420,958,2182,2570,42,218,6,31,413,4850,598,1919,1834,37,178,6,23,255,1151.8,592.7,1128.8,586.4,997.2,408.2,1000.1,421.9,1584.8,663.4,1471.9,634.3,1511.8,626.6,589.6,1140.3,415.1,998.6,641.4,1522.8,561.9,1263.8
10001001-33,DE,Kent County,001-33,866,68,510,204,7,9,0,4,64,676,40,420,160,5,9,0,2,40,184,182,187,188,171,152,177,144,228,235,230,223,229,228,185,185.5,148,174,228.7,229,193.1,200.9
10001001-34,DE,Kent County,001-34,464,53,195,130,1,52,0,5,28,359,38,166,97,1,38,0,3,16,205.3,187,206.7,194.8,203.8,155.7,201.7,156,252.4,184.2,255,177.4,247.9,188.6,190.9,206,155.9,202.7,183.4,251.7,177.7,224.7
10001002-28,DE,Kent County,002-28,4366,322,2697,1007,5,45,1,17,272,3331,192,2138,769,5,43,0,14,170,807.5,770.7,935.2,627.1,735.2,492.9,736.1,502.6,1036.3,784,1006.3,747.9,1019.8,749.4,698.9,871.4,497.8,735.7,760.4,1020.8,667.8,896.6
10001002-29,DE,Kent County,002-29,8882,647,4801,2561,121,209,2,50,491,6949,423,3976,1954,109,183,2,24,278,2146.8,1660.3,2228.9,1541.6,2101.6,1264.7,2101.3,1295.6,3092.3,1973.8,3022.5,1842,3059.8,1879.2,1600.9,2187.8,1280.2,2101.4,1898.3,3058.2,1636.7,2536.2
10001002-30,DE,Kent County,002-30,604,27,446,85,6,3,0,0,37,483,18,370,65,5,3,0,0,22,114.9,172.9,134.8,157.9,112.1,122.5,116.3,119.9,163.1,194.1,163.4,181,165.4,183.1,165.4,124.9,121.2,114.2,186.1,164,161.6,138.6
10001002-31,DE,Kent County,002-31,3690,268,1524,1430,6,131,2,75,254,2915,165,1300,1093,4,112,2,69,170,929.1,596.3,961.6,594.6,804.8,432.2,782.1,457.2,1129.7,563.4,1108,526.4,1106.2,557.9,595.5,945.3,444.7,793.5,549.2,1114.6,532.6,974.5
10001002-32,DE,Kent County,002-32,3102,260,1425,1111,16,42,0,23,225,2272,176,1212,681,11,38,0,13,141,764.9,515.5,758.7,533.4,626.8,389.9,638.6,389.2,926.3,531.1,880.8,497.9,894.6,523.2,524.5,761.8,389.6,632.7,517.4,900.6,482.9,784.4
10001002-33,DE,Kent County,002-33,6839,555,3993,1561,22,236,7,47,418,5110,341,3130,1201,21,180,4,26,207,890.3,1029.4,914.7,1051.1,926.3,835,935,841.9,1322.4,1214.4,1304.2,1157.2,1324.3,1183.1,1040.3,902.5,838.5,930.6,1184.9,1317,1044.6,1088.2
10001002-34,DE,Kent County,002-34,472,22,359,40,8,9,0,4,30,358,19,283,26,7,8,0,2,13,71.7,216.3,97.3,200.9,76.5,171.8,83.2,168.2,101,247.4,97.6,242,105.3,239,208.6,84.5,170,79.8,242.8,101.3,212.2,90.4
10001003-28,DE,Kent County,003-28,833,47,429,282,4,15,0,2,54,584,19,311,205,4,15,0,2,28,234.8,245.1,274.4,203.2,224.4,157.5,226.3,160.5,302.3,260.2,303.5,243.2,304,246,224.1,254.6,159,225.4,249.8,303.3,216.5,267.1
10001003-29,DE,Kent County,003-29,3350,188,2667,224,40,33,3,10,185,2468,116,2011,177,34,30,3,1,96,297.7,483.9,338.4,443.7,301.1,354.8,308.9,346,422.2,551.6,422.2,525.6,434.3,527.6,463.8,318,350.4,305,535,426.2,461.9,360.7
10001003-30,DE,Kent County,003-30,3692,134,3053,259,9,22,1,15,199,2965,73,2521,186,9,21,0,12,143,332.6,1261.7,471.2,1122.6,374.6,893.3,424.8,845.1,469.8,1410.4,484.5,1347.3,498.5,1361.3,1192.1,401.9,869.2,399.7,1373,484.3,1177.4,436.6
10001003-31,DE,Kent County,003-31,4580,275,2129,1590,26,226,0,25,309,3584,179,1839,1152,19,178,0,17,200,1249,834,1276,846,1136,643,1105,679,1602,868,1602,796,1605,828,840,1262.5,661,1120.5,830.7,1603,784.9,1367.9
10001003-32,DE,Kent County,003-32,3294,251,1487,1257,8,59,0,17,215,2433,167,1190,880,6,51,0,8,131,571.3,421.3,567,432.2,500.8,335.1,508.3,340.5,685.3,400.7,663,396.5,661.9,401.2,426.8,569.2,337.8,504.6,399.5,670,389.7,593.9
10001003-33,DE,Kent County,003-33,2870,222,1908,487,22,39,2,15,175,2229,138,1559,350,16,37,2,10,117,506.5,830.1,543.6,837.9,517.2,647.3,560.3,603.3,694.2,849.7,689.3,802.7,692.3,815.5,834,525.1,625.3,538.8,822.6,691.9,769.5,600.5
10001003-34,DE,Kent County,003-34,5193,445,3098,1155,35,80,0,18,362,3902,278,2471,858,27,67,0,13,188,1078.3,1438.6,1152.9,1403,1005.6,1093.4,1045.1,1075.2,1425.5,1612.5,1420.6,1519.1,1441.5,1526.7,1420.8,1115.6,1084.3,1025.4,1552.8,1429.2,1381.2,1224.2
10001004-28,DE,Kent County,004-28,209,31,106,49,0,6,0,4,13,135,17,68,38,0,6,0,1,5,23.9,34.6,30.4,27.7,23,30.7,23.3,30.7,37.6,46.2,37.6,41.5,40.3,42.4,31.2,27.1,30.7,23.1,43.3,38.5,36.3,30.8
10001004-29,DE,Kent County,004-29,750,36,422,215,7,19,0,5,46,608,30,364,156,6,19,0,5,28,270.6,428.3,300.6,399.4,263.3,326.4,275.7,316.1,356.4,486.3,349.7,467.6,359.5,472.3,413.8,285.6,321.2,269.5,475.4,355.2,413.8,310.8
10001004-30,DE,Kent County,004-30,1667,55,1192,341,4,3,0,8,64,1267,39,973,198,3,3,0,3,48,182.9,548.4,248.1,474.3,187.2,368.2,202,349,231.7,591.9,248,551.9,241.7,567.1,511.3,215.5,358.6,194.6,570.3,240.5,493,220.2
10001004-31,DE,Kent County,004-31,4005,240,1604,1791,18,118,5,29,200,3485,180,1466,1561,13,109,1,22,133,645.4,340.1,609,377.5,569.6,264.1,567.2,271.4,842.1,375.2,829.8,349.5,828.8,365.8,358.8,627.2,267.8,568.4,363.5,833.5,334.8,698.8
10001004-32,DE,Kent County,004-32,1094,127,356,479,6,56,0,3,67,806,75,294,341,6,45,0,2,43,216.6,87.8,204,99,161.7,58.9,150.8,72.1,259.1,98.1,257.6,87.1,254.5,96.8,93.4,210.3,65.5,156.2,94,257.1,85.7,214.9
10001004-33,DE,Kent County,004-33,5460,526,3543,945,28,79,1,22,316,4192,337,2838,729,25,65,1,10,187,668.4,1134.7,753.1,1101.3,654.9,841,670.4,841,956.6,1284,969.7,1204.7,975.8,1234.1,1118,710.8,841,662.6,1241,967.3,1091.6,807
10001004-34,DE,Kent County,004-34,6645,458,3897,1491,25,250,5,50,469,5166,279,3181,1167,21,199,5,34,280,1368.7,1497.6,1450.3,1437.2,1423.6,1055.5,1433.6,1053.8,1909.1,1450.7,1855,1363.9,1874.6,1406.9,1467.4,1409.5,1054.7,1428.6,1407.2,1879.6,1323.7,1616.4
10001005-28,DE,Kent County,005-28,8622,600,4598,2660,26,230,1,39,468,6691,382,3810,2005,21,178,1,20,274,1580.7,1253.1,1710.8,1069.9,1515.6,800.4,1503.2,828.3,2228.6,1356,2189.5,1262.6,2197.8,1285.7,1161.5,1645.7,814.4,1509.4,1301.4,2205.3,1122.3,1846.6
10001005-29,DE,Kent County,005-29,2485,140,2080,94,15,13,2,10,131,1940,89,1652,82,15,8,2,7,85,186.9,565.1,260.4,494,173.3,389.1,198.1,370.7,232.4,615.8,241.3,580.1,245.1,584.3,529.6,223.6,379.9,185.7,593.4,239.6,514.2,219.6
10001005-30,DE,Kent County,005-30,4644,325,3179,750,23,36,0,20,311,3573,197,2576,546,17,34,0,7,196,608.1,1023.6,702.9,924.7,576.8,698.8,616,653,815.3,1148.1,801,1065.1,810.3,1085.9,974.2,655.5,675.9,596.4,1099.7,808.9,942.7,704.4
10001005-31,DE,Kent County,005-31,3292,208,1612,1114,20,52,6,22,258,2698,152,1438,871,16,40,0,21,160,723,374,746,396,612,288,596,323,874,395,850,369,861,384,385,734.5,305.5,604,382.7,861.7,361.3,751.7
10001005-32,DE,Kent County,005-32,1520,147,736,422,6,99,0,8,102,1103,92,571,297,4,74,0,6,59,303.5,275.9,306.3,282.5,269.4,203.2,279.5,194.5,390.1,298.7,367.4,281.7,377.2,284.8,279.2,304.9,198.8,274.4,288.4,378.2,260.2,327.6
10001005-33,DE,Kent County,005-33,2517,175,1988,171,6,13,4,1,159,2035,116,1663,143,4,13,3,1,92,328.6,722.2,368.4,680.3,305.2,525.7,340.8,493,441,796.6,445.6,757.3,451.4,761.6,701.3,348.5,509.4,323,771.8,446,676.7,383
10001005-34,DE,Kent County,005-34,1483,77,1089,172,5,41,0,21,78,1226,54,929,149,5,35,0,11,43,288.5,465.5,303.4,498.4,287.7,358.3,301.1,351.9,395.3,455.7,404.1,435.6,408.7,439.5,481.9,295.9,355.1,294.4,443.6,402.7,429.3,341.2
10001006-28,DE,Kent County,006-28,417,36,323,8,4,0,0,2,44,328,24,273,3,4,0,0,2,22,371.8,441.9,443.4,370.3,351.9,297.9,342.1,310,431.8,459.6,438,419.1,435,426.8,406.1,407.6,303.9,347,435.2,434.9,389.4,402
10001006-29,DE,Kent County,006-29,3341,185,2799,121,16,23,1,17,179,2512,119,2117,114,13,19,1,11,118,245.8,726.3,306.8,682.7,249.9,521.8,271.3,511.5,316.4,817.7,335.4,757.9,340,766.5,704.5,276.3,516.6,260.6,780.7,330.6,683.5,295.1
10001006-30,DE,Kent County,006-30,3098,160,2378,357,5,31,0,16,151,2474,104,1958,296,5,22,0,4,85,432.9,971,516.3,896.4,399,745.6,416.9,720.8,544.9,1127.4,533,1091.6,527.1,1122.2,933.7,474.6,733.2,408,1113.7,535,953.6,481.4
10001006-31,DE,Kent County,006-31,4397,363,1426,2082,17,210,3,24,272,3400,267,1208,1553,14,169,3,15,171,770.9,272,783,259.2,735.4,170.2,715,205.3,1106.3,324.1,1050,305.9,1078,302.6,265.6,776.9,187.7,725.2,310.9,1078.1,262.8,891.2
10001006-32,DE,Kent County,006-32,653,119,118,332,5,22,0,0,57,482,85,99,242,3,14,0,0,39,130.5,25.5,123.6,30,86.6,14.8,87.1,16.2,149,23.9,135.1,24.4,137.6,27.6,27.7,127.1,15.5,86.8,25.3,140.6,23.2,121.4
10001006-33,DE,Kent County,006-33,3997,333,2720,629,8,66,3,17,221,3150,231,2261,451,6,59,3,10,129,799,1206.4,869,1146.9,707.8,963.2,752.8,916,1058.9,1409.3,1058.4,1326.7,1061.6,1361.1,1176.7,834,939.6,730.3,1365.7,1059.6,1190,901.1
10001006-34,DE,Kent County,006-34,4706,270,2656,1257,18,195,1,20,289,3641,187,2145,963,14,153,1,13,165,850.9,873.9,872.7,862.5,823.5,667.3,843.7,646.9,1154.2,889.5,1156.9,819.4,1152.1,848.8,868.2,861.8,657.1,833.6,852.5,1154.4,801.2,979.2
10001007-28,DE,Kent County,007-28,289,19,224,13,5,8,0,0,20,229,10,185,8,5,8,0,0,13,58.2,52.8,63,48.4,62.6,37.7,61.9,37.3,85.2,56.1,85.1,50.5,85.1,53,50.6,60.6,37.5,62.2,53.2,85.1,48,71.6
10001007-29,DE,Kent County,007-29,2512,79,1903,278,10,118,1,10,113,1933,51,1463,241,10,95,1,6,66,438,748.9,504.4,712,434,569.6,453.9,559.4,569,838,587.2,775.1,585.7,791.2,730.5,471.2,564.5,443.9,801.4,580.6,713.5,510.3
10001007-30,DE,Kent County,007-30,3095,134,2512,247,4,32,0,11,155,2475,100,2038,196,3,31,0,11,96,305,1079,423,981,312,868,341,850,456,1209,468,1138,472,1170,1030,364,859,326.5,1172.3,465.3,1042.1,396.7
10001007-31,DE,Kent County,007-31,2050,195,503,1143,8,39,1,8,153,1560,122,422,884,7,38,0,6,81,768.3,297.8,762.9,298.2,644.6,221.9,642.1,230.2,941.8,330.5,912.4,299.1,926,317.9,298,765.6,226,643.3,315.8,926.7,285.1,799.7
10001007-32,DE,Kent County,007-32,412,38,264,69,2,8,0,1,30,308,20,215,51,0,8,0,0,14,18.3,36.5,19.5,34.7,18.9,23.1,19.2,23.4,31.7,38.7,30.4,36.9,32.9,35.3,35.6,18.9,23.3,19,37,31.7,32.7,24.4
10001007-33,DE,Kent County,007-33,2354,482,857,832,9,32,0,11,131,1633,287,675,573,3,26,0,5,64,572.1,528.9,607.8,505.3,491.6,417.7,514.1,405.3,691.6,603.3,668.7,582.8,679.9,594.6,517.1,590,411.5,502.9,593.6,680.1,519.7,603.7
10001007-34,DE,Kent County,007-34,4141,375,2200,943,25,238,6,41,313,2996,222,1691,696,25,164,6,21,171,827.2,769.4,822.1,780.8,733.9,554,739.5,550.5,1083.8,776.3,1065.2,737.1,1059.9,766.4,775.1,824.7,552.3,736.7,760,1069.6,704.9,904.5
10001008-28,DE,Kent County,008-28,1388,127,789,341,5,14,0,10,102,1094,97,666,240,5,13,0,10,63,275.6,392.2,325.2,334.9,259,287.7,269.2,276.7,336.9,422.6,333,396.7,338.5,404.7,363.6,300.4,282.2,264.1,408,336.1,359.4,305.4
10001008-32,DE,Kent County,008-32,54,0,47,7,0,0,0,0,0,49,0,44,5,0,0,0,0,0,15.3,19.8,15.6,19.1,13.6,12.8,13.9,12.8,22.5,20.7,21.3,19.8,22.6,19.2,19.4,15.5,12.8,13.8,19.9,22.1,17.7,17.8
10001008-33,DE,Kent County,008-33,1488,191,732,451,5,26,0,7,76,1172,119,642,338,2,22,0,7,42,130,138.1,139.3,131.2,117.6,108.2,122.6,104.8,164.1,155.5,159.6,148.5,161,152.4,134.6,134.7,106.5,120.1,152.1,161.6,134.1,142
10001008-34,DE,Kent County,008-34,986,81,662,127,8,25,2,6,75,781,51,549,97,8,22,2,5,47,507.8,581.6,517.3,587.4,573.5,483.9,579.9,484.7,863.6,729.4,852.6,692.4,876.5,695.3,584.5,512.6,484.3,576.7,705.7,864.3,607.8,681.6
10001009-08,DE,Kent County,009-08,1306,57,1128,44,2,7,0,4,64,1063,35,932,35,2,7,0,3,49,304.5,374.9,360.7,317.6,309.5,272.3,304.1,284.7,424.9,464.7,425.3,435.1,431.2,441.1,346.2,332.6,278.5,306.8,447,427.1,370,365.7
10001009-28,DE,Kent County,009-28,251,23,133,56,7,7,0,3,22,228,16,131,51,7,5,0,3,15,97,90.5,100.8,82.1,100.5,79.2,100.2,76.8,156,129.1,153.6,116.8,157.4,118.3,86.3,98.9,78,100.3,121.4,155.7,99,123.6
10001009-32,DE,Kent County,009-32,4621,667,2371,963,15,253,17,22,313,3228,417,1718,686,14,201,17,6,169,573,515.6,591.2,522.1,511,359,511.9,363.7,783.2,505.8,768.4,477.8,768.8,491.1,518.9,582.1,361.3,511.5,491.6,773.5,462.2,643.9
10001009-34,DE,Kent County,009-34,400,18,303,44,0,5,0,12,18,311,13,242,33,0,5,0,6,12,96.7,119.3,97.5,121.8,108.2,94.9,108.9,95.3,166.5,141.9,164.7,134.8,168.4,135.2,120.6,97.1,95.1,108.6,137.3,166.5,120.5,130.1
10001010-08,DE,Kent County,010-08,1728,151,1126,304,2,19,1,3,122,1273,96,867,223,2,11,0,3,71,312.2,264.3,350.5,225.4,277,167.7,274,178.6,406.3,292.3,402.1,277.7,401.4,280.1,244.9,331.3,173.2,275.5,283.4,403.3,240.9,346.2
10001010-28,DE,Kent County,010-28,1639,74,675,767,0,39,5,3,76,1557,71,665,709,0,37,4,2,69,60.6,22.9,56,27.5,44.4,13.9,42.8,17.6,72.9,26.8,71.2,25.5,72.2,27.2,25.2,58.3,15.7,43.6,26.5,72.1,23.1,60
10001010-32,DE,Kent County,010-32,195,19,151,1,1,0,0,0,23,161,12,130,1,1,0,0,0,17,20.4,32.7,25.3,30.2,16.9,23.1,20.5,21.1,25.3,39.8,24.5,37.4,25.1,37.8,31.4,22.8,22.1,18.7,38.3,25,31.7,22.6
10001010-34,DE,Kent County,010-34,1675,62,1333,136,10,5,0,11,118,1330,48,1076,114,6,5,0,4,77,139.1,457.3,186.1,421.9,155.9,345.2,172.8,330.9,203.5,510.2,205.5,481,214.9,482.3,439.6,162.6,338,164.3,491.2,208,432.7,182.5
10001011-08,DE,Kent County,011-08,42,5,29,2,0,1,0,0,5,33,4,24,1,0,1,0,0,3,25.2,21.3,28.3,18.2,22.3,13.5,22.1,14.4,32.8,23.6,32.4,22.4,32.4,22.6,19.7,26.7,14,22.2,22.8,32.5,19.4,27.9
10001011-28,DE,Kent County,011-28,1583,175,427,824,7,62,1,9,78,1254,110,369,657,7,49,0,9,53,507,169,480,169,407,109,402,125,570,170,543,153,565,152,169,493.5,117,404.5,158.3,559.3,149.6,496.3
10001012-08,DE,Kent County,012-08,289,9,203,66,0,3,0,1,7,209,0,149,52,0,3,0,1,4,44.7,33.3,48.6,28,45.6,23.2,44.2,25.4,63.9,40.2,63.3,37,63.1,38.2,30.6,46.7,24.3,44.9,38.5,63.4,32.2,53.3
10001012-28,DE,Kent County,012-28,948,78,330,442,1,41,0,4,52,743,49,290,336,0,38,0,3,27,196.2,97.8,193,95.3,147,67.6,146.3,72.8,232.2,110.6,217.8,106.8,224.1,103.8,96.6,194.6,70.2,146.7,107.1,224.7,93.5,193.8
10001013-28,DE,Kent County,013-28,755,84,447,169,2,16,4,1,32,612,47,400,124,1,16,4,0,20,132.4,185.5,158.8,163.6,118,130.2,130.6,122.7,174.4,210.1,168.1,198.6,174.6,196.8,174.6,145.6,126.4,124.3,201.8,172.4,172.5,151
10001014-28,DE,Kent County,014-28,2882,305,1262,1035,19,91,3,16,151,2248,208,1080,765,14,77,3,16,85,788.5,539,822.9,513.5,692,400.9,679.8,407.7,946.8,593.7,919.3,555.3,923.9,574,526.3,805.7,404.3,685.9,574.3,930,512,824.7
10003001-01,DE,New Castle County,001-01,1395,85,325,912,2,17,2,2,50,1175,65,289,764,2,17,2,2,34,681.5,68.2,649.6,65.2,582.5,51.2,515.5,125.2,727.6,51.2,684.6,53.2,681.6,62.2,66.7,665.6,88.2,549,55.6,698,68.1,646.1
10003001-02,DE,New Castle County,001-02,3489,199,196,2960,11,7,0,19,97,2533,134,172,2122,11,4,0,12,78,1171.1,21.9,991.7,20.9,692.7,27.9,593,140.5,1103.3,52.8,997.6,41.9,1004.6,47.8,21.4,1081.4,84.2,642.8,47.5,1035.2,50.5,936.3
10003001-03,DE,New Castle County,001-03,1846,505,202,1062,4,16,0,13,44,1321,356,173,740,2,16,0,6,28,633,41,539,36,430,26,409,68,596,53,527,42,537,49,38.5,586,47,419.5,48,553.3,45,524.4
10003001-04,DE,New Castle County,001-04,2207,75,1957,75,0,35,0,2,63,1932,58,1734,68,0,29,0,1,42,931.1,365,1001.2,318.6,916.3,257.4,939,260.4,1141.2,376.8,1174.8,310.7,1159,339.3,341.8,966.2,258.9,927.7,342.3,1158.3,318.3,1037.5
10003001-05,DE,New Castle County,001-05,2968,335,873,1424,6,194,0,5,131,2252,215,739,1079,6,135,0,5,73,1064.8,313.1,1046.8,246.2,838.8,189.3,799.7,241.6,1192.6,318.3,1154.5,284.7,1159.4,285.9,279.6,1055.8,215.5,819.2,296.3,1168.8,268.5,1036.7
10003001-06,DE,New Castle County,001-06,1748,150,1100,325,3,60,0,3,107,1357,99,917,223,3,48,0,3,64,488,308,485,273,454,212,449,224,625,310,618,280,610,293,290.5,486.5,218,451.5,294.3,617.7,271.4,532.7
10003001-07,DE,New Castle County,001-07,2425,145,1811,243,10,108,0,10,98,1951,91,1509,191,9,74,0,8,69,659,465,685,422,606,333,610,340,800,524,795,474,794,486,443.5,672,336.5,608,494.7,796.3,434.9,707
10003001-08,DE,New Castle County,001-08,1596,62,1364,99,1,17,0,4,49,1306,46,1126,80,0,17,0,4,33,319,599,408,522,339,435,329,449,423,630,422,602,419,620,560.5,363.5,442,334,617.3,421.3,551,379.9
10003001-09,DE,New Castle County,001-09,2057,70,1585,212,0,35,0,22,133,1617,46,1309,156,0,18,0,16,72,621,789,728.1,664.9,629.5,542.3,628.7,545.8,779.9,873.7,799.2,790.4,766,828.5,727,674.5,544,629.1,830.9,781.7,719.2,707.5
10003001-10,DE,New Castle County,001-10,2311,69,1707,161,4,291,0,13,66,1966,53,1500,129,4,240,0,10,30,770.3,615,812.6,545.5,732.7,415.5,734.1,411.3,913.4,604,919.2,543.9,904.8,571.6,580.3,791.5,413.4,733.4,573.1,912.5,529.5,826.7
10003001-11,DE,New Castle County,001-11,2652,161,1642,511,4,172,0,23,139,1866,80,1227,362,1,116,0,14,66,498,581,596,480,532,380,513,407,805,648,792,622,803,621,530.5,547,393.5,522.5,630.3,800,534.1,648.4
10003001-12,DE,New Castle County,001-12,2255,88,1877,89,1,102,1,5,92,1727,62,1467,71,1,87,1,1,37,731,448,788,433,779,343,804,326,899,452,912,412,903,422,440.5,759.5,334.5,791.5,428.7,904.7,405.1,830.9
10003001-13,DE,New Castle County,001-13,2763,806,1557,213,1,56,0,10,120,2090,531,1283,161,0,43,0,4,68,643.3,469.7,676.5,420.2,581.5,274.6,597.5,269.7,767.3,431.6,761.1,391.3,778.2,389.4,445,659.9,272.2,589.5,404.1,768.9,378.1,686.5
10003001-15,DE,New Castle County,001-15,3344,223,2330,521,14,38,1,15,202,2631,147,1896,408,12,33,1,5,129,701.1,595.7,792.5,480.9,657.6,380.9,647.4,403.8,826.3,680.9,839.6,607.9,843,617.1,538.3,746.8,392.3,652.5,635.3,836.3,538.2,758.2
10003001-16,DE,New Castle County,001-16,2546,554,1253,560,9,25,0,5,140,1969,365,1046,432,8,23,0,3,92,693.4,366.7,741.1,267.8,611.5,201.1,588.9,226.4,812.6,395.2,773,344.1,778.8,335.6,317.2,717.3,213.7,600.2,358.3,788.1,305.3,714.2
10003001-17,DE,New Castle County,001-17,2251,877,862,399,7,19,0,5,82,1701,599,742,290,6,19,0,5,40,495.5,240.8,512.2,190.6,366.3,144.7,364.2,143.7,586.2,273.4,563.1,235.2,568.4,234.8,215.7,503.9,144.2,365.2,247.8,572.6,209,493.7
10003001-18,DE,New Castle County,001-18,3791,658,1671,1085,2,187,0,34,154,2992,445,1428,847,2,144,0,20,106,782.3,321.8,778.2,274,613.6,176.7,610.4,185.6,908.7,314.5,885.2,276.4,886,278,297.9,780.2,181.2,612,289.7,893.3,261,780.6
10003001-19,DE,New Castle County,001-19,2177,371,1455,284,3,10,0,7,47,1846,274,1277,244,3,10,0,3,35,680.4,439.9,738.1,359,577.2,283.6,595.4,270.7,731.2,431.3,717.9,390,712,412.2,399.4,709.3,277.1,586.3,411.2,720.4,369.5,678.9
10003001-21,DE,New Castle County,001-21,1318,100,894,142,1,136,0,3,42,1142,77,794,130,1,109,0,3,28,334,257,358,248,353,170,337,178,419,247,434,222,429,225,252.5,346,174,345,231.3,427.3,221,380.6
10003001-22,DE,New Castle County,001-22,2128,48,1643,44,0,327,0,6,60,1753,33,1407,33,0,229,0,5,46,721.8,639.6,766.3,612.1,743.4,458.9,749.4,457.4,925.4,582.6,950.3,527.6,923.5,568,625.9,744.1,458.2,746.4,559.4,933.1,549.5,825.7
10003001-23,DE,New Castle County,001-23,1829,158,1289,120,2,198,0,6,56,1738,136,1253,107,2,190,0,5,45,144,43,131,39,129,41,135,41,159,51,158,42,158,41,41,137.5,41,132,44.7,158.3,42.6,144.9
10003001-24,DE,New Castle County,001-24,2787,483,1665,357,4,80,0,10,188,2159,303,1383,291,2,60,0,5,115,726,491,754,432,583,278,586,289,849,510,835,454,839,474,461.5,740,283.5,584.5,479.3,841,418.3,738.9
10003001-25,DE,New Castle County,001-25,8581,621,5099,1842,1,610,0,3,405,8265,567,4951,1815,1,560,0,3,368,627.3,189.1,612.4,198.3,583.8,119,589.6,148.6,676.3,152.4,654.5,142.7,659.8,145,193.7,619.8,133.8,586.7,146.7,663.5,156.4,629.1
10003001-26,DE,New Castle County,001-26,2286,367,1327,312,6,156,0,17,101,1828,230,1131,263,5,127,0,8,64,618,396,655,356,559,269,569,273,790,405,777,382,771,397,376,636.5,271,564,394.7,779.3,354,677
10003001-27,DE,New Castle County,001-27,3395,187,1731,670,4,667,0,11,125,2399,110,1252,499,3,464,0,10,61,1085,525,1131,481,1028,367,1004,398,1290,577,1286,512,1284,530,503,1108,382.5,1016,539.7,1286.7,484.3,1158.3
10003002-01,DE,New Castle County,002-01,2189,110,195,1757,5,9,0,17,96,1684,65,166,1371,5,6,0,5,66,1180,45,1060,54,938,36,836,160,1179,59,1089,54,1103,49,49.5,1120,98,887,54,1123.7,65.3,1055
10003002-02,DE,New Castle County,002-02,972,56,15,833,3,15,0,5,45,719,32,14,629,3,15,0,5,21,290,9.2,257.9,7.2,200.2,5.2,180.5,28.2,294,8.5,257.9,7.2,263.8,5.9,8.2,274,16.7,190.3,7.2,271.9,10.2,249.2
10003002-03,DE,New Castle County,002-03,2266,309,1134,718,0,25,0,10,70,1801,191,992,541,0,23,0,10,44,814.9,250.2,839.3,189,708.2,145.8,701.5,170,853,235.5,828.7,191.9,856.6,184.3,219.6,827.1,157.9,704.9,203.9,846.1,195.3,800.3
10003002-04,DE,New Castle County,002-04,1909,54,1608,71,5,72,0,4,95,1594,45,1376,54,0,58,0,4,57,705.5,460.5,765.8,438,736.2,380.9,739.2,370.5,916.1,470.5,969.1,398.7,953,429.2,449.2,735.7,375.7,737.7,432.8,946.1,421.2,826.4
10003002-05,DE,New Castle County,002-05,1753,314,700,612,5,41,0,14,67,1350,213,600,446,5,36,0,10,40,486.2,200.9,488.1,159.8,384.2,116.7,382.3,128.4,476.4,214.7,472.5,184.3,463.6,194.1,180.4,487.2,122.5,383.3,197.7,470.8,171.3,450.5
10003002-06,DE,New Castle County,002-06,2288,106,1759,143,3,219,0,8,50,1874,78,1456,125,3,179,0,3,30,703,522,720,525,687,392,692,395,870,520,910,443,913,449,523.5,711.5,393.5,689.5,470.7,897.7,463.7,785
10003002-07,DE,New Castle County,002-07,2244,55,1786,175,1,143,3,7,74,1847,39,1507,143,1,113,3,1,40,837,478,848,482,747,377,751,373,960,494,970,452,976,465,480,842.5,375,749,470.3,968.7,445.9,869.9
10003002-08,DE,New Castle County,002-08,3210,287,1546,1081,2,150,2,7,135,2486,202,1322,766,2,108,2,5,79,854.2,575.7,896.1,488,747.8,379.2,727.3,401.9,1024.2,530.8,1032.4,484.5,1030.3,488.5,531.9,875.2,390.6,737.5,501.3,1029,478.4,901.8
10003002-09,DE,New Castle County,002-09,2454,130,1338,708,8,80,2,9,179,1662,67,931,521,8,57,2,6,70,291.6,214.1,309.3,199.9,555,252,539,277,851,479,852,431,844,458,207,300.5,264.5,547,456,849,330.1,606
10003002-10,DE,New Castle County,002-10,2421,94,1537,152,6,560,0,10,62,1946,73,1272,134,6,411,0,10,40,573.2,372.9,593.2,359.6,548.4,272.8,557,268,725.8,409.1,723.9,385.3,730.5,389.1,366.2,583.2,270.4,552.7,394.5,726.7,351,636
10003002-11,DE,New Castle County,002-11,3817,264,2173,1069,5,52,5,18,231,2863,188,1640,838,5,40,0,12,140,774,491,837,441,796,366,787,383,1118,662,1112,603,1115,624,466,805.5,374.5,791.5,629.7,1115,510,934.1
10003002-12,DE,New Castle County,002-12,1610,79,1322,41,2,66,0,4,96,1263,53,1050,38,2,60,0,0,60,570,348,585,346,556,266,568,269,725,356,723,332,721,342,347,577.5,267.5,562,343.3,723,322.7,635.4
10003002-13,DE,New Castle County,002-13,1857,405,1174,179,0,40,0,5,54,1498,268,1015,140,0,36,0,2,37,461,317,504,246,387,180,400,180,513,279,513,252,513,262,281.5,482.5,180,393.5,264.3,513,245.1,470.1
10003002-15,DE,New Castle County,002-15,2681,120,1672,619,4,129,1,13,123,2219,80,1436,509,4,104,1,8,77,922,651.9,935,615,809.4,437.6,789.4,460.5,1086.5,654.9,1086.5,593.1,1099.4,588.1,633.4,928.5,449,799.4,612,1090.8,571.6,961.2
10003002-16,DE,New Castle County,002-16,2732,499,599,1512,4,12,0,10,96,2076,345,508,1153,4,7,0,5,54,813.7,114,744.7,85.8,595.2,70.2,523,146.7,834.1,129.4,762.4,120.8,766.1,114.8,99.9,779.2,108.4,559.1,121.7,787.5,111.7,719.9
10003002-17,DE,New Castle County,002-17,3436,305,666,2040,4,290,0,32,99,2744,206,570,1638,1,240,0,22,67,1409,202,1325,166,1208,115,1140,195,1553,210,1494,181,1491,190,184,1367,155,1174,193.7,1512.7,179.9,1374.3
10003002-18,DE,New Castle County,002-18,3273,149,1185,561,6,1270,0,12,90,2654,110,1049,441,3,985,0,12,54,544.9,243.8,551.7,231.2,501.2,178.7,478.9,201.1,747.9,277.8,724.6,254.5,722.6,257.4,237.5,548.3,189.9,490,263.2,731.7,234.9,610.3
10003002-19,DE,New Castle County,002-19,1961,393,1248,197,1,33,0,14,75,1554,256,1058,159,1,27,0,13,40,455.9,316.2,510.2,259,387,194,390.9,197.9,526.6,334.6,515,298.7,518.9,300.7,287.6,483,195.9,388.9,311.3,520.2,271.6,472.1
10003002-21,DE,New Castle County,002-21,1963,264,1475,88,2,61,0,6,67,1595,160,1262,77,0,43,0,6,47,519,453,616,352,497,303,523,287,646,482,665,435,671,439,402.5,567.5,295,510,452,660.7,393,591
10003002-22,DE,New Castle County,002-22,1738,67,1099,64,2,412,1,10,83,1357,35,892,60,2,308,1,7,52,500,410,554,404,518,319,520,316,689,421,719,371,700,399,407,527,317.5,519,397,702.7,377.1,600
10003002-23,DE,New Castle County,002-23,2360,160,1853,147,0,146,0,2,52,1997,93,1618,116,0,124,0,1,45,722.2,390.4,741.7,425.7,694.3,301.2,673.9,343,837.5,376.4,821.7,351.4,812.4,370.9,408,732,322.1,684.1,366.2,823.8,365.6,757.7
10003002-24,DE,New Castle County,002-24,3104,307,1597,675,7,330,1,6,181,2413,200,1316,532,4,247,1,4,109,715.3,345.8,708.6,305.8,595.3,239.1,596.3,246.7,915.3,402.9,901.1,364.8,890.6,378.1,325.8,712,242.9,595.8,381.9,902.3,326.2,760.4
10003002-25,DE,New Castle County,002-25,1733,100,1194,117,0,215,3,2,102,1394,73,993,94,0,180,3,1,50,608.8,381.5,629.7,394.5,580.6,320.3,563.7,337.4,735.9,386.4,727.8,378.4,726.8,385.4,388,619.2,328.8,572.1,383.4,730.2,369.1,653.3
10003002-26,DE,New Castle County,002-26,2383,252,717,1093,0,192,0,7,122,1717,152,573,764,0,143,0,5,80,606,189,588,166,493,111,499,117,696,205,661,183,674,185,177.5,597,114,496,191,677,165.1,602.4
10003002-27,DE,New Castle County,002-27,1867,177,1030,460,3,82,0,14,101,1437,104,850,340,3,64,0,14,62,543,347,577,295,510,228,523,218,655,307,619,304,622,308,321,560,223,516.5,306.3,632,286.7,578.4
10003003-01,DE,New Castle County,003-01,1874,94,86,1615,9,7,0,12,51,1368,59,66,1194,9,6,0,6,28,765,19,681,24,542,20,478,83,780,33,713,30,732,34,21.5,723,51.5,510,32.3,741.7,34.7,670.1
10003003-02,DE,New Castle County,003-02,311,18,203,60,0,10,0,0,20,273,11,189,56,0,10,0,0,7,156,23,151,35,151,19,152,28,202,27,201,25,194,28,29,153.5,23.5,151.5,26.7,199,26.4,172.4
10003003-03,DE,New Castle County,003-03,1154,239,153,699,3,9,0,3,48,888,173,125,540,3,9,0,3,35,399,24,340,36,319,25,280,60,463,37,416,40,422,46,30,369.5,42.5,299.5,41,433.7,38.3,377
10003003-04,DE,New Castle County,003-04,1949,52,1750,48,0,20,0,3,76,1605,34,1460,46,0,17,0,0,48,824,380,905,349,843,262,862,263,1029,356,1103,286,1075,311,364.5,864.5,262.5,852.5,317.7,1069,315.3,948.7
10003003-05,DE,New Castle County,003-05,1970,222,452,1132,2,46,0,13,103,1526,158,386,864,2,44,0,8,64,656,141,645,123,521,95,502,121,693,135,661,126,659,122,132,650.5,108,511.5,127.7,671,123.3,619.6
10003003-06,DE,New Castle County,003-06,512,25,439,20,4,7,0,0,17,431,16,376,17,4,6,0,0,12,185,109,188,114,185,84,184,90,229,95,236,77,232,82,111.5,186.5,87,184.5,84.7,232.3,93,205.6
10003003-07,DE,New Castle County,003-07,1677,63,1407,95,1,58,0,8,45,1414,46,1190,82,0,50,0,8,38,672,414,689,383,668,313,662,322,806,403,805,377,808,382,398.5,680.5,317.5,665,387.3,806.3,370.6,730
10003003-08,DE,New Castle County,003-08,2089,131,1109,685,0,79,0,4,81,1549,94,861,489,0,73,0,1,31,606.1,383.3,635.8,343.7,550.7,228.8,531.9,251.6,768.5,347.6,753.7,335.8,744.8,338.7,363.5,621,240.2,541.3,340.7,755.7,318.5,655.9
10003003-09,DE,New Castle County,003-09,3113,155,2198,529,4,55,1,9,162,2292,99,1661,398,1,44,0,3,86,775.4,717.7,856.8,641,700.5,478.2,696.4,489.3,933.2,733.4,944.9,672.2,957,680.4,679.3,816,483.8,698.5,695.3,945,630.3,837.7
10003003-10,DE,New Castle County,003-10,1692,65,1340,120,0,93,0,6,68,1342,30,1103,92,0,71,0,4,42,567,461,575,422,558,305,555,305,693,409,701,373,684,397,441.5,571,305,556.5,393,692.7,381.7,619
10003003-11,DE,New Castle County,003-11,2317,95,2038,43,10,6,0,1,124,1880,66,1699,37,6,5,0,0,67,290,864,423,716,310,593,306,597,395,978,411,915,412,918,790,356.5,595,308,937,406,797.3,363.9
10003003-12,DE,New Castle County,003-12,1628,99,1261,106,0,94,0,0,68,1315,52,1074,79,0,69,0,0,41,513,328,555,307,519,235,525,234,670,330,676,300,661,330,317.5,534,234.5,522,320,669,294.9,588.4
10003003-13,DE,New Castle County,003-13,834,483,122,193,1,3,5,12,15,591,339,107,131,1,3,3,6,1,294.4,49.6,286.6,32,180.9,23.8,187.5,28.3,273,72.7,251.1,53.6,259.6,53.6,40.8,290.5,26.1,184.2,60,261.2,44.8,247.6
10003003-15,DE,New Castle County,003-15,3313,238,1382,1112,8,388,3,43,139,2589,162,1110,889,5,299,1,28,95,932,413,917,398,901,282,850,330,1225,520,1237,456,1234,468,405.5,924.5,306,875.5,481.3,1232,409.6,1042.3
10003003-16,DE,New Castle County,003-16,1953,278,103,1498,4,18,1,17,34,1502,172,83,1200,4,15,0,11,17,1045.3,51.5,963,48.5,772.8,33.8,673.9,136.2,1055,50.9,968,44.3,972.5,50.4,50,1004.1,85,723.3,48.5,998.5,59.4,921.5
10003003-17,DE,New Castle County,003-17,2545,259,799,1264,3,65,0,12,143,2082,174,718,1021,2,59,0,5,103,917,276,920,231,809,172,801,197,1074,267,1014,239,1029,252,253.5,918.5,184.5,805,252.7,1039,233.4,937.7
10003003-18,DE,New Castle County,003-18,1630,320,718,457,0,64,0,5,66,1317,233,610,360,0,60,0,5,49,443,173,438,153,367,90,355,106,483,167,458,154,468,151,163,440.5,98,361,157.3,469.7,142,430.3
10003003-19,DE,New Castle County,003-19,1687,102,1442,25,4,42,0,2,70,1383,64,1226,18,4,29,0,1,41,545.8,504.3,639.3,403.5,519.9,335.8,543.1,322.6,635.4,482.3,667.4,415.8,665.4,430.9,453.9,592.5,329.2,531.5,443,656.1,413.6,602.3
10003003-21,DE,New Castle County,003-21,2358,210,1789,179,1,102,0,4,73,1908,146,1492,130,1,85,0,2,52,661.8,604.2,712.5,549.5,616.1,451.1,640.9,430.3,746.3,544.5,763.2,496.9,752.2,514.7,576.8,687.1,440.7,628.5,518.7,753.9,513,699
10003003-22,DE,New Castle County,003-22,1948,88,1371,68,1,362,0,5,53,1505,49,1109,51,1,271,0,5,19,599,523,628,515,560,401,564,384,769,479,796,419,779,457,519,613.5,392.5,562,451.7,781.3,454,670.7
10003003-23,DE,New Castle County,003-23,1456,49,1141,90,0,93,1,6,76,1219,37,980,67,0,80,0,5,50,569,349,593,338,572,247,579,265,704,317,696,304,695,308,343.5,581,256,575.5,309.7,698.3,304,629.7
10003003-24,DE,New Castle County,003-24,1772,213,1110,271,3,58,0,3,114,1401,147,922,218,3,47,0,3,61,501.9,349.4,514.6,309.4,418.4,227.2,430.1,223.7,548.4,335.7,541.6,306.8,544.6,303.4,329.4,508.3,225.4,424.3,315.3,544.9,293.7,500
10003003-25,DE,New Castle County,003-25,2703,142,1554,236,2,658,2,4,105,2353,110,1360,198,2,604,2,4,73,650,273,645,290,609,201,624,222,721,229,696,218,710,220,281.5,647.5,211.5,616.5,222.3,709,236.1,665
10003003-26,DE,New Castle County,003-26,1752,154,748,452,7,311,0,2,78,1431,101,656,365,4,247,0,0,58,543.9,247.2,554,229.9,475.7,169.5,464.2,187.1,591,257.1,576.4,234.5,579.4,237.5,238.5,548.9,178.3,470,243,582.3,223.3,540.7
10003003-27,DE,New Castle County,003-27,1744,125,843,607,2,86,0,8,73,1396,86,703,478,2,76,0,7,44,435.7,198.4,436.4,177.9,388.8,116.4,378.6,129.6,534.6,179.4,528,167.7,522.1,169.9,188.2,436.1,123,383.7,172.3,528.2,162.8,460.6
10003004-01,DE,New Castle County,004-01,2480,142,267,1959,6,8,0,14,84,1856,96,232,1437,4,8,0,13,66,1013,45,914,42,768,31,703,100,1082,63,976,52,997,54,43.5,963.5,65.5,735.5,56.3,1018.3,55.3,921.9
10003004-02,DE,New Castle County,004-02,143,15,113,8,0,6,0,0,1,131,9,108,8,0,6,0,0,0,38.8,14.4,35,13.7,45.6,12.9,46.4,15.2,57.8,16,58.6,16.7,57.8,17.5,14.1,36.9,14.1,46,16.7,58.1,15.2,48.6
10003004-03,DE,New Castle County,004-03,2553,308,228,1847,3,37,0,17,113,1765,221,180,1243,1,30,0,15,75,821,37,679,32,495,30,449,65,754,52,632,38,655,39,34.5,750,47.5,472,43,680.3,41.9,640.7
10003004-04,DE,New Castle County,004-04,975,60,541,301,1,27,0,2,43,931,50,523,291,1,25,0,2,39,422,98,383,91,372,62,368,65,471,80,459,72,448,81,94.5,402.5,63.5,370,77.7,459.3,78.4,417.6
10003004-05,DE,New Castle County,004-05,2802,304,725,1564,4,80,1,19,105,2022,203,589,1088,4,67,1,9,61,827,134,766,120,647,73,587,109,876,124,824,115,836,120,127,796.5,91,617,119.7,845.3,113.6,766.1
10003004-06,DE,New Castle County,004-06,1544,92,1177,155,1,28,0,12,79,1263,64,1011,128,1,23,0,8,28,594,279,603,285,587,219,590,236,733,276,712,258,708,274,282,598.5,227.5,588.5,269.3,717.7,261,646.7
10003004-07,DE,New Castle County,004-07,4106,404,1914,1015,14,536,3,31,189,3232,280,1636,749,12,415,3,25,112,1066,476,1065,416,987,323,982,344,1430,484,1396,439,1404,436,446,1065.5,333.5,984.5,453,1410,416.9,1190
10003004-08,DE,New Castle County,004-08,2648,447,784,1215,1,67,2,15,117,1847,286,603,844,1,49,2,7,55,762.6,187,740,166.3,644.6,124,625.9,154.5,849.2,209.6,806.9,199.8,809.9,199.8,176.6,751.3,139.2,635.2,203,822,177.3,748.4
10003004-09,DE,New Castle County,004-09,1902,102,1337,207,0,133,0,1,122,1338,55,978,154,0,93,0,1,57,337.6,399.8,379.4,374.8,402.1,333.4,393.5,353.7,606.1,540.2,605.8,514.1,599.9,526.1,387.3,358.5,343.6,397.8,526.8,604,434.6,474.9
10003004-10,DE,New Castle County,004-10,2993,154,1528,858,4,333,0,39,77,2377,102,1298,661,0,239,0,23,54,859,392,862,349,770,274,782,286,961,342,933,311,950,305,370.5,860.5,280,776,319.3,948,322.7,873.9
10003004-11,DE,New Castle County,004-11,1635,95,1307,133,1,14,0,5,80,1286,39,1059,118,1,11,0,5,53,299.8,427.8,368.8,353.8,289.8,302.8,301.8,284.8,334.8,531.7,346.8,485.7,347.8,491.7,390.8,334.3,293.8,295.8,503,343.1,411.2,327.1
10003004-12,DE,New Castle County,004-12,1358,31,1140,29,0,103,0,11,44,1154,26,981,22,0,87,0,7,31,460,415,454,442,496,342,514,320,622,402,635,375,635,386,428.5,457,331,505,387.7,630.7,383.1,545.1
10003004-13,DE,New Castle County,004-13,2557,513,1660,218,2,48,0,15,101,2013,348,1400,170,2,30,0,9,54,620.2,490.4,708.3,383.1,586.9,277.8,586.3,274.8,790,480.1,775.3,437.5,770,456.7,436.8,664.2,276.3,586.6,458.1,778.4,400.1,691
10003004-15,DE,New Castle County,004-15,1483,106,848,416,0,86,0,4,23,1181,66,701,330,0,66,0,1,17,506.8,305.9,551.7,266.9,463.8,184.9,449.8,207.9,628.7,292.9,621.7,266.9,619.7,277.9,286.4,529.2,196.4,456.8,279.2,623.4,257.6,548.9
10003004-16,DE,New Castle County,004-16,2076,535,812,627,3,16,3,2,78,1634,344,729,503,3,5,3,2,45,357.6,141.4,359.1,99.6,293.5,74,287.9,76.2,413.3,147,387.6,123.6,386.8,127.2,120.5,358.4,75.1,290.7,132.6,395.9,112.7,355.1
10003004-17,DE,New Castle County,004-17,1936,98,1420,286,4,44,0,2,82,1679,81,1262,228,4,40,0,2,62,541.3,329.3,595,276.5,548.1,240.3,531.5,247.2,717.1,317.5,719.1,290.2,723,283.3,302.9,568.1,243.8,539.8,297,719.8,283.5,625
10003004-18,DE,New Castle County,004-18,2859,382,1011,1273,8,69,1,3,112,2252,265,859,994,8,53,1,1,71,1028.6,368.9,1047.9,318.4,890.5,235.1,850.7,276.8,1160.7,348.2,1113,322,1123.2,324.2,343.7,1038.2,255.9,870.6,331.5,1132.3,313.4,1030.7
10003004-19,DE,New Castle County,004-19,2662,724,1505,261,5,51,0,6,110,2079,472,1296,192,5,43,0,2,69,630,468,656,412,526,315,528,302,767,455,744,425,733,446,440,643,308.5,527,442,748,403.3,654.9
10003004-21,DE,New Castle County,004-21,2457,185,1511,519,8,126,0,12,96,1983,130,1292,387,7,101,0,6,60,705,313,674,340,639,237,633,264,882,339,864,304,849,329,326.5,689.5,250.5,636,324,865,303.7,749.4
10003004-22,DE,New Castle County,004-22,1660,52,1393,64,0,118,1,1,31,1399,40,1187,47,0,108,1,0,16,482.2,445.4,521.7,434.9,507.6,341.1,514.6,344.6,621.6,438.4,642.7,402.4,636.5,420,440.1,501.9,342.8,511.1,420.3,633.6,403.8,561
10003004-23,DE,New Castle County,004-23,2433,156,1896,132,3,91,0,13,142,1960,104,1557,104,3,74,0,12,106,929,432,940,445,916,330,938,352,1099,403,1075,385,1084,400,438.5,934.5,341,927,396,1086,392.4,997.3
10003004-24,DE,New Castle County,004-24,1720,355,693,484,0,88,1,7,92,1340,241,553,409,0,58,1,7,71,464.7,155.2,447.4,144.2,356.7,106.9,354.7,113.3,537.7,161.1,515.9,141.2,515.4,139.9,149.8,456,110.1,355.7,147.4,523,137.4,456.1
10003004-25,DE,New Castle County,004-25,1886,201,1198,308,0,83,0,12,84,1485,129,963,255,0,72,0,12,54,390.6,324.1,432.4,285.6,364.2,228.6,361.8,235.8,505.4,295.2,495.7,277.6,498.9,280.8,304.8,411.5,232.2,363,284.5,500,275.4,435.6
10003004-26,DE,New Castle County,004-26,2554,115,920,620,6,802,0,8,83,1992,85,769,489,3,592,0,2,52,802,351,836,293,676,228,648,266,884,355,892,302,892,302,322,819,247,662,319.7,889.3,299.6,804.3
10003004-27,DE,New Castle County,004-27,2841,231,1465,562,10,456,0,4,113,2149,159,1154,435,8,318,0,4,71,883.3,549.5,906.6,507.1,863.2,349.6,850.4,359.4,1163.4,554.6,1153,522.3,1154.9,528.1,528.3,894.9,354.5,856.8,535,1157.1,481.5,996.4
10003005-01,DE,New Castle County,005-01,2063,146,1040,726,5,17,2,15,112,1731,113,894,623,5,12,2,13,69,996.5,174.1,937,175.7,871.8,115.7,824.4,180.9,1070.8,156.7,1029.6,137.8,1037.2,158,174.9,966.8,148.3,848.1,150.9,1045.9,157,966.8
10003005-02,DE,New Castle County,005-02,2150,602,298,1130,2,12,0,15,91,1505,375,266,793,0,8,0,12,51,576.3,68.6,538.1,56.8,417.5,43.1,392,79.4,545.9,65.7,506.7,52.9,518.5,57.8,62.7,557.2,61.3,404.8,58.8,523.7,60.6,499.3
10003005-03,DE,New Castle County,005-03,305,51,36,206,0,3,0,0,9,219,27,29,155,0,2,0,0,6,71,3,61,3,49,3,49,5,86,3,80,3,79,3,3,66,4,49,3,81.7,3.3,67.9
10003005-04,DE,New Castle County,005-04,922,420,173,300,0,1,0,3,25,705,287,159,240,0,0,0,3,16,157,19,130,24,83,10,85,12,160,24,150,20,157,19,21.5,143.5,11,84,21,155.7,18.3,131.7
10003005-05,DE,New Castle County,005-05,2030,189,365,1127,10,245,3,22,69,1508,121,289,824,10,195,3,14,52,809,109,756,98,657,76,623,119,880,123,836,103,849,109,103.5,782.5,97.5,640,111.7,855,105.3,772.9
10003005-06,DE,New Castle County,005-06,2800,152,1364,1028,2,149,0,17,88,2311,109,1242,771,2,123,0,11,53,806.2,248.9,815,241.1,733,163,709.5,186.4,1014,252.8,965.2,224.5,969.1,232.3,245,810.6,174.7,721.2,236.5,982.8,221.3,858.9
10003005-07,DE,New Castle County,005-07,975,31,855,27,1,13,0,7,41,867,21,777,27,0,8,0,7,27,489,113,491,123,471,90,490,93,559,126,561,114,557,115,118,490,91.5,480.5,118.3,559,110.6,516.9
10003005-08,DE,New Castle County,005-08,3850,268,1777,1343,1,253,0,31,177,2662,162,1284,927,0,187,0,18,84,1132.1,520.8,1171.2,471.2,1027.2,331.9,941.4,433,1434.5,537,1404,499.8,1407.8,514.1,496,1151.7,382.5,984.3,516.9,1415.4,472.5,1216.9
10003005-09,DE,New Castle County,005-09,2521,148,1237,844,2,172,0,27,91,1777,73,962,556,0,129,0,12,45,836.3,917.2,934.8,833.6,530.6,300.7,531.3,305.2,922.9,582.8,913.5,533,909.4,549.9,875.4,885.6,302.9,530.9,555.3,915.3,574.6,797
10003005-10,DE,New Castle County,005-10,1889,56,1621,62,0,87,0,3,60,1413,29,1251,39,0,71,0,1,22,638,492,674,477,685,362,687,373,818,442,845,402,844,415,484.5,656,367.5,686,419.7,835.7,423.3,741.6
10003005-12,DE,New Castle County,005-12,2083,84,1839,20,1,69,0,7,63,1632,57,1457,16,1,61,0,2,38,746,546,814,538,804,460,811,445,925,565,948,512,934,543,542,780,452.5,807.5,540,935.7,515.6,854.6
10003005-13,DE,New Castle County,005-13,3045,909,1472,482,0,28,0,9,145,2343,621,1240,379,0,27,0,2,74,624.7,361.3,650.7,285.2,510.5,208.2,511.5,220.2,774.8,374.3,743.7,324.3,733.8,333.3,323.3,637.7,214.2,511,344,750.8,301,650
10003005-15,DE,New Castle County,005-15,4916,386,1580,2110,5,537,3,32,263,3823,277,1350,1597,3,415,2,18,161,1171.6,486.9,1144,466.3,1133.2,344.1,1087.3,409.8,1732.6,560.9,1702,511.7,1701.5,523.8,476.6,1157.8,377,1110.3,532.1,1712,471.9,1381.8
10003005-16,DE,New Castle County,005-16,2384,608,190,1485,4,7,0,11,79,1798,411,166,1151,4,5,0,11,50,1070.2,71.1,1007.8,55.1,824.1,44.1,712.7,142.5,1123.2,89.1,1054.8,76.1,1056.9,76.1,63.1,1039,93.3,768.4,80.5,1078.3,79.2,978.5
10003005-17,DE,New Castle County,005-17,1870,363,1096,308,3,30,1,4,65,1434,192,932,240,3,29,1,4,33,490,331,556,274,461,206,465,213,614,329,604,289,609,293,302.5,523,209.5,463,303.7,609,276.4,542.7
10003005-18,DE,New Castle County,005-18,1829,228,1171,307,5,45,2,4,67,1510,170,997,250,5,37,2,3,46,548,359,564,290,494,216,505,231,659,376,644,332,649,329,324.5,556,223.5,499.5,345.7,650.7,304.7,580.4
10003005-19,DE,New Castle County,005-19,3488,1440,1663,238,6,42,0,6,93,2657,899,1467,187,5,36,0,5,58,526,462,572,359,440,280,458,262,669,458,677,383,660,417,410.5,549,271,449,419.3,668.7,374.4,571.7
10003005-21,DE,New Castle County,005-21,2323,115,1920,109,7,69,0,6,97,1887,81,1598,77,7,53,0,5,66,737,622,779,579,749,484,772,455,883,624,948,552,929,574,600.5,758,469.5,760.5,583.3,920,555.7,828.1
10003005-22,DE,New Castle County,005-22,2544,69,2096,71,2,217,0,2,87,2056,49,1729,68,2,164,0,0,44,831,808,877,797,848,631,843,641,1019,793,1050,732,1022,771,802.5,854,636,845.5,765.3,1030.3,739,927.1
10003005-23,DE,New Castle County,005-23,2707,316,1482,495,7,311,0,1,95,2237,236,1279,374,7,280,0,1,60,690,191,657,225,563,133,560,154,779,223,744,199,750,199,208,673.5,143.5,561.5,207,757.7,189.1,677.6
10003005-24,DE,New Castle County,005-24,3430,776,1494,792,3,201,1,11,152,2659,506,1302,576,3,161,1,7,103,775,444.3,765.1,399.9,582.5,277.4,602.2,281.4,878.7,410.7,846.1,374.2,850.1,361.4,422.1,770.1,279.4,592.4,382.1,858.3,364.2,757.1
10003005-25,DE,New Castle County,005-25,1994,116,1161,233,1,366,1,15,101,1504,74,918,174,0,273,1,9,55,855,597.3,902,554.6,794.6,397.5,790.6,411.2,1108.6,583.2,1103.2,541.1,1095.7,562.6,576,878.5,404.3,792.6,562.3,1102.5,521.1,950
10003005-26,DE,New Castle County,005-26,3832,303,1301,1012,15,1004,0,38,159,2841,198,1088,761,3,656,0,26,109,945,286,896,289,805,188,803,203,1045,270,1006,245,993,272,287.5,920.5,195.5,804,262.3,1014.7,250.4,927.6
10003005-27,DE,New Castle County,005-27,2338,217,1360,572,1,51,1,13,123,1876,140,1154,442,1,42,0,6,91,747,512,783,464,712,341,711,345,913,484,914,450,896,468,488,765,343,711.5,467.3,907.7,437.7,810.9
10003006-01,DE,New Castle County,006-01,894,25,121,692,1,7,0,9,39,705,14,115,531,1,6,0,8,30,399,15,361,18,295,12,268,41,410,13,357,15,362,22,16.5,380,26.5,281.5,16.7,376.3,19.4,350.3
10003006-02,DE,New Castle County,006-02,1482,132,488,782,1,23,0,4,52,1282,107,454,666,1,21,0,2,31,516,59,476,66,397,30,365,76,595,50,560,46,568,45,62.5,496,53,381,47,574.3,53.1,496.7
10003006-03,DE,New Castle County,006-03,2596,1125,131,1254,1,8,0,5,72,1730,731,110,845,1,7,0,1,35,593,27,507,24,306,12,278,44,532,43,464,29,485,33,25.5,550,28,292,35,493.7,30.3,452.1
10003006-04,DE,New Castle County,006-04,1817,118,1349,224,1,63,0,14,48,1705,106,1285,198,1,58,0,13,44,690,216,703,225,603,160,605,173,842,214,803,197,813,208,220.5,696.5,166.5,604,206.3,819.3,199,722.7
10003006-05,DE,New Castle County,006-05,1987,248,404,1178,0,50,0,20,87,1503,148,382,862,0,45,0,17,49,871,140,832,132,713,104,674,141,885,150,838,141,837,150,136,851.5,122.5,693.5,147,853.3,136.9,807.1
10003006-06,DE,New Castle County,006-06,1424,110,481,716,2,27,0,7,81,998,65,373,481,2,19,0,6,52,427.1,105,415.7,91,345,66,340.8,69.2,468.7,107.1,439.4,93.1,452.4,91,98,421.4,67.6,342.9,97.1,453.5,88.9,412.7
10003006-07,DE,New Castle County,006-07,1325,61,881,266,3,65,0,4,45,1084,40,753,202,3,53,0,4,29,483,261,513,225,482,180,496,170,584,253,584,237,591,242,243,498,175,489,244,586.3,224,533.3
10003006-08,DE,New Castle County,006-08,2660,167,1897,379,3,108,0,7,99,2030,114,1495,277,1,82,0,7,54,710.9,670.2,819.8,577.8,698.8,449.1,671.6,492,918.5,682,928,636.2,930.2,651.9,624,765.3,470.5,685.2,656.7,925.6,594.2,811.1
10003006-09,DE,New Castle County,006-09,2356,65,1860,215,3,151,0,6,56,1798,35,1464,163,2,101,0,1,32,571.9,705.7,663.9,624,621.4,545.3,624.4,554.5,944.6,888.9,946.9,829,952.9,851.7,664.8,617.9,549.9,622.9,856.5,948.1,714.2,760.8
10003006-10,DE,New Castle County,006-10,1968,74,1556,122,7,146,0,6,57,1585,42,1293,91,7,116,0,6,30,646,541,655,546,645,424,672,405,772,542,790,507,793,505,543.5,650.5,414.5,658.5,518,785,495.7,710.4
10003006-12,DE,New Castle County,006-12,948,39,829,12,0,25,0,7,36,744,26,657,11,0,19,0,6,25,284.4,271.2,299.8,263.3,287.8,206.6,292,215.4,358.4,271.1,385.8,229.7,366.6,261.9,267.2,292.1,211,289.9,254.2,370.2,245.6,324.9
10003006-13,DE,New Castle County,006-13,2715,501,1819,254,7,26,2,9,97,2130,346,1517,182,1,25,2,4,53,734.9,507.9,796.8,433.9,610.9,355.9,646.9,325.9,887.8,503.9,865.8,453.9,867.8,466.9,470.9,765.9,340.9,628.9,474.9,873.8,435.5,773
10003006-15,DE,New Castle County,006-15,2279,174,865,903,6,201,0,16,114,1764,122,694,702,3,162,0,12,69,811.1,246,809.1,238,682.1,168,669.1,196,936.1,250,927.1,227,926.1,237,242,810.1,182,675.6,238,929.8,223.2,822.9
10003006-16,DE,New Castle County,006-16,2113,125,380,1408,11,97,3,10,79,1554,75,367,948,11,91,3,6,53,696.8,69.1,625.8,61.1,510.7,32.9,455.6,93,768.7,76.5,678.9,67.1,703.6,65.1,65.1,661.3,63,483.1,69.5,717.1,66.4,634.3
10003006-17,DE,New Castle County,006-17,374,31,268,23,2,12,0,9,29,313,16,239,22,2,4,0,8,22,70.6,83.3,85.7,58.7,48.4,61.9,53.2,56.1,91.7,99.6,89.6,88.2,93.6,91.2,71,78.1,59,50.8,93,91.6,77,76.1
10003006-18,DE,New Castle County,006-18,2820,432,1066,1111,9,88,0,7,107,2225,299,926,854,9,66,0,7,64,818,239,800,214,725,159,706,174,914,272,867,239,876,240,226.5,809,166.5,715.5,250.3,885.7,219.6,815.1
10003006-19,DE,New Castle County,006-19,836,286,385,112,1,20,1,0,31,683,194,356,97,1,15,1,0,19,143,48,134,55,111,34,107,36,187,60,166,60,170,61,51.5,138.5,35,109,60.3,174.3,50.6,145.4
10003006-21,DE,New Castle County,006-21,3067,193,1852,243,8,641,0,5,125,2406,143,1580,184,2,427,0,0,70,768,466,792,431,714,317,720,317,952,461,964,418,956,442,448.5,780,317,717,440.3,957.3,407.4,838
10003006-22,DE,New Castle County,006-22,878,22,694,16,0,104,0,7,35,703,11,568,10,0,88,0,3,23,270,271,312,239,283,194,287,193,359,253,362,232,360,239,255,291,193.5,285,241.3,360.3,231.6,319
10003006-23,DE,New Castle County,006-23,2168,79,1692,215,0,127,0,10,45,1716,48,1405,118,0,109,0,10,26,748.7,512.4,764.7,530.4,681.9,421.7,713.8,406.8,884.3,514.4,886.3,461.6,873.4,497.5,521.4,756.7,414.2,697.9,491.2,881.3,477.8,793.3
10003006-24,DE,New Castle County,006-24,1679,112,1285,133,0,67,0,12,70,1369,67,1096,109,0,53,0,4,40,681.2,445.2,725.1,396,603.9,298.3,620.6,288.7,820.8,453.2,823.1,403.4,832,416.4,420.6,703.2,293.5,612.3,424.3,825.3,385.9,729.5
10003006-25,DE,New Castle County,006-25,2923,272,1498,718,0,312,0,21,102,2362,185,1283,525,0,285,0,18,66,689.1,370.3,690.1,345,544.3,237.2,558.9,237.2,817.4,365.5,802.8,326.6,801.9,335.3,357.7,689.6,237.2,551.6,342.5,807.4,316.7,700.6
10003006-26,DE,New Castle County,006-26,2180,176,1115,585,9,191,0,9,95,1694,125,915,434,9,148,0,6,57,734,396,760,377,678,266,653,294,849,372,850,346,851,351,386.5,747,280,665.5,356.3,850,343.1,767.9
10003006-27,DE,New Castle County,006-27,2077,214,761,890,2,79,0,13,118,1599,150,637,669,2,63,0,11,67,618,231,615,201,523,123,516,143,751,193,724,177,714,188,216,616.5,133,519.5,186,729.7,179.4,637.3
10003007-01,DE,New Castle County,007-01,1166,78,121,902,7,9,1,4,44,869,52,111,658,7,9,1,2,29,417,31,362,31,292,26,265,52,456,31,414,29,422,30,31,389.5,39,278.5,30,430.7,32.9,375.4
10003007-02,DE,New Castle County,007-02,2115,1017,259,759,0,9,0,3,68,1495,673,227,546,0,9,0,3,37,432.9,66.8,397.7,55.9,330.7,26.4,319.3,40.1,493.4,75.7,462.1,61.8,462.4,64.9,61.4,415.3,33.3,325,67.5,472.7,56,414.1
10003007-03,DE,New Castle County,007-03,3730,1295,481,1815,8,10,0,18,103,2585,825,408,1268,7,10,0,11,56,1005,98,927,71,583,53,564,84,920,122,822,92,842,86,84.5,966,68.5,573.5,100,861.3,86.6,809
10003007-04,DE,New Castle County,007-04,1972,111,1526,204,0,47,0,9,75,1802,93,1409,191,0,40,0,9,60,736,247,755,235,714,152,710,179,848,234,855,196,863,203,241,745.5,165.5,712,211,855.3,206.6,783
10003007-05,DE,New Castle County,007-05,2135,254,771,641,4,391,0,5,69,1799,185,678,552,4,317,0,5,58,553.2,150.1,545.3,130.1,498.2,90.1,484.2,115.1,718.3,181.1,691.3,166.1,697.3,159.1,140.1,549.2,102.6,491.2,168.8,702.3,141.7,598.3
10003007-06,DE,New Castle County,007-06,1438,59,1212,61,1,37,0,12,56,1182,34,1017,57,1,28,0,6,39,543,344,561,342,548,270,547,278,655,342,671,313,663,332,343,552,274,547.5,329,663,317.3,598.3
10003007-07,DE,New Castle County,007-07,2034,124,1277,462,5,78,0,0,88,1607,86,1045,371,2,57,0,0,46,720,353,755,288,597,240,592,249,829,375,814,346,820,344,320.5,737.5,244.5,594.5,355,821,313.6,732.4
10003007-08,DE,New Castle County,007-08,2409,123,1895,243,0,58,0,8,82,1788,78,1445,185,0,37,0,1,42,554,767,682,661,541,502,534,513,715,821,752,743,766,745,714,618,507.5,537.5,769.7,744.3,678.9,649.1
10003007-09,DE,New Castle County,007-09,860,19,669,110,0,21,0,2,39,670,10,536,92,0,17,0,0,15,120.7,146.5,134.7,132,118,104,118,102.4,167.5,150.3,176.7,141.1,165.9,153,139.3,127.7,103.2,118,148.1,170.1,132.8,143.1
10003007-10,DE,New Castle County,007-10,2430,75,1981,128,0,165,0,12,69,1932,62,1607,96,0,123,0,6,38,837,540,903,516,857,401,860,400,1037,528,1082,452,1083,465,528,870,400.5,858.5,481.7,1067.3,471.7,951.3
10003007-12,DE,New Castle County,007-12,1709,94,1324,94,3,111,0,11,72,1348,63,1071,76,3,85,0,8,42,493,417,522,409,526,285,529,294,663,409,670,374,661,388,413,507.5,289.5,527.5,390.3,664.7,368,580.6
10003007-13,DE,New Castle County,007-13,991,236,600,92,2,16,1,5,39,786,152,526,71,2,15,1,3,16,253.8,146.5,268,126.2,228.9,93.1,231.5,97.8,317.2,136.4,309.6,128.2,305.9,133.6,136.3,260.9,95.4,230.2,132.7,310.9,123.1,273.5
10003007-15,DE,New Castle County,007-15,2237,126,1069,666,4,249,0,17,106,1769,94,896,512,3,186,0,12,66,626.4,405.8,645,376,588.2,287.6,568.7,316.5,784.6,423.5,792.1,373.2,795.8,372.3,390.9,635.7,302,578.5,389.7,790.8,365,685.8
10003007-16,DE,New Castle County,007-16,1523,170,465,807,2,20,1,11,47,1195,109,398,631,2,18,1,5,31,681.4,123.9,657.5,99.9,565.5,81.9,541.5,109.9,738.4,130.9,705.4,124.9,713.4,126.9,111.9,669.4,95.9,553.5,127.6,719.1,114,657.6
10003007-17,DE,New Castle County,007-17,2220,744,978,342,9,58,2,10,77,1732,518,826,269,4,51,2,7,55,521,255.6,540,194.6,421.4,152.9,418.2,153.9,648.4,280.8,617.7,228.2,627.7,237.3,225.1,530.5,153.4,419.8,248.7,631.3,214.7,542.1
10003007-18,DE,New Castle County,007-18,2017,244,1058,376,7,247,2,12,71,1645,166,926,303,7,189,2,9,43,408.8,266.7,428.4,224.5,344.1,173.5,359.8,161.8,542.1,263.7,543.1,228.4,535.3,241.2,245.6,418.6,167.6,352,244.4,540.2,222.8,451.7
10003007-19,DE,New Castle County,007-19,1499,293,1015,79,1,43,1,11,56,1200,169,881,72,1,36,1,6,34,404,312,454,253,368,194,388,185,479,304,479,286,481,295,282.5,429,189.5,378,295,479.7,261.3,436.1
10003007-21,DE,New Castle County,007-21,261,7,215,8,0,18,0,6,7,204,3,177,2,0,17,0,2,3,56,96,57,101,51,81,57,76,68,102,83,86,77,98,98.5,56.5,78.5,54,95.3,76,91.4,64.1
10003007-22,DE,New Castle County,007-22,3188,161,2279,211,2,389,1,15,130,2625,119,1978,165,0,275,1,4,83,1037,613,1056,601,1003,451,1018,442,1256,635,1285,558,1278,572,607,1046.5,446.5,1010.5,588.3,1273,553.1,1133.3
10003007-23,DE,New Castle County,007-23,2263,120,1547,123,1,358,1,12,101,1938,88,1351,107,1,301,1,12,77,568.3,378.6,582.3,344.6,569.1,270.3,563.2,278.2,684.7,388.6,685.7,358.4,688.6,372.5,361.6,575.3,274.3,566.1,373.2,686.3,341.6,620.3
10003007-24,DE,New Castle County,007-24,3107,599,1289,993,6,74,0,16,130,2299,377,1096,677,4,70,0,9,66,820,255,788,250,687,175,673,197,966,288,941,248,951,255,252.5,804,186,680,263.7,952.7,238.3,832.3
10003007-25,DE,New Castle County,007-25,2510,166,1758,319,4,159,1,13,90,2117,126,1547,262,4,120,1,10,47,457.3,334,479.5,297,404.8,229.7,405.4,229,546.9,313.8,538.8,292.3,540.8,298.4,315.5,468.4,229.3,405.1,301.5,542.1,284.9,481.9
10003007-26,DE,New Castle County,007-26,2640,203,1276,847,2,185,0,16,111,2074,144,1047,655,2,142,0,15,69,934,401,957,365,820,258,825,270,1056,392,1037,344,1035,351,383,945.5,264,822.5,362.3,1042.7,340.1,952
10003007-27,DE,New Castle County,007-27,808,81,582,76,8,23,1,1,36,664,49,506,61,6,18,0,0,24,190,238,208,221,189,169,183,174,249,246,254,235,242,245,229.5,199,171.5,186,242,248.3,218.3,216.4
10003008-01,DE,New Castle County,008-01,340,21,169,124,0,18,0,0,8,292,12,155,101,0,16,0,0,8,107,38,108,37,107,29,104,34,123,38,116,37,122,34,37.5,107.5,31.5,105.5,36.3,120.3,35.3,112.4
10003008-02,DE,New Castle County,008-02,1678,146,87,1346,0,7,0,17,75,1135,80,75,920,0,4,0,10,46,565,15,491,17,326,12,296,53,572,23,499,22,505,26,16,528,32.5,311,23.7,525.3,24,464.9
10003008-03,DE,New Castle County,008-03,2135,362,968,704,1,18,2,13,67,1647,233,814,530,1,18,2,10,39,698,256,719,185,539,133,543,141,739,231,724,193,726,200,220.5,708.5,137,541,208,729.7,191.3,669.7
10003008-04,DE,New Castle County,008-04,3141,229,2250,139,4,392,0,10,117,2529,164,1911,78,4,295,0,7,70,927.7,721.8,1002.7,670.8,899.8,541.9,945.7,513.9,1214.7,745.8,1227.7,662.8,1231.7,670.8,696.3,965.2,527.9,922.7,693.1,1224.7,646.8,1064.3
10003008-05,DE,New Castle County,008-05,2723,231,1201,1011,3,163,0,11,103,2197,164,1006,831,3,122,0,11,60,1120,442,1100,410,998,306,953,350,1286,451,1257,423,1249,441,426,1110,328,975.5,438.3,1264,403.3,1137.6
10003008-06,DE,New Castle County,008-06,2759,150,2202,183,3,54,0,19,148,2250,101,1849,140,3,51,0,18,88,938,603,974,584,910,401,916,425,1113,562,1111,535,1111,544,593.5,956,413,913,547,1111.7,522,1010.4
10003008-07,DE,New Castle County,008-07,1990,70,1591,139,2,134,3,6,45,1658,47,1349,130,2,101,3,3,23,712,490,736,456,688,371,684,374,859,496,867,454,860,468,473,724,372.5,686,472.7,862,444.1,772.3
10003008-08,DE,New Castle County,008-08,3717,343,1907,1036,14,206,0,27,184,2883,229,1616,745,12,164,0,19,98,625,491,665,429,753,434,757,438,1290,735,1279,679,1292,684,460,645,436,755,699.3,1287,555.7,951.6
10003008-09,DE,New Castle County,008-09,2104,171,1194,549,0,64,1,5,120,1620,105,986,410,0,49,1,4,65,707.4,607.8,750.6,556.8,504,287,496,293,748,448,747,416,746,430,582.3,729,290,500,431.3,747,434.1,671.3
10003008-10,DE,New Castle County,008-10,2701,284,979,1107,6,200,1,19,105,1953,183,792,769,5,151,0,6,47,698,184,675,146,535,113,528,125,739,201,687,168,708,168,165,686.5,119,531.5,179,711.3,157.9,652.9
10003008-12,DE,New Castle County,008-12,1894,89,1565,43,1,106,0,2,88,1527,59,1280,37,1,97,0,2,51,705,554.4,689.7,589.5,664.6,434.4,662.1,448.6,826.2,557.6,850.9,499,826.5,538.2,572,697.3,441.5,663.4,531.6,834.5,517.4,746.4
10003008-13,DE,New Castle County,008-13,3481,1144,1616,559,3,24,0,9,126,2594,735,1387,385,2,24,0,4,57,782.9,349.1,837.7,257.8,639.6,201,630.9,213.5,899.3,378.9,876.2,325.1,890.6,324.1,303.4,810.3,207.3,635.3,342.7,888.7,292.8,793.9
10003008-15,DE,New Castle County,008-15,1872,414,1174,144,6,32,0,7,95,1478,259,1008,118,5,19,0,2,67,337,319,357,277,257,200,268,198,429,302,429,279,432,276,298,347,199,262.5,285.7,430,264.4,358.4
10003008-16,DE,New Castle County,008-16,2999,563,726,1525,11,18,0,27,129,2265,365,626,1154,11,18,0,18,73,1031.6,209.1,999.5,179.1,827.5,142.1,779.5,200.1,1098.6,218.1,1028.6,186.1,1039.6,202.1,194.1,1015.6,171.1,803.5,202.1,1055.6,191,972.1
10003008-17,DE,New Castle County,008-17,1555,233,577,683,6,14,2,0,40,1213,159,485,524,5,12,2,0,26,435,125,426,104,348,74,329,98,461,126,426,118,426,127,114.5,430.5,86,338.5,123.7,437.7,110.3,407.3
10003008-18,DE,New Castle County,008-18,1938,228,770,761,3,67,0,9,100,1523,148,662,574,3,65,0,9,62,689,215,688,208,564,143,540,167,775,206,743,203,751,198,211.5,688.5,155,552,202.3,756.3,191.4,678.6
10003008-19,DE,New Castle County,008-19,2394,424,1665,115,8,47,0,8,127,1911,274,1430,85,8,36,0,8,70,530,464,610,388,484,273,521,244,669,480,658,451,666,441,426,570,258.5,502.5,457.3,664.3,391.6,591.1
10003008-21,DE,New Castle County,008-21,2890,350,1898,355,3,144,1,3,136,2369,229,1645,277,2,126,1,3,86,786,577.7,856.9,495.1,771.5,326.6,776.8,337.6,993.3,546.3,977.9,512.8,974.9,520.6,536.4,821.4,332.1,774.1,526.6,982,473.8,876.7
10003008-22,DE,New Castle County,008-22,1645,89,1303,109,0,65,0,3,76,1418,59,1153,93,0,57,0,3,53,447,416,482,387,425,289,427,287,542,367,542,337,528,350,401.5,464.5,288,426,351.3,537.3,347.6,484.7
10003008-23,DE,New Castle County,008-23,3836,249,2503,773,4,112,0,8,187,3535,212,2281,766,4,108,0,0,164,657.8,415.6,669.3,433.3,665.7,313.8,664.1,330,787.5,389.6,797.3,346.6,790.6,365.1,424.5,663.5,321.9,664.9,367.1,791.8,370.6,718.9
10003008-24,DE,New Castle County,008-24,2451,390,1518,290,16,58,0,14,165,1915,248,1282,230,5,46,0,4,100,576,448,635,366,487,286,497,293,706,465,688,426,678,454,407,605.5,289.5,492,448.3,690.7,391.1,609.6
10003008-25,DE,New Castle County,008-25,966,89,581,205,0,48,0,8,35,802,62,514,159,0,39,0,4,24,345.9,188.7,357.9,158,312.7,133.8,320.1,131.8,403.6,202.5,402.2,176.4,401.1,183.7,173.3,351.9,132.8,316.4,187.5,402.3,167.8,363.4
10003008-26,DE,New Castle County,008-26,679,99,261,228,2,54,0,0,35,506,76,206,172,0,39,0,0,13,196,109,203,92,183,77,168,94,250,109,237,98,236,103,100.5,199.5,85.5,175.5,103.3,241,97.4,210.4
10003008-27,DE,New Castle County,008-27,2815,135,1649,502,1,384,0,20,124,2232,94,1377,377,1,271,0,14,98,783,672,823,593,780,443,766,464,1004,655,1001,610,1006,608,632.5,803,453.5,773,624.3,1003.7,577.9,880.4
10003009-01,DE,New Castle County,009-01,1430,59,278,994,1,20,2,14,62,1142,41,231,804,1,15,2,14,34,745,83,706,81,677,58,607,138,864,71,816,69,821,77,82,725.5,98,642,72.3,833.7,82.4,748
10003009-02,DE,New Castle County,009-02,1421,362,871,142,2,2,0,2,40,1081,211,735,117,1,1,0,2,14,364,221,384,173,307,123,313,120,413,215,410,192,407,198,197,374,121.5,310,201.7,410,177.4,371.1
10003009-03,DE,New Castle County,009-03,3079,940,448,1507,6,27,4,4,143,2180,615,382,1065,5,24,4,4,81,912,83,804,89,598,47,551,103,856,97,773,80,806,82,86,858,75,574.5,86.3,811.7,83,757.1
10003009-04,DE,New Castle County,009-04,1223,109,633,394,3,19,0,12,53,1005,75,563,312,3,19,0,5,28,426,84,406,98,398,50,396,68,513,77,485,63,484,73,91,416,59,397,71,494,73.3,444
10003009-05,DE,New Castle County,009-05,2425,338,441,1467,8,57,0,11,103,1792,226,391,1051,5,44,0,11,64,719,104,678,84,565,64,527,110,782,116,736,102,725,111,94,698.5,87,546,109.7,747.7,98.7,676
10003009-06,DE,New Castle County,009-06,2485,106,1944,221,4,96,3,16,95,1975,62,1578,177,4,82,1,8,63,975,514,1036,473,927,373,927,386,1133,493,1138,436,1130,462,493.5,1005.5,379.5,927,463.7,1133.7,448.1,1038
10003009-07,DE,New Castle County,009-07,2166,83,1406,283,1,327,0,9,57,1774,50,1202,223,1,250,0,6,42,624,412,650,361,551,268,569,264,717,376,704,352,704,354,386.5,637,266,560,360.7,708.3,341,645.6
10003009-08,DE,New Castle County,009-08,468,28,379,28,1,5,0,3,24,361,23,294,22,0,5,0,3,14,118,125,132,120,95,85,101,79,136,163,144,147,141,150,122.5,125,82,98,153.3,140.3,124.1,123.9
10003009-09,DE,New Castle County,009-09,3499,179,2038,1143,10,20,0,11,98,3178,147,1798,1130,10,20,0,9,64,439.5,680.7,525.8,588.7,358.6,449.8,375.1,448.5,481.4,731.8,516.3,660.2,501.4,682.3,634.7,482.6,449.1,366.9,691.4,499.7,606,456.9
10003009-10,DE,New Castle County,009-10,1812,50,1218,147,4,295,1,16,81,1507,39,1055,116,0,238,1,7,51,513,401,539,357,479,303,491,302,601,424,622,386,620,392,379,526,302.5,485,400.7,614.3,366.4,552.1
10003009-12,DE,New Castle County,009-12,1741,58,962,71,1,591,0,7,51,1394,32,816,59,1,450,0,4,32,567.8,425.5,596.1,406.8,539.6,290.1,538.6,288.1,753.5,436.8,775.5,392.4,763.3,411.2,416.1,582,289.1,539.1,413.5,764.1,378.7,647.8
10003009-13,DE,New Castle County,009-13,2748,684,1326,519,8,89,0,22,100,2166,462,1147,384,8,77,0,14,74,684,348.6,707.1,288.6,583.3,211.4,588.3,221.5,813.5,339.4,787.5,302.5,802.3,309.6,318.6,695.6,216.4,585.8,317.2,801.1,288.8,709.4
10003009-15,DE,New Castle County,009-15,915,56,609,173,0,17,0,2,58,775,35,545,139,0,14,0,1,41,277,239,301,208,262,152,269,151,356,265,356,252,358,258,223.5,289,151.5,265.5,258.3,356.7,217.9,311.3
10003009-16,DE,New Castle County,009-16,448,34,305,92,2,1,0,0,14,382,24,271,78,2,0,0,0,7,151,99,164,74,141,70,139,71,177,103,180,88,186,82,86.5,157.5,70.5,140,91,181,83.9,162.6
10003009-17,DE,New Castle County,009-17,1559,256,884,327,1,14,2,8,67,1231,165,751,250,1,12,2,6,44,428,314,482,264,398,210,412,194,545,322,560,275,549,285,289,455,202,405,294,551.3,266.3,482
10003009-18,DE,New Castle County,009-18,1751,190,774,600,2,88,0,5,92,1416,123,681,478,1,66,0,3,64,612,297.4,623.5,256.6,532.5,198.2,519.9,216.5,704.7,302.1,679,285.7,676.8,288.4,277,617.7,207.4,526.2,292.1,686.8,263.6,621.2
10003009-19,DE,New Castle County,009-19,2250,327,1627,172,0,34,1,7,82,1819,218,1378,143,0,23,1,5,51,530.2,476.7,587.7,385.5,431.1,305.2,457.9,293.4,597.6,471.7,597.6,416.2,597.6,430.1,431.1,559,299.3,444.5,439.4,597.6,397,542.8
10003009-21,DE,New Castle County,009-21,1142,65,787,102,1,151,0,2,34,886,49,626,80,1,110,0,2,18,368,263,385,250,338,182,326,189,439,254,449,236,446,237,256.5,376.5,185.5,332,242.3,444.7,230.1,393
10003009-22,DE,New Castle County,009-22,1470,77,1132,60,1,131,0,5,64,1247,65,976,49,1,112,0,3,41,487,461,536,420,469,341,484,327,561,443,584,404,587,405,440.5,511.5,334,476.5,417.3,577.3,400.1,529.7
10003009-23,DE,New Castle County,009-23,651,18,514,32,1,46,0,5,35,578,13,470,29,0,41,0,0,25,207,200,239,197,207,170,217,166,285,194,286,185,286,191,198.5,223,168,212,190,285.7,186.1,246.7
10003009-24,DE,New Castle County,009-24,1466,311,862,157,7,41,1,5,82,1160,202,739,124,7,34,1,4,49,303,222,318,212,249,177,261,174,380,231,361,223,365,225,217,310.5,175.5,255,226.3,368.7,209.1,319.6
10003009-26,DE,New Castle County,009-26,5046,1965,931,1817,10,172,0,16,135,3523,1199,800,1280,9,134,0,4,97,1157,242,1103,224,847,133,825,163,1244,241,1189,195,1189,205,233,1130,148,836,213.7,1207.3,200.4,1079.1
10003009-27,DE,New Castle County,009-27,2518,125,1792,315,3,184,2,12,85,2017,90,1482,254,3,127,0,8,53,709,635,776,569,665,464,654,469,811,694,821,650,834,644,602,742.5,466.5,659.5,662.7,822,589.3,752.9
10003010-01,DE,New Castle County,010-01,2748,204,135,2291,5,4,0,24,85,2038,123,116,1723,5,2,0,13,56,1054.2,17.9,923.6,20.8,736.5,14.5,680.5,79.5,1066.7,24.8,965.8,25.7,970.8,32.8,19.4,988.9,47,708.5,27.8,1001.1,30.9,914
10003010-02,DE,New Castle County,010-02,2849,282,876,1310,2,211,0,9,159,2405,220,844,1031,2,205,0,6,97,654.4,74,586,74.8,500.4,51.9,467.6,96.6,927.5,109.8,859.9,95.8,872.8,103.8,74.4,620.2,74.2,484,103.1,886.8,86.7,695.5
10003010-03,DE,New Castle County,010-03,571,75,285,185,0,5,0,0,21,443,40,249,140,0,3,0,0,11,187,71,194,62,148,41,148,46,200,64,186,60,195,60,66.5,190.5,43.5,148,61.3,193.7,57.7,179.7
10003010-04,DE,New Castle County,010-04,389,41,257,56,4,8,0,1,22,330,19,236,53,4,3,0,1,14,117,56,125,46,130,24,129,24,167,51,161,44,168,43,51,121,24,129.5,46,165.3,41.1,142.4
10003010-05,DE,New Castle County,010-05,2463,454,416,1423,6,37,0,23,104,1776,296,342,1012,5,35,0,16,70,790,98,758,78,621,59,596,83,862,108,820,99,819,99,88,774,71,608.5,102,833.7,89.1,752.3
10003010-06,DE,New Castle County,010-06,2113,94,1779,87,0,91,2,5,55,1626,51,1409,75,0,63,2,0,26,665,479,712,460,676,360,694,369,830,424,836,400,833,406,469.5,688.5,364.5,685,410,833,414,749.4
10003010-07,DE,New Castle County,010-07,3428,492,1401,1232,17,126,0,12,148,2691,308,1217,959,9,96,0,5,97,907,354,904,298,766,246,758,252,1056,348,1006,316,1013,315,326,905.5,249,762,326.3,1025,304.1,915.7
10003010-08,DE,New Castle County,010-08,2653,277,1295,723,2,181,0,30,145,1893,196,945,544,2,122,0,14,70,684,374,692,351,606,240,567,287,854,417,868,365,850,386,362.5,688,263.5,586.5,389.3,857.3,345.7,731.6
10003010-09,DE,New Castle County,010-09,2278,108,1329,703,4,56,0,15,63,1726,71,1021,534,3,46,0,12,39,700.4,514.4,743,480.1,517.1,275.4,501.5,298.7,732.9,416.1,720.8,385,714.8,385.9,497.2,721.7,287,509.3,395.6,722.8,393.6,661.5
10003010-10,DE,New Castle County,010-10,2167,177,716,745,0,439,1,15,74,1808,130,661,609,0,344,1,14,49,523,136,494,117,445,96,443,101,607,156,554,138,556,145,126.5,508.5,98.5,444,146.3,572.3,127,517.4
10003010-12,DE,New Castle County,010-12,2163,71,1809,42,0,145,0,13,83,1696,35,1456,29,0,116,0,13,47,659.3,532.1,673.3,556.4,626.5,394.6,638.7,398.4,777.1,559.2,792,520.9,782.7,549.9,544.2,666.3,396.5,632.6,543.3,783.9,501.6,707.1
10003010-13,DE,New Castle County,010-13,1147,284,729,58,5,23,3,3,42,885,186,602,41,4,19,3,3,27,262,183,283,157,203,112,206,118,305,184,300,167,298,170,170,272.5,115,204.5,173.7,301,155.9,265.3
10003010-15,DE,New Castle County,010-15,3727,385,1253,1640,13,187,0,26,223,2840,259,1049,1230,8,140,0,23,131,1072.8,279.6,1055.4,240.8,902,181.6,888.4,209.7,1235,266,1179.6,243.7,1195.2,259.2,260.2,1064.1,195.6,895.2,256.3,1203.3,240.1,1075.5
10003010-16,DE,New Castle County,010-16,2400,262,1398,616,3,31,1,8,81,1957,153,1228,483,3,24,1,6,59,711,297,748,231,612,192,607,207,787,340,770,295,780,303,264,729.5,199.5,609.5,312.7,779,266.4,716.4
10003010-17,DE,New Castle County,010-17,2379,662,898,705,5,22,0,14,73,1794,427,771,521,5,19,0,12,39,535,224,525,171,414,148,401,158,638,261,602,228,598,231,197.5,530,153,407.5,240,612.7,203,530.4
10003010-18,DE,New Castle County,010-18,1533,81,533,437,9,421,1,6,45,1344,74,511,389,7,335,1,3,24,249.3,96.7,252.7,90,222,48.7,217.3,58.7,308.7,86.7,296,75.3,294,73.3,93.3,251,53.7,219.7,78.4,299.6,75.6,262.9
10003010-19,DE,New Castle County,010-19,1373,214,1011,61,3,38,0,2,44,1115,138,853,53,3,31,0,0,37,383,290,430,228,346,172,341,191,475,253,484,222,477,231,259,406.5,181.5,343.5,235.3,478.7,226.7,419.4
10003010-21,DE,New Castle County,010-21,2617,230,2009,152,1,95,0,17,113,2162,169,1720,113,1,80,0,11,68,818.2,637.8,845.5,606.5,748.9,465.9,775.1,453.7,945.7,645.5,951.8,600.1,950.8,615.3,622.2,831.9,459.8,762,620.3,949.5,575,862.3
10003010-22,DE,New Castle County,010-22,1636,55,1311,32,4,146,0,7,81,1307,34,1075,14,4,118,0,5,57,560.4,412.7,581.7,398.9,510.6,316.7,535.5,300.1,650,409.9,671.2,363.8,661.1,385.9,405.8,571.1,308.4,523,386.6,660.8,369.7,595.8
10003010-24,DE,New Castle County,010-24,2647,516,1221,448,4,338,1,9,110,2096,358,1029,370,4,255,1,7,72,540,295,556,273,425,201,449,189,695,312,672,275,648,296,284,548,195,437,294.3,671.7,263,569.3
10003010-27,DE,New Castle County,010-27,3282,105,1937,329,4,768,0,19,120,2423,80,1510,263,1,491,0,18,60,814,667,843,638,802,488,797,494,1055,667,1077,604,1062,632,652.5,828.5,491,799.5,634.3,1064.7,598.6,921.4
10003011-01,DE,New Castle County,011-01,1138,61,311,699,1,11,0,7,48,865,37,263,527,1,11,0,4,22,530,66,505,53,465,32,423,89,583,51,548,51,554,55,59.5,517.5,60.5,444,52.3,561.7,56.7,515.4
10003011-02,DE,New Castle County,011-02,2412,151,61,2102,4,4,0,2,88,1671,82,52,1474,4,4,0,0,55,857.3,16.6,746.5,25.3,585.8,14.8,504.6,85.6,847.7,29.7,763.9,26.2,770,20.1,21,801.9,50.2,545.2,25.3,793.9,31.2,725.1
10003011-04,DE,New Castle County,011-04,2607,249,1902,111,3,277,0,9,56,2063,166,1554,91,2,198,0,8,44,602,373,596,408,631,309,645,308,810,440,853,390,833,413,390.5,599,308.5,638,414.3,832,377.3,710
10003011-06,DE,New Castle County,011-06,1533,23,1331,48,3,69,0,1,58,1254,16,1097,45,3,56,0,0,37,628,351,633,371,597,297,597,298,705,372,723,347,704,369,361,630.5,297.5,597,362.7,710.7,343.6,655.3
10003011-09,DE,New Castle County,011-09,2853,114,2176,310,8,111,0,11,123,2345,89,1856,238,1,78,0,9,74,235.9,266.6,264.3,242.9,792,672,795,645,1042,964,1049,902,1044,915,254.7,250.1,658.5,793.5,927,1045,658.2,746
10003011-12,DE,New Castle County,011-12,1641,45,1397,23,3,117,0,6,50,1386,30,1196,22,0,102,0,5,31,535.7,573.5,584,555.1,558.9,467,554.2,483.1,687.7,558.2,727.1,501.2,689.8,544.9,564.3,559.9,475,556.5,534.8,701.5,526.1,619.6
10003011-13,DE,New Castle County,011-13,1087,246,573,211,4,2,0,9,42,819,156,477,153,3,0,0,8,22,334,126,354,100,261,72,265,67,524,145,510,129,505,136,113,344,69.5,263,136.7,513,110.7,393.3
10003011-17,DE,New Castle County,011-17,3360,741,1213,1211,5,79,2,13,96,2665,490,1053,969,5,69,2,6,71,723.4,359.7,738.3,296.3,593.6,209.1,577.8,227.9,846.3,397.4,831.4,356.8,832.4,356.8,328,730.9,218.5,585.7,370.3,836.7,314.9,734.7
10003011-19,DE,New Castle County,011-19,498,126,260,77,0,8,1,0,26,397,79,230,65,0,4,1,0,18,111.7,92.6,114.6,82.1,105,48.7,114.5,47.7,160.4,83,168,65.9,162.3,73.5,87.3,113.1,48.2,109.8,74.1,163.5,70.5,133.8
10003011-21,DE,New Castle County,011-21,2921,302,2095,272,2,117,2,17,114,2319,204,1741,186,1,98,1,17,71,759,571,807,501,726,388,739,390,919,616,935,542,930,550,536,783,389,732.5,569.3,928,508.3,830.7
10003011-22,DE,New Castle County,011-22,2765,137,1886,125,0,507,1,14,95,2219,98,1603,102,0,356,1,10,49,816,580,874,535,804,422,811,417,1005,588,1028,540,1020,561,557.5,845,419.5,807.5,563,1017.7,520.4,908.3
10003012-01,DE,New Castle County,012-01,875,89,359,334,2,20,0,8,63,720,70,317,273,2,16,0,6,36,281.1,96.8,282.7,91.8,228.9,53.3,212.9,69.3,333.4,86.9,319.3,83,318.3,85.9,94.3,281.9,61.3,220.9,85.3,323.6,81,282.4
10003012-02,DE,New Castle County,012-02,3070,239,427,2327,1,3,0,1,72,2336,173,393,1719,1,1,0,1,48,877.1,20.7,774.7,21.7,576.7,17.1,519.2,72.8,815.4,31.2,717.5,25.4,727.5,19,21.2,825.9,44.9,548,25.2,753.5,29.7,715.4
10003012-04,DE,New Castle County,012-04,1869,40,1667,33,0,68,0,6,55,1507,31,1361,27,0,57,0,6,25,681,540,747,514,695,418,732,394,804,551,847,475,823,522,527,714,406,713.5,516,824.7,487.7,761.3
10003012-06,DE,New Castle County,012-06,2106,64,1776,95,0,82,0,6,83,1692,51,1438,71,0,70,0,6,56,761,477,776,484,731,393,763,375,891,504,915,455,912,463,480.5,768.5,384,747,474,906,450.1,821.3
10003012-09,DE,New Castle County,012-09,2593,112,1713,444,0,195,1,9,119,1955,75,1333,341,0,138,0,7,61,197.8,169.9,209.8,155.7,506.7,350.7,482.7,369.1,838.9,648.8,844.4,599.9,848.1,618.3,162.8,203.8,359.9,494.7,622.3,843.8,416.1,561.2
10003012-12,DE,New Castle County,012-12,1813,90,1345,38,3,261,4,4,68,1422,49,1100,33,3,205,0,4,28,475.2,490.5,524.9,475.2,492.4,376.9,493.4,377.9,636.5,496.2,657.5,447.6,632.7,484.8,482.9,500,377.4,492.9,476.2,642.2,449.9,558.9
10003012-13,DE,New Castle County,012-13,39,28,10,1,0,0,0,0,0,32,24,7,1,0,0,0,0,0,4.1,0,4.1,0,1.1,0,1.1,0,4.1,0,5.1,0,5.1,0,0,4.1,0,1.1,0,4.8,0,3.5
10003012-19,DE,New Castle County,012-19,1875,554,740,410,3,75,0,13,80,1500,388,636,354,3,56,0,6,57,543,181,536,145,417,112,406,133,565,206,546,190,545,193,163,539.5,122.5,411.5,196.3,552,165.7,508.3
10003012-22,DE,New Castle County,012-22,1419,70,1214,15,1,59,0,5,55,1151,31,1016,13,1,50,0,2,38,431.6,453.3,477.3,415.1,447.4,338.3,446.5,342.9,579,474.1,591.8,445.2,575.9,469.1,434.2,454.4,340.6,447,462.8,582.2,419.7,507.1
10003013-01,DE,New Castle County,013-01,1632,72,529,931,0,70,0,0,30,1402,63,506,745,0,67,0,0,21,590,107,566,101,512,66,491,99,659,91,641,82,642,91,104,578,82.5,501.5,88,647.3,91,585.9
10003013-02,DE,New Castle County,013-02,0,0,0,0,0,0,0,0,0,0,0,0,0,0,0,0,0,0,0,0,0,0,0,0,0,0,0,0,0,0,0,0,0,0,0,0,0,0,0,0
10003013-04,DE,New Castle County,013-04,360,24,256,57,2,8,0,2,11,314,17,231,46,2,8,0,2,8,130,50,140,44,112,30,116,33,158,61,151,53,154,51,47,135,31.5,114,55,154.3,46,137.3
10003013-09,DE,New Castle County,013-09,4364,290,2140,1073,11,622,1,13,214,2956,183,1500,738,7,398,1,10,119,520.3,447,552,409.5,738,375,711,412,1259,706,1251,659,1280,665,428.3,536.2,393.5,724.5,676.7,1263.3,524.8,901.6
10003013-12,DE,New Castle County,013-12,1448,36,1237,46,0,88,0,2,39,1277,24,1107,46,0,79,0,2,19,503,336,477,378,490,287,458,318,584,327,589,290,586,308,357,490,302.5,474,308.3,586.3,320.6,526.7
10003013-13,DE,New Castle County,013-13,266,56,103,92,1,6,0,0,8,205,35,92,67,1,6,0,0,4,86,26,87,19,66,7,61,9,86,19,83,12,83,14,22.5,86.5,8,63.5,15,84,15.1,78.9
10003014-01,DE,New Castle County,014-01,1093,58,757,191,0,37,0,10,40,904,37,648,159,0,29,0,4,27,459.5,212.8,480.4,189.8,435.5,139.8,423.5,167.8,537.4,197.8,532.4,187.8,544.4,181.8,201.3,469.9,153.8,429.5,189.1,538,182.5,487.6
10003014-04,DE,New Castle County,014-04,394,45,245,82,0,9,0,2,11,326,25,225,69,0,6,0,0,1,143,65,158,50,149,29,156,33,205,52,194,41,198,46,57.5,150.5,31,152.5,46.3,199,45.1,171.9
10003014-12,DE,New Castle County,014-12,1158,45,1000,19,4,52,1,1,36,942,34,817,15,3,44,0,1,28,438.1,316.9,473.4,323.6,467.1,252.2,486,237.3,528.4,305.8,566.1,269.1,549.1,284.4,320.2,455.7,244.8,476.5,286.4,547.9,284.2,501.2
10003014-13,DE,New Castle County,014-13,7,1,0,1,0,1,0,4,0,5,0,0,1,0,1,0,3,0,2.7,1.1,2.7,0.8,2.2,0.6,2.2,0.6,3.1,1.1,2.9,1,2.9,1,0.9,2.7,0.6,2.2,1,3,0.9,2.7
10003015-04,DE,New Castle County,015-04,626,21,472,17,0,103,0,2,11,538,19,417,11,0,81,0,2,8,249.3,202.2,264.3,194.2,241.2,137.2,239.3,144.1,325.3,181.2,336.3,165.2,319.3,183.2,198.2,256.8,140.6,240.3,176.5,327,172.5,282.2
10003016-04,DE,New Castle County,016-04,192,43,54,90,0,0,0,0,5,163,32,54,72,0,0,0,0,5,84,22,83,17,59,14,57,16,97,19,91,16,92,18,19.5,83.5,15,58,17.7,93.3,17.4,80.4
10005001-14,DE,Sussex County,001-14,5491,269,4772,139,9,100,0,17,185,4822,185,4305,119,7,86,0,17,103,1304.6,1338.2,1412.7,1211.8,1422.3,1053.6,1461,1008.6,1964.5,1419,1956.5,1362.3,1979.5,1381.6,1275,1358.6,1031.1,1441.7,1387.6,1966.8,1253.6,1643
10005001-20,DE,Sussex County,001-20,2239,194,1582,350,7,26,1,3,76,1818,140,1314,278,7,18,1,1,59,571,488,627,417,579,369,582,371,758,527,734,499,741,512,452.5,599,370,580.5,512.7,744.3,454.7,656
10005001-35,DE,Sussex County,001-35,5197,376,3942,580,5,44,2,27,221,4081,243,3195,439,1,39,2,12,150,584,1705,768,1487,560,1293,632,1224,705,1852,714,1763,727,1796,1596,676,1258.5,596,1803.7,715.3,1588.6,670
10005001-36,DE,Sussex County,001-36,4464,950,2496,748,20,46,1,15,188,3337,596,2064,511,20,46,1,6,93,544.5,744.4,596.5,696.5,579.9,571.1,596.7,555.9,786.5,813.2,774.4,758.4,766.5,787.8,720.4,570.5,563.5,588.3,786.5,775.8,703.9,663.6
10005001-37,DE,Sussex County,001-37,6800,4031,1558,972,17,25,5,27,165,4649,2432,1369,709,10,19,5,19,86,637,605,728,501,492,451,518,403,770,625,735,540,739,590,553,682.5,427,505,585,748,530.7,659.9
10005001-38,DE,Sussex County,001-38,3614,122,3304,47,2,19,2,13,105,3147,101,2894,44,2,19,2,13,72,599.6,1455.3,764.4,1273.2,638.2,1191.4,721.5,1095.7,871.1,1630.4,897,1526.7,908.5,1554.7,1364.2,682,1143.5,679.9,1570.6,892.2,1389.6,771.5
10005001-39,DE,Sussex County,001-39,3066,198,2297,370,12,49,1,11,128,2402,134,1873,266,12,35,0,11,71,334.5,1017,471.9,851.5,344.2,760.1,370.3,718,451.1,1058.4,453,999.1,468.1,1003.2,934.2,403.2,739,357.3,1020.3,457.4,915.3,413.3
10005001-40,DE,Sussex County,001-40,2683,226,1616,606,6,49,1,22,157,1947,135,1324,345,5,42,0,17,79,316.6,632.3,425.3,494.2,290.3,490.8,327.7,438.5,386.4,744.2,396.5,694,395.6,698,563.3,370.9,464.7,309,712.1,392.8,598.9,362.6
10005001-41,DE,Sussex County,001-41,3633,470,2818,121,8,39,0,24,153,2829,295,2281,100,8,28,0,18,99,279,1246,537,983,308,978,366,908,406,1487,425,1416,430,1438,1114.5,408,943,337,1447,420.3,1208,393
10005002-14,DE,Sussex County,002-14,4343,225,3670,130,19,111,1,28,159,3724,163,3242,103,16,79,1,15,105,1083,1085,1243,924,1136,914,1200,834,1642,1287,1651,1201,1667,1214,1004.5,1163,874,1168,1234,1653.3,1065.6,1374.6
10005002-20,DE,Sussex County,002-20,4511,449,3665,188,18,54,1,10,126,3755,257,3211,153,16,43,1,3,71,908,1262,1026,1113,1060,1152,1119,1076,1435,1451,1389,1404,1415,1410,1187.5,967,1114,1089.5,1421.7,1413,1266.9,1193.1
10005002-35,DE,Sussex County,002-35,4616,489,3146,661,15,65,0,27,213,3670,276,2702,484,15,42,0,16,135,804.4,1574.5,965.3,1370.5,794.8,1292.7,856.7,1215.1,1222.3,1817.8,1195.9,1754.6,1216.9,1755.7,1472.5,884.9,1253.9,825.7,1776,1211.7,1540.1,1008
10005002-36,DE,Sussex County,002-36,3274,365,2517,202,2,32,2,29,125,2666,217,2157,165,0,29,2,12,84,388.4,1051.2,498.8,960.7,402.7,832.5,455.8,779.4,648.7,1178.8,646.6,1129.3,644.5,1169.6,1006,443.6,805.9,429.3,1159.2,646.6,1014.5,526.5
10005002-37,DE,Sussex County,002-37,3628,563,2252,690,4,25,0,15,79,3059,371,1947,649,4,22,0,8,58,368,793,488,694,372,645,398,604,470,862,465,833,452,873,743.5,428,624.5,385,856,462.3,757.7,430.4
10005002-38,DE,Sussex County,002-38,4675,194,4194,84,4,47,2,14,136,4162,119,3803,72,4,47,2,14,101,827.5,1511.6,956.3,1324.3,954,1369.7,996.6,1288.3,1373.7,1948,1349.4,1865.1,1390.6,1874.9,1418,891.9,1329,975.3,1896,1371.2,1597.4,1121.2
10005002-39,DE,Sussex County,002-39,4635,404,2352,1476,14,142,0,37,210,3465,254,1962,983,12,109,0,24,121,821.9,1003.4,895.8,891.8,680.1,759.5,697.8,727.6,964.8,1049.9,950.3,962.6,976,978.3,947.6,858.8,743.5,688.9,996.9,963.7,910.4,855.2
10005002-40,DE,Sussex County,002-40,4459,347,3592,227,18,40,1,23,211,3510,226,2920,158,14,34,1,20,137,386,1536,635,1265,375,1098,446,1012,467,1561,473,1492,488,1505,1400.5,510.5,1055,410.5,1519.3,476,1352.7,467.1
10005002-41,DE,Sussex County,002-41,4904,309,3675,495,15,150,1,18,241,3935,201,3051,390,13,117,0,18,145,671,1232,849,1025,756,1088,814,1009,1154,1625,1104,1529,1119,1604,1128.5,760,1048.5,785,1586,1125.7,1301.7,923.9
10005003-14,DE,Sussex County,003-14,3761,249,3109,182,7,47,1,13,153,3373,166,2885,144,7,44,1,6,120,1350.7,996.3,1409.4,918.2,1358.4,800.7,1379,763.4,1759.5,1027.4,1762.6,985.6,1784.4,983.9,957.2,1380.1,782,1368.7,999,1768.8,925.1,1543.4
10005003-20,DE,Sussex County,003-20,4677,318,3864,199,9,95,2,21,169,3974,214,3395,169,8,75,2,21,90,848.3,1318.3,979.1,1153.4,1011.8,1124.8,1024.8,1104.7,1379.2,1573.2,1374.9,1486.8,1379,1517.9,1235.9,913.7,1114.8,1018.3,1526,1377.7,1325.6,1142.4
10005003-35,DE,Sussex County,003-35,3318,1130,1419,591,9,31,1,15,122,2370,631,1168,450,8,25,1,4,83,309.7,374.4,356.7,307.7,254.5,284.5,260.6,273.2,371.7,440,365.1,410.3,367.1,416.2,341,333.2,278.8,257.6,422.1,368,358,326.5
10005003-36,DE,Sussex County,003-36,3598,256,2716,378,4,92,0,10,142,2975,163,2355,279,4,78,0,8,88,668.6,1098.3,788.9,990.9,730.5,846.4,754.4,813.5,959.4,1148.9,955.2,1090.6,982.6,1098.2,1044.6,728.8,830,742.4,1112.6,965.8,1012.4,834.2
10005003-37,DE,Sussex County,003-37,4831,297,3895,359,37,53,1,19,170,4117,195,3424,305,31,41,1,11,109,756,1324,876,1192,861,1207,933,1125,1291,1666,1264,1582,1280,1628,1258,816,1166,897,1625.3,1278.3,1389.1,1037.3
10005003-38,DE,Sussex County,003-38,4034,129,3726,34,2,46,5,2,90,3575,80,3357,26,0,42,2,0,68,810.4,1322.7,942.1,1198.7,860.4,1107.4,896.9,1034.4,1208.3,1546.7,1188.2,1484.2,1214.1,1508.3,1260.7,876.2,1070.9,878.6,1513.1,1203.5,1314.6,1017.2
10005003-39,DE,Sussex County,003-39,2264,276,1435,371,3,55,0,16,108,1827,182,1230,293,3,49,0,8,62,318.5,581.7,375.3,521.6,301.4,449.3,313.6,432.2,402.1,632.9,399.7,587.4,403,603.6,551.6,346.9,440.7,307.5,608,401.6,544.1,359.1
10005003-40,DE,Sussex County,003-40,2971,414,1157,1217,10,12,0,23,138,1974,231,872,786,8,8,0,17,52,445.1,368.2,481.6,306.7,363.4,239.4,374,230.7,500.9,418.2,503.7,382.6,507.6,376.8,337.4,463.4,235,368.7,392.5,504.1,331.8,453.8
10005003-41,DE,Sussex County,003-41,2674,855,1179,470,1,56,1,1,111,2010,541,969,396,1,44,1,0,58,422.1,584.4,530.7,432.1,380.3,405.2,408.2,357.4,540.6,626.3,535.7,586.4,547.6,594.4,508.3,476.4,381.3,394.3,602.4,541.3,512.3,480.8
10005004-14,DE,Sussex County,004-14,4600,325,3892,97,16,82,0,27,161,4119,231,3582,80,16,78,0,22,110,1197.4,1047.6,1282.8,902.4,1210.1,915.1,1292.8,843.4,1666.8,1166.6,1662.2,1098.5,1660.4,1125.7,975,1240.1,879.2,1251.4,1130.3,1663.2,1014.2,1424.7
10005004-20,DE,Sussex County,004-20,4934,191,4105,343,33,48,2,22,190,4165,141,3547,280,32,42,2,16,105,981,1401,1137,1225,1082,1159,1135,1084,1587,1763,1579,1668,1618,1681,1313,1059,1121.5,1108.5,1704,1594.7,1425.9,1302.7
10005004-35,DE,Sussex County,004-35,3800,580,1739,1251,14,26,0,9,181,3011,373,1507,1002,12,22,0,1,94,695.9,795.6,793.7,667.3,555.8,603.1,569.6,559.7,839.1,856.8,809.5,817.4,815.4,837.1,731.5,744.8,581.4,562.7,837.1,821.3,733.9,725.6
10005004-36,DE,Sussex County,004-36,2561,741,1208,447,9,6,2,19,129,1869,430,1013,339,8,5,0,9,65,377,503,409,462,342,368,358,362,500,532,481,505,470,536,482.5,393,365,350,524.3,483.7,466.9,419.6
10005004-37,DE,Sussex County,004-37,4718,166,3991,231,48,51,0,12,219,4172,105,3644,180,44,38,0,10,151,884.8,1246.6,1017.2,1053.9,840.4,956.1,891.8,881.9,1279.3,1499.8,1247.7,1418.8,1271.4,1428.7,1150.3,951,919,866.1,1449.1,1266.2,1212.3,1061.8
10005004-38,DE,Sussex County,004-38,3153,100,2868,21,0,38,2,25,99,2929,74,2707,14,0,37,2,16,79,802.1,1051.6,883.7,984.9,901.7,896.9,898.5,860.3,1176.9,1092.3,1144.4,1072.7,1175.3,1070.8,1018.3,842.9,878.6,900.1,1078.6,1165.5,1004.2,997.5
10005004-39,DE,Sussex County,004-39,3954,691,1661,1348,13,45,0,17,179,2924,427,1383,968,11,36,0,10,89,540.7,553.9,595.4,452.5,486,418.6,477.1,415.6,673.9,565.9,644,524.1,664.9,527.1,503.2,568,417.1,481.5,539.1,660.9,494,583.1
10005004-40,DE,Sussex County,004-40,3140,175,2544,190,8,74,1,14,134,2505,98,2110,148,7,52,0,9,81,328,1127.8,542.1,901.1,340.7,783.3,375.8,738.4,452.5,1163.9,482.9,1069.6,497.9,1071.7,1014.5,435.1,760.8,358.2,1101.8,477.8,979.4,431.4
10005004-41,DE,Sussex County,004-41,2140,197,1561,238,11,31,0,10,92,1709,122,1309,191,8,23,0,4,52,336.9,619.6,451.3,511.9,327.7,513.8,372.8,464.6,442.4,693.7,435.3,670.6,427.4,697.6,565.7,394.1,489.2,350.2,687.3,435,596,399.1
10005005-14,DE,Sussex County,005-14,4198,111,3788,70,5,71,2,11,140,3766,80,3456,61,5,62,2,8,92,1042.6,1333.2,1173.4,1172.3,1087.5,1106.2,1144.2,1027,1534.8,1524,1530.3,1447.3,1556,1456.6,1252.7,1108,1066.6,1115.8,1476,1540.4,1295.2,1295.5
10005005-20,DE,Sussex County,005-20,5959,458,4897,280,12,120,0,22,170,5330,306,4513,255,8,103,0,11,134,1253.7,1416.6,1346.6,1292.7,1571.4,1323.7,1645.3,1230.8,2302.7,1878.1,2269.7,1785.2,2340.6,1763.2,1354.6,1300.2,1277.2,1608.4,1808.8,2304.3,1527.2,1818.6
10005005-35,DE,Sussex County,005-35,1089,99,765,148,0,10,1,4,62,867,61,650,107,0,10,0,1,38,119.1,376.4,181.3,294.7,114.2,283.9,137.4,255.3,162.9,419.2,168.5,384.6,172.6,388.9,335.5,150.2,269.6,125.8,397.6,168,343.3,150.9
10005005-36,DE,Sussex County,005-36,2797,199,1824,601,9,28,1,9,126,2230,125,1500,464,9,27,1,7,97,395.4,809.5,475.8,705.6,419.7,652.4,469.6,599.2,556.6,911.8,576.4,861.4,577,888.1,757.6,435.6,625.8,444.6,887.1,570,775.4,495.8
10005005-37,DE,Sussex County,005-37,4605,648,3231,366,67,81,0,11,201,3893,390,2927,297,64,67,0,1,147,696.4,1039.3,782.7,901.8,758.2,917.4,805.3,853.2,1182.3,1403.8,1143.2,1336.6,1169.3,1344.7,970.5,739.6,885.3,781.7,1361.7,1164.9,1113.8,933.9
10005005-38,DE,Sussex County,005-38,2156,19,2053,15,2,26,0,4,37,2048,13,1967,9,1,26,0,4,28,492,952.2,560.1,850.8,527.8,747.3,548.5,717.2,716.4,1059,700.7,1014.9,707.7,1025,901.5,526,732.3,538.2,1033,708.2,909.5,607.6
10005005-39,DE,Sussex County,005-39,2317,87,1837,228,8,32,2,18,105,1883,44,1574,172,6,24,2,18,43,281.3,838,405.5,715.3,297.8,613.9,328.9,589.3,368.9,866.8,378.4,809,376.4,817,776.6,343.4,601.6,313.4,830.9,374.6,749.9,348.2
10005005-40,DE,Sussex County,005-40,2147,139,1617,266,8,18,0,4,95,1679,81,1311,194,5,13,0,4,71,235.1,583.1,364.1,443,236.1,403,258.1,373,285.1,611.1,291.1,566.1,306.1,566.1,513.1,299.6,388,247.1,581.1,294.1,506.5,282.2
10005005-41,DE,Sussex County,005-41,5835,740,3452,1206,43,80,0,25,289,4543,465,2915,877,38,63,0,17,168,846.1,1109.3,1033.8,885.9,813.4,832.2,860,782.6,1150,1319.8,1122.2,1233.4,1143.1,1265.2,997.6,940,807.4,836.7,1272.8,1138.4,1061.2,995.5
10005006-14,DE,Sussex County,006-14,2817,95,2492,110,6,52,0,5,57,2482,81,2246,66,5,43,0,1,40,836.2,723.7,908.9,654.6,959.4,598.8,973.2,574.1,1263.1,789,1273.6,745,1261.7,773.4,689.2,872.5,586.4,966.3,769.1,1266.1,694.1,1068
10005006-20,DE,Sussex County,006-20,2757,120,2417,50,5,39,3,20,103,2399,86,2153,44,3,35,3,16,59,650.6,817.4,736.5,758.1,723.2,660.2,753.3,636.6,915.1,845.1,914.9,799.1,919.6,830,787.8,693.5,648.4,738.3,824.7,916.5,763.8,801.9
10005006-35,DE,Sussex County,006-35,1707,294,1168,139,13,6,2,2,83,1241,157,916,103,13,1,2,0,49,151,507,214,425,142,349,157,325,222,544,226,503,217,532,466,182.5,337,149.5,526.3,221.7,455,189.9
10005006-36,DE,Sussex County,006-36,3529,534,1928,850,6,20,1,21,169,2592,322,1556,588,6,15,1,16,88,494,698,561,610,452,582,482,544,653,774,610,743,617,763,654,527.5,563,467,760,626.7,673.4,552.7
10005006-37,DE,Sussex County,006-37,3065,345,2301,208,16,13,0,13,169,2476,212,1999,132,15,10,0,2,106,445,721.3,506.4,600.4,390.5,551.3,422.1,522.5,572.4,817.7,557.1,761.8,564.3,777,660.8,475.7,536.9,406.3,785.5,564.6,678.9,494
10005006-38,DE,Sussex County,006-38,4351,87,4104,29,2,50,0,9,70,4021,62,3820,28,2,46,0,9,54,624.5,1504,748.6,1298.8,741.7,1355.4,827.7,1256.7,1040.8,1745.3,1030,1674,1079.8,1651.5,1401.4,686.5,1306.1,784.7,1690.3,1050.2,1498,870.4
10005006-39,DE,Sussex County,006-39,4773,1113,2613,771,5,34,1,22,214,3472,681,2116,542,0,21,1,10,101,503.2,993.7,618,848.1,441.8,701.9,459.5,664.4,621.4,1055.9,609.4,992.6,606.6,1016.3,920.9,560.6,683.1,450.6,1021.6,612.5,896.1,551.4
10005006-40,DE,Sussex County,006-40,3414,193,2651,360,8,39,1,14,148,2508,108,2040,231,8,25,1,12,83,246.2,998.4,390.9,832.4,259.8,742.8,312.2,686.4,368.3,1132.2,380.3,1064.4,409.5,1056.3,915.4,318.5,714.6,286,1084.3,386,930.4,338.2
10005006-41,DE,Sussex County,006-41,2032,170,1541,181,47,5,3,5,80,1718,99,1372,146,43,5,0,2,51,296.3,554,366.8,476.8,306.7,498.6,332.4,467.2,457.2,707.1,454.3,674.8,444.8,694.7,515.4,331.6,482.9,319.6,692.2,452.1,581.9,379.8
10005007-14,DE,Sussex County,007-14,1981,45,1845,8,0,16,6,13,48,1836,22,1745,6,0,8,6,6,43,770.4,571.1,821.4,520.4,765.3,457.4,798.1,424.1,1008.4,613,1018.2,562.8,1000.1,595.1,545.8,795.9,440.8,781.7,590.3,1008.9,534.9,883.1
10005007-20,DE,Sussex County,007-20,2945,127,2557,143,7,33,0,5,73,2653,79,2380,117,6,26,0,2,43,1096.9,809.2,1169.4,785.6,1192.2,669,1212.1,642,1469.7,755.3,1464.1,736.3,1461.5,744.9,797.4,1133.2,655.5,1202.1,745.5,1465.1,734.6,1295.1
10005007-35,DE,Sussex County,007-35,2428,297,1619,351,7,19,3,11,121,1873,208,1276,284,5,17,3,8,72,352,684,417,621,342,530,358,503,391,712,388,676,382,699,652.5,384.5,516.5,350,695.7,387,632.1,375.7
10005007-36,DE,Sussex County,007-36,1407,82,1203,61,2,11,0,11,37,1189,51,1044,50,2,11,0,9,22,361.6,358.1,383.5,331.7,334.2,277.6,333,278.1,454.2,404.8,445,392.9,446.3,398.2,344.9,372.5,277.9,333.6,398.6,448.5,348.8,394
10005007-37,DE,Sussex County,007-37,2452,122,2163,36,6,17,3,6,99,2185,72,2005,31,5,9,3,3,57,425.2,861.4,478.9,778.9,455,719.3,503.7,662.7,589.1,912,607,831.6,595.1,861.4,820.1,452,691,479.4,868.3,597.1,803.9,522
10005007-38,DE,Sussex County,007-38,5145,219,4552,125,6,43,0,24,176,4617,161,4164,103,6,40,0,21,122,704.6,1497.9,820.3,1354.4,948.4,1326.3,1020.8,1245,1491.8,1994.6,1432.3,1956.1,1469.4,1948.4,1426.2,762.5,1285.6,984.6,1966.4,1464.5,1617.5,1126.8
10005007-39,DE,Sussex County,007-39,3147,554,1925,498,11,18,0,7,134,2452,320,1628,399,11,15,0,3,76,411,711,521,565,356,495,378,468,481,717,489,659,499,661,638,466,481.5,367,679,489.7,610.9,447.9
10005007-40,DE,Sussex County,007-40,3912,155,2887,578,5,67,1,25,194,3003,110,2292,429,5,50,1,14,102,471.9,1046.6,630.1,856.6,437.2,712.2,480.8,679.6,572.7,1112.8,575.7,1048.6,598.5,1034.7,951.6,551,695.9,459,1065.4,582.3,927.3,538.1
10005007-41,DE,Sussex County,007-41,2752,714,1521,370,5,40,0,11,91,2120,462,1287,283,3,21,0,5,59,409.1,664,499.4,545.6,339.4,523.1,382.5,476.9,477.1,714.8,460.2,663.5,479.2,665.5,604.8,454.2,500,360.9,681.3,472.2,607.6,435.3
10005008-20,DE,Sussex County,008-20,878,96,664,53,3,3,0,8,51,676,50,541,45,3,3,0,4,30,127,278,155,246,112,211,129,192,141,299,134,282,146,278,262,141,201.5,120.5,286.3,140.3,255.1,134.9
10005008-36,DE,Sussex County,008-36,932,481,370,60,1,0,0,2,18,612,241,309,47,0,0,0,2,13,51,155,72,126,45,110,54,102,74,147,74,129,69,142,140.5,61.5,106,49.5,139.3,72.3,130.1,62.7
10005008-38,DE,Sussex County,008-38,2875,157,2462,110,5,36,0,13,92,2531,93,2238,96,3,32,0,9,60,292.9,793,370.6,704.4,362.6,814.9,398.5,778.1,558.9,1269.2,572.8,1193.5,586.8,1192.5,748.7,331.8,796.5,380.6,1218.4,572.8,963.7,449
10005008-40,DE,Sussex County,008-40,1771,396,1203,97,2,19,0,4,50,1325,216,978,80,2,16,0,0,33,196,493,299,404,218,369,237,343,278,558,280,513,271,535,448.5,247.5,356,227.5,535.3,276.3,459.3,254.1
10005008-41,DE,Sussex County,008-41,1644,331,912,296,10,9,0,12,74,1308,189,776,271,8,7,0,10,47,209.9,427.4,290,351.1,214.7,313.8,237,295.5,311.6,469.6,318.5,426.1,316.6,443.3,389.3,249.9,304.7,225.8,446.4,315.6,389.6,271.2
10005009-20,DE,Sussex County,009-20,593,55,468,35,2,4,0,0,29,472,40,388,24,2,4,0,0,14,68,186,108,159,80,163,101,136,124,196,118,189,118,190,172.5,88,149.5,90.5,191.7,120,174.1,102.4
10005009-36,DE,Sussex County,009-36,365,151,159,20,0,1,0,5,29,270,107,128,15,0,0,0,1,19,30,66,36,59,23,55,22,53,29,81,27,79,26,82,62.5,33,54,22.5,80.7,27.3,67.9,27.6
10005010-20,DE,Sussex County,010-20,383,6,355,8,0,3,1,3,7,330,4,309,6,0,3,1,3,4,69.9,167.7,87,149.7,81.6,131.8,89.7,125.5,97.7,184.7,102.2,174.8,100.4,176.6,158.7,78.5,128.7,85.6,178.7,100.1,158.7,89.8
10005010-36,DE,Sussex County,010-36,289,39,219,10,0,0,0,3,18,242,19,198,10,0,0,0,3,12,38,85,53,70,38,47,39,44,49,84,47,80,52,74,77.5,45.5,45.5,38.5,79.3,49.3,69.1,45.1
10005011-36,DE,Sussex County,011-36,571,44,461,45,1,0,0,1,19,444,26,376,28,1,0,0,0,13,110,153,121,144,106,132,125,121,165,214,165,209,159,220,148.5,115.5,126.5,115.5,214.3,163,170.4,135.9
