GEOID20,state,county,vtd,pop,pop_hisp,pop_white,pop_black,pop_aian,pop_asian,pop_nhpi,pop_other,pop_two,vap,vap_hisp,vap_white,vap_black,vap_aian,vap_asian,vap_nhpi,vap_other,vap_two,pre_16_dem_cli,pre_16_rep_tru,uss_18_dem_rin,uss_18_rep_bra,gov_18_dem_mil,gov_18_rep_moo,pre_20_dem_bid,pre_20_rep_tru,uss_20_dem_gid,uss_20_rep_col,arv_16,adv_16,arv_18,adv_18,arv_20,adv_20,nrv,ndv
23001019105,ME,Androscoggin County,019105,4173,44,3931,8,3,22,4,16,145,3241,29,3087,8,2,16,1,9,89,1106.2,1273.9,174.3,927.1,944.7,1145.8,1392.9,1341.8,1056.6,1583.3,1273.9,1106.2,1036.5,559.5,1462.6,1224.7,1254.4,934.9
23001020601,ME,Androscoggin County,020601,5040,126,4214,365,15,57,3,32,228,4100,84,3552,228,12,49,3,23,149,1091.9,1027.9,200.7,727.9,896.1,811.5,1912.6,1368.9,1570.2,1601.2,1027.9,1091.9,769.7,548.4,1485,1741.4,1107.5,1134.3
23001020602,ME,Androscoggin County,020602,4665,135,4064,164,13,36,2,17,234,3653,80,3260,106,12,27,2,13,153,1371,1089.7,221.7,771.6,1226.2,833.9,1083.7,777,889.5,908.7,1089.7,1371,802.8,723.9,842.9,986.6,876.2,958.4
23001020603,ME,Androscoggin County,020603,5023,104,4388,227,20,67,0,6,211,4027,75,3640,127,16,48,0,3,118,934.9,1109.8,136.4,772,829.9,931.3,900.2,847.8,712,971.5,1109.8,934.9,851.7,483.1,909.7,806.1,926.5,702.7
23001020604,ME,Androscoggin County,020604,4615,100,4075,161,12,40,2,9,216,3736,77,3384,112,12,30,0,4,117,863.5,953.1,140.1,727.8,775,789.5,1334.9,1248.2,1056.4,1430.1,953.1,863.5,758.7,457.5,1339.2,1195.7,1029.8,834
23001020605,ME,Androscoggin County,020605,4718,117,4162,136,18,37,2,12,234,3691,59,3370,81,18,19,2,8,134,1065.1,1143.7,169.4,811.5,868.3,866.1,1292.2,1165.2,1024,1329.8,1143.7,1065.1,838.8,518.9,1247.5,1158.1,1063.3,883.8
23001029255,ME,Androscoggin County,029255,4376,41,4134,18,11,12,1,5,154,3494,32,3313,16,10,9,0,5,109,817,1545,114,1048,624,1250,924,1667,691,1834,1545,817,1149,369,1750.5,807.5,1468.8,634
23001038565,ME,Androscoggin County,038565,2262,41,2081,15,10,3,0,4,108,1793,18,1668,12,9,3,0,4,79,418,752,77,488,374,566,510,820,397,898,752,418,527,225.5,859,453.5,704.8,355.2
23001040035,ME,Androscoggin County,040035,9711,170,8865,92,38,59,7,37,443,7730,117,7159,70,30,45,5,31,273,1780.4,2805.7,323.5,1781.1,1609.8,2103.7,2301.3,2913.1,1833.4,3208.3,2805.7,1780.4,1942.4,966.6,3060.7,2067.3,2562.4,1569.7
23001040665,ME,Androscoggin County,040665,2127,21,2003,15,3,8,2,1,74,1758,19,1657,5,2,6,2,1,66,466,691.6,75.5,477.8,429.7,571,568,770.1,445.4,868.2,691.6,466,524.4,252.6,819.2,506.7,675.7,396.9
23001040770,ME,Androscoggin County,040770,3060,50,2801,8,9,13,0,7,172,2334,30,2155,2,8,13,0,6,120,561.1,738,118,416.2,500.6,474.4,553.4,821,469.8,852.3,738,561.1,445.3,309.3,836.7,511.6,660.4,440.6
23001044585,ME,Androscoggin County,044585,3107,28,2852,17,10,13,0,7,180,2431,13,2271,13,6,12,0,2,114,527.9,890.5,75.5,651.3,459.8,687.3,668.1,1008.1,520.2,1079.7,890.5,527.9,669.3,267.6,1043.9,594.1,863.4,450.3
23001046160,ME,Androscoggin County,046160,2766,35,2604,10,1,12,0,7,97,2156,20,2047,7,1,12,0,7,62,533.6,952.3,58.7,685.2,440.9,804.6,669.2,1013.1,510.8,1144.1,952.3,533.6,744.9,249.8,1078.6,590,919.9,442.6
23001060020,ME,Androscoggin County,060020,5906,77,5515,18,29,22,0,16,229,4725,57,4449,17,25,22,0,12,143,1247.3,1688.8,209.2,1268.2,1078.4,1430.7,1520.6,1907.8,1161.5,2162.4,1688.8,1247.3,1349.4,643.8,2035.1,1341.1,1691.6,1043.4
23001064570,ME,Androscoggin County,064570,5044,60,4678,40,15,26,0,6,219,4074,36,3817,23,15,21,0,6,156,867.1,1694.5,146.2,1045.1,728.9,1192.3,1039.2,1759.1,839.3,1878.4,1694.5,867.1,1118.7,437.5,1818.8,939.2,1513.9,724.1
23001077800,ME,Androscoggin County,077800,5817,137,5373,32,30,26,0,19,200,4546,70,4269,17,27,18,0,14,131,1092,2014,139,1317,897,1528,1302,2057,1015,2255,2014,1092,1422.5,518,2156,1158.5,1834.2,889
23001079585,ME,Androscoggin County,079585,1608,18,1514,2,2,11,0,2,59,1223,12,1158,0,2,10,0,2,39,225.9,588.5,25.8,413.9,198.1,463.7,283.8,626.9,199.7,694.6,588.5,225.9,438.8,112,660.7,241.8,557.5,186.7
23001387401,ME,Androscoggin County,387401,5138,133,3890,745,21,60,2,25,262,4047,86,3264,437,17,55,2,25,161,1547.1,822.1,467.3,501.1,1396.9,576.5,1228.7,574.1,1073.7,662.9,822.1,1547.1,538.8,932.1,618.5,1151.2,627.3,1142.7
23001387402,ME,Androscoggin County,387402,5357,94,4779,156,22,74,0,27,205,4484,59,4082,114,19,54,0,16,140,1332,1521,204,1050,1103,1299,1496,1489,1160,1743,1521,1332,1174.5,653.5,1616,1328,1420.4,1059
23001387403,ME,Androscoggin County,387403,6083,175,4218,1154,25,78,18,54,361,4978,134,3723,743,19,71,18,45,225,1490,555,454,266,1193,295,1777,818.6,1555.4,944.7,555,1490,280.5,823.5,881.7,1666.2,575.9,1293.9
23001387404,ME,Androscoggin County,387404,4944,83,4164,419,12,68,0,17,181,3921,62,3495,190,1,52,0,14,107,1014,1132,162,740,872,882,1384,1148,1105,1347,1132,1014,811,517,1247.5,1244.5,1049.8,907.4
23001387405,ME,Androscoggin County,387405,5453,176,2772,2213,17,41,5,15,214,3571,93,2222,1074,14,29,4,14,121,816,547,298,255,757,298,755.4,471.5,649.9,540.1,547,816,276.5,527.5,505.8,702.6,422.3,655.3
23001387406,ME,Androscoggin County,387406,5213,117,4727,80,14,54,2,16,203,4238,74,3926,52,11,38,0,12,125,1068.2,1575.3,187.5,1111.4,946.6,1299.5,1191.9,1575.4,934.1,1822.8,1575.3,1068.2,1205.4,567,1699.1,1063,1476.9,865.7
23001387407,ME,Androscoggin County,387407,4933,140,4071,341,32,56,0,19,274,3920,77,3399,184,31,42,0,17,170,1049.4,1220.7,194.4,736.9,850.9,870,1924.4,1202.2,1655.4,1377,1220.7,1049.4,803.5,522.7,1289.6,1789.9,1081.3,1134.9
23003000000,ME,Aroostook County,NA,67105,912,62163,423,1206,392,18,131,1860,54341,550,51103,331,790,290,11,94,1172,NA,NA,NA,NA,NA,NA,NA,NA,NA,NA,NA,NA,NA,NA,NA,NA,NA,NA
23005002655,ME,Cumberland County,002655,1520,15,1412,3,1,6,1,3,79,1237,6,1157,0,1,6,1,3,63,273,561,65,403,249,492,354,625,255,691,561,273,447.5,157,658,304.5,554.4,239.2
23005007170,ME,Cumberland County,007170,5418,116,4971,34,10,31,1,25,230,4472,66,4188,22,8,20,1,15,152,1208.8,1446.9,245.9,1028.6,1140.3,1200,1639.9,1500.8,1334.2,1699.6,1446.9,1208.8,1114.3,693.1,1600.2,1487,1375.2,1113.8
23005010180,ME,Cumberland County,010180,9535,247,8701,55,0,191,3,28,310,7439,148,6921,40,0,145,3,21,161,4487.7,1585.3,554.2,1117.4,3940.4,1505.8,5369.7,1455.2,4484.7,2146.5,1585.3,4487.7,1311.6,2247.3,1800.8,4927.2,1562,3767.3
23005011125,ME,Cumberland County,011125,3646,61,3333,25,7,14,1,20,185,3003,38,2789,17,3,8,1,20,127,817.2,1107.2,169.2,730.3,694.6,884.7,1035.9,1174.6,817.3,1302.2,1107.2,817.2,807.5,431.9,1238.4,926.6,1039.8,706.8
23005012300,ME,Cumberland County,012300,396,4,378,1,3,2,0,1,7,328,2,316,1,2,2,0,1,4,243.8,68,34.9,45.1,211.5,67.5,258,66,219,102,68,243.8,56.3,123.2,84,238.5,69.7,193.4
23005015430,ME,Cumberland County,015430,8473,150,7907,49,2,95,3,14,253,6440,100,6083,40,0,72,2,14,129,3211.7,1758.4,413.1,1428.3,2985.6,1911.4,4118.9,1804.5,3260.7,2545.6,1758.4,3211.7,1669.9,1699.4,2175,3689.8,1889.7,2798
23005024495,ME,Cumberland County,024495,12444,277,11199,92,24,375,2,47,428,9752,168,8933,62,12,275,2,41,259,4919,2638,700,2036,4440,2794,6213,2678,5100,3667,2638,4919,2415,2570,3172.5,5656.5,2762.6,4274.4
23005026525,ME,Cumberland County,026525,8737,167,7891,56,24,196,2,39,362,6976,110,6443,36,20,143,2,24,198,3466.7,1645,550.3,1179.5,3304.9,1525.1,4367.6,1676.9,3757.3,2144.3,1645,3466.7,1352.3,1927.6,1910.6,4062.5,1634.2,3089.4
23005027025,ME,Cumberland County,027025,32,0,30,0,0,0,0,0,2,29,0,28,0,0,0,0,0,1,43,26,2,24,29,30,38,19,27,29,26,43,27,15.5,24,32.5,25.6,27.8
23005028240,ME,Cumberland County,028240,18336,339,16589,293,52,298,8,58,699,14395,229,13162,220,47,229,8,41,459,5037.6,3952.7,991.9,2972.7,4062.6,4427.6,6527.4,4285.6,5198.5,5375.5,3952.7,5037.6,3700.2,2527.3,4830.6,5862.9,4202.8,4363.6
23005028870,ME,Cumberland County,028870,8269,128,7647,33,3,75,1,34,348,6714,87,6270,25,3,62,1,34,232,2038,2402,362,1745,1805,2137,2681,2563,2100,2975,2402,2038,1941,1083.5,2769,2390.5,2364.4,1797.2
23005031390,ME,Cumberland County,031390,5031,86,4724,12,11,37,0,15,146,4395,68,4158,12,7,25,0,10,115,1897,1319,190,977,1799,1212,2404,1426,1972,1746,1319,1897,1094.5,994.5,1586,2188,1336,1652.4
23005031600,ME,Cumberland County,031600,2447,27,2256,14,10,12,1,8,119,2059,11,1937,11,6,10,1,4,79,573,762,106,527,526,608,749,798,550,925,762,573,567.5,316,861.5,649.5,724,500.8
23005041067,ME,Cumberland County,041067,234,1,227,1,1,0,0,0,4,199,0,197,0,1,0,0,0,1,110,52,12,28,105,50,134,53,104,78,52,110,39,58.5,65.5,119,52.2,93
23005048085,ME,Cumberland County,048085,3925,61,3627,13,4,20,0,10,190,3153,42,2953,8,2,20,0,4,124,866.9,1321.9,183.9,918.1,769.1,1144.3,1095.2,1435.7,890.5,1569.2,1321.9,866.9,1031.2,476.5,1502.4,992.9,1277.8,761.1
23005048820,ME,Cumberland County,048820,5676,101,5282,26,18,26,0,18,205,4500,52,4240,18,14,23,0,18,135,1362,1660,214,1313,1259,1466,1738,1761,1388,2025,1660,1362,1389.5,736.5,1893,1563,1645,1192.2
23005053860,ME,Cumberland County,053860,4072,81,3782,22,7,25,2,9,144,3097,40,2936,15,1,19,2,5,79,1505.3,923.6,256.9,705.7,1370.4,937.6,1881.1,1019.5,1506.3,1305.4,923.6,1505.3,821.6,813.6,1162.5,1693.7,978.3,1304
23005060685,ME,Cumberland County,060685,1566,14,1471,8,2,4,0,7,60,1262,5,1205,5,2,4,0,7,34,561,422,100,359,516,416,692,490,540,588,422,561,387.5,308,539,616,455,481.8
23005061945,ME,Cumberland County,061945,4536,79,4199,17,5,26,0,13,197,3687,54,3459,9,4,18,0,12,131,1274,1384,195,1008,1124,1274,1606,1475,1257,1713,1384,1274,1141,659.5,1594,1431.5,1370.8,1091.2
23005066145,ME,Cumberland County,066145,22135,431,19548,348,47,956,5,62,738,17875,291,16133,223,41,691,5,43,448,6982.3,4938.7,1103.8,3632.6,6174.6,4932.2,9624.3,5238.8,7694.3,6833.5,4938.7,6982.3,4282.4,3639.2,6036.2,8659.3,5115.2,6315.9
23005066775,ME,Cumberland County,066775,1911,29,1773,6,3,9,0,8,83,1589,22,1500,4,3,7,0,8,45,425,601,89,424,358,530,535,721,438,769,601,425,477,223.5,745,486.5,609,369
23005073670,ME,Cumberland County,073670,10244,166,9535,48,15,64,5,20,391,8461,121,7951,41,15,61,2,18,252,2141.7,2853.7,411.2,1922.7,1811.6,2508.3,2822.8,3058.3,2211.8,3518.7,2853.7,2141.7,2215.5,1111.4,3288.5,2517.3,2772.3,1879.8
23005084301,ME,Cumberland County,084301,2803,43,2517,46,19,35,0,14,129,2286,21,2097,37,13,21,0,9,88,1331.8,603.8,180.6,394.8,1259.9,500.2,1624.6,618.3,1369,776.1,603.8,1331.8,447.5,720.3,697.2,1496.8,578.6,1153.2
23005084302,ME,Cumberland County,084302,2861,90,2550,36,5,36,0,8,136,2336,71,2111,33,5,29,0,6,81,739.6,335.3,100.3,219.2,699.7,277.8,902.2,343.4,760.2,431,335.3,739.6,248.5,400,387.2,831.2,321.3,640.4
23005084303,ME,Cumberland County,084303,2886,81,2661,14,8,19,0,13,90,2446,61,2288,13,6,18,0,4,56,965.6,437.7,130.9,286.2,913.5,362.6,1177.8,448.3,992.5,562.7,437.7,965.6,324.4,522.2,505.5,1085.2,419.5,836.1
23005084304,ME,Cumberland County,084304,3066,103,2717,17,8,55,2,21,143,2446,63,2211,11,6,42,1,11,101,989.2,448.4,134.1,293.2,935.8,371.5,1206.6,459.2,1016.8,576.4,448.4,989.2,332.3,535,517.8,1111.7,429.8,856.5
23005084305,ME,Cumberland County,084305,3426,133,2941,69,7,74,2,18,182,2798,90,2492,39,5,60,2,7,103,1979.4,897.3,268.4,586.7,1872.5,743.4,2414.5,919,2034.6,1153.5,897.3,1979.4,665,1070.5,1036.2,2224.6,860,1713.9
23005084306,ME,Cumberland County,084306,2903,126,2341,95,10,128,0,16,187,2577,104,2095,88,8,113,0,12,157,1232.5,558.8,167.1,365.3,1166,462.9,1503.5,572.2,1266.9,718.3,558.8,1232.5,414.1,666.6,645.2,1385.2,535.5,1067.2
23005084307,ME,Cumberland County,084307,3811,207,3139,89,2,148,3,15,208,3273,160,2718,78,2,142,3,12,158,822,372.6,111.5,243.6,777.6,308.7,1002.7,381.6,844.9,479,372.6,822,276.2,444.6,430.3,923.8,357.1,711.8
23005086025,ME,Cumberland County,086025,18434,362,16703,327,67,219,6,47,703,14738,261,13500,258,63,163,6,38,449,4345,4869,776,3131,3685,4182,5844,5292,4672,6138,4869,4345,3656.5,2230.5,5715,5258,4722.4,3864.4
23005087845,ME,Cumberland County,087845,8990,190,8147,95,17,167,3,40,331,6839,105,6369,55,12,123,3,19,153,3741.3,1508,629.7,1138.5,3450.1,1573.9,4841.4,1444.1,3994.7,2144.7,1508,3741.3,1356.2,2039.9,1794.4,4418,1561.8,3331.4
23005605411,ME,Cumberland County,605411,5435,175,4378,529,13,77,0,34,229,4760,134,4064,295,12,70,0,32,153,2909,382,777,245,2737,332,3038,361,2411,505,382,2909,288.5,1757,433,2724.5,365,2374.4
23005605412,ME,Cumberland County,605412,7146,408,4589,1551,19,248,6,38,287,6143,296,4291,1045,18,212,6,36,239,2261.9,463.3,892.8,255.5,2209.2,350,2710,427.4,2325.6,554.2,463.3,2261.9,302.7,1551,490.8,2517.8,410.1,2079.9
23005605413,ME,Cumberland County,605413,916,40,839,5,6,3,0,4,19,799,29,740,4,6,3,0,4,13,705,107,148,68,606,109,1763,133,1610,186,107,705,88.5,377,159.5,1686.5,120.6,966.4
23005605421,ME,Cumberland County,605421,7100,252,5665,713,15,151,3,31,270,6289,205,5241,460,10,143,0,22,208,3681.2,378.9,1078.3,216.2,3428.2,303.5,4344.8,349.2,3641.5,518.8,378.9,3681.2,259.9,2253.3,434,3993.2,353.3,3234.8
23005605422,ME,Cumberland County,605422,6487,459,4874,696,26,108,2,42,280,5752,324,4551,508,20,98,0,33,218,2720.1,372.9,1072.3,211.1,2663.8,283.5,3552.3,362.7,2927.9,467.6,372.9,2720.1,247.3,1868.1,415.1,3240.1,339.5,2587.3
23005605431,ME,Cumberland County,605431,7916,348,6298,509,19,346,1,31,364,6626,262,5462,353,12,284,1,25,227,3293.5,716,788.7,462.9,2983.8,616,3475.4,646.2,2799.1,905.8,716,3293.5,539.5,1886.2,776,3137.3,669.4,2668.1
23005605432,ME,Cumberland County,605432,5813,197,4948,163,4,237,1,18,245,4820,126,4205,109,3,205,1,18,153,2608.1,723.1,549.8,505.7,2450,637.9,2773.3,720.8,2246.4,947.8,723.1,2608.1,571.8,1499.9,834.3,2509.9,707.1,2125.5
23005605441,ME,Cumberland County,605441,8332,254,6695,731,16,277,2,36,321,6973,177,5914,436,12,223,1,12,198,3559.9,929.6,817.1,470.3,3102.8,639.4,3753.4,766.5,3107.9,1020.7,929.6,3559.9,554.9,1960,893.6,3430.7,765.3,2868.2
23005605442,ME,Cumberland County,605442,5484,160,4597,345,7,165,1,18,191,4784,123,4158,238,7,130,1,14,113,2058,795,424,457,1778,648,2835,756,2422,978,795,2058,552.5,1101,867,2628.5,726.8,1903.4
23005605451,ME,Cumberland County,605451,5277,134,3845,780,12,265,8,26,207,4172,102,3210,472,9,211,6,22,140,2030.1,612.3,490.4,405.8,1795,561.1,2624.4,694,2222.9,914.3,612.3,2030.1,483.5,1142.7,804.1,2423.7,637.5,1832.6
23005605452,ME,Cumberland County,605452,8502,212,6638,898,13,309,3,52,377,6761,149,5552,562,10,253,3,26,206,2685.9,1206.9,473.8,829,2408.3,1095.5,2992.6,1172.2,2455.8,1534.7,1206.9,2685.9,962.2,1441.1,1353.4,2724.2,1167.7,2203.3
23005719901,ME,Cumberland County,719901,5207,119,4696,114,9,45,2,51,171,4434,87,4061,89,5,38,1,36,117,2442.4,674.7,437.5,418.5,2153.4,580.7,2438.4,560.6,1906,801.9,674.7,2442.4,499.6,1295.4,681.3,2172.2,607.3,1875.5
23005719902,ME,Cumberland County,719902,5338,128,4795,80,8,115,3,15,194,4581,85,4197,63,8,96,2,13,117,2211.6,616.3,459.5,443.5,2196.6,618.3,2225.6,587.4,1796,816.1,616.3,2211.6,530.9,1328.1,701.7,2010.8,616.3,1777.9
23005719903,ME,Cumberland County,719903,5262,192,4519,133,10,150,3,26,229,4291,137,3788,81,10,122,2,24,127,1959.2,966.6,455.3,603.6,1789.3,784.3,2391.1,930.7,1996.3,1194,966.6,1959.2,694,1122.3,1062.3,2193.7,895.8,1718.3
23005719904,ME,Cumberland County,719904,5073,154,4315,149,16,233,3,24,179,4087,93,3562,87,16,178,3,19,129,1858.5,916.8,431.9,572.6,1697.4,744,2267.5,882.8,1893.1,1132.5,916.8,1858.5,658.3,1064.6,1007.6,2080.3,849.7,1629.7
23005719905,ME,Cumberland County,719905,5618,315,3654,1052,21,360,3,14,199,4453,213,3131,670,20,276,3,13,127,1532.2,783.6,393.8,460.8,1292.4,585.7,2881.4,829.6,2528.6,1011.5,783.6,1532.2,523.2,843.1,920.5,2705,734.2,1725.7
23005821051,ME,Cumberland County,821051,3731,87,3140,194,11,133,2,15,149,3175,69,2737,124,11,114,1,14,105,1013.1,712.4,233.8,462.6,895.2,615.5,1709.6,836.9,1389,1021.3,712.4,1013.1,539,564.5,929.1,1549.3,729.7,1048.1
23005821052,ME,Cumberland County,821052,4689,134,3942,233,14,173,1,21,171,3737,88,3255,137,10,141,0,11,95,1196.1,632.7,340.3,355.4,1165,496.6,1214.6,594.6,986.8,725.6,632.7,1196.1,426,752.6,660.1,1100.7,561,980.5
23005821053,ME,Cumberland County,821053,4263,126,3410,307,17,188,0,15,200,3479,86,2904,199,14,143,0,5,128,1033.9,704.6,206.2,453.4,860.8,584.6,1877.1,918.9,1525,1121.4,704.6,1033.9,519,533.5,1020.2,1701.1,756.6,1100.6
23005821054,ME,Cumberland County,821054,4129,146,2982,671,13,113,1,11,192,3177,97,2476,377,11,90,1,4,121,994.3,588.4,269.3,348,911.5,483.7,1097.7,537.3,891.8,655.7,588.4,994.3,415.9,590.4,596.5,994.7,522.6,832.9
23005821055,ME,Cumberland County,821055,3588,56,3120,128,6,128,0,16,134,3004,36,2677,97,6,88,0,12,88,1494.8,1055.3,290.4,659.2,1368.2,943.6,1737.3,822.5,1413.8,1013.7,1055.3,1494.8,801.4,829.3,918.1,1575.6,898.9,1260.9
23007000000,ME,Franklin County,NA,29456,407,27211,166,73,383,23,109,1084,24045,262,22414,126,73,267,12,89,802,NA,NA,NA,NA,NA,NA,NA,NA,NA,NA,NA,NA,NA,NA,NA,NA,NA,NA
23009000000,ME,Hancock County,NA,55478,969,51098,351,231,560,10,219,2040,46160,662,42985,271,176,463,7,186,1410,NA,NA,NA,NA,NA,NA,NA,NA,NA,NA,NA,NA,NA,NA,NA,NA,NA,NA
23011000590,ME,Kennebec County,000590,2006,27,1868,9,6,13,0,0,83,1618,12,1528,6,4,9,0,0,59,324.6,701.1,62.6,481.1,292.4,557.4,380.4,785.2,282.6,840,701.1,324.6,519.2,177.5,812.6,331.5,672.9,268.5
23011004020,ME,Kennebec County,004020,3250,38,3061,5,11,17,0,6,112,2699,26,2556,5,11,12,0,6,83,843.4,1074.7,108.8,730.8,763.9,899.4,1018.1,1181.6,800.5,1322.2,1074.7,843.4,815.1,436.3,1251.9,909.3,1041.7,706.9
23011004475,ME,Kennebec County,004475,2715,34,2558,7,6,4,0,5,101,2166,20,2057,7,6,1,0,4,71,549,844,86,597,503,679,614,986,473,1056,844,549,638,294.5,1021,543.5,832.4,445
23011012350,ME,Kennebec County,012350,2778,30,2551,12,25,17,0,4,139,2240,21,2068,11,22,14,0,4,100,524,862,80,539,467,650,611,919,464,1005,862,524,594.5,273.5,962,537.5,795,429.2
23011012735,ME,Kennebec County,012735,4408,80,4084,19,21,25,2,2,175,3499,39,3296,8,17,12,2,1,124,927,1350,154,923,869,1042,1119,1398,869,1583,1350,927,982.5,511.5,1490.5,994,1259.2,787.6
23011013470,ME,Kennebec County,013470,3370,57,3148,6,7,9,1,13,129,2655,41,2483,5,4,7,1,11,103,524.1,1012.3,78.9,623,527.1,714.8,646.9,1099.2,507.2,1162.1,1012.3,524.1,668.9,303,1130.6,577,922.3,456.8
23011021001,ME,Kennebec County,021001,4525,143,3907,76,18,146,2,22,211,3859,106,3382,73,17,120,2,19,140,1116.2,740.4,200.6,470.4,1019.4,610.9,1253.2,451.3,1062.6,941.2,740.4,1116.2,540.6,610,696.2,1157.9,642.8,930.4
23011021002,ME,Kennebec County,021002,4910,139,4363,57,19,116,2,17,197,3982,94,3597,40,19,82,2,15,133,1139.1,855.4,167.2,582,1056.6,686.6,1217.4,696.1,948,994.5,855.4,1139.1,634.3,611.9,845.3,1082.7,762.9,905.7
23011021003,ME,Kennebec County,021003,4501,130,3954,52,22,77,0,12,254,3703,96,3317,45,22,52,0,8,163,1050.4,1094.9,132.3,735.1,880.7,877,1354.3,701,1136,1401.2,1094.9,1050.4,806.1,506.5,1051.1,1245.2,961.8,910.8
23011021004,ME,Kennebec County,021004,4963,98,4484,27,36,77,8,10,223,4072,56,3734,23,29,65,8,4,153,1128.3,1121.3,217.9,755.5,1086.3,927.4,1479.1,2316.6,1155.3,1480.1,1121.3,1128.3,841.5,652.1,1898.3,1317.2,1320.2,1013.4
23011024670,ME,Kennebec County,024670,2995,55,2762,25,9,29,1,3,111,2359,38,2196,18,8,19,1,3,76,782.9,764,100.4,516.8,682.8,632,913,770,721,919,764,782.9,574.4,391.6,844.5,817,720.3,640
23011024950,ME,Kennebec County,024950,1160,9,1098,5,4,4,0,0,40,957,6,915,5,4,4,0,0,23,347,374,44,257,338,300,392,422,322,459,374,347,278.5,191,440.5,357,362.4,288.6
23011027085,ME,Kennebec County,027085,5961,118,5373,44,14,29,1,30,352,4713,59,4321,28,4,29,1,26,245,1458,1364,246,875,1370,1037,1712,1474,1405,1684,1364,1458,956,808,1579,1558.5,1286.8,1238.2
23011030550,ME,Kennebec County,030550,2570,45,2363,7,8,33,0,16,98,2212,31,2040,5,7,30,0,13,86,1099.1,374,156.6,300.2,1048.2,360,1291,446,1053,576,374,1099.1,330.1,602.4,511,1172,411.3,929.6
23011040175,ME,Kennebec County,040175,3586,52,3332,9,7,10,0,9,167,2896,30,2727,9,7,7,0,4,112,707,1158,92,809,642,933,859,1263,630,1399,1158,707,871,367,1331,744.5,1112.4,586
23011043080,ME,Kennebec County,043080,2456,28,2286,7,9,27,0,9,90,1999,21,1877,7,9,24,0,3,58,752,771,94,551,662,708,841,812,631,986,771,752,629.5,378,899,736,765.6,596
23011046405,ME,Kennebec County,046405,4066,82,3779,12,8,12,1,12,160,3291,60,3072,12,7,12,1,11,116,872,1273,127,909,821,1043,1091,1400,869,1567,1273,872,976,474,1483.5,980,1238.4,756
23011047770,ME,Kennebec County,047770,1721,24,1615,2,2,8,1,14,55,1388,21,1317,1,2,4,1,4,38,451.6,465.3,77.2,339.2,430.1,409.6,568.9,548.4,458.5,617.8,465.3,451.6,374.4,253.7,583.1,513.7,476.1,397.3
23011054560,ME,Kennebec County,054560,6230,99,5743,30,21,32,0,14,291,4984,55,4656,25,21,28,0,10,189,1454,1718,214,1127,1275,1367,1699,1857,1276,2115,1718,1454,1247,744.5,1986,1487.5,1636.8,1183.6
23011059110,ME,Kennebec County,059110,2875,39,2684,11,13,8,0,4,116,2328,23,2186,10,12,7,0,3,87,582,938,98,635,548,762,698,1036,545,1159,938,582,698.5,323,1097.5,621.5,906,494.2
23011061700,ME,Kennebec County,061700,1743,41,1584,9,5,6,0,6,92,1450,21,1344,4,5,6,0,6,64,430,476,67,306,386,375,472,534,383,601,476,430,340.5,226.5,567.5,427.5,458.4,347.6
23011062190,ME,Kennebec County,062190,2597,58,2416,13,4,10,0,3,93,2082,50,1937,7,4,7,0,3,74,800,711,111,533,758,622,953,820,770,947,711,800,577.5,434.5,883.5,861.5,726.6,678.4
23011063835,ME,Kennebec County,063835,1148,16,1081,1,2,1,0,10,37,953,13,907,0,2,0,0,6,25,284,269,40,211,265,234,344,351,261,410,269,284,222.5,152.5,380.5,302.5,295,238.8
23011068385,ME,Kennebec County,068385,4645,80,4334,10,9,34,0,18,160,3700,47,3514,4,0,31,0,8,96,882.4,1317.5,111.8,984.9,792.9,1182.4,1115.3,1576.6,846,1766.6,1317.5,882.4,1083.7,452.4,1671.6,980.7,1365.6,749.7
23011078190,ME,Kennebec County,078190,36,0,30,0,1,0,0,0,5,30,0,29,0,0,0,0,0,1,8.2,17.6,1.6,11.9,7.5,13.8,9.7,19.6,7.2,21,17.6,8.2,12.9,4.5,20.3,8.5,16.8,6.8
23011078745,ME,Kennebec County,078745,4520,44,4195,18,13,14,2,27,207,3602,26,3388,7,13,14,2,17,135,976.6,1434.5,151.2,997.1,894.1,1189.6,1168.7,1512.4,905,1707.4,1434.5,976.6,1093.3,522.6,1609.9,1036.8,1368.2,819.1
23011079025,ME,Kennebec County,079025,578,14,541,0,0,2,0,1,20,474,8,453,0,0,0,0,1,12,158,195,32,116,193,150,188,209,145,217,195,158,133,112.5,213,166.5,177.4,143.2
23011080880,ME,Kennebec County,080880,1129,11,1061,5,3,2,1,7,39,954,4,905,4,3,2,1,7,28,428,322,56,237,388,290,511,344,408,411,322,428,263.5,222,377.5,459.5,320.8,358.2
23011082945,ME,Kennebec County,082945,3671,42,3419,12,18,10,0,21,149,2921,29,2730,5,18,6,0,13,120,799,1188,125,798,727,1000,1011,1320,765,1498,1188,799,899,426,1409,888,1160.8,685.4
23011086165,ME,Kennebec County,086165,2632,47,2454,10,7,6,1,4,103,2061,22,1945,3,7,4,1,4,75,425.9,841.7,76.7,612.9,364.3,700.6,502.9,930,380.5,1006.1,841.7,425.9,656.7,220.5,968,441.7,818.2,350
23011086515,ME,Kennebec County,086515,7948,167,7306,42,29,65,0,16,323,6463,104,6020,34,19,49,0,14,223,1823.7,2084.2,284.3,1469,1653.3,1714.7,2186.2,2343.8,1672.1,2700.4,2084.2,1823.7,1591.9,968.8,2522.1,1929.2,2062.4,1523.9
23011086970,ME,Kennebec County,086970,6121,102,5644,51,18,47,0,10,249,4948,68,4614,35,18,43,0,6,164,1697,1605,264,1036,1504,1277,1984,1653,1581,1963,1605,1697,1156.5,884,1808,1782.5,1506.8,1406
23011807401,ME,Kennebec County,807401,2335,70,2045,24,20,17,1,7,151,1854,38,1674,13,18,9,1,6,95,572.4,334.6,139.8,216.9,507.5,254.1,690.4,363,579.1,424.3,334.6,572.4,235.5,323.7,393.7,634.8,318.6,497.9
23011807402,ME,Kennebec County,807402,2131,109,1806,30,19,27,1,9,130,1641,45,1455,25,12,23,1,5,75,551.2,319.3,135.1,206.6,488.6,242.2,664.8,346.2,558.1,404.8,319.3,551.2,224.4,311.8,375.5,611.4,303.8,479.5
23011807403,ME,Kennebec County,807403,1446,107,1024,56,4,141,0,14,100,1321,91,947,54,2,138,0,12,77,279.6,161.4,68.6,104.4,247.8,122.4,337.2,175,283.1,204.7,161.4,279.6,113.4,158.2,189.8,310.2,153.6,243.3
23011807404,ME,Kennebec County,807404,2276,54,2056,24,6,34,1,4,97,1880,38,1744,18,3,26,1,1,49,717.2,414.2,176,267.9,635.7,314,865.1,449,726.5,525.1,414.2,717.2,290.9,405.9,487,795.8,394,624.1
23011807405,ME,Kennebec County,807405,2491,55,2289,13,5,22,0,7,100,2136,35,1989,11,3,20,0,6,72,400.1,231.1,98.2,149.4,354.6,175.1,482.5,250.4,405.2,292.9,231.1,400.1,162.3,226.4,271.7,443.9,219.8,348.1
23011807406,ME,Kennebec County,807406,2696,104,2321,58,17,42,2,6,146,2245,63,1981,49,13,35,2,6,96,890.4,518.2,217.8,335.6,789.4,393.3,1073.9,562,901.2,657.1,518.2,890.4,364.4,503.6,609.6,987.5,493.2,774.5
23011807407,ME,Kennebec County,807407,2453,104,2063,52,14,42,1,13,164,2066,83,1741,43,13,42,1,12,131,812.4,470,199.2,304.1,720.1,356.3,979.9,509.5,822.7,595.8,470,812.4,330.2,459.7,552.7,901.3,447.1,706.9
23013000000,ME,Knox County,NA,40607,672,37533,256,139,250,18,144,1595,33700,474,31431,228,116,204,18,108,1121,NA,NA,NA,NA,NA,NA,NA,NA,NA,NA,NA,NA,NA,NA,NA,NA,NA,NA
23015000000,ME,Lincoln County,NA,35237,395,33071,156,105,227,9,97,1177,29468,283,27838,129,96,180,9,87,846,NA,NA,NA,NA,NA,NA,NA,NA,NA,NA,NA,NA,NA,NA,NA,NA,NA,NA
23017000000,ME,Oxford County,NA,57777,865,53456,209,187,275,16,157,2612,46644,516,43681,134,157,224,12,116,1804,NA,NA,NA,NA,NA,NA,NA,NA,NA,NA,NA,NA,NA,NA,NA,NA,NA,NA
23019000000,ME,Penobscot County,NA,152199,2715,138306,1443,1349,1853,37,420,6076,124474,1806,114552,1093,1096,1517,30,315,4065,NA,NA,NA,NA,NA,NA,NA,NA,NA,NA,NA,NA,NA,NA,NA,NA,NA,NA
23021000000,ME,Piscataquis County,NA,16800,261,15474,57,102,120,7,66,713,13901,170,12999,43,76,79,7,46,481,NA,NA,NA,NA,NA,NA,NA,NA,NA,NA,NA,NA,NA,NA,NA,NA,NA,NA
23023001570,ME,Sagadahoc County,001570,477,7,432,2,0,0,0,3,33,407,5,380,2,0,0,0,0,20,213.7,94,32.3,63.4,215.6,81.6,251.1,99.7,199.7,126.4,94,213.7,72.5,124,113.1,225.4,93,182.5
23023006260,ME,Sagadahoc County,006260,3136,55,2948,9,11,7,2,5,99,2446,36,2324,5,8,7,2,5,59,594,1009,83,727,533,860,763,1082,557,1219,1009,594,793.5,308,1150.5,660,979.4,506
23023006365,ME,Sagadahoc County,006365,3047,61,2788,7,9,17,0,13,152,2445,43,2266,3,6,17,0,13,97,883.5,805.4,121.1,568.2,875.4,680.3,1135.6,858.4,939.5,970.5,805.4,883.5,624.3,498.2,914.4,1037.5,776.5,791
23023027295,ME,Sagadahoc County,027295,1058,15,1000,3,3,9,0,5,23,912,14,870,0,2,5,0,3,18,415.3,286,35.7,210.7,420.4,263.4,542.9,299.3,448.4,358.6,286,415.3,237,228,328.9,495.6,283.6,372.5
23023033551,ME,Sagadahoc County,033551,1166,24,1074,14,4,8,0,2,40,971,16,903,14,2,7,0,2,27,330.9,190.1,56.4,116.1,319.9,146.6,417.6,186.5,342.8,224.2,190.1,330.9,131.3,188.2,205.3,380.2,172.7,293.5
23023033552,ME,Sagadahoc County,033552,1251,31,1111,29,4,5,0,3,68,988,20,884,25,3,5,0,3,48,282.9,162.5,48.2,99.2,273.5,125.4,357.1,159.4,293,191.7,162.5,282.9,112.3,160.9,175.5,325.1,147.6,251
23023033553,ME,Sagadahoc County,033553,1416,31,1195,66,9,14,0,11,90,1154,22,987,48,9,13,0,10,65,925.6,531.7,157.8,324.6,894.9,410.1,1168.2,521.6,958.7,627,531.7,925.6,367.4,526.3,574.3,1063.4,483,821
23023033554,ME,Sagadahoc County,033554,1021,27,915,8,0,8,0,2,61,819,20,749,5,0,6,0,0,39,330.1,189.7,56.3,115.8,319.2,146.3,416.7,186,342,223.6,189.7,330.1,131,187.7,204.8,379.3,172.3,292.8
23023033555,ME,Sagadahoc County,033555,1379,30,1226,11,8,14,0,5,85,1105,27,992,8,8,13,0,5,52,320.4,184,54.6,112.4,309.7,141.9,404.3,180.5,331.8,217,184,320.4,127.2,182.2,198.8,368.1,167.2,284.2
23023033556,ME,Sagadahoc County,033556,1222,27,1115,11,0,5,0,5,59,988,21,914,10,0,5,0,5,33,168.4,96.8,28.7,59.1,162.8,74.6,212.6,94.9,174.5,114.1,96.8,168.4,66.8,95.8,104.5,193.5,87.9,149.4
23023033557,ME,Sagadahoc County,033557,1311,25,1220,13,1,6,0,1,45,1134,24,1062,11,0,5,0,1,31,256.9,147.6,43.8,90.1,248.4,113.8,324.2,144.8,266.1,174,147.6,256.9,102,146.1,159.4,295.2,134.1,227.9
23023058070,ME,Sagadahoc County,058070,0,0,0,0,0,0,0,0,0,0,0,0,0,0,0,0,0,0,0,0,0,0,0,0,0,0,0,0,0,0,0,0,0,0,0,0
23023058515,ME,Sagadahoc County,058515,2155,18,2038,9,2,1,0,7,80,1832,11,1741,9,1,1,0,6,63,622,693,98,469,626,594,802,747,653,849,693,622,531.5,362,798,727.5,670.4,560.2
23023062645,ME,Sagadahoc County,062645,3522,50,3276,9,16,12,0,7,152,2850,33,2676,3,15,12,0,7,104,739,963,118,660,699,797,944,1059,752,1208,963,739,728.5,408.5,1133.5,848,937.4,650.4
23023076960,ME,Sagadahoc County,076960,9560,169,8852,76,15,119,0,21,308,7789,117,7277,61,6,91,0,18,219,3051.9,2275.1,375.1,1501.5,2801.1,1837.2,3880.2,2336.8,3048.6,2960.9,2275.1,3051.9,1669.4,1588.1,2648.8,3464.4,2182.3,2631.4
23023081930,ME,Sagadahoc County,081930,1910,24,1785,16,3,8,1,15,58,1606,15,1512,14,3,8,0,9,45,577,563,75,377,555,493,745,631,588,758,563,577,435,315,694.5,666.5,564.4,508
23023087460,ME,Sagadahoc County,087460,3068,55,2855,12,7,14,0,11,114,2492,38,2343,8,4,13,0,7,79,958.7,1074.6,128.2,761.7,883.5,912.2,1203.3,1135.3,937.1,1290.4,1074.6,958.7,837,505.9,1212.9,1070.2,1034.9,822.2
23025000000,ME,Somerset County,NA,50477,656,46914,248,213,261,14,140,2031,40887,415,38294,177,175,226,14,110,1476,NA,NA,NA,NA,NA,NA,NA,NA,NA,NA,NA,NA,NA,NA,NA,NA,NA,NA
23027004125,ME,Waldo County,004125,976,12,903,2,0,10,0,10,39,788,0,753,2,0,4,0,7,22,227,282,47,192,210,214,262,320,184,368,282,227,203,128.5,344,223,275.2,186
23027007870,ME,Waldo County,007870,1010,17,915,0,4,5,0,4,65,809,11,742,0,4,3,0,4,45,209,299,51,228,205,272,249,318,193,357,299,209,250,128,337.5,221,294.8,181.4
23027009270,ME,Waldo County,009270,1096,19,1017,3,5,2,0,4,46,889,11,839,0,4,0,0,4,31,215,405,34,252,212,276,237,390,192,405,405,215,264,123,397.5,214.5,345.6,178
23027026280,ME,Waldo County,026280,1231,17,1161,1,6,2,2,1,41,980,12,933,1,3,2,2,0,27,225.2,386.3,38.3,256.6,193.6,297.2,225.5,446.5,160.9,481.8,386.3,225.2,276.9,116,464.1,193.2,373.7,168.7
23027026420,ME,Waldo County,026420,711,13,660,2,1,0,1,5,29,585,11,547,2,1,0,1,2,21,173,209,38,156,167,178,203,237,170,248,209,173,167,102.5,242.5,186.5,205.6,150.2
23027035240,ME,Waldo County,035240,583,10,546,0,1,6,0,3,17,490,3,471,0,0,4,0,0,12,282,116,37,71,287,83,312,120,275,143,116,282,77,162,131.5,293.5,106.6,238.6
23027035450,ME,Waldo County,035450,610,4,584,0,0,2,0,0,20,484,2,467,0,0,2,0,0,13,105,189,28,119,122,132,135,191,112,200,189,105,125.5,75,195.5,123.5,166.2,100.4
23027037585,ME,Waldo County,037585,811,23,761,0,0,1,0,8,18,659,18,619,0,0,0,0,7,15,132,282,34,193,125,220,149,316,112,323,282,132,206.5,79.5,319.5,130.5,266.8,110.4
23027039055,ME,Waldo County,039055,934,14,868,0,3,1,0,0,48,750,12,695,0,3,1,0,0,39,235,268,30,197,207,205,268,309,208,319,268,235,201,118.5,314,238,259.6,189.6
23027039501,ME,Waldo County,039501,1252,13,1177,3,6,5,0,5,43,1066,5,1019,1,3,5,0,0,33,525.1,171.1,80.1,131.3,523.5,157.6,655.4,173.7,538.5,244.5,171.1,525.1,144.5,301.8,209.1,596.9,175.6,464.5
23027039502,ME,Waldo County,039502,1134,10,1067,5,1,7,0,2,42,957,2,923,3,0,5,0,2,22,480.4,159.2,74.2,121.8,479.4,146.2,599.2,161.8,492.2,226.1,159.2,480.4,134,276.8,194,545.7,163,425.1
23027039503,ME,Waldo County,039503,1489,31,1335,14,4,18,0,9,78,1239,23,1126,13,3,16,0,7,51,630.5,334,140.5,238.9,649.1,284.8,768.6,350.6,622.9,413.9,334,630.5,261.9,394.8,382.2,695.7,324.4,562.3
23027039504,ME,Waldo County,039504,1470,23,1348,7,4,11,0,5,72,1212,17,1129,5,4,10,0,2,45,340.5,180.4,75.9,129,350.6,153.9,415.1,189.4,336.4,223.6,180.4,340.5,141.5,213.2,206.5,375.7,175.3,303.7
23027039505,ME,Waldo County,039505,1593,14,1517,2,3,15,0,5,37,1297,12,1228,2,3,15,0,5,32,371.5,391.9,59.8,239.3,330.6,257.6,410.3,379,322.5,426.3,391.9,371.5,248.5,195.2,402.6,366.4,338.8,298.9
23027039755,ME,Waldo County,039755,2312,34,2168,5,7,17,0,16,65,1871,22,1769,4,1,15,0,12,48,891,511,160,387,838,471,1070,552,875,668,511,891,429,499,610,972.5,517.8,766.8
23027046475,ME,Waldo County,046475,931,9,876,1,5,3,0,2,35,761,8,726,1,1,3,0,2,20,249,247,68,182,281,213,311,267,235,291,247,249,197.5,174.5,279,273,240,228.8
23027046790,ME,Waldo County,046790,1020,19,940,4,4,3,0,0,50,825,9,776,4,4,1,0,0,31,290,280,62,170,290,215,350,267,284,303,280,290,192.5,176,285,317,247,255.2
23027047245,ME,Waldo County,047245,971,17,904,0,2,7,0,4,37,752,11,704,0,2,6,0,4,25,194,297,56,226,209,259,245,356,195,366,297,194,242.5,132.5,361,220,300.8,179.8
23027052845,ME,Waldo County,052845,1550,22,1457,8,2,5,2,3,51,1280,13,1229,2,0,5,2,2,27,555.9,416.4,88.5,310.7,545.8,366.9,705.6,416.6,569.5,482.6,416.4,555.9,338.8,317.2,449.6,637.5,398.7,493
23027056450,ME,Waldo County,056450,1570,21,1473,2,11,4,1,4,54,1248,15,1185,2,10,0,1,4,31,311,468,47,342,284,433,385,538,293,593,468,311,387.5,165.5,565.5,339,474.8,264
23027061210,ME,Waldo County,061210,698,7,666,0,4,1,0,3,17,573,5,546,0,3,1,0,3,15,154,218.3,17.5,134.5,128.6,165.7,167.6,236.8,134.5,249.5,218.3,154,150.1,73.1,243.1,151,200.9,120.4
23027066565,ME,Waldo County,066565,1400,22,1303,7,1,11,0,1,55,1120,17,1047,6,1,9,0,1,39,373,391,82,261,372,320,435,482,333,526,391,373,290.5,227,504,384,396,319
23027066635,ME,Waldo County,066635,2649,43,2444,5,20,11,0,6,120,2190,28,2043,5,18,10,0,5,81,695.1,711.2,110,442.1,630.1,533.1,852.1,723.2,673.1,818.2,711.2,695.1,487.6,370.1,770.7,762.6,645.6,592.1
23027074475,ME,Waldo County,074475,1533,11,1434,7,9,10,0,6,56,1335,9,1255,7,5,10,0,6,43,449,472,84,360,453,397,535,509,437,559,472,449,378.5,268.5,534,486,459.4,391.6
23027075525,ME,Waldo County,075525,1377,17,1296,2,2,7,0,2,51,1129,15,1060,1,2,7,0,2,42,288,405,69,317,280,361,343,455,257,510,405,288,339,174.5,482.5,300,409.6,247.4
23027076610,ME,Waldo County,076610,774,8,740,1,0,0,0,0,25,609,7,582,0,0,0,0,0,20,191,191,53,135,184,156,230,212,170,235,191,191,145.5,118.5,223.5,200,185.8,165.6
23027077625,ME,Waldo County,077625,1018,10,952,7,1,2,0,4,42,825,8,774,4,1,2,0,4,32,218,289,47,210,197,226,236,341,174,379,289,218,218,122,360,205,289,174.4
23027078255,ME,Waldo County,078255,2292,41,2100,23,16,15,1,7,89,1890,32,1750,19,10,14,1,6,58,452,475,143,284,385,315,449,456,362,511,475,452,299.5,264,483.5,405.5,408.2,358.2
23027079480,ME,Waldo County,079480,795,4,727,7,7,2,0,4,44,656,4,603,7,7,2,0,4,29,194,245,29,158,195,183,229,262,174,286,245,194,170.5,112,274,201.5,226.8,164.2
23027086760,ME,Waldo County,086760,3817,54,3544,17,11,17,5,11,158,3020,29,2827,8,10,17,5,7,117,883,1126.2,116.5,836,844.4,922.5,1057.4,1264.4,803,1432.9,1126.2,883,879.2,480.5,1348.6,930.2,1116.4,740.9
23029000000,ME,Washington County,NA,31095,667,27587,156,1381,121,7,86,1090,25404,424,22970,125,969,114,7,67,728,NA,NA,NA,NA,NA,NA,NA,NA,NA,NA,NA,NA,NA,NA,NA,NA,NA,NA
23031000275,ME,York County,000275,2671,34,2524,6,1,15,5,4,82,2210,18,2103,2,1,15,4,3,64,547,822,97,526,448,686,658,932,522,1039,822,547,606,272.5,985.5,590,801,454.4
23031000730,ME,York County,000730,3073,39,2838,42,11,18,1,9,115,2577,26,2394,36,10,18,0,8,85,819,887,139,580,723,708,994,950,772,1119,887,819,644,431,1034.5,883,848.8,689.4
23031001605,ME,York County,001605,4277,58,3993,11,20,28,0,14,153,3478,26,3279,7,16,22,0,14,114,1065.9,1192,234.4,794.7,894,1001.3,1410.6,1341,1120.5,1525.8,1192,1065.9,898,564.2,1433.4,1265.5,1171,945.1
23031004720,ME,York County,004720,7950,147,7276,47,13,121,2,25,319,6100,85,5655,41,7,100,2,23,187,1552,2090,439,1276,1302,1518,2020,2234,1669,2454,2090,1552,1397,870.5,2344,1844.5,1914.4,1396.4
23031004860,ME,York County,004860,22552,588,19886,581,105,451,7,86,848,18963,393,17074,376,86,363,7,72,592,5561,3743.6,1131.5,2194,4596.6,3022.6,7109,3720.6,5731.8,4528.3,3743.6,5561,2608.3,2864,4124.5,6420.4,3441.8,4826
23031009410,ME,York County,009410,8376,112,7750,58,25,91,0,18,322,6841,76,6389,48,16,79,0,13,220,1928.1,2564.9,331.4,1723.1,1603.3,2358.4,2463.2,2718.6,1974.2,3038.7,2564.9,1928.1,2040.8,967.3,2878.6,2218.7,2480.8,1660
23031014485,ME,York County,014485,1508,17,1428,4,4,5,0,5,45,1218,10,1154,4,4,5,0,5,36,335,398,58,281,311,376,434,479,345,534,398,335,328.5,184.5,506.5,389.5,413.6,296.6
23031016725,ME,York County,016725,2129,20,1988,6,10,10,0,2,93,1709,17,1609,2,10,10,0,2,59,471,669,81,469,349,604,588,758,435,877,669,471,536.5,215,817.5,511.5,675.4,384.8
23031022955,ME,York County,022955,6717,140,6159,43,9,52,0,33,281,5513,84,5144,36,9,46,0,26,168,2276,1707,635,1169,2057,1400,2869,1792,2421,2087,1707,2276,1284.5,1346,1939.5,2645,1631,2051.6
23031033665,ME,York County,033665,4745,59,4416,17,17,11,1,25,199,3779,33,3562,10,11,9,1,17,136,1006.9,1310,152.6,930.9,803.7,1289.6,1260.8,1512.4,983.8,1727.3,1310,1006.9,1110.2,478.2,1619.9,1122.3,1354,841.6
23031036535,ME,York County,036535,11536,185,10749,53,17,167,1,40,324,9499,106,8982,28,16,132,1,33,201,4260,2653,735,1926,3816,2426,5425,2688,4390,3502,2653,4260,2176,2275.5,3095,4907.5,2639,3725.2
23031036745,ME,York County,036745,3616,48,3432,6,4,15,1,16,94,3112,36,2990,2,4,10,0,10,60,1372.2,918,221.1,697.9,1272.3,876.9,1801.7,935,1492.4,1210.7,918,1372.2,787.4,746.7,1072.8,1647,927.7,1231.9
23031037270,ME,York County,037270,10070,409,8891,139,13,121,22,46,429,8506,277,7674,112,10,93,13,37,290,3504,1749,973,1202,3183,1383,4465,1813,3826,2270,1749,3504,1292.5,2078,2041.5,4145.5,1683.4,3190.2
23031038425,ME,York County,038425,6469,85,6024,21,24,37,0,29,249,5047,57,4732,14,19,33,0,17,175,947,1949,233,1154,787,1370,1245,2183,1007,2310,1949,947,1262,510,2246.5,1126,1793.2,843.8
23031039195,ME,York County,039195,3188,68,2911,16,17,6,0,5,165,2502,43,2321,6,17,6,0,0,109,647,845,131,538,549,692,822,950,672,1026,845,647,615,340,988,747,810.2,564.2
23031039405,ME,York County,039405,3892,52,3593,9,14,8,4,14,198,3051,36,2842,9,12,8,4,12,128,723.3,1222.3,150.8,791.3,582.4,1011.7,892.1,1386.7,704.2,1504.3,1222.3,723.3,901.5,366.6,1445.5,798.2,1183.2,610.6
23031041750,ME,York County,041750,4525,59,4206,21,15,36,0,10,178,3715,38,3500,13,10,33,0,10,111,1047,1303,213,841,881,1118,1329,1541,1019,1765,1303,1047,979.5,547,1653,1174,1313.6,897.8
23031048750,ME,York County,048750,1648,29,1530,10,2,5,0,6,66,1367,21,1278,10,2,3,0,5,48,285.4,499.2,63.6,332.2,267.5,399.8,364,572.8,280.4,606.6,499.2,285.4,366,165.6,589.7,322.2,482.1,252.2
23031050325,ME,York County,050325,4978,68,4601,23,9,49,1,25,202,3936,47,3680,21,7,34,1,14,132,1175,1422,270,964,987,1148,1481,1561,1183,1784,1422,1175,1056,628.5,1672.5,1332,1375.8,1019.2
23031054980,ME,York County,054980,1577,27,1484,14,2,8,0,10,32,1461,21,1382,13,2,8,0,9,26,566.5,285.7,148.3,212.1,539.6,270.8,735.7,310.6,606.3,425.1,285.7,566.5,241.4,344,367.9,671,300.9,519.3
23031055085,ME,York County,055085,8960,200,8218,66,27,128,5,34,282,8023,133,7493,57,20,109,5,31,175,3003,2151,541,1350,2619,1771,3748,2374,3120,2771,2151,3003,1560.5,1580,2572.5,3434,2083.4,2606.2
23031056870,ME,York County,056870,1791,23,1677,5,9,9,1,3,64,1504,16,1416,5,9,9,0,3,46,370.4,554.2,82.2,330.9,328.2,425.2,474.4,566.7,347.4,625.6,554.2,370.4,378,205.2,596.1,410.9,500.5,320.5
23031067475,ME,York County,067475,2921,31,2742,12,6,12,0,7,111,2418,27,2276,7,6,5,0,4,93,540.6,878.8,105.3,587.8,455.5,725.2,714,1039.2,525.5,1165.3,878.8,540.6,656.5,280.4,1102.3,619.8,879.3,468.2
23031070030,ME,York County,070030,7467,133,6871,32,14,58,1,24,334,5773,90,5395,26,13,43,1,9,196,2246,1619,616,1025,1885,1238,2777,1738,2358,2041,1619,2246,1131.5,1250.5,1889.5,2567.5,1532.2,1976.4
23031080530,ME,York County,080530,7936,119,7400,26,23,40,1,29,298,6172,58,5822,15,23,37,1,21,195,1385,2193,259,1387,1135,1740,1881,2477,1486,2714,2193,1385,1563.5,697,2595.5,1683.5,2102.2,1229.2
23031081475,ME,York County,081475,11314,172,10601,77,18,109,1,24,312,9498,111,9018,61,8,73,1,16,210,3305.5,2813.3,729.7,2071.9,2989.4,2550.2,4516.3,3342.4,3608.7,4085.9,2813.3,3305.5,2311.1,1859.5,3714.1,4062.5,2972.7,3029.9
23031087985,ME,York County,087985,13723,271,12813,60,10,133,0,34,402,11476,191,10814,47,8,106,0,29,281,4971,3266,1069,2254,4484,2732,6182,3360,5253,4115,3266,4971,2493,2776.5,3737.5,5717.5,3145.4,4391.8
23031646751,ME,York County,646751,2743,43,2530,38,5,39,2,2,84,2212,29,2070,28,5,29,2,1,48,814.5,649.9,114.3,408.7,680.8,542.4,936.1,535.7,761.5,659.7,649.9,814.5,475.5,397.6,597.7,848.8,559.3,661.4
23031646752,ME,York County,646752,2941,29,2728,14,1,38,0,8,123,2288,19,2152,5,0,33,0,7,72,773,677,119,456,645,600,1179.3,674.9,959.4,831.1,677,773,528,382,753,1069.4,647.8,735.1
23031646753,ME,York County,646753,3215,77,2857,36,11,90,0,16,128,2617,60,2344,30,11,70,0,14,88,747.2,586.7,148.7,380.2,646.5,494.9,2241.6,1282.9,1823.6,1579.7,586.7,747.2,437.5,397.6,1431.3,2032.6,864.9,1121.5
23031646754,ME,York County,646754,2963,53,2800,12,0,14,0,7,77,2479,33,2362,12,0,9,0,4,59,1027.5,616,105,447.8,916.2,586.8,996,570,810.3,701.9,616,1027.5,517.3,510.6,636,903.1,584.5,771
23031646755,ME,York County,646755,2931,62,2604,64,8,59,0,9,125,2353,40,2140,42,8,41,0,5,77,894.4,564.5,174.7,367.7,750.2,498.9,703.3,402.5,572.2,495.6,564.5,894.4,433.3,462.5,449.1,637.7,465.9,619
23031646756,ME,York County,646756,2947,77,2582,76,12,75,0,4,121,2482,63,2208,54,12,59,0,3,83,957.9,532.3,148.6,343.2,817.4,457.3,1189.4,680.7,967.6,838.2,532.3,957.9,400.2,483,759.5,1078.5,570.3,816.2
23031646757,ME,York County,646757,2641,104,2245,86,6,53,0,7,140,2161,68,1879,63,4,42,0,7,98,730.5,442,164.7,236.8,696.9,313.1,623,356.5,506.8,439,442,730.5,275,430.8,397.8,564.9,357.5,544.4
23031657251,ME,York County,657251,6637,134,6054,67,21,89,0,11,261,5308,99,4897,53,17,80,0,10,152,1463,1569,263,818,1136,1104,1686,1592,1334,1816,1569,1463,961,699.5,1704,1510,1379.8,1176.4
23031657252,ME,York County,657252,8519,196,7515,133,40,155,2,28,450,6607,116,5932,93,36,133,2,18,277,1525,1519,307,835,1116,1059,2193,1868,1814,2060,1519,1525,947,711.5,1964,2003.5,1468.2,1391
23031657253,ME,York County,657253,6826,129,6128,78,23,147,0,12,309,5509,91,5003,57,14,127,0,8,209,1497,1665,300,1005,1143,1304,1571,1734,1130,2021,1665,1497,1154.5,721.5,1877.5,1350.5,1545.8,1128.2
