GEOID20,state,county,vtd,pop,pop_hisp,pop_white,pop_black,pop_aian,pop_asian,pop_nhpi,pop_other,pop_two,vap,vap_hisp,vap_white,vap_black,vap_aian,vap_asian,vap_nhpi,vap_other,vap_two,pre_16_rep_tru,pre_16_dem_cli,uss_16_rep_hoe,uss_16_dem_gla,gov_16_rep_bur,gov_16_dem_nel,uss_18_rep_cra,uss_18_dem_hei,atg_18_rep_ste,atg_18_dem_tho,sos_18_dem_bos,pre_20_rep_tru,pre_20_dem_bid,gov_20_rep_bur,gov_20_dem_len,arv_16,adv_16,arv_18,adv_18,arv_20,adv_20,nrv,ndv
38001003901,ND,Adams County,003901,2200,36,2028,12,14,39,1,0,70,1767,25,1650,8,12,23,0,0,49,909.1,216,1067.2,114,1049.2,135,796.1,364,934.1,217,289,981.1,258,1000.1,163,1008.5,155,865.1,290,990.6,210.5,962.4,219.5
38003002401,ND,Barnes County,002401,667,5,620,11,0,8,0,0,23,539,5,505,7,0,8,0,0,14,240,141,346,63,333,78,178,191,254,109,165,219,166,261,117,306.3,94,216,155,240,141.5,261.6,128.8
38003002402,ND,Barnes County,002402,1637,43,1415,64,33,22,2,4,54,1343,24,1189,56,25,22,2,4,21,361.2,226.1,510.7,127.1,510.7,127.1,283.6,370.7,352.5,289.2,307.6,424.4,255.3,470,198.9,460.9,160.1,318,322.5,447.2,227.1,416.1,237.8
38003002403,ND,Barnes County,002403,1085,38,956,46,10,6,0,1,28,940,30,835,40,9,6,0,1,19,230,164,335,92,337,92,188,194,236,136,166,228,151,247,119,300.7,116,212,165.3,237.5,135,257.3,139.2
38003002404,ND,Barnes County,002404,1423,41,1257,30,20,18,0,3,54,1154,34,1025,22,20,16,0,1,36,368.2,213,521.3,107.3,504.3,120.7,301.9,330.2,385.4,240.9,301.5,420.5,256.9,458.9,189.2,464.6,147,343.7,290.9,439.7,223.1,422.9,220
38003002405,ND,Barnes County,002405,1763,19,1642,22,8,13,0,7,52,1373,12,1305,19,2,9,0,7,19,435.4,279,650.8,135.2,620.8,158.3,370.8,401.7,503,263.6,321.5,505.9,318.6,539.7,241.4,569,190.8,436.9,328.9,522.8,280,518.1,264.9
38003002406,ND,Barnes County,002406,600,7,577,0,1,0,0,0,15,489,5,469,0,1,0,0,0,14,206,91,252,52,247,56,164,163,202,116,135,236,106,254,83,235,66.3,183,138,245,94.5,223,100.2
38003002407,ND,Barnes County,002407,282,4,266,1,0,0,0,0,11,209,2,199,1,0,0,0,0,7,80,31,110,19,109,15,70,59,93,38,43,109,42,121,31,99.7,21.7,81.5,46.7,115,36.5,98.9,34.8
38003002408,ND,Barnes County,002408,262,3,250,2,0,0,0,2,5,206,0,199,2,0,0,0,2,3,114,28,143,12,136,17,79,63,109,31,42,116,39,117,25,131,19,94,45.3,116.5,32,116.3,32.1
38003002409,ND,Barnes County,002409,477,3,450,0,3,1,0,2,18,377,1,361,0,3,0,0,2,10,151,46,193,19,188,19,126,91,166,50,62,178,54,185,36,177.3,28,146,67.7,181.5,45,169.6,47.1
38003002410,ND,Barnes County,002410,118,1,114,0,1,0,0,0,2,101,1,98,0,1,0,0,0,1,54,28,62,17,66,17,39,38,48,28,29,57,29,53,28,60.7,20.7,43.5,31.7,55,28.5,54.1,26.8
38003002411,ND,Barnes County,002411,1007,7,981,0,2,1,0,2,14,807,4,785,0,2,1,0,2,13,385.1,152.8,501.2,82.4,500.2,89.8,324.8,249.4,392,168.4,216.3,479.2,187.2,488.5,136.5,462.2,108.3,358.4,211.4,483.8,161.9,438.7,160.3
38003002412,ND,Barnes County,002412,448,3,427,0,5,0,0,0,13,341,0,331,0,5,0,0,0,5,168,59,214,29,212,38,112,113,150,68,74,183,59,170,41,198,42,131,85,176.5,50,172.7,60.1
38003002413,ND,Barnes County,002413,543,3,506,1,5,0,0,0,28,419,3,398,1,4,0,0,0,13,156,68,209,39,212,41,119,123,147,89,101,183,83,198,65,192.3,49.3,133,104.3,190.5,74,174.9,76.1
38003002414,ND,Barnes County,002414,171,1,162,0,1,0,0,2,5,144,0,140,0,0,0,0,2,2,65,25,76,18,73,21,41,51,68,24,39,64,30,71,20,71.3,21.3,54.5,38,67.5,25,65.4,28.5
38003002415,ND,Barnes County,002415,370,7,341,0,3,0,0,1,18,298,2,278,0,3,0,0,1,14,146,45,178,23,168,27,110,79,141,45,45,165,43,141,35,164,31.7,125.5,56.3,153,39,149.9,42.8
38005001401,ND,Benson County,001401,1963,32,1862,0,27,0,0,0,42,1557,23,1496,0,17,0,0,0,21,625.7,313.4,832.4,203.6,725.5,314.4,545.7,476.3,714.5,299.5,340.5,752.5,338.4,723.5,281.5,727.9,277.2,630.1,372.1,738,310,702.8,321
38005002301,ND,Benson County,002301,616,16,331,1,231,0,0,1,36,452,10,285,1,138,0,0,0,18,146.6,79.3,200.8,50.2,164.6,85.3,117.6,118.4,157.6,82.3,93.3,163.7,69.3,151.7,72.3,170.7,71.6,137.6,98,157.7,70.8,157.5,81.3
38005002302,ND,Benson County,002302,2689,25,161,0,2460,2,0,0,41,1491,8,118,0,1342,2,0,0,21,81.4,372.1,203.4,270.1,137.4,344.1,74.3,691.2,132.4,617.1,588.1,84.4,337.1,117.4,290.1,140.7,328.8,103.3,632.2,100.9,313.6,118.7,438.7
38005002303,ND,Benson County,002303,696,16,178,1,472,5,0,0,24,426,11,156,1,243,5,0,0,10,76.2,77.1,104.2,50,82.2,73,91.2,141.1,111.2,113.1,115.1,94.2,77.1,106.2,64,87.5,66.7,101.2,123.1,100.2,70.6,95,88.8
38007003901,ND,Billings County,003901,257,9,237,3,1,2,0,0,5,208,5,197,2,0,2,0,0,2,131.7,30.7,154.4,21.8,158.4,15.8,120.8,52.5,138.6,33.7,45.5,132.6,46.5,134.6,27.7,148.2,22.8,129.7,43.9,133.6,37.1,138.7,34.3
38007003902,ND,Billings County,003902,522,10,503,0,2,4,0,0,3,401,5,390,0,0,4,0,0,2,267,21,285,18,280,23,254,41,260,30,31,304,17,231,24,277.3,20.7,257,34,267.5,20.5,268.7,25.6
38007003903,ND,Billings County,003903,166,3,162,1,0,0,0,0,0,128,3,124,1,0,0,0,0,0,95.4,7.1,102.4,3,97.4,9.1,74.4,21.1,82.4,13.1,12.1,103.5,8.1,75.4,5.1,98.4,6.4,78.4,15.4,89.4,6.6,90.1,9.8
38009000601,ND,Bottineau County,000601,1219,23,1153,1,12,4,0,2,24,916,8,880,1,12,3,0,2,10,529,105.2,592.7,64.1,549.9,91,448.9,170.6,507.2,118.2,138.5,525,105.7,508.5,79.9,557.2,86.8,478,142.4,516.8,92.8,523,109.2
38009000602,ND,Bottineau County,000602,1266,22,1150,2,32,11,0,5,44,969,12,904,2,18,9,0,5,19,526.4,149.1,636.9,74.1,577.7,129.3,451.2,238,535.1,147.2,232.9,522.4,177.7,556.9,125.4,580.3,117.5,493.2,206,539.6,151.6,543.8,159.2
38009000603,ND,Bottineau County,000603,1277,19,1115,2,55,9,0,0,77,968,15,855,2,45,8,0,0,43,478.9,129.7,555.7,70.8,524.8,110.8,384.1,218.5,449,149.6,172.7,465.9,154.7,472.9,115.7,519.8,103.8,416.6,180.3,469.4,135.2,475.9,140.3
38009000604,ND,Bottineau County,000604,1309,32,1171,25,23,13,1,1,43,1103,25,994,25,20,7,1,1,30,537.2,176.4,659.8,97.7,608,139.5,504.3,239.2,588.1,153.5,207.3,610,194.4,637.9,147.5,601.7,137.9,546.2,200,623.9,170.9,592.2,169.4
38009000605,ND,Bottineau County,000605,1308,45,1099,1,75,5,0,5,78,1025,20,904,0,48,2,0,5,46,422.8,175.6,553.2,76.3,508,124.5,358.7,243.8,431.9,166.5,207.7,452,188.6,477.1,119.5,494.7,125.5,395.3,206,464.6,154.1,457.7,162.8
38011003901,ND,Bowman County,003901,1464,89,1318,0,19,10,2,0,26,1125,46,1044,0,10,10,0,0,15,616.1,133.1,717,78.3,696.4,96.9,540.7,215.4,619,130.2,182.1,587.8,133.1,538.8,100.8,676.5,102.8,579.8,175.9,563.3,117,616.5,133.7
38011003902,ND,Bowman County,003902,601,12,580,0,2,2,0,0,5,435,5,423,0,0,2,0,0,5,375.9,31.9,402,20.7,389.6,35.1,313.3,78.6,349,47.8,55.9,377.2,36.9,326.2,27.2,389.2,29.2,331.1,60.8,351.7,32,361.9,41.8
38011003903,ND,Bowman County,003903,356,6,343,0,0,0,0,0,7,295,4,285,0,0,0,0,0,6,193,12,197,7,201,12,171,32,180,23,21,206,10,167,8,197,10.3,175.5,25.3,186.5,9,187.9,15.6
38011003904,ND,Bowman County,003904,572,22,519,0,13,5,1,0,12,437,12,402,0,8,4,0,0,11,260.9,50,288.9,30,289.9,34,207.9,78,220.9,60,82,223.9,48,221.9,35,279.9,38,214.4,73.3,222.9,41.5,244.9,52.1
38013000201,ND,Burke County,000201,118,3,107,1,3,0,0,0,4,77,3,71,1,0,0,0,0,2,48,6,51,5,50,6,47,11,52,3,6,49,6,46,4,49.7,5.7,49.5,6.7,47.5,5,49,5.9
38013000202,ND,Burke County,000202,572,10,540,0,6,0,0,2,14,442,8,420,0,4,0,0,0,10,229,39,258,23,239,43,177,81,218,43,58,249,44,242,40,242,35,197.5,60.7,245.5,42,230.3,46.4
38013000203,ND,Burke County,000203,791,26,750,3,1,2,0,1,8,553,9,533,3,0,2,0,1,5,314.6,31,340.6,13,311.6,32,243.5,57.1,264.5,38.1,47.1,361.6,43,284.6,42,322.2,25.4,254,47.4,323.1,42.5,303,37.9
38013000204,ND,Burke County,000204,291,12,256,2,1,8,0,1,11,236,4,213,2,0,8,0,0,9,128,16,136,7,129,16,113,30,128,16,22,147,17,123,21,131,13,120.5,22.7,135,19,129.1,18.1
38013000205,ND,Burke County,000205,287,6,274,0,3,2,0,0,2,223,4,213,0,2,2,0,0,2,115,13,119,10,110,18,99,23,106,15,13,128,12,105,13,114.7,13.7,102.5,17,116.5,12.5,111.7,14.6
38013000206,ND,Burke County,000206,142,2,122,6,7,0,0,1,4,110,1,97,6,4,0,0,0,2,61,14,66,8,66,7,50,26,59,15,20,60,15,60,9,64.3,9.7,54.5,20.3,60,12,60.3,14.2
38015000701,ND,Burleigh County,000701,4496,130,3963,51,135,13,0,2,202,3050,66,2773,30,80,11,0,2,88,1515.4,290.4,1645.4,224.1,1612.1,270,1294.9,577,1390,457.1,608.2,1648.4,413,1316.3,359.8,1590.9,261.5,1342.4,547.5,1482.4,386.4,1488.9,400
38015000702,ND,Burleigh County,000702,2865,64,2574,57,37,55,3,2,73,2035,42,1865,33,23,39,3,2,28,916.4,262.7,1120.1,135.3,1086.5,150.4,915.6,494.6,1092.6,287.9,455.7,1256.3,440.3,1169.6,359.8,1041,182.8,1004.1,412.8,1212.9,400,1079.6,323.4
38015000703,ND,Burleigh County,000703,3677,76,3300,21,116,33,0,11,120,2560,50,2337,7,69,27,0,7,63,1365.5,355.5,1567,213.8,1488.5,283.6,1050.3,585.3,1188.8,435.5,542.4,1385.6,464.8,1177.5,385.2,1473.7,284.3,1119.6,521.1,1281.5,425,1317.6,408.3
38015000704,ND,Burleigh County,000704,1321,33,1233,0,21,3,0,7,24,992,11,959,0,9,1,0,7,5,559.6,116.6,622.1,70.9,610,79.3,512.9,195.9,558.6,139.9,189.3,624.8,129.7,521.3,120.3,597.2,88.9,535.8,175.1,573.1,125,572.8,130.2
38015000705,ND,Burleigh County,000705,1204,12,1142,2,11,2,3,1,31,925,9,894,1,1,1,3,1,15,544.9,109.8,602.2,72,602.4,74,549.1,202,595.9,146.1,210.6,646.9,153.4,535.4,126.8,583.2,85.3,572.5,186.3,591.1,140.1,582.4,136.9
38015000706,ND,Burleigh County,000706,2415,32,2281,6,17,15,2,8,54,1735,16,1662,2,12,14,0,0,29,935,251.9,1102.7,157.4,1101.1,163.6,902.8,441.6,1004.2,307.1,427.8,1007,289.4,904.7,259,1046.3,191,953.5,392.2,955.8,274.2,993.9,287.2
38015000707,ND,Burleigh County,000707,3133,141,2408,204,174,81,14,3,108,2515,96,2031,151,107,60,8,3,59,930.1,336,1091.5,225.8,1057.3,262.3,790.3,497.9,891.8,358.5,426.9,998.4,418.6,894.3,365.5,1026.3,274.7,841,427.8,946.4,392,950.5,361.4
38015000708,ND,Burleigh County,000708,3326,235,2784,49,96,62,4,3,93,2735,207,2312,37,65,52,4,3,55,935.1,274.2,1115.2,170.1,1067.2,204.1,873.1,552.4,1039.2,369.3,513.4,1133.3,501.2,1051,412.2,1039.1,216.1,956.2,478.3,1092.2,456.7,1030.6,374.6
38015000801,ND,Burleigh County,000801,524,12,465,0,27,0,0,1,19,433,10,392,0,16,0,0,1,14,233,46.5,254.3,26.3,240.2,34.4,181.8,78.8,189,63.5,81.6,222.2,54.5,194.8,51.5,242.5,35.7,185.4,74.6,208.5,53,216.5,54.6
38015000802,ND,Burleigh County,000802,278,7,265,0,0,0,0,1,5,215,5,206,0,0,0,0,1,3,115,26,130,20,122,24,103,63,120,44,54,140,29,105,39,122.3,23.3,111.5,53.7,122.5,34,119.3,37.4
38015000803,ND,Burleigh County,000803,357,1,338,0,4,0,0,1,13,264,0,255,0,0,0,0,0,9,199.7,17.7,214.1,13.5,197.1,24.5,170.6,49,185.9,29.7,40.7,204.1,24.8,141.7,24.7,203.6,18.6,178.2,39.8,172.9,24.8,187.6,28.1
38015000804,ND,Burleigh County,000804,3217,42,3068,7,33,7,0,1,59,2162,32,2065,4,25,4,0,0,32,1232,210,1350,136,1345,141,1109,403,1241,261,394,1459,295,1179,255,1309,162.3,1175,352.7,1319,275,1273.6,261.9
38015000805,ND,Burleigh County,000805,2281,23,2180,2,22,6,0,0,48,1691,8,1628,0,11,6,0,0,38,1057,199.6,1164.8,120.8,1146.8,147.7,956.2,360.3,1057,250.5,337.4,1178.8,267.5,942.2,240.5,1122.9,156,1006.6,316.1,1060.5,254,1071.8,240.5
38015000806,ND,Burleigh County,000806,1557,15,1429,5,32,7,0,1,68,1126,10,1063,4,21,4,0,0,24,648,131.4,733.2,79.2,711.2,97.3,589.8,252.7,674,162.5,241.6,707.2,190.5,589.8,154.5,697.5,102.6,631.9,218.9,648.5,172.5,664.7,163.7
38015002801,ND,Burleigh County,002801,501,18,456,0,7,0,0,4,16,381,8,365,0,0,0,0,0,8,206,33,216,23,216,26,168,70,182,54,58,235,26,162,31,212.7,27.3,175,60.7,198.5,28.5,197.9,40.1
38015002802,ND,Burleigh County,002802,645,20,560,1,10,2,0,0,52,492,14,446,1,6,2,0,0,23,310.9,47,331.9,31,332.9,34,275.9,86,291.9,63,78,323.9,63,229.9,59,325.3,37.3,283.9,75.7,276.9,61,299.7,57.6
38015002803,ND,Burleigh County,002803,2023,24,1869,3,56,4,0,9,58,1308,11,1221,1,29,3,0,9,34,675,100,736,64,709,81,591,202,654,135,192,767,153,574,143,706.7,81.7,622.5,176.3,670.5,148,672.3,133.8
38015003001,ND,Burleigh County,003001,3902,120,3268,60,294,31,3,14,112,3207,89,2762,52,206,30,1,6,61,1146.2,335.7,1324.5,227.4,1270.5,265.9,970,461.2,1069.6,332.6,424.4,1200.8,347.8,1042.9,292.5,1247.1,276.3,1019.8,406.1,1121.9,320.2,1146.4,336
38015003002,ND,Burleigh County,003002,3863,154,3136,61,299,14,6,17,176,3157,107,2677,45,206,9,5,9,99,1022,417,1216,326,1180,348,867,691,1000,545,601,935,533,817,457,1139.3,363.7,933.5,612.3,876,495,1005.3,489.8
38015003003,ND,Burleigh County,003003,4527,153,3685,219,350,23,9,7,81,3815,135,3141,190,289,20,7,3,30,1389.1,449.6,1653.2,271.6,1579.7,322.6,1180,724.6,1414.3,469.4,666.5,1416,561.6,1276,463.3,1540.7,348,1297.1,620.2,1346,512.5,1415.5,491.2
38015003004,ND,Burleigh County,003004,4544,162,3898,58,188,59,6,8,165,3468,96,3066,37,115,51,2,6,95,1454.6,468.2,1738.6,262,1717.6,283,1381.8,791,1606.9,528,748.1,1761.4,709.2,1612.9,571.8,1636.9,337.8,1494.4,689,1687.1,640.5,1610.6,545.2
38015003201,ND,Burleigh County,003201,1768,53,1368,42,218,9,9,6,63,1458,20,1192,29,153,9,9,6,40,485.4,254.3,609.8,174.1,595.2,192,424.9,342.8,487.7,268.7,292.8,481.9,259.9,447,226.8,563.5,206.8,456.3,301.4,464.4,243.4,504.6,251.4
38015003202,ND,Burleigh County,003202,1393,36,1197,23,40,14,2,8,73,1085,19,951,13,31,14,1,8,48,403.4,240,493.9,182.8,488.3,192.9,362.8,318.5,424.6,231.7,287.1,387.7,305.5,352.6,274.1,461.8,205.2,393.7,279.1,370.2,289.8,416.2,254.1
38015003203,ND,Burleigh County,003203,1864,149,1232,113,171,33,108,7,51,1556,117,1113,74,114,33,71,4,30,332,201,419,133,392,167,265,255,302,207,207,251.1,153.3,227.1,136.2,381,167,283.5,223,239.1,144.7,312.6,182.4
38015003204,ND,Burleigh County,003204,1871,99,1450,26,183,7,0,6,100,1429,69,1169,12,117,6,0,4,52,468,181,575,130,524,155,350,321,408,260,260,493.9,301.7,446.9,267.9,522.3,155.3,379,280.3,470.4,284.8,466.5,234.6
38015003205,ND,Burleigh County,003205,3405,199,2628,118,260,25,27,8,140,2644,113,2159,86,167,18,14,7,80,933.6,337.9,1134.6,226.9,1061.6,278.9,769.7,563.8,898.7,416.8,478.8,1114.7,498.5,1027.6,431.7,1043.3,281.2,834.2,486.5,1071.2,465.1,991.5,404.2
38015003206,ND,Burleigh County,003206,3313,54,3031,22,88,27,5,9,77,2560,35,2380,18,52,20,0,9,46,1219.3,383.1,1462.4,226.1,1456.4,234.1,1099.3,623.2,1299.3,396.2,586.2,1043.2,466.5,961.6,404,1379.4,281.1,1199.3,535.2,1002.4,435.3,1220.2,414.9
38015003207,ND,Burleigh County,003207,1514,39,1289,32,77,12,2,0,63,1190,25,1055,19,40,12,1,0,38,542,205,657,130,626,158,423,325,515,228,301,579.1,259,533.8,224.3,608.3,164.3,469,284.7,556.5,241.6,553.7,228.8
38015003501,ND,Burleigh County,003501,2042,48,1870,7,23,21,3,3,67,1652,40,1519,7,19,19,3,3,42,462.4,220.6,605.7,144,580.8,157.4,442.4,372.3,557.2,234.4,317.3,596.4,403.6,598.4,329,549.6,174,499.8,308,597.4,366.3,549,272.3
38015003502,ND,Burleigh County,003502,3045,138,2495,90,144,38,3,7,130,2482,89,2124,67,98,31,3,5,65,781,628,1063,453,1047,479,699,863,891,640,722,769,745,775,609,963.7,520,795,741.7,772,677,860.7,642.4
38015003503,ND,Burleigh County,003503,2363,52,2095,73,62,15,6,2,58,1881,32,1718,50,33,13,6,2,27,890,380,1108,236,1091,259,791,584,982,385,510,884,457,814,396,1029.7,291.7,886.5,493,849,426.5,937.1,400.9
38015003504,ND,Burleigh County,003504,2622,149,1973,140,175,38,9,3,135,2057,98,1660,83,111,31,3,3,68,676,326,854,216,822,259,550,505,651,399,435,648,467,600,379,784,267,600.5,446.3,624,423,685.9,373.2
38015003505,ND,Burleigh County,003505,2669,98,2288,100,73,16,11,8,75,2079,54,1844,69,47,15,4,7,39,1014.3,373.6,1261.4,213.2,1208.6,241.1,846.9,555,1008.3,376.6,481.2,931,486,890,390,1161.4,276,927.6,470.9,910.5,438,1022.9,389.6
38015003506,ND,Burleigh County,003506,1904,82,1620,56,65,27,2,1,51,1482,54,1292,45,41,21,1,1,27,671,292,877,176,838,210,562,408,679,276,344,618,333,603,275,795.3,226,620.5,342.7,610.5,304,692.6,289.2
38015004701,ND,Burleigh County,004701,5437,66,5037,43,76,91,3,4,117,3843,36,3605,22,49,65,3,4,59,2085.4,679.5,2574,379.7,2551.1,392.7,1928.5,1005.2,2338.2,556.6,948.3,2398.2,952.3,2249.3,738.4,2403.5,484,2133.4,836.7,2323.7,845.4,2303.5,706.6
38015004702,ND,Burleigh County,004702,5630,138,4713,235,181,143,36,18,166,4577,90,3991,158,111,110,34,9,74,1888,779,2345,451,2310,499,1581,1169,1956,748,1001,1956,1014,1859,844,2181,576.3,1768.5,972.7,1907.5,929,1985,813.1
38015004703,ND,Burleigh County,004703,2681,123,2128,151,127,34,2,6,110,2128,85,1745,115,80,30,1,6,66,764,354,962,235,947,266,615,544,750,395,466,740,434,688,359,891,285,682.5,468.3,714,396.5,780.9,381.6
38015004704,ND,Burleigh County,004704,4281,87,3633,150,161,76,38,13,123,3252,57,2859,99,102,44,23,8,60,1543.5,570.8,1919.2,329.7,1877.3,365.8,1367.5,829.8,1684.8,476.4,731.7,1575.8,723.7,1536.7,589.6,1780,422.1,1526.1,679.3,1556.3,656.6,1643.5,577.2
38017011-01,ND,Cass County,011-01,6437,247,5258,351,118,166,4,10,283,5130,173,4330,240,91,127,4,10,155,1459,1642,2227,1005,2300,972,1216,2160,1643,1664,1801,1382,1951,1789,1525,1995.3,1206.3,1429.5,1875,1585.5,1738,1716.6,1590
38017011-02,ND,Cass County,011-02,8209,332,6145,841,145,336,3,32,375,6730,233,5283,600,114,250,2,30,218,1522,1648,2291,1043,2289,1065,1223,2211,1530,1810,1822,1498,1936,1781,1564,2034,1252,1376.5,1947.7,1639.5,1750,1733.4,1637.4
38017013-01,ND,Cass County,013-01,5040,131,4520,109,52,42,0,8,178,3814,76,3485,68,31,34,0,8,112,1489.3,870.1,1993,472,2005.9,469.4,1077.9,1320.4,1432.8,911.3,1096.9,1479.8,1103.5,1719.4,824.4,1829.4,603.8,1255.4,1109.6,1599.6,964,1599.7,883.5
38017013-02,ND,Cass County,013-02,3990,197,3149,300,88,25,0,7,224,3096,129,2603,144,65,25,0,4,126,914,746.9,1336,414.6,1333.2,434.6,689.8,1111.5,916.6,840.9,908,906.7,886,1064.4,690.6,1194.4,532.1,803.2,953.5,985.5,788.3,1022.9,754.1
38017013-03,ND,Cass County,013-03,5929,152,5232,179,43,132,0,12,179,4626,87,4175,106,23,105,0,10,120,1763.6,1157.1,2548.8,531.2,2521.8,572.7,1433.3,1626.5,1908.5,1090.4,1287.5,1866,1432.3,2214.7,1051.8,2278.1,753.7,1670.9,1334.8,2040.3,1242.1,2036.7,1093.7
38017016-01,ND,Cass County,016-01,6460,331,4188,760,153,706,3,16,303,5023,210,3515,530,97,505,3,8,155,1024.9,1054.4,1494.1,677.2,1457.1,716.2,750.8,1415.7,986,1144.4,1163.6,1000.1,1148.6,1158.2,922.4,1325.4,815.9,868.4,1241.2,1079.2,1035.5,1124.5,1030.3
38017016-02,ND,Cass County,016-02,5942,231,4028,1030,85,289,4,20,255,4561,155,3312,620,55,228,2,18,171,1003,970,1514.7,536.8,1471.6,584,827.9,1298.6,1073.5,990.7,1101.4,1083.4,1196.9,1241.6,985.6,1329.8,696.9,950.7,1130.2,1162.5,1091.2,1173.7,958
38017016-03,ND,Cass County,016-03,11238,446,8511,1240,111,455,3,29,443,8389,301,6704,715,69,332,1,19,248,1502,1089,2074,662,2072,704,1410,1891,1792,1434,1629,2296,2165,2663,1703,1882.7,818.3,1601,1651.3,2479.5,1934,1972.7,1409.6
38017016-04,ND,Cass County,016-04,3320,85,2844,120,15,114,0,6,136,2153,50,1902,70,10,66,0,6,49,714,340,983,164,986,161,648,570,802,391,480,834,607,1037,418,894.3,221.7,725,480.3,935.5,512.5,857.7,391.4
38017020-01,ND,Cass County,020-01,839,13,792,3,5,1,0,0,25,629,9,600,1,1,1,0,0,17,260,125,377,50,374,59,192,223,270,142,166,284,147,332,89,337,78,231,177,308,118,298.4,125.1
38017021-01,ND,Cass County,021-01,7062,285,5362,508,213,314,2,19,359,5835,190,4675,326,152,245,1,15,231,1125,1714,1724,1219,1812,1158,903,2279,1164,1938,1903,1106,2025,1433,1654,1553.7,1363.7,1033.5,2040,1269.5,1839.5,1323.9,1736.2
38017021-02,ND,Cass County,021-02,8232,326,6541,499,228,251,7,32,348,7424,225,6138,361,180,221,7,29,263,1207.5,1251.4,1659.7,819.2,1643.7,799.2,769.3,1558.5,958.4,1266.3,1307.4,976.4,1376.4,1150.5,1166.3,1503.6,956.6,863.9,1377.4,1063.4,1271.4,1195.1,1193.1
38017022-01,ND,Cass County,022-01,383,3,368,0,5,0,0,0,7,307,2,298,0,2,0,0,0,5,148,57,187,30,188,32,110,86,127,70,71,150,59,160,46,174.3,39.7,118.5,75.7,155,52.5,152.9,56.4
38017022-02,ND,Cass County,022-02,931,6,877,3,8,4,0,2,31,697,4,662,3,6,4,0,2,16,297,126,396,60,419,57,208,262,289,164,211,331,143,391,90,370.7,81,248.5,212.3,361,116.5,333,139.1
38017022-03,ND,Cass County,022-03,474,4,445,0,0,0,0,0,25,357,1,339,0,0,0,0,0,17,186,82,254,37,245,50,117,140,160,100,122,195,83,211,59,228.3,56.3,138.5,120.7,203,71,195.4,84.1
38017022-04,ND,Cass County,022-04,3039,51,2835,20,23,3,0,9,98,2116,22,2008,14,14,1,0,9,48,924,463,1277,229,1278,250,673,753,952,457,583,1047,536,1207,359,1159.7,314,812.5,597.7,1127,447.5,1051.1,453.8
38017022-05,ND,Cass County,022-05,1814,52,1638,27,11,3,0,1,82,1293,30,1190,13,6,1,0,1,52,499,213,647,126,617,142,444,378,515,292,289,621,314,654,239,587.7,160.3,479.5,319.7,637.5,276.5,571,249.1
38017022-06,ND,Cass County,022-06,8105,175,7014,381,58,130,6,18,323,5485,90,4854,224,40,92,5,9,171,1940.7,1077.8,2654.6,580.9,2682.6,551.9,1634.8,1629.8,2071.7,1105.8,1402.8,2218.7,1533.8,2554.6,1105.8,2426,736.9,1853.2,1379.5,2386.6,1319.8,2251.1,1123.6
38017022-07,ND,Cass County,022-07,1012,24,951,1,3,2,0,0,31,719,13,685,0,3,0,0,0,18,310,124,388,82,382,88,262,256,346,169,200,378,163,396,138,360,98,304,208.3,387,150.5,351.7,152.5
38017022-08,ND,Cass County,022-08,6237,118,5455,182,61,163,0,25,233,4263,60,3849,88,27,113,0,6,120,1221,641,1612,325,1644,328,1178,1215,1507,839,1027,1884,1265,2206,896,1492.3,431.3,1342.5,1027,2045,1080.5,1607.4,817
38017024-01,ND,Cass County,024-01,435,1,419,2,0,0,0,0,13,326,1,314,2,0,0,0,0,9,146,44,180,20,170,27,98,96,125,66,79,120,73,127,57,165.3,30.3,111.5,80.3,123.5,65,138,57.8
38017024-02,ND,Cass County,024-02,610,7,585,0,3,0,0,0,15,473,1,461,0,0,0,0,0,11,212,87,289,41,271,61,154,160,189,114,120,240,101,245,72,257.3,63,171.5,131.3,242.5,86.5,228.6,94.5
38017025-01,ND,Cass County,025-01,748,9,723,2,2,2,0,2,8,548,6,531,0,2,0,0,2,7,294,94,342,51,355,52,243,154,292,95,116,318,127,345,87,330.3,65.7,267.5,121.7,331.5,107,312.7,97
38017025-02,ND,Cass County,025-02,1256,23,1192,2,6,2,1,0,30,851,14,810,0,6,2,0,0,19,369,123,474,63,450,79,301,264,373,179,229,441,196,455,141,431,88.3,337,224,448,168.5,409,159.2
38017027-01,ND,Cass County,027-01,3638,231,2057,874,89,230,3,17,137,2910,172,1854,533,69,170,1,6,105,471,533,710,327,660,358,303,719,408,590,578,387,661,487,538,613.7,406,355.5,629,437,599.5,489.4,538
38017027-02,ND,Cass County,027-02,10040,380,7939,841,77,465,3,24,311,7981,286,6549,548,66,346,2,12,172,1684,1341,2508,711,2537,687,1416,2024,1878,1444,1698,2122,2114,2590,1604,2243,913,1647,1722,2356,1859,2105,1452.9
38017027-03,ND,Cass County,027-03,13573,402,11222,978,80,306,4,38,543,9665,251,8290,550,57,232,3,21,261,2685.4,1711.3,3761.5,928.4,3806,922.7,2309.4,2739.8,3011.9,1907.7,2381.2,3479.7,2856.1,4068.5,2147.7,3417.6,1187.4,2660.7,2342.9,3774.1,2501.9,3303.2,1949.3
38017041-01,ND,Cass County,041-01,8566,248,6395,1008,104,443,2,31,335,6689,162,5308,587,79,322,2,26,203,2085,1689,3011,986,3057,944,1660,2370,2172,1785,1897,2033,2125,2523,1593,2717.7,1206.3,1916,2017.3,2278,1859,2363,1673.6
38017041-02,ND,Cass County,041-02,6530,150,5197,596,50,254,11,27,245,5061,88,4233,344,35,184,10,23,144,1720.4,1242,2533,663.5,2495,671.5,1483.2,1704.4,1872.6,1246,1462.2,1726.6,1623.4,2114.9,1234,2249.5,859,1677.9,1470.9,1920.8,1428.7,1992.2,1230.9
38017044-01,ND,Cass County,044-01,7826,349,6696,205,134,111,2,9,320,6486,246,5690,150,99,95,1,9,196,1656,2026,2558,1389,2502,1407,1222,2660,1629,2111,2340,1437,2272,1754,1899,2238.7,1607.3,1425.5,2370.3,1595.5,2085.5,1822.6,2013
38017044-02,ND,Cass County,044-02,5693,131,5039,108,76,115,2,11,211,4465,83,4003,79,67,89,2,6,136,1501.6,1410.9,2359.1,811.6,2259.4,876.4,1287.2,1911.4,1789.8,1335.1,1699,1545.5,1648.2,1897.4,1278.2,2040,1033,1538.5,1648.5,1721.5,1463.2,1805.7,1371.4
38017045-01,ND,Cass County,045-01,10495,522,8559,485,125,456,2,4,342,9363,467,7655,463,106,413,2,3,254,1965.5,1722.6,2894.6,1030.8,2833.4,1062,1365.7,2033.6,1790.6,1490.7,1639.5,1674,1754.2,2052.5,1365.7,2564.5,1271.8,1578.2,1721.3,1863.3,1560,2082.3,1512.4
38017045-02,ND,Cass County,045-02,2297,53,2078,31,18,14,0,7,96,1636,29,1511,22,6,13,0,2,53,655.2,272.5,821.3,146.2,821.3,165.1,610.3,476.3,744.5,322.2,408.7,814.1,413.7,871.8,320.2,765.9,194.6,677.4,402.4,843,366.9,762.6,315.6
38017045-03,ND,Cass County,045-03,1886,15,1813,2,9,1,1,12,33,1394,6,1351,0,9,1,1,3,23,714.1,313,939.1,151.2,944,156.2,575.4,502.3,722.8,336.7,407.8,747.7,366,865.1,251.6,865.7,206.8,649.1,415.6,806.4,308.8,786.9,310.6
38017045-04,ND,Cass County,045-04,907,10,859,2,7,0,0,1,28,607,7,580,2,2,0,0,1,15,303.3,103.1,393.4,44.1,410.4,41.1,233.2,208.2,303.3,133.1,164.2,331.3,140.2,369.3,102.1,369,62.8,268.3,168.5,350.3,121.1,334.9,117
38017046-01,ND,Cass County,046-01,4452,203,3591,247,90,121,7,11,182,3598,127,3021,195,60,84,5,11,95,1004,1018,1512,653,1484,672,761,1373,1069,1020,1120,942,1174,1158,939,1333.3,781,915,1171,1050,1056.5,1132.9,996.1
38017046-02,ND,Cass County,046-02,6217,150,5044,439,39,279,7,3,256,4833,89,4126,255,30,204,7,0,122,1729.4,1396.6,2597.7,754.4,2642.4,732.6,1475.7,1810.6,1958.7,1248.3,1553.7,1667.6,1741.7,2084.2,1288.8,2323.1,961.2,1717.2,1537.5,1875.9,1515.3,2022.2,1315.8
38017046-03,ND,Cass County,046-03,4663,89,3881,385,33,99,2,16,158,3401,54,2929,227,23,79,2,8,79,1110.1,842.3,1629.2,432.8,1604,450.2,951,1131.4,1240.1,812.2,943.2,1229.4,1047,1481.7,763.7,1447.8,575.1,1095.5,962.3,1355.6,905.3,1320.8,802.9
38019001001,ND,Cavalier County,001001,3704,45,3485,2,28,16,0,15,113,2885,35,2759,1,19,11,0,6,54,1358.1,476.3,1708.3,290.1,1599.3,374.2,1181.9,765.4,1427,468.3,614.3,1500.2,474.3,1552.2,343.3,1555.2,380.2,1304.4,616,1526.2,408.8,1475.3,475.8
38021002601,ND,Dickey County,002601,509,16,469,5,1,0,0,2,16,357,14,324,5,1,0,0,2,11,108,31,125,29,122,33,81,68,104,42,57,123,39,126,30,118.3,31,92.5,55.7,124.5,34.5,112.7,41.1
38021002602,ND,Dickey County,002602,2681,145,2436,3,8,20,0,5,64,2011,89,1856,3,6,20,0,5,32,835,342,1040,191,1009,219,572,555,755,357,443,894,361,932,289,961.3,250.7,663.5,451.7,913,325,862.4,344.6
38021002801,ND,Dickey County,002801,1809,38,1667,11,17,7,0,10,59,1406,20,1311,10,10,4,0,10,41,724,181,857,115,814,152,600,288,677,203,229,725,208,733,160,798.3,149.3,638.5,240,729,184,732.9,192
38023000201,ND,Divide County,000201,1065,29,948,20,12,10,1,1,44,824,17,754,8,6,9,0,1,29,425,121,502.1,73,468,105,349,220.1,467,107.1,154.1,401.6,131.4,429,95.5,465,99.7,408,160.4,415.3,113.4,434.5,125.9
38023000202,ND,Divide County,000202,494,17,458,3,3,1,3,1,8,378,10,357,3,3,1,0,0,4,198,70,251.9,35,223,67,156,134.9,216,70.9,98.9,228.4,78.6,233,63.5,224.3,57.3,186,101.6,230.7,71.1,215.2,77.4
38023000203,ND,Divide County,000203,322,1,319,0,0,0,0,1,1,254,1,252,0,0,0,0,0,1,123,37,142,20,127,32,95,58,113,37,43,138,32,133,23,130.7,29.7,104,46,135.5,27.5,124.4,35.2
38023000204,ND,Divide County,000204,314,6,299,0,2,0,0,0,7,235,4,222,0,2,0,0,0,7,121,17,143,12,121,28,120,56,144,35,38,136,23,123,18,128.3,19,132,43,129.5,20.5,129.7,28.4
38025000401,ND,Dunn County,000401,262,3,38,0,203,0,0,0,18,167,2,29,0,122,0,0,0,14,24,91,40,73,34,84,21,108,25,100,89,39,74,44,65,32.7,82.7,23,99,41.5,69.5,32.4,85.5
38025000402,ND,Dunn County,000402,385,17,338,1,3,3,0,1,22,274,10,247,1,2,3,0,1,10,182,20,192,12,187,14,160,41,170,32,35,179,26,163,25,187,15.3,165,36,171,25.5,176.1,25.6
38025000403,ND,Dunn County,000403,582,13,495,1,26,6,0,1,40,433,10,380,1,10,4,0,1,27,268.1,33.4,280.2,24.3,272.2,31.3,216,57.3,239,32.3,41.3,295.1,33.4,256.1,28.4,273.5,29.7,227.5,43.6,275.6,30.9,261,35.2
38025000404,ND,Dunn County,000404,181,5,165,0,0,2,0,1,8,155,5,143,0,0,2,0,1,4,75,14,88,6,74,17,66,22,70,13,18,78,10,81,4,79,12.3,68,17.7,79.5,7,76,13
38025000405,ND,Dunn County,000405,264,8,33,0,189,0,0,2,32,197,5,31,0,132,0,0,2,27,9.9,64.6,23.8,51.7,25.8,50.7,3,49.7,6,45.7,44.7,19.9,60.6,20.9,56.6,19.9,55.6,4.5,46.7,20.4,58.6,15.6,53
38025003601,ND,Dunn County,003601,457,11,427,2,1,2,0,1,13,369,7,351,2,0,1,0,1,7,263,29,273,23,274,30,237,58,259,33,50,297,23,236,19,270,27.3,248,47,266.5,21,262.7,33.1
38025003602,ND,Dunn County,003602,450,2,440,5,0,0,0,0,3,338,1,330,5,0,0,0,0,2,197,23,213,15,212,17,155,51,185,25,31,215,32,182,21,207.3,18.3,170,35.7,198.5,26.5,194.1,26.9
38025003603,ND,Dunn County,003603,153,0,139,1,1,0,0,0,12,106,0,99,1,1,0,0,0,5,78,11,87,4,82,7,71,14,78,8,9,82,7,72,5,82.3,7.3,74.5,10.3,77,6,78.6,8.1
38025003604,ND,Dunn County,003604,6,5,1,0,0,0,0,0,0,5,5,0,0,0,0,0,0,0,22,1,19,1,21,1,19,1,15,5,4,20,3,16,3,20.7,1,17,3.3,18,3,18.9,2.4
38025003901,ND,Dunn County,003901,180,0,169,0,3,0,0,1,7,133,0,127,0,0,0,0,1,5,107.8,7,117.9,4,114.8,5,88.7,12.1,88.7,10.1,10.1,107.9,9.1,86.8,4,113.5,5.4,88.7,10.8,97.3,6.6,101.8,7.7
38025003902,ND,Dunn County,003902,309,9,277,0,4,4,0,0,15,231,8,211,0,4,1,0,0,7,146.5,12.1,150.5,10,152.5,8,130.4,27.1,129.4,23.1,30.1,170.5,13.1,152.5,7,149.8,10,129.9,26.8,161.5,10.1,147.5,16.3
38025003903,ND,Dunn County,003903,866,34,719,13,25,15,0,3,57,648,15,558,13,20,14,0,3,25,398.5,51.9,425.5,27,411.5,37,332.6,83.9,351.6,56.9,72.9,448.5,50.9,401.5,42,411.8,38.6,342.1,71.2,425,46.4,395.7,52.8
38027002301,ND,Eddy County,002301,1361,62,1195,5,40,0,0,0,59,1058,33,963,4,26,0,0,0,32,434.4,194.2,536.5,114.1,353.5,310.2,360.4,309.3,444.4,216.2,223.2,442.5,203.2,468.5,161.2,441.5,206.2,402.4,249.6,455.5,182.2,434.3,216.5
38027002302,ND,Eddy County,002302,986,15,907,0,20,0,0,0,44,766,6,726,0,14,0,0,0,20,355.9,160.5,424.7,104.7,361.8,178.5,314,245.2,360.9,196.4,182.4,410.7,179.4,377.8,145.5,380.8,147.9,337.4,208,394.3,162.5,372.3,174.1
38029002801,ND,Emmons County,002801,743,4,716,0,0,1,0,6,16,561,3,543,0,0,1,0,5,9,379.1,53,403.1,35,391.1,45,351.1,89,372.1,65,73,406.1,63,315,58,391.1,44.3,361.6,75.7,360.6,60.5,373.9,60.1
38029002802,ND,Emmons County,002802,155,1,149,0,4,0,0,0,1,119,1,117,0,0,0,0,0,1,332.8,43.8,338.8,30.9,334.8,38.9,312.9,76.7,314.9,72.7,87.7,373.6,43.8,272,41.9,335.5,37.9,313.9,79,322.8,42.8,325.7,54.6
38029002803,ND,Emmons County,002803,1229,23,1148,0,7,9,0,2,40,985,13,943,0,4,9,0,0,16,343.6,43.1,372.6,29,366.6,38.1,257.5,87.2,296.5,61.1,85.1,359.6,60.1,295.5,59.1,360.9,36.7,277,77.8,327.5,59.6,327.4,57.8
38029002804,ND,Emmons County,002804,584,3,570,0,2,1,0,0,8,477,1,466,0,1,1,0,0,8,288.2,49.1,315.2,25.1,307.2,35.1,246.1,74.2,266.1,46.3,71.3,283.4,29.2,240,34.1,303.6,36.4,256.1,63.9,261.7,31.7,278,45.6
38029002805,ND,Emmons County,002805,590,4,579,0,0,1,0,0,6,473,2,465,0,0,1,0,0,5,334.1,26,345.1,16,339.1,28,266.1,64,274.1,51,64,316.1,41,253,32,339.4,23.4,270.1,59.7,284.6,36.5,303.9,40.3
38031002901,ND,Foster County,002901,244,4,236,0,0,0,0,0,4,175,2,172,0,0,0,0,0,1,75,29,89,16,77,29,53,50,68,34,42,88,22,82,19,80.3,24.7,60.5,42,85,20.5,76,30.1
38031002902,ND,Foster County,002902,170,4,165,0,0,0,0,0,1,144,1,142,0,0,0,0,0,1,36,21,50,9,48,15,33,32,46,21,19,53,16,44,8,44.7,15,39.5,24,48.5,12,44.3,17.6
38031002903,ND,Foster County,002903,208,2,203,0,0,0,0,0,3,154,2,149,0,0,0,0,0,3,70,19,81,13,66,27,59,33,67,24,30,77,22,70,18,72.3,19.7,63,29,73.5,20,70,23.2
38031002904,ND,Foster County,002904,701,12,674,0,2,0,0,0,13,535,12,512,0,2,0,0,0,9,340.6,48.5,394.1,22.6,374.4,43.5,289.5,120.4,343.8,62.9,111.3,392.9,62,374.8,48.2,369.7,38.2,316.6,98.2,383.8,55.1,358.6,64.9
38031002905,ND,Foster County,002905,980,25,897,4,11,11,0,3,29,781,13,731,4,7,8,0,0,18,363.2,116.2,454.1,50.8,426.7,83,332,187.5,379.9,130.8,184.5,371.1,134.7,367.2,109.3,414.7,83.3,355.9,167.6,369.1,122,384.9,124.6
38031002906,ND,Foster County,002906,1094,19,1024,3,5,2,0,3,38,838,16,794,3,3,1,0,1,20,356.2,113.3,422.9,58.6,404.9,88.5,285.6,165.1,331.4,117.3,155.2,380.1,116.3,379.1,87.5,394.7,86.8,308.5,145.9,379.6,101.9,365.7,112.7
38033003901,ND,Golden Valley County,003901,1736,48,1600,5,12,1,1,4,65,1274,21,1219,1,1,1,1,2,28,794.6,98.9,855.5,61.9,793.7,127.8,702.8,170.8,734.7,130.8,150.8,869.4,136.8,790.6,104.8,814.6,96.2,718.8,150.8,830,120.8,791.6,122.8
38035001701,ND,Grand Forks County,001701,1235,28,1160,0,0,6,0,1,40,915,7,887,0,0,6,0,1,14,412.6,179.6,474.8,125.1,476.9,116.7,395.5,274.6,478.1,178.9,222.3,514.2,242.8,570.9,180,454.8,140.5,436.8,225.3,542.6,211.4,474.7,190
38035001702,ND,Grand Forks County,001702,6942,279,5664,298,77,306,5,17,296,5600,213,4649,212,56,227,3,13,227,1221.5,863.5,1662.2,549.7,1608,534.4,1147.1,1254.6,1471,855,991.3,1672,1248.7,1909.4,950.8,1497.2,649.2,1309.1,1033.6,1790.7,1099.7,1527.3,906
38035001703,ND,Grand Forks County,001703,4330,189,3755,97,88,35,0,10,156,3262,114,2910,67,55,28,0,10,78,1112,871,1469,649,1504,576,909,1178,1204,817,981,1120,1018,1316,802,1361.7,698.7,1056.5,992,1218,910,1233.4,861.5
38035001704,ND,Grand Forks County,001704,3220,110,2721,132,63,51,0,4,139,2619,73,2247,104,49,42,0,1,103,962,660,1250,465,1224,434,767,881,994,606,698,949,754,1115,572,1145.3,519.7,880.5,728.3,1032,663,1037.3,633.8
38035001705,ND,Grand Forks County,001705,4681,106,4206,41,27,107,2,8,184,3313,61,3024,29,16,80,2,4,97,1228.8,688.4,1644.5,389.1,1636.8,353.2,1168.1,1023.5,1511.2,598.9,802,1480.4,974.8,1752.4,680.4,1503.4,476.9,1339.6,808.1,1616.4,827.6,1488.9,688.8
38035001801,ND,Grand Forks County,001801,1629,142,1221,76,29,29,5,5,122,1233,105,923,65,26,23,3,2,86,358.6,135.5,400.2,102.6,394,90.5,294.9,207.9,332.9,154.5,164.3,400.8,177.5,398.2,148.6,384.2,109.5,313.9,175.6,399.5,163.1,368.5,147.7
38035001802,ND,Grand Forks County,001802,2199,138,1758,69,113,10,0,2,109,1780,95,1447,63,84,10,0,2,79,386.4,312,489.8,260.1,497.9,231.4,322.9,486.7,412.6,370.9,400.5,409.8,406.8,444.5,342.8,458,267.8,367.8,419.4,427.2,374.8,423.4,351.4
38035001803,ND,Grand Forks County,001803,1014,51,821,34,20,8,0,4,76,834,31,711,25,14,8,0,2,43,239.6,187.4,293.7,154.6,297.6,130.4,160.4,262.8,220.3,195.2,216.4,225.1,196.1,251.2,153.6,277,157.5,190.3,224.8,238.2,174.9,241.1,187.1
38035001804,ND,Grand Forks County,001804,2076,165,1581,66,99,22,0,5,138,1740,90,1401,61,68,22,0,3,95,346,320,448,258,441,258,264,433,342,328,324,348,356,399,286,411.7,278.7,303,361.7,373.5,321,369.7,320.4
38035001805,ND,Grand Forks County,001805,3450,249,2660,106,164,26,2,19,224,2683,146,2171,74,125,23,2,10,132,653,628,853,525,853,484,446,793,610,595,653,597,638,710,512,786.3,545.7,528,680.3,653.5,575,674.6,603.5
38035001806,ND,Grand Forks County,001806,392,20,328,3,17,7,0,2,15,300,17,257,2,7,7,0,0,10,64,101,87,85,91,78,66,131,79,115,119,64,125,87,104,80.7,88,72.5,121.7,75.5,114.5,76.9,107.2
38035001807,ND,Grand Forks County,001807,3023,130,2625,58,42,18,0,9,141,2364,82,2101,42,31,17,0,5,86,808,576,1037,422,1016,408,636,819,837,561,664,801,690,927,522,953.7,468.7,736.5,681.3,864,606,866,582.8
38035001901,ND,Grand Forks County,001901,1040,27,956,1,10,1,0,0,45,745,14,699,1,9,1,0,0,21,355.1,132.6,414.3,97.5,390.4,92.4,268.2,242.8,339.3,159.7,199.6,375.1,159.8,405.2,127.7,386.6,107.5,303.7,200.7,390.1,143.7,363.9,151.5
38035001902,ND,Grand Forks County,001902,915,26,823,3,6,6,0,3,48,673,7,615,3,3,6,0,3,36,255,83,320,47,294,55,216,159,270,99,130,287,110,312,74,289.7,61.7,243,129.3,299.5,92,279.1,94.6
38035001903,ND,Grand Forks County,001903,2217,106,1986,13,30,11,0,1,70,1733,65,1582,9,29,5,0,1,42,818,259,978,159,964,172,631,481,788,304,363,806,297,812,225,920,196.7,709.5,382.7,809,261,828.1,282.5
38035001904,ND,Grand Forks County,001904,1455,33,1362,6,4,6,3,0,41,1058,18,1006,3,4,5,2,0,20,469,153,574,100,548,115,402,264,497,159,201,499,171,525,123,530.3,122.7,449.5,208,512,147,502,160.8
38035002001,ND,Grand Forks County,002001,2427,280,1738,117,25,56,10,4,197,1606,143,1208,77,20,40,5,3,110,414,147,470,103,448,104,292,189,333,142,154,404,139,415,99,444,118,312.5,161.7,409.5,119,396.6,134.6
38035002002,ND,Grand Forks County,002002,3091,62,2873,11,12,8,3,7,115,2210,29,2102,7,6,5,3,7,51,1099.8,385.5,1313.1,264,1318,246.4,885.8,690.6,1115,435.1,506.2,1218.6,487.9,1299.7,359.4,1243.7,298.6,1000.4,544,1259.2,423.6,1178.6,421.9
38035004201,ND,Grand Forks County,004201,2817,204,1961,145,159,180,2,4,162,2006,116,1516,72,86,124,2,2,88,562,363,731,249,681,271,427,539,559,369,419,580,449,651,378,658,294.3,493,442.3,615.5,413.5,598.7,379.6
38035004202,ND,Grand Forks County,004202,3823,225,2375,348,129,545,1,13,187,3284,156,2187,242,82,495,1,6,115,475,575,677,428,624,446,283,437,349,347,349,332,458,379,373,592,483,316,377.7,355.5,415.5,445.6,426.6
38035004203,ND,Grand Forks County,004203,3163,171,2515,124,48,174,14,5,112,3001,155,2410,105,47,172,14,5,93,680,411,773,265,747,240,297,319,355,234,266,296,263,325,194,733.3,305.3,326,273,310.5,228.5,496.1,274
38035004204,ND,Grand Forks County,004204,2874,200,2306,104,66,45,0,8,145,2378,123,1999,68,46,45,0,7,90,617,517,774,387,757,369,438,610,564,437,498,555,529,633,429,716,424.3,501,515,594,479,619.7,472
38035004301,ND,Grand Forks County,004301,4337,141,3557,237,75,166,0,3,158,3605,100,3093,148,45,129,0,3,87,940.2,680.6,1248,452.1,1222.2,435.7,719.4,932.2,941.4,640.6,752.7,965.2,872.6,1093.9,687.6,1136.8,522.8,830.4,775.2,1029.6,780.1,1018.6,681.8
38035004302,ND,Grand Forks County,004302,4080,212,2980,273,187,203,2,4,219,3180,142,2457,192,122,132,2,3,130,762,656,1013,473,970,475,651,917,884,627,741,882,816,1003,651,915,534.7,767.5,761.7,942.5,733.5,880.7,669.5
38035004303,ND,Grand Forks County,004303,3501,180,2695,291,48,145,1,15,126,3009,150,2408,191,43,114,1,10,92,627.3,511.6,817.1,376,830.2,339.7,514.8,671.7,672.4,481.7,527,690.6,688.6,787.4,556.6,758.2,409.1,593.6,560.1,739,622.6,705.7,519.1
38035004304,ND,Grand Forks County,004304,2243,122,1503,238,58,210,1,11,100,1827,87,1331,149,49,148,0,4,59,376,356,531,250,518,249,271,492,377,364,404,409,463,507,351,475,285,324,420,458,407,427,366.1
38035004305,ND,Grand Forks County,004305,996,61,625,118,41,98,1,5,47,826,33,569,92,34,66,1,5,26,96,98,116,78,105,87,78,137,98,114,119,105,148,120,123,105.7,87.7,88,123.3,112.5,135.5,102.6,113
38037003101,ND,Grant County,003101,1258,6,1203,2,21,4,0,0,22,988,5,952,2,13,1,0,0,15,639.1,82.6,707.5,48.8,679.9,76.4,558.3,173.4,621.6,107,124.1,675.4,98.2,543.5,85.2,675.5,69.2,590,134.9,609.4,91.7,632.2,99.5
38037003102,ND,Grant County,003102,218,4,206,1,0,3,0,0,4,195,0,188,1,0,2,0,0,4,105.4,16,123.4,11,123.4,11.1,92.3,23.1,103.4,14.1,22.1,116.4,20.1,108.3,17,117.4,12.7,97.9,19.8,112.4,18.6,110.4,16.8
38037003103,ND,Grant County,003103,543,8,505,7,6,3,0,0,14,461,8,427,5,5,3,0,0,13,234.5,56,275.8,34.4,266,43.2,166.8,98.3,201.2,61.9,73.7,217,54.1,205.9,42.3,258.8,44.5,184,78,211.5,48.2,223.9,58
38037003104,ND,Grant County,003104,28,1,26,0,0,1,0,0,0,18,0,18,0,0,0,0,0,0,6.2,0.8,6.8,0.5,6.6,0.7,5.4,1.7,6,1,1.2,6.5,0.9,5.2,0.8,6.5,0.7,5.7,1.3,5.9,0.9,6.1,1
38037003105,ND,Grant County,003105,254,7,229,0,5,0,0,0,13,223,7,204,0,4,0,0,0,8,115.5,28.6,129.3,12.8,125.4,19.7,95.8,38.5,105.6,20.7,35.5,122.4,32.6,94.8,24.7,123.4,20.4,100.7,31.6,108.6,28.6,112.7,26.7
38039002301,ND,Griggs County,002301,405,8,387,1,0,3,0,0,6,334,5,322,1,0,3,0,0,3,175,57,207,42,191,66,151,101,184,72,80,180,54,172,44,191,55,167.5,84.3,176,49,180,64.5
38039002302,ND,Griggs County,002302,499,9,469,5,0,0,0,1,15,392,8,374,2,0,0,0,1,7,149.2,74.1,187.2,52.1,176.2,64.1,119.1,124.2,161.2,77.1,99.1,161.2,77.1,170.2,65.1,170.9,63.4,140.1,100.2,165.7,71.1,160.6,79.1
38039002303,ND,Griggs County,002303,516,4,488,1,8,1,0,0,14,390,4,371,1,6,1,0,0,7,189,77,241,46,221,64,132,107,168,59,76,212,68,218,55,217,62.3,150,80.7,215,61.5,197.3,69
38039002304,ND,Griggs County,002304,491,2,477,0,4,0,0,1,7,410,2,400,0,4,0,0,1,3,141,57,185,36,168,50,130,124,175,75,89,149,72,171,49,164.7,47.7,152.5,96,160,60.5,159.9,69
38039002305,ND,Griggs County,002305,395,1,379,1,0,3,0,2,9,301,1,289,1,0,3,0,2,5,189.5,32.4,221.9,17.7,201.3,33.4,153.2,76.6,187.6,33.4,53,201.3,36.3,189.5,33.4,204.3,27.8,170.4,54.3,195.4,34.9,192,39.5
38041003101,ND,Hettinger County,003101,1053,12,1003,0,10,1,2,0,25,831,3,802,0,8,1,2,0,15,520,84,563,46,526,73,478,129,521,79,106,487,88,437,64,536.3,67.7,499.5,104.7,462,76,504.6,83.6
38041003102,ND,Hettinger County,003102,194,3,177,2,5,1,0,0,6,153,2,146,0,0,1,0,0,4,94,11,104,5,103,7,66,19,72,12,15,90,12,80,9,100.3,7.7,69,15.3,85,10.5,87,11.2
38041003601,ND,Hettinger County,003601,1030,18,938,3,25,3,5,8,30,796,9,735,0,23,3,5,6,15,316,64,361,34,355,50,341,102,364,73,76,388,81,308,68,344,49.3,352.5,83.7,348,74.5,347.6,68.5
38041003602,ND,Hettinger County,003602,212,1,201,0,2,0,0,0,8,163,1,158,0,1,0,0,0,3,120,9,132,3,120,13,103,24,115,11,21,126,15,98,12,124,8.3,109,18.7,112,13.5,116.3,13.5
38043001401,ND,Kidder County,001401,188,8,170,0,2,0,0,0,8,168,7,152,0,1,0,0,0,8,78.3,30.3,94.9,22.5,94.9,21.5,72.4,43,85.1,28.3,32.3,95.9,35.2,77.3,31.3,89.4,24.8,78.8,34.5,86.6,33.2,85.5,30.5
38043001402,ND,Kidder County,001402,152,1,148,0,0,0,0,0,3,124,0,122,0,0,0,0,0,2,60,19,71,12,63,21,46,37,61,20,22,79,26,68,21,64.7,17.3,53.5,26.3,73.5,23.5,64,22.2
38043001403,ND,Kidder County,001403,150,3,142,0,1,0,0,0,4,140,3,132,0,1,0,0,0,4,54,14,63,10,59,15,36,40,52,24,30,81.9,21,67,20,58.6,13,44,31.3,74.4,20.5,59,21.7
38043001404,ND,Kidder County,001404,1044,12,997,2,6,1,3,0,23,788,7,758,0,2,1,3,0,17,534,79,591,44,553,86,437,164,484,113,141,534,96,411,98,559.3,69.7,460.5,139.3,472.5,97,506.3,102.6
38043001405,ND,Kidder County,001405,314,4,306,0,1,0,0,0,3,255,4,248,0,0,0,0,0,3,118,10,127,4,122,10,104,25,117,16,19,148,13,99,13,122.3,8,110.5,20,123.5,13,119.3,13.8
38043001406,ND,Kidder County,001406,546,24,508,1,1,0,2,0,10,402,15,377,0,0,0,2,0,8,262,25.7,271.9,23.7,269.9,23.7,211.5,53.4,228.3,37.6,42.5,270.9,28.7,201.7,30.6,267.9,24.4,219.9,44.5,236.3,29.7,245.2,33.2
38045002801,ND,LaMoure County,002801,1284,52,1202,4,5,4,0,3,14,993,28,944,4,4,4,0,2,7,510.9,150.4,616.4,88.6,595.5,113.5,421.2,273.9,499.9,186.2,209.1,565.6,171.3,584.5,122.5,574.3,117.5,460.6,223.1,575.1,146.9,542,164.4
38045002901,ND,LaMoure County,002901,349,2,338,0,1,0,0,1,7,285,1,280,0,1,0,0,0,3,159,29,192,9,186,17,135,60,156,37,37,177,33,186,19,179,18.3,145.5,44.7,181.5,26,170.1,30.1
38045002902,ND,LaMoure County,002902,869,8,843,1,4,0,1,0,12,660,6,641,1,3,0,1,0,8,260,132,330,79,314,99,224,195,281,135,148,335,127,321,97,301.3,103.3,252.5,159.3,328,112,295,126.5
38045002903,ND,LaMoure County,002903,1591,26,1514,1,10,3,3,6,28,1232,14,1183,1,5,3,3,5,18,549,190,677,115,650,138,421,327,518,211,266,565,195,572,152,625.3,147.7,469.5,268,568.5,173.5,564.6,199.2
38047002801,ND,Logan County,002801,440,2,432,0,0,0,0,0,6,330,0,325,0,0,0,0,0,5,243.2,17.2,264.3,11.1,264.3,18.1,197,57.2,220.1,37.2,51.3,256.2,28.2,174,31.1,257.3,15.5,208.6,48.6,215.1,29.6,231.3,31.4
38047002802,ND,Logan County,002802,749,12,706,1,6,0,0,1,23,557,7,533,1,1,0,0,1,14,345.6,45.8,390.5,26.9,373.6,36.9,300.8,74.7,321.8,54.8,77.7,352.6,49.8,283.9,35.9,369.9,36.5,311.3,69.1,318.3,42.8,338.4,50.3
38047002803,ND,Logan County,002803,417,19,376,0,4,0,0,0,18,336,6,318,0,3,0,0,0,9,172,41,198,27,191,32,143,74,172,46,47,190,39,167,34,187,33.3,157.5,55.7,178.5,36.5,176.1,42.5
38047002804,ND,Logan County,002804,126,0,125,0,1,0,0,0,0,91,0,90,0,1,0,0,0,0,57,3,63,1,58,6,49,7,45,8,11,59,5,52,3,59.3,3.3,47,8.7,55.5,4,54.7,5.5
38047002805,ND,Logan County,002805,144,2,134,1,0,0,0,0,7,110,1,107,1,0,0,0,0,1,70,7,73,6,77,3,51,15,64,7,8,72,6,62,5,73.3,5.3,57.5,10,67,5.5,67,7.1
38049000601,ND,McHenry County,000601,429,8,403,1,3,0,0,0,14,318,6,303,1,0,0,0,0,8,168.1,31.8,196.9,14.9,191.9,24.9,142.2,61.7,167.1,37.8,45.7,195.9,35.8,191.9,26.9,185.6,23.9,154.6,48.4,193.9,31.3,179.1,34.9
38049000602,ND,McHenry County,000602,326,5,309,0,0,1,1,0,10,256,3,245,0,0,1,0,0,7,159.1,14,180.1,10,176.1,18,133,39,153.1,22,28,173.1,26,168.1,20,171.7,14,143,29.7,170.6,23,163.2,22.1
38049000603,ND,McHenry County,000603,1069,39,986,4,7,6,1,0,26,826,28,767,4,4,6,0,0,17,441.6,95.1,515.7,70,492.7,93.1,387.5,179.2,456.6,116.1,149.2,501.7,103.1,437.7,80.1,483.3,86.1,422,148.2,469.7,91.6,461.9,110.7
38049000604,ND,McHenry County,000604,568,11,528,2,5,0,0,0,22,460,10,431,2,3,0,0,0,14,241,34,273,25,269,34,189,77,211,57,57,276,40,250.1,36,261,31,200,63.7,263,38,244.2,45
38049000605,ND,McHenry County,000605,1846,23,1752,3,9,3,0,0,56,1354,15,1290,2,6,3,0,0,38,628,191,787,101,746,145,503,332,619,224,270,749,235,728,192,720.4,145.7,561,275.3,738.5,213.5,680,211.3
38049000606,ND,McHenry County,000606,324,1,308,1,0,0,0,0,14,273,0,262,0,0,0,0,0,11,140,30,157,19,151,32,110,51,135,28,41,180,26,160,26,149.3,27,122.5,40,170,26,147.6,31.6
38049000607,ND,McHenry County,000607,459,6,428,0,2,1,2,0,20,357,3,335,0,2,1,0,0,16,138,61,167,39,160,50,106,86,139,51,61,157,60,153,41,155,50,122.5,66,155,50.5,145.7,56.1
38049000608,ND,McHenry County,000608,324,5,310,0,1,1,2,0,5,255,4,245,0,1,1,0,0,4,134,33,156,17,148,30,88,53,108,31,36,131,38,122,25,146,26.7,98,40,126.5,31.5,126.7,32.9
38051002801,ND,McIntosh County,002801,613,2,588,2,0,3,0,0,18,528,2,509,1,0,3,0,0,13,324.1,56,366.1,30,355.1,46,262.1,122,313.1,65,72,306.1,64,322.1,40,348.4,44,287.6,86.4,314.1,52,321.2,61.9
38051002802,ND,McIntosh County,002802,372,5,359,1,0,1,0,1,5,293,2,286,1,0,1,0,1,2,159.9,35,180.9,21,165.9,36,140.9,84,167.9,56,67,160.9,48,144.9,49,168.9,30.6,154.4,69,152.9,48.5,160.2,49.5
38051002803,ND,McIntosh County,002803,153,3,142,1,0,4,0,0,3,127,0,122,1,0,3,0,0,1,42.1,23.6,63.6,5.4,59.5,13.5,33.8,43.1,56.1,16.8,25.9,59.4,19.7,57.5,16.5,55.1,14.2,44.9,28.6,58.4,18.1,53.1,20.6
38051002804,ND,McIntosh County,002804,864,39,773,3,5,13,0,6,25,696,25,639,3,1,10,0,5,13,315.3,82.1,429.4,36,398.4,56,318.3,142.1,394.4,75.1,125.1,348.4,87.1,361.4,58,381,58,356.3,114.1,354.9,72.6,366.5,82.7
38051002805,ND,McIntosh County,002805,300,4,291,0,0,1,0,1,3,224,0,219,0,0,1,0,1,3,119.7,21.9,144.6,7,135.6,13,101.7,43.9,126.7,20,37.9,141.6,22.9,131.7,18,133.3,14,114.2,33.9,136.6,20.4,128.8,23.1
38051002806,ND,McIntosh County,002806,228,0,222,0,0,1,0,0,5,186,0,181,0,0,1,0,0,4,140.4,16.9,144.4,11,140.4,10,126.5,32.9,127.5,20.9,29.9,138.4,19.9,93.6,19.9,141.8,12.6,127,27.9,116,19.9,130.2,20.2
38053000401,ND,McKenzie County,000401,1043,43,47,9,882,3,0,0,59,635,20,37,9,534,3,0,0,32,41,183,85,132,61,163,16,211,28,195,183,38,159,53,143,62.3,159.3,22,196.3,45.5,151,46,171.1
38053000402,ND,McKenzie County,000402,835,42,40,0,732,0,0,1,20,509,22,34,0,437,0,0,1,15,21,132,54,104,41,120,24,216,39,197,192,31,203,44,181,38.7,118.7,31.5,201.7,37.5,192,36.3,168.1
38053003901,ND,McKenzie County,003901,448,10,409,1,4,1,0,5,18,340,5,315,0,2,1,0,4,13,143.8,17.1,155.8,7.1,143.8,13.1,97.9,30.1,99.9,23.1,14.2,136.8,20.1,139.8,9.1,147.8,12.4,98.9,22.5,138.3,14.6,131.1,16.8
38053003902,ND,McKenzie County,003902,206,2,197,2,1,0,0,2,2,144,0,138,2,1,0,0,1,2,104.6,13.1,109.6,10,107.6,11.1,84.3,15.1,89.3,10.1,12.1,120.5,11.1,115.5,10,107.3,11.4,86.8,12.4,118,10.6,104.5,11.6
38053003903,ND,McKenzie County,003903,1088,35,977,8,14,3,0,4,47,762,29,678,6,12,3,0,3,31,339.4,32.8,354.3,20.8,355.3,25.8,260,65.5,266,53.6,48.6,426.7,34.7,395.9,33.7,349.6,26.5,263,55.9,411.3,34.2,342.5,39.4
38053003904,ND,McKenzie County,003904,712,54,602,9,16,1,0,5,25,495,37,422,4,10,1,0,5,16,224.1,14.5,231.8,14.5,229.8,17.4,189.1,42.6,202.7,28.1,22.3,259.8,22.3,243.3,11.6,228.6,15.5,195.9,31,251.6,17,225.8,21.7
38053003905,ND,McKenzie County,003905,3144,159,2764,33,42,19,0,10,117,2235,106,1984,21,30,16,0,9,69,1152.9,97,1179.8,64.4,1208.2,62.5,984,186.1,1015.8,118,131.7,1369.9,98.5,1285.4,78.5,1180.3,74.6,999.9,145.3,1327.7,88.5,1170.9,104.6
38053003906,ND,McKenzie County,003906,6241,1163,4340,145,117,136,5,38,297,4514,720,3287,103,83,113,4,31,173,1172.1,176.3,1226.1,121.1,1268.3,108.2,997.6,288.9,1043.8,217.3,212.6,1606.3,220.9,1570.2,162.1,1222.1,135.2,1020.7,239.6,1588.3,191.5,1269.2,188.4
38053003907,ND,McKenzie County,003907,118,0,112,0,0,0,0,1,5,92,0,88,0,0,0,0,0,4,83.7,2.2,87.8,2.1,84.9,6,64.9,19.1,70.9,10.1,6.2,89.6,4.3,86.7,2.2,85.5,3.4,67.9,11.8,88.2,3.2,81.2,6.5
38053003908,ND,McKenzie County,003908,314,13,289,0,9,1,0,0,2,241,5,231,0,3,1,0,0,1,170.4,6.2,179.6,5,169.1,8.9,139.5,23.6,149.9,14.7,15.5,180.3,12.3,164.5,9.8,173,6.7,144.7,17.9,172.4,11,164.8,12
38053003909,ND,McKenzie County,003909,555,11,491,7,6,7,0,1,32,399,8,357,5,6,5,0,1,17,215.3,24.2,237.3,13.2,218.3,27.2,153.3,69.2,172.3,43.2,51.2,220.4,28.2,204.4,18.2,223.7,21.5,162.8,54.6,212.4,23.2,203.1,34.3
38055000401,ND,McLean County,000401,1317,14,1091,7,99,2,0,1,103,992,10,862,6,55,2,0,1,56,495,119,568,82,549,105,431,180,469,137,164,561,135,450,140,537.3,102,450,160.3,505.5,137.5,503.3,132.8
38055000402,ND,McLean County,000402,717,35,67,7,565,9,0,0,34,486,17,54,5,385,8,0,0,17,23.9,183.9,76.5,131.2,42.7,170,17.9,270.4,45.7,237.6,235.6,43.7,227.6,64.6,189.9,47.7,161.7,31.8,247.8,54.2,208.8,45,205.8
38055000801,ND,McLean County,000801,7737,99,7214,18,102,37,7,16,244,6101,65,5762,14,76,27,3,13,141,3339.5,776.8,3744.3,517.9,3645.3,641.9,2869.6,1248.6,3207.4,896.7,1069.6,3591.4,865.7,2949.7,762.8,3576.4,645.5,3038.5,1071.6,3270.5,814.2,3335.3,847.5
38057000401,ND,Mercer County,000401,85,1,13,0,71,0,0,0,0,56,1,10,0,45,0,0,0,0,4.1,6.1,6.5,3.8,5.3,5,3.1,8.6,4.3,7.4,8.4,3.3,8.4,6.4,5.1,5.3,5,3.7,8.2,4.8,6.8,4.7,6.6
38057003301,ND,Mercer County,003301,611,15,537,2,18,5,1,0,33,478,12,432,2,15,4,0,0,13,232.2,84.7,252.1,78.7,240.1,87.7,163.4,127.5,191.3,99.6,104.6,247.1,83.7,205.2,79.7,241.5,83.7,177.4,110.6,226.2,81.7,218.8,93.3
38057003302,ND,Mercer County,003302,317,10,291,0,7,1,0,0,8,265,4,253,0,1,1,0,0,6,165,28,175,14,176,22,125,49,144,31,46,153,36,143,30,172,21.3,134.5,42,148,33,154.4,32
38057003303,ND,Mercer County,003303,2871,56,2667,7,44,14,0,11,72,2200,33,2077,7,28,14,0,2,39,1267,292,1398,222,1378,247,944,473,1057,355,457,1275,320,1160,260,1347.7,253.7,1000.5,428.3,1217.5,290,1211.3,328.2
38057003304,ND,Mercer County,003304,3646,118,3292,29,46,21,0,6,134,2713,65,2499,18,37,15,0,4,75,1681,174,1791,123,1752,151,1382,325,1487,215,294,1727,208,1479,166,1741.3,149.3,1434.5,278,1603,187,1614.1,207
38057003305,ND,Mercer County,003305,395,9,368,4,6,0,0,0,8,320,7,299,2,6,0,0,0,6,196.6,20.8,205.5,17.8,196.6,24.7,157.1,51.4,164,40.5,43.5,220.2,27.7,169.8,29.6,199.6,21.1,160.6,45.1,195,28.6,187.1,32
38057003306,ND,Mercer County,003306,425,9,403,0,1,2,0,1,9,326,2,313,0,1,1,0,1,8,210,16,210,11,203,15,164,27,175,20,33,227,21,186,21,207.7,14,169.5,26.7,206.5,21,196.4,20.5
38059003101,ND,Morton County,003101,447,4,412,3,17,1,0,0,10,344,3,331,0,4,1,0,0,5,223.6,36.2,239.8,25.1,229.7,36.2,186.4,50.4,193.6,39.3,62.3,546.2,35.2,180.4,24.2,231,32.5,190,50.7,363.3,29.7,257.1,38.6
38059003102,ND,Morton County,003102,505,18,464,3,9,2,0,0,9,335,6,318,2,8,0,0,0,1,220,25,237,12,225,21,197,46,209,35,44,347,33,181,24,227.3,19.3,203,41.7,264,28.5,230.9,30
38059003103,ND,Morton County,003103,1496,36,1372,4,37,0,1,5,41,1086,21,1021,4,17,0,1,5,17,549.2,102,599.5,76.2,594.1,75.7,529.3,196.4,569.6,150.1,192,643.7,126,544.2,125.2,580.9,84.6,549.5,179.5,594,125.6,575.7,130.5
38059003104,ND,Morton County,003104,1283,100,1042,11,67,1,2,0,60,997,74,848,7,33,1,2,0,32,466.6,124.6,521.1,98.2,508.1,108.3,375.7,196.1,409,150.7,181.9,577.7,127.2,385.4,113.8,498.6,110.4,392.4,176.2,481.6,120.5,463.4,137.6
38059003105,ND,Morton County,003105,3607,147,3109,73,113,17,11,8,129,2672,91,2367,46,79,14,7,4,64,1244.2,310.1,1396.2,209,1363.2,245.1,1100.1,525.1,1199.1,407.1,520.1,1685.3,388.1,1098.1,353.1,1334.5,254.7,1149.6,484.1,1391.7,370.6,1298,369.7
38059003106,ND,Morton County,003106,1238,76,1008,10,70,16,0,3,55,985,52,842,3,48,11,0,3,26,369,170,459,119,446,129,293,243,355,182,222,1447,187,335,153,424.7,139.3,324,215.7,891,170,529.1,175.6
38059003301,ND,Morton County,003301,1583,20,1513,2,7,5,0,5,31,1221,12,1180,0,7,3,0,1,18,677.5,109.2,742.7,70.1,732.6,83.2,537.9,214.5,593.1,146.3,196.7,415,132.3,501.8,118.3,717.6,87.5,565.5,185.8,458.4,125.3,600.1,133.8
38059003302,ND,Morton County,003302,2908,58,2749,5,41,6,4,1,44,2160,34,2057,4,28,4,4,1,28,1179,222,1284,152,1271,171,1013,418,1094,317,430,453,286,1131,266,1244.7,181.7,1053.5,388.3,792,276,1060.7,282.8
38059003303,ND,Morton County,003303,273,6,250,1,0,4,1,3,8,199,2,189,1,0,0,1,3,3,137,15,139,11,133,20,103,24,104,21,28,1349,11,89,16,136.3,15.3,103.5,24.3,719,13.5,293.4,18.2
38059003401,ND,Morton County,003401,4165,160,3515,49,213,30,6,9,183,3008,79,2644,38,139,22,6,4,76,1259.5,361.1,1464.7,239.7,1393.3,281.3,1067,623.1,1219.4,438.9,562.6,474.9,487.3,1237.1,411.2,1372.5,294,1143.2,541.5,856,449.3,1159.4,425.7
38059003402,ND,Morton County,003402,4960,168,4145,161,249,34,3,13,187,3973,112,3447,95,176,32,3,9,99,1413.1,444.8,1694.4,267.3,1663.4,298.2,1297.4,741,1466,526.6,671.2,215.4,646.2,1559.7,500.6,1590.3,336.7,1381.7,646.2,887.6,573.4,1329.9,512
38059003403,ND,Morton County,003403,2347,104,1980,17,110,18,5,5,108,1881,71,1639,12,71,15,5,5,63,635,272,731,208,699,232,468,423,529,338,371,231,347,544,311,688.3,237.3,498.5,377.3,387.5,329,548.1,312.8
38059003404,ND,Morton County,003404,1575,109,1311,25,63,4,0,3,60,1205,65,1040,16,41,4,0,3,36,593,213,726,135,701,150,471,324,555,235,290,719,249,483,211,673.3,166,513,283,601,230,606.9,225.9
38059003405,ND,Morton County,003405,2002,90,1705,31,79,13,0,6,78,1542,59,1345,26,53,9,0,6,44,652.9,277.9,802.8,196,761.8,224.9,526.9,429.9,645.9,303.9,376.9,1416.7,326.9,600.9,285.9,739.2,232.9,586.4,370.2,1008.8,306.4,772.5,302.8
38059003406,ND,Morton County,003406,1381,100,1132,30,37,19,2,1,60,1038,58,899,20,26,16,0,0,19,392,166,495,125,476,128,327,284,390,217,250,723,210,384,170,454.3,139.7,358.5,250.3,553.5,190,455.3,193.8
38059003407,ND,Morton County,003407,1600,61,1312,24,119,0,0,5,79,1224,33,1063,20,65,0,0,1,42,469.2,148.3,535.4,109.2,505.4,141.1,386.1,263.5,423.3,217.2,242.4,140.6,175.5,357.6,159.4,503.3,132.9,404.7,241,249.1,167.4,402.5,182.1
38059003601,ND,Morton County,003601,938,36,855,4,0,0,0,6,37,700,21,654,1,0,0,0,2,22,385.4,39.2,395.5,31.2,398.4,33.3,314.9,87.6,331,71.5,79.5,368.8,54.3,271.1,45.4,393.1,34.6,323,79.6,320,49.9,352.2,55.3
38059003602,ND,Morton County,003602,983,19,922,9,7,1,4,1,20,795,13,750,6,7,0,4,0,15,456.5,40.6,485.2,17.8,473.3,30.7,376.3,80.2,405,47.5,93.1,473.3,46.5,357.5,49.5,471.7,29.7,390.6,73.6,415.4,48,432.4,50.7
38061000201,ND,Mountrail County,000201,1790,188,1448,18,36,17,1,10,72,1359,118,1142,14,21,13,1,6,44,785.4,128.8,850.8,74.3,813,100.3,672.8,179.7,716.4,133.2,183.8,814.4,129,771.5,93.3,816.4,101.1,694.6,165.6,792.9,111.1,774.9,127.8
38061000202,ND,Mountrail County,000202,1266,124,1091,2,7,6,0,3,33,883,69,775,2,5,4,0,3,25,344.3,34.1,361.9,17.7,345.7,33.7,291,61.2,303.3,48.8,65.2,363.3,41,339.2,28.7,350.6,28.5,297.1,58.4,351.3,34.8,335.5,41.3
38061000203,ND,Mountrail County,000203,340,15,292,1,6,2,0,1,23,228,12,199,1,1,2,0,1,12,133,14,132,13,123,22,117,29,120,25,24,148,17,97,15,129.3,16.3,118.5,26,122.5,16,124.3,19.9
38061000401,ND,Mountrail County,000401,455,21,367,3,33,3,0,6,22,327,9,275,2,23,2,0,5,11,176.2,45.1,202.3,26,191.3,40.1,144.2,89.1,176.2,56.1,77.1,208.2,54.1,205.2,44.1,189.9,37.1,160.2,74.1,206.7,49.1,186.2,54
38061000402,ND,Mountrail County,000402,1206,74,454,14,573,13,0,6,72,892,38,386,14,406,7,0,6,35,244.7,226.4,333.7,163.3,291.7,203.4,216.6,310.5,260.6,261.4,312.5,251.8,241.4,267.8,205.3,290,197.7,238.6,294.8,259.8,223.4,266.7,240.5
38061000403,ND,Mountrail County,000403,433,13,387,3,2,1,1,3,23,332,12,294,1,2,1,1,3,18,182.6,29.9,188.6,27.9,174.6,40.9,140.7,50.9,148.7,37.9,48.9,194.6,26,168.7,24,182,32.9,144.7,45.9,181.6,25,171.2,35.8
38061000404,ND,Mountrail County,000404,108,5,101,0,0,0,0,0,2,73,4,69,0,0,0,0,0,0,87.6,6.8,94.4,3.1,89.2,8.2,74.9,14.4,80.7,9.2,15.7,98.1,8.9,82.8,9.6,90.4,6.1,77.8,13.1,90.4,9.2,86.8,9.5
38061000405,ND,Mountrail County,000405,1982,181,713,50,890,11,0,2,135,1432,127,617,36,573,7,0,2,70,306.4,201.4,339.8,170.7,317.7,197,263.1,260.8,296.4,218.7,238.1,365.4,207,365,177.6,321.3,189.7,279.7,239.2,365.2,192.3,322,208.9
38061000406,ND,Mountrail County,000406,432,7,410,0,3,2,1,1,8,294,6,282,0,2,0,0,1,3,168.5,13.1,181.6,5.9,171.7,15.7,144.2,27.5,155.3,17.7,30.1,188.8,17,159.3,18.4,173.9,11.6,149.8,25.1,174,17.7,167.1,18.2
38061000407,ND,Mountrail County,000407,1797,140,276,22,1187,50,0,2,120,1255,98,230,21,786,44,0,2,74,151.6,520,293.1,389.8,239.3,463.4,142.1,581.5,182.7,527.6,519.2,189.5,514.4,232.8,455.9,228,457.8,162.4,542.8,211.2,485.1,204.4,496.5
38063002301,ND,Nelson County,002301,3015,69,2844,6,16,9,1,5,65,2473,54,2351,6,13,8,1,2,38,1025,536,1343,323,1185,500,770,866,1045,576,616,1141,586,1192,504,1184.3,453,907.5,686,1166.5,545,1100.1,563.4
38065003301,ND,Oliver County,003301,400,11,380,0,4,0,0,0,5,295,10,281,0,4,0,0,0,0,177,21,193,15,194,17,153,55,168,28,45,210,27,162,30,188,17.7,160.5,42.7,186,28.5,179.6,29.8
38065003302,ND,Oliver County,003302,244,7,209,0,10,0,2,0,16,185,5,163,0,10,0,2,0,5,86.5,13.2,101.5,7.1,96.2,11.5,65.3,30.9,75,24.7,30,91.8,15,78.5,14.1,94.7,10.6,70.1,28.5,85.1,14.6,85,18.3
38065003303,ND,Oliver County,003303,186,3,178,0,1,1,0,0,3,161,3,156,0,1,1,0,0,0,75,17,86,11,82,13,65,36,80,20,23,91,17,76,16,81,13.7,72.5,26.3,83.5,16.5,79.3,19.1
38065003304,ND,Oliver County,003304,131,1,128,0,1,0,0,0,1,89,0,88,0,1,0,0,0,0,55.6,7,60.6,3,61.6,4,49.7,17.9,55.6,9.9,19.9,66.6,7,49.7,8,59.3,4.6,52.6,15.9,58.1,7.4,57,9.6
38065003305,ND,Oliver County,003305,266,2,254,0,1,0,0,0,9,207,1,202,0,0,0,0,0,4,124,13.2,127.1,11.1,124.1,14.1,114.8,24.3,120.9,16.2,15.3,131.7,13.2,102.7,12.2,125,12.8,117.8,18.6,117.2,12.7,120.7,14.9
38065003306,ND,Oliver County,003306,306,2,286,1,1,3,1,1,11,223,1,210,0,0,2,1,1,8,165,16,178,8,169,17,145,38,159,22,31,170,21,132,17,170.7,13.7,152,30.3,151,19,159.7,21.2
38065003307,ND,Oliver County,003307,344,2,320,2,5,1,0,0,14,254,2,242,0,3,0,0,0,7,147.9,31.8,169.9,19,164.2,28.6,125,48.2,136.4,38.4,50.1,157.7,29,140.8,25.9,160.7,26.4,130.7,45.6,149.2,27.5,148.9,33.9
38067001001,ND,Pembina County,001001,1286,30,1172,7,1,8,0,4,64,976,24,904,1,1,8,0,3,35,417.3,105.6,487.7,74.5,465.5,89.6,334.1,190.9,386.3,132.7,152.7,449.6,124.7,428.6,109.6,456.8,89.9,360.2,158.8,439.1,117.1,424.2,122.5
38067001002,ND,Pembina County,001002,1388,23,1189,4,100,2,0,2,68,1133,17,979,4,81,2,0,2,48,459.5,120.6,544.2,68.8,519.3,91.7,368.8,202.3,435.6,123.6,160.5,501.3,127.6,490.4,112.6,507.6,93.7,402.2,162.1,495.9,120.1,474.1,126
38067001003,ND,Pembina County,001003,1436,27,1303,5,16,8,0,8,69,1097,20,1000,5,13,7,0,8,44,490.7,159.3,602,101.8,582.6,112.5,410.8,253.6,508.1,150.9,192.5,551.4,181.7,560.5,128.7,558.5,124.5,459.5,199,556,155.2,529.5,160.1
38067001004,ND,Pembina County,001004,1334,42,1223,5,8,9,0,0,47,1053,20,982,5,8,7,0,0,31,487.5,131.7,569.2,94.2,578.6,88.6,407.4,239.5,479,148.2,173.6,537.8,173.3,550.7,119.3,545.1,104.9,443.2,187.1,544.2,146.3,515.7,146.1
38067001005,ND,Pembina County,001005,557,85,437,6,4,0,0,2,23,453,57,375,4,4,0,0,0,13,149,63,185,39,184,35,128,102,168,63,79,169,73,166,63,172.7,45.7,148,81.3,167.5,68,164.1,64.6
38067001006,ND,Pembina County,001006,843,36,772,0,4,0,0,6,25,653,25,605,0,4,0,0,1,18,202.9,100.4,254.6,74.6,224.8,95.5,164.1,143.2,193.9,107.4,111.4,249.6,105.4,253.6,91.5,227.4,90.2,179,120.7,251.6,98.5,220.5,103.7
38069001401,ND,Pierce County,001401,232,2,217,0,4,0,0,1,8,156,0,153,0,0,0,0,1,2,84,12,98,7,90,13,81,30,85,27,28,118,24,92,30,90.7,10.7,83,28.3,105,27,92.6,21.4
38069001402,ND,Pierce County,001402,253,5,234,0,2,3,0,2,7,208,2,197,0,0,3,0,0,6,92,28,103,23,103,25,87,45,104,30,37,121,39,94,37,99.3,25.3,95.5,37.3,107.5,38,100.6,33
38069001403,ND,Pierce County,001403,562,7,542,0,3,1,2,1,6,402,4,390,0,1,1,2,0,4,241.1,35.5,272.4,26.3,254.2,42.5,195.2,83.7,234.3,46.5,71.4,268.2,51.5,245.3,37.5,255.9,34.8,214.8,67.2,256.8,44.5,244.4,49.4
38069001404,ND,Pierce County,001404,582,20,450,23,63,0,1,3,22,448,16,348,20,47,0,1,1,15,142.1,60,176.1,40,159.1,55,118,86,145.1,59,75,141.1,55,136.1,44,159.1,51.6,131.6,73.3,138.6,49.5,145.4,59.2
38069001405,ND,Pierce County,001405,133,2,120,0,5,2,1,0,3,106,1,99,0,2,2,1,0,1,46,23,70,9,63,16,42,45,61,25,42,56,26,58,19,59.7,16,51.5,37.3,57,22.5,56.6,25.6
38069001406,ND,Pierce County,001406,862,25,758,10,40,3,0,3,23,671,11,612,4,23,3,0,3,15,303.1,89.1,379.2,44,333.1,86,221.1,138.1,264.1,95,125.1,308.1,108,317.1,72,338.5,73,242.6,119.4,312.6,90,303.7,94.7
38069001407,ND,Pierce County,001407,607,8,551,2,23,6,1,0,16,499,3,463,0,18,6,1,0,8,206,64,272,28,239,62,157,111,209,64,94,219,73,217,45,239,51.3,183,89.7,218,59,217,67.6
38069001408,ND,Pierce County,001408,759,3,739,1,6,2,0,0,8,606,2,592,0,5,2,0,0,5,323,120,446,48,400,95,267,173,331,110,153,354,121,363,89,389.6,87.7,299,145.3,358.5,105,354.8,113.6
38071001501,ND,Ramsey County,001501,770,6,719,0,7,5,0,0,33,631,5,595,0,3,5,0,0,23,300.6,108.2,391.7,54.1,375.6,74.1,237.5,166.3,303.5,94.2,113.2,336.6,133.2,343.6,96.1,356,78.8,270.5,124.6,340.1,114.7,327,104.9
38071001502,ND,Ramsey County,001502,2294,34,2075,15,47,9,4,1,109,1859,24,1713,15,30,6,4,0,67,793.5,273.8,992.3,162.9,950.4,206.9,658.5,441.7,801.5,291.8,315.8,901.4,285.8,885.4,235.8,912,214.5,730,349.8,893.4,260.8,854.7,276.8
38071001503,ND,Ramsey County,001503,7147,197,5294,58,1143,55,6,2,392,5420,109,4316,50,694,45,6,1,199,1647.9,945.5,2302.5,551.2,2103.7,708,1370.9,1449.1,1792.1,1003.1,1061.3,1812.7,1011.3,1964.3,769.2,2018,734.9,1581.5,1171.2,1888.5,890.2,1856.3,937.4
38071001504,ND,Ramsey County,001504,1394,37,1266,0,30,3,0,5,53,1017,16,939,0,19,2,0,4,37,475.1,177.4,604.5,100.8,574.4,122,401.1,278.9,506.9,175.9,219.7,526.3,208.7,567.7,137.8,551.3,133.4,454,224.8,547,173.3,522.3,177.6
38073002401,ND,Ransom County,002401,875,38,798,11,2,2,0,0,24,662,16,619,6,2,0,0,0,19,161,166,237,111,226,120,124,207,165,163,180,190,167,226,126,208,132.3,144.5,183.3,208,146.5,189.9,155
38073002402,ND,Ransom County,002402,1170,15,1118,6,6,3,0,1,21,897,12,866,2,5,2,0,1,9,287,176,421,101,411,117,220,343,347,213,231,374,226,412,160,373,131.3,283.5,262.3,393,193,353.1,195.9
38073002601,ND,Ransom County,002601,2204,65,2027,18,5,17,0,9,63,1707,45,1587,15,5,11,0,7,37,443.1,356,699.1,184,674.1,218,346,570,511,387,426,493.1,405,569.1,298,605.4,252.7,428.5,461,531.1,351.5,533.6,355.5
38073002602,ND,Ransom County,002602,1454,11,1420,1,5,2,0,0,15,1049,8,1027,1,4,1,0,0,8,318.9,140,435.9,67,410.9,91,200,279,309,165,204,360.9,147,395.9,109,388.6,99.3,254.5,216,378.4,128,347.4,150.2
38075000601,ND,Renville County,000601,385,5,375,0,1,0,0,0,4,307,3,300,0,1,0,0,0,3,167,30,188,18,185,23,153,60,184,32,52,202,29,205,27,180,23.7,168.5,48,203.5,28,183.4,33.9
38075000602,ND,Renville County,000602,203,3,193,0,1,0,0,1,5,174,1,168,0,1,0,0,0,4,90,19,104,13,91,21,70,44,88,24,24,123,24,115,25,95,17.7,79,30.7,119,24.5,97.3,24.2
38075000603,ND,Renville County,000603,958,19,905,0,3,0,0,1,30,731,16,694,0,3,0,0,1,17,441,101,511,48,486,76,366,157,448,84,122,424,101,431,71,479.3,75,407,121,427.5,86,443.9,95
38075000604,ND,Renville County,000604,110,2,104,0,1,0,0,0,3,89,2,84,0,1,0,0,0,2,56.5,11.9,68.4,8.9,65.4,10.9,48.6,25.8,58.5,16.9,19.8,54.5,16.9,58.5,9.9,63.4,10.6,53.5,20.8,56.5,13.4,58.6,15.1
38075000605,ND,Renville County,000605,626,8,569,5,8,0,0,0,36,477,8,434,2,8,0,0,0,25,238,39,268,16,248,30,194,69,221,42,42,261,49,254,35,251.3,28.3,207.5,51,257.5,42,240.6,40.2
38077002501,ND,Richland County,002501,1303,25,1166,4,72,1,0,4,31,994,14,917,3,42,1,0,4,13,342.2,159.1,434.2,84,414.2,106,200.1,314.2,293.2,198.1,234.1,381.2,179.1,392.2,142.1,396.9,116.4,246.6,248.8,386.7,160.6,351.1,177.1
38077002502,ND,Richland County,002502,615,47,540,6,4,0,0,0,18,489,26,447,2,3,0,0,0,11,180,75,225,45,227,44,118,158,178,92,116,196,87,212,72,210.7,54.7,148,122,204,79.5,190.9,86.1
38077002503,ND,Richland County,002503,197,1,190,0,2,0,0,0,4,148,0,142,0,2,0,0,0,4,339.6,173.3,431.3,102.6,413.5,116.6,226.2,316.7,319.8,213.4,239.6,336.4,193.7,365.7,158,394.8,130.8,273,256.6,351.1,175.8,347.5,189.2
38077002504,ND,Richland County,002504,424,6,402,1,9,1,0,0,5,315,2,298,1,8,1,0,0,5,149,68,193,34,179,48,85,138,133,88,86,139,83,156,69,173.7,50,109,104,147.5,76,147.7,76.8
38077002505,ND,Richland County,002505,500,2,473,0,8,1,0,0,16,387,0,375,0,3,0,0,0,9,214,60,250,35,253,40,143,137,189,83,96,233,70,244,63,239,45,166,105.3,238.5,66.5,218,73
38077002506,ND,Richland County,002506,613,11,584,0,0,2,3,0,13,455,4,440,0,0,1,3,0,7,198,74,245,46,240,55,151,146,187,109,119,216,114,232,90,227.7,58.3,169,124.7,224,102,209.9,94.1
38077002507,ND,Richland County,002507,378,13,354,2,0,0,0,0,9,285,8,275,0,0,0,0,0,2,123,52,153,24,151,30,103,98,133,67,88,144,70,143,51,142.3,35.3,118,84.3,143.5,60.5,135.7,60
38077002508,ND,Richland County,002508,1981,106,1652,44,86,13,10,2,68,1538,55,1342,31,48,13,10,1,38,555.1,207.1,685.5,95.3,655.6,123.9,347.3,409.8,472.3,261.1,314.6,513.8,236.6,565,187.4,632.1,142.1,409.8,328.5,539.4,212,542.1,229.5
38077002509,ND,Richland County,002509,2248,77,1993,16,47,36,0,5,74,1732,33,1585,13,33,32,0,2,34,373,186.3,513.6,86.3,489.8,101.7,297.8,335.7,403.2,214.4,278.9,442.3,252.1,525.4,168.2,458.8,124.8,350.5,276.3,483.8,210.1,435,202.9
38077002510,ND,Richland County,002510,2015,90,1652,37,108,22,1,2,103,1608,51,1377,23,70,18,0,0,69,193.4,98.7,245.7,58.4,235.6,66.4,128.8,180.4,182.2,121.6,136.5,191.6,110.3,208.3,90,224.9,74.5,155.5,146.1,200,100.2,198,107.8
38077002511,ND,Richland County,002511,2613,120,2262,36,63,33,4,7,88,2100,78,1861,23,37,27,1,6,67,860.8,403.6,1127.8,214.4,1102.6,246.5,639.9,700.5,847.5,471.4,565.5,890.8,494.3,1010.6,346.4,1030.4,288.1,743.7,579.1,950.7,420.4,925.7,430.3
38077002601,ND,Richland County,002601,272,0,269,1,0,0,0,0,2,213,0,212,0,0,0,0,0,1,123,19,148,15,141,21,104,60,119,40,44,155,34,156,28,137.3,18.3,111.5,48,155.5,31,135.1,32.6
38077002602,ND,Richland County,002602,656,7,624,3,4,3,1,1,13,489,2,474,2,2,3,1,1,4,235,103,290,62,292,61,171,165,215,119,139,268,126,262,111,272.3,75.3,193,141,265,118.5,247.6,110.8
38077002603,ND,Richland County,002603,1165,37,1093,1,4,7,0,0,23,892,26,840,1,4,7,0,0,14,382,217,514,123,492,150,253,411,364,284,326,413,247,429,207,462.7,163.3,308.5,340.3,421,227,406.7,245.6
38077002604,ND,Richland County,002604,1097,27,1021,2,20,4,0,1,22,833,17,790,0,11,4,0,1,10,333,113,418,60,380,85,250,236,301,171,197,361,145,359,127,377,86,275.5,201.3,360,136,343.1,141.8
38077002605,ND,Richland County,002605,452,5,428,2,6,0,0,1,10,353,3,342,2,4,0,0,1,1,165.8,54.9,199.8,32,200.8,37,97.9,136.8,151.8,78.9,106.9,190.8,67.9,197.8,52.9,188.8,41.3,124.9,107.5,194.3,60.4,172.1,70.9
38079000901,ND,Rolette County,000901,1484,31,710,0,580,20,2,3,138,1041,26,588,0,343,17,2,3,62,366,189,476,110,291,304,296,352,377,259,316,377,257,385,226,377.7,201,336.5,309,381,241.5,366.9,251.6
38079000902,ND,Rolette County,000902,1297,11,314,2,918,0,1,0,51,903,5,280,2,583,0,1,0,32,181,212,259,155,197,233,139,400,205,327,339,179,259,224,212,212.3,200,172,355.3,201.5,235.5,197.7,267.1
38079000903,ND,Rolette County,000903,5424,57,200,10,5029,1,0,0,127,3530,27,190,10,3219,1,0,0,83,143,1051,312,929,188,1118,131,1986,260,1786,1754,162,1222,256,1101,214.3,1032.7,195.5,1842,209,1161.5,207.4,1368.4
38079000904,ND,Rolette County,000904,2885,26,345,1,2423,0,2,1,87,1838,14,308,1,1451,0,2,1,61,208,483,337,390,247,505,161,993,268,843,844,220,546,277,465,264,459.3,214.5,893.3,248.5,505.5,245.4,633.6
38079000905,ND,Rolette County,000905,1097,12,729,0,260,2,3,4,87,849,7,608,0,169,2,3,4,56,319,164,417,117,317,223,266,311,332,231,258,319,198,354,147,351,168,299,266.7,336.5,172.5,332,206.1
38081002601,ND,Sargent County,002601,983,30,913,4,3,4,0,0,29,765,23,720,1,3,4,0,0,14,247,184,386,104,379,117,190,299,287,196,221,296,194,340,155,337.3,135,238.5,238.7,318,174.5,303.6,183.8
38081002602,ND,Sargent County,002602,1103,26,999,32,2,2,0,0,42,852,15,778,27,2,2,0,0,28,294,120,366,67,350,81,196,249,274,166,191,307,160,346,111,336.7,89.3,235,202,326.5,135.5,304.7,143.1
38081002603,ND,Sargent County,002603,415,12,379,1,2,2,0,0,19,351,10,325,1,1,1,0,0,13,131.1,89.1,181.2,55,171.1,67.1,109.1,141.1,149.1,96.1,95.1,174.1,79.1,183.1,60.1,161.1,70.4,129.1,110.8,178.6,69.6,157,85.3
38081002604,ND,Sargent County,002604,930,17,865,9,1,4,0,0,34,749,10,708,6,1,0,0,0,24,280.9,194.9,400.8,123,376.9,151.9,238.9,314.9,308.9,225.9,235.9,332.9,208.9,370.9,169.9,352.9,156.6,273.9,258.9,351.9,189.4,330,203.2
38081002605,ND,Sargent County,002605,431,6,414,2,0,1,0,0,8,340,2,331,0,0,0,0,0,7,135,106,179,74,187,76,87,167,124,124,131,156,96,174,75,167,85.3,105.5,140.7,165,85.5,148.9,106.1
38083000701,ND,Sheridan County,000701,1265,10,1191,2,11,6,0,4,41,1016,1,983,0,5,5,0,4,18,649.8,95,702.8,60,677.8,86,606.8,179,666.7,115,153,687.8,104,515.9,101,676.8,80.3,636.8,149,601.8,102.5,643.9,111.6
38085003101,ND,Sioux County,003101,862,12,38,1,783,0,0,0,28,521,6,30,1,472,0,0,0,12,18,138,46,114,57,126,18,268,50,229,212,16,130,31,110,40.3,126,34,236.3,23.5,120,33.7,165.9
38085003102,ND,Sioux County,003102,147,5,55,0,71,0,0,0,16,110,2,45,0,52,0,0,0,11,49.3,23.6,51.6,24.5,48.5,24.5,46.9,42,51,34.7,37.9,46.9,27.6,38.9,26.6,49.8,24.2,48.9,38.2,42.9,27.1,47.6,30.2
38085003103,ND,Sioux County,003103,453,16,48,0,372,0,0,0,17,299,8,40,0,240,0,0,0,11,15.8,56.5,26.8,48.5,28.7,51.5,14.9,128.8,30.7,109,106,22.8,87.2,31.7,73.3,23.8,52.2,22.8,114.6,27.2,80.2,24.5,82.6
38085003104,ND,Sioux County,003104,407,9,188,0,184,0,0,0,26,293,6,158,0,115,0,0,0,14,134.7,44.7,156.3,34.4,158.1,33.7,109,79.6,129.6,52,66.1,126,47.9,109.9,41.8,149.7,37.6,119.3,65.9,118,44.8,132,50
38085003105,ND,Sioux County,003105,782,6,27,0,714,0,0,0,35,480,1,25,0,434,0,0,0,20,27.1,235.5,60.2,211.5,66.3,224.5,16.1,339.2,43.3,305,282,21.2,205.8,44.3,174.7,51.2,223.8,29.7,308.7,32.8,190.3,39.8,247.3
38085003106,ND,Sioux County,003106,1247,15,45,2,1157,2,0,0,26,841,9,43,2,768,2,0,0,17,23,261,94,201,88,225,23,356,60,316,294,16,253,37,224,68.3,229,41.5,322,26.5,238.5,48.7,266.2
38087003901,ND,Slope County,003901,209,2,199,0,0,0,0,0,8,156,1,150,0,0,0,0,0,5,106,14,119,6,114,11,86,17,88,15,16,105,13,92,10,113,10.3,87,16,98.5,11.5,101.4,12.8
38087003902,ND,Slope County,003902,259,4,252,0,0,0,0,0,3,207,2,203,0,0,0,0,0,2,133.1,17.9,138.1,9.9,135.1,14.9,115.2,32.8,117.2,28.8,28.8,151,18.9,119.2,18.9,135.4,14.2,116.2,30.1,135.1,18.9,129.9,21.4
38087003903,ND,Slope County,003903,238,2,228,0,2,0,0,0,6,191,2,187,0,2,0,0,0,0,122,11,130,9,126,15,105,23,110,17,21,123,12,117,11,126,11.7,107.5,20.3,120,11.5,119,14.9
38089003601,ND,Stark County,003601,1341,43,1193,7,31,6,1,1,59,970,26,891,3,21,5,1,1,22,534.4,38.1,554.5,30,537.5,46,458.4,85.1,474.4,74.1,78.1,584.5,58.1,438.4,44.1,542.1,38,466.4,79.1,511.4,51.1,511.7,56.7
38089003602,ND,Stark County,003602,1576,41,1481,15,5,3,3,1,27,1144,22,1089,8,5,3,2,0,15,597,73,636,53,629,51,537,164,594,110,125,739,97,583,76,620.7,59,565.5,133,661,86.5,616.4,93.6
38089003603,ND,Stark County,003603,5397,646,4205,170,88,46,11,11,220,3892,392,3160,102,61,31,8,6,132,1434.3,264.7,1525.9,174.2,1495,187.4,1319.7,498.1,1436.4,351.6,374,1923.3,396.2,1685,326.1,1485.1,208.8,1378,407.9,1804.2,361.1,1545.7,321.6
38089003604,ND,Stark County,003604,4292,261,3742,87,34,32,6,7,123,3180,169,2829,58,21,26,5,3,69,1228.6,137.5,1304.8,81.3,1281.7,102.1,1175.5,309.5,1258.5,211.4,227.9,1560.2,205.7,1351.2,153.9,1271.7,107,1217,249.6,1455.7,179.8,1308.6,178.7
38089003605,ND,Stark County,003605,618,17,573,3,3,3,0,3,16,455,10,425,2,2,3,0,2,11,236.2,38,262.2,18,256.1,22,194.1,76,212.2,57,49,267.2,59,230.2,46,251.5,26,203.1,60.7,248.7,52.5,236.9,45.6
38089003606,ND,Stark County,003606,448,9,422,0,0,3,0,1,13,332,3,320,0,0,1,0,1,7,205,28,213,18,208,22,203,45,208,34,41,238,35,204,32,208.7,22.7,205.5,40,221,33.5,211.3,31.9
38089003607,ND,Stark County,003607,1157,39,1051,0,9,7,0,4,47,849,18,800,0,7,4,0,1,19,457,87,517,52,519,51,418,140,454,98,106,488,84,421,67,497.7,63.3,436,114.7,454.5,75.5,467.7,85.6
38089003701,ND,Stark County,003701,18817,1218,15640,751,222,244,30,60,652,14151,776,12089,529,150,197,25,47,338,5063,1086.7,5622.2,674.5,5428.1,825.5,4639.6,1833.4,5064,1340,1449,6310.3,1564.1,5586.6,1231.9,5371.1,862.2,4851.8,1540.8,5948.5,1398,5387.7,1250.6
38091002301,ND,Steele County,002301,401,10,381,3,1,0,0,0,6,325,5,310,3,1,0,0,0,6,103,62,154,32,142,38,98,99,137,59,82,129,64,139,58,133,44,117.5,80,134,61,128.9,61.8
38091002302,ND,Steele County,002302,383,9,362,0,3,0,0,0,9,287,6,275,0,0,0,0,0,6,123,81,174,54,175,58,77,124,128,72,96,146,84,152,82,157.3,64.3,102.5,97.3,149,83,139.3,81.4
38091002303,ND,Steele County,002303,249,5,243,0,0,0,0,0,1,196,1,194,0,0,0,0,0,1,112,74.3,174.4,30.7,170.5,34.7,78.3,115,114,78.3,81.3,120.9,90.2,141.7,65.4,152.3,46.6,96.1,91.5,131.3,77.8,130.3,71.2
38091002304,ND,Steele County,002304,468,4,455,0,3,0,0,0,6,378,2,370,0,1,0,0,0,5,95.8,72.6,151.3,38.2,143.3,46.2,67.6,109.9,97.9,79.6,84.6,126.9,79.7,148,64.5,130.2,52.3,82.7,91.3,137.5,72.1,118.7,71.9
38091002305,ND,Steele County,002305,297,8,280,0,0,0,0,0,9,221,3,210,0,0,0,0,0,8,107.5,71.6,141.1,49.3,138.7,54.6,80.8,110.4,117.4,68.6,74,132.7,74.7,136.5,63.6,129.1,58.5,99.1,84.3,134.6,69.1,122.1,70.8
38093001201,ND,Stutsman County,001201,2732,136,2382,95,24,21,0,2,72,2297,114,2024,65,20,19,0,2,53,755,362,1003,189,934,220,588,501,745,305,406,693,375,748,263,897.3,257,666.5,404,720.5,319,780.9,327.6
38093001202,ND,Stutsman County,001202,3619,78,3252,131,33,28,1,0,96,2892,54,2650,82,29,28,1,0,48,1119,518,1457,280,1384,310,836,788,1101,474,616,1109,546,1188,406,1320,369.3,968.5,626,1148.5,476,1170.6,492.2
38093001203,ND,Stutsman County,001203,2630,74,2328,51,40,11,1,2,123,2011,54,1809,37,25,9,1,2,74,774.4,309.8,967.6,173.5,906.8,212.7,614.6,516.6,741.1,328.4,422.5,766.6,352.9,792.1,252.9,882.9,232,677.9,422.5,779.3,302.9,794.7,321.2
38093001204,ND,Stutsman County,001204,2743,77,2429,75,49,27,0,7,79,2134,35,1934,60,29,20,0,3,53,735.9,345.8,957.6,206.8,903.9,251.1,638.5,495.9,748.6,357.7,422.6,761.3,365.2,761.2,272.3,865.8,267.9,693.5,425.4,761.2,318.7,786.7,339.7
38093001205,ND,Stutsman County,001205,2448,102,2101,67,116,15,0,3,44,2078,71,1801,57,109,14,0,3,23,598.8,233.4,750,123.2,705,150.3,462.7,384.5,547.8,269.4,299.4,594.8,222.4,582.8,181.3,684.6,169,505.2,317.8,588.8,201.8,606,233
38093002901,ND,Stutsman County,002901,576,2,566,0,0,0,0,0,8,420,1,414,0,0,0,0,0,5,199,47,229,20,222,28,176,86,198,54,83,242,41,225,34,216.7,31.7,187,74.3,233.5,37.5,213,49.1
38093002902,ND,Stutsman County,002902,396,2,384,0,1,0,0,0,9,296,1,291,0,1,0,0,0,3,133,40,157,17,153,21,130,72,144,55,69,152,37,144,28,147.7,26,137,65.3,148,32.5,144.7,42.4
38093002903,ND,Stutsman County,002903,733,11,683,1,6,8,0,3,21,575,6,551,1,4,1,0,3,9,275.2,83,349.3,37,335.2,42,239.2,183.1,302.2,108.1,131.1,316.2,113.1,326.2,75,319.9,54,270.7,140.8,321.2,94.1,306.2,96.6
38093002904,ND,Stutsman County,002904,1438,13,1381,5,6,3,0,1,29,1098,13,1053,3,6,3,0,1,19,558.1,133.8,648.3,74.7,604.2,101.2,487.9,259.7,564.3,168,189.7,626.1,154.2,606,117.7,603.5,103.2,526.1,205.8,616,136,585,149.9
38093002905,ND,Stutsman County,002905,1022,15,974,1,2,2,0,4,24,813,9,781,0,2,2,0,4,15,436.1,70.3,484.2,37.3,473.2,43.3,363.5,117.6,396.7,80.4,112.5,439.2,68.3,399.4,50.4,464.5,50.3,380.1,103.5,419.3,59.4,427.5,72.5
38093002906,ND,Stutsman County,002906,1141,18,1083,4,3,1,1,1,30,922,13,884,4,3,1,1,1,15,497.8,142.3,600.7,69.5,581.5,76.3,438.5,248.5,522.1,144.7,205.6,584.6,171.2,592.2,129.1,560,96,480.3,199.6,588.4,150.2,545.3,148.4
38093002907,ND,Stutsman County,002907,2115,65,1941,14,16,21,1,1,56,1718,42,1594,10,13,19,1,1,38,638.8,212.9,791.5,101.2,753.3,118.4,516.5,374.6,624.9,255.8,308,712.3,230.1,708.5,182.5,727.9,144.2,570.7,312.8,710.4,206.3,678,222.9
38095001501,ND,Towner County,001501,1403,28,1274,2,51,7,1,3,37,1065,19,979,2,35,4,1,2,23,517.4,158.8,634.3,87.9,600.3,128.9,430.5,272.7,505.4,190.8,223.8,563.4,175.8,574.4,130.9,584,125.2,468,229.1,568.9,153.3,546.5,171.2
38095001502,ND,Towner County,001502,353,5,331,0,7,1,0,0,9,273,3,264,0,1,1,0,0,4,108,55,159,31,133,57,102,95,124,72,77,144,50,145,37,133.3,47.7,113,81.3,144.5,43.5,130.7,59.2
38095001503,ND,Towner County,001503,406,1,379,0,13,2,0,1,10,330,1,315,0,9,2,0,0,3,107,91,158,60,107,117,91,129,120,94,102,122,91,141,66,124,89.3,105.5,108.3,131.5,78.5,120.9,93.8
38097002001,ND,Traill County,002001,281,6,264,0,2,0,0,2,7,218,0,212,0,2,0,0,2,2,73,50,103,24,105,23,55,77,89,36,42,89,45,101,28,93.7,32.3,72,51.7,95,36.5,87.9,40.6
38097002002,ND,Traill County,002002,308,3,301,0,0,0,0,0,4,224,1,223,0,0,0,0,0,0,107.1,64,144.2,38,147.2,37,84.1,92.1,116.1,60.1,77.1,118.2,76.1,143.2,51,132.8,46.4,100.1,76.4,130.7,63.5,122.9,61.9
38097002003,ND,Traill County,002003,157,0,155,0,0,0,0,0,2,132,0,132,0,0,0,0,0,0,50,38,68,26,76,18,35,46,46,33,39,60,34,67,26,64.7,27.3,40.5,39.3,63.5,30,57.4,32.5
38097002004,ND,Traill County,002004,1649,128,1431,4,18,4,2,2,60,1231,84,1096,1,14,4,2,0,30,432.8,253.1,596.4,147.9,571.7,159.9,300.5,408.2,448.6,247.2,322.6,473.2,303.6,525.6,242.2,533.6,187,374.5,326,499.4,272.9,478.4,260.6
38097002005,ND,Traill County,002005,394,3,375,0,2,0,0,0,14,299,3,286,0,2,0,0,0,8,148.2,63.9,182.6,36.1,182.3,42.1,104.5,111.8,148.4,63.8,81.4,145.8,70.4,150.4,60.8,171,47.4,126.5,85.6,148.1,65.6,151.8,66.3
38097002006,ND,Traill County,002006,821,6,784,2,9,0,0,0,20,593,2,572,2,3,0,0,0,14,229.8,119.9,319.7,70.9,293.7,87.9,180.8,191.8,251.7,116.9,158.8,272.7,163.8,311.7,122.9,281,92.9,216.3,155.8,292.2,143.3,265.7,129.1
38097002007,ND,Traill County,002007,357,14,327,0,1,1,0,1,13,280,6,267,0,0,1,0,0,6,129.2,59.1,141.3,54.1,141.3,55.1,105.2,85.2,129.3,56.1,71.2,150.3,59.2,152.3,53.1,137.3,56.1,117.2,70.8,151.3,56.2,135.6,61.6
38097002008,ND,Traill County,002008,861,26,802,7,5,0,0,1,20,665,13,626,5,5,0,0,1,15,324.1,148.1,432.1,82,428.1,92,237.1,254.1,328.1,154.1,181.1,343.1,166.1,363.1,133.1,394.8,107.4,282.6,196.4,353.1,149.6,350.8,151.3
38097002009,ND,Traill County,002009,657,31,563,17,5,6,2,2,31,547,22,476,15,4,6,2,0,22,140,78,189,49,177,53,106,108,139,70,83,151,94,158,82,168.7,60,122.5,87,154.5,88,151.4,77.1
38097002010,ND,Traill County,002010,869,42,785,3,9,4,0,1,25,656,27,602,2,9,4,0,0,12,217,118,296,69,292,68,195,184,256,122,138,257,144,263,131,268.3,85,225.5,148,260,137.5,253.7,121.8
38097002011,ND,Traill County,002011,759,18,708,6,6,2,0,0,19,576,10,547,6,0,2,0,0,11,220,114,312,60,304,66,173,209,246,128,145,244,151,272,116,278.7,80,209.5,160.7,258,133.5,253,123.6
38097002012,ND,Traill County,002012,884,20,816,9,3,1,0,1,34,710,12,666,8,2,1,0,0,21,193.9,134.9,277.9,90,275.9,91,158.9,220.9,239.9,139.9,175.9,217.9,185.9,247.9,154.9,249.2,105.3,199.4,178.9,232.9,170.4,230.3,149.2
38099001001,ND,Walsh County,001001,2935,85,2756,3,22,5,0,9,55,2343,43,2232,2,16,3,0,5,42,897,390,1203,251,1153,270,728,678,999,394,411,1065,456,1063,345,1084.3,303.7,863.5,494.3,1064,400.5,1015.4,399.4
38099001901,ND,Walsh County,001901,7628,1231,5920,66,114,40,0,22,235,5816,765,4747,49,78,33,0,17,127,2099,777.4,2586.2,498.3,2461.1,517.3,1822.8,1259.7,2232,801.5,946.6,2260.1,877.5,2399.2,630.4,2382.1,597.6,2027.4,1002.6,2329.6,753.9,2265.8,788.6
38101000301,ND,Ward County,000301,1372,28,1259,11,15,3,0,3,53,1045,20,978,9,3,3,0,2,30,593.1,120.4,668,57.9,628.7,86,492.2,204.6,553.5,141.3,172.4,635,146.3,609.1,127,629.9,88.1,522.9,172.8,622.1,136.6,597.1,132
38101000302,ND,Ward County,000302,2182,111,1886,32,52,5,1,6,89,1623,75,1429,19,35,3,0,4,58,861.7,200.3,996.8,110.6,946,151.8,657.8,340.2,747.5,243.1,285.2,856.7,248.6,850.7,188.1,934.9,154.3,702.6,289.5,853.7,218.3,845.3,221
38101000303,ND,Ward County,000303,1705,75,1514,9,9,4,1,5,88,1193,39,1088,6,7,4,1,1,47,686,97,760,42,743,67,561,202,594,152,169,680,113,669,88,729.7,68.7,577.5,174.3,674.5,100.5,670.4,116.2
38101000304,ND,Ward County,000304,11433,1015,8593,489,419,136,12,29,740,8524,697,6633,344,285,121,9,18,417,2533.2,940.3,3167.2,583.5,2960.3,714.1,1963,1428.2,2216,1121.6,1222.4,2703.2,1121.2,2737.2,868.9,2886.9,746,2089.5,1257.4,2720.2,995,2611.4,1000
38101000401,ND,Ward County,000401,1460,42,1350,2,8,15,3,7,33,1118,23,1042,1,7,11,3,7,24,612,110.1,681.1,63,661.1,93.1,513.9,196.2,574,137.1,168.2,654.2,129.1,636,93.1,651.4,88.7,543.9,167.2,645.1,111.1,618.9,123.7
38101000402,ND,Ward County,000402,987,21,900,9,11,6,0,3,37,717,11,666,6,7,5,0,2,20,426.5,46.1,487.6,30.1,465.6,56.1,352.4,139.2,408.5,84.2,132.2,451.5,82.2,402.5,69.1,459.9,44.1,380.5,118.5,427,75.6,427.8,79.9
38101000403,ND,Ward County,000403,337,2,294,2,22,3,0,2,12,252,2,231,2,9,3,0,0,5,140.1,37,156.1,18,149.1,27,90.1,57,105.1,38,42,147.1,41,141.1,27,148.5,27.4,97.6,45.7,144.1,34,132.7,35.9
38101000404,ND,Ward County,000404,491,9,424,1,16,3,0,5,33,408,5,356,1,12,3,0,3,28,192.7,49.9,221.6,25,199.7,43.9,135.8,78.9,165.7,50.9,53.9,191.7,53.9,166.7,48.9,204.6,39.6,150.7,61.2,179.2,51.4,182,50.7
38101000405,ND,Ward County,000405,501,12,458,0,5,1,0,3,22,359,4,334,0,5,1,0,2,13,215,46,249,29,232,42,172,83,191,63,67,244,48,216,39,232,39,181.5,71,230,43.5,217,52.1
38101000406,ND,Ward County,000406,934,15,853,0,13,0,0,4,49,693,14,643,0,5,0,0,3,28,399,54,436,35,423,53,347,118,371,88,105,405,64,369,57,419.3,47.3,359,103.7,387,60.5,392.8,71.8
38101000501,ND,Ward County,000501,14638,726,11888,549,422,262,10,42,739,11661,496,9740,447,299,223,9,29,418,4245,1632,5416,851,4993,1175,3422,2328,4007,1664,2023,4371,1946,4637,1481,4884.7,1219.3,3714.5,2005,4504,1713.5,4441.6,1637.5
38101003801,ND,Ward County,003801,2146,329,1388,126,13,54,8,9,219,1438,204,950,98,9,39,8,5,125,201,68,222.7,51.2,208.9,53.2,108.4,68,119.2,52.2,52.2,173.4,86.7,164.6,74.9,210.9,57.5,113.8,57.5,169,80.8,171.2,63.3
38101003802,ND,Ward County,003802,2238,49,2040,11,33,8,0,13,84,1584,24,1472,10,16,8,0,9,45,789,146,876,89,855,115,684,276,789,169,244,878,166,854,122,840,116.7,736.5,229.7,866,144,817.9,165.9
38101003803,ND,Ward County,003803,544,18,494,0,5,1,0,1,25,405,11,376,0,2,1,0,1,14,228,40,257,18,245,28,179,65,208,38,52,233,46,224,25,243.3,28.7,193.5,51.7,228.5,35.5,224.9,39
38101003804,ND,Ward County,003804,861,27,783,15,4,5,0,4,23,619,14,566,15,3,5,0,3,13,361.2,71.1,420.3,39,402.2,55.1,300.1,108.1,326.2,81.1,110.1,383.2,95.1,363.2,70.1,394.6,55.1,313.2,99.7,373.2,82.6,365.2,78.7
38101003805,ND,Ward County,003805,1566,24,1460,11,23,9,2,4,33,1126,12,1067,10,9,8,1,3,16,611.8,145.7,714.6,66.9,692.7,78.8,533,230.6,579.9,174.7,234.6,686.7,179.7,693.7,131.8,673,97.1,556.4,213.3,690.2,155.7,644.6,155.3
38101003806,ND,Ward County,003806,9882,552,7928,504,217,193,11,43,434,7448,366,6127,356,147,158,10,29,255,2659,843.2,3234.1,465.1,3050.1,609.1,2228.9,1284.4,2551.9,916.3,1228.4,2992.1,1143.3,3073.1,878.2,2981.1,639.1,2390.4,1143,3032.6,1010.7,2827,921
38101004001,ND,Ward County,004001,4057,523,2786,224,50,84,24,26,340,2780,356,1920,172,31,73,21,13,194,447.1,123,496.8,87.4,462.1,110.7,287.5,155.6,313.7,125.6,139.5,411.3,150.3,418.7,117.5,468.7,107,300.6,140.2,415,133.9,405.3,126.2
38101004002,ND,Ward County,004002,147,8,131,2,0,1,1,0,4,103,2,94,2,0,1,0,0,4,34.9,10.7,39.9,7.3,37.1,9.2,24.4,14.3,27.1,11.3,12.8,34.6,13.8,35.7,10.7,37.3,9,25.8,12.8,35.2,12.2,33.4,11.3
38101004003,ND,Ward County,004003,12438,1004,9244,856,233,294,56,41,710,9710,735,7352,651,185,258,41,34,454,2401,1025.3,3038.7,640.1,2869.8,766.9,2053.7,1479.1,2390.9,1105.9,1314.4,2843.6,1419.2,3035.1,1070,2769.8,810.8,2222.3,1299.8,2939.3,1244.6,2661.8,1102.6
38103001401,ND,Wells County,001401,501,4,485,0,0,0,0,3,9,395,4,382,0,0,0,0,0,9,253.9,34.8,271.5,24.4,272.3,27.7,243.5,58.1,261.9,37.7,51.9,321.8,42.9,261.5,36.7,265.9,29,252.7,49.2,291.7,39.8,269.5,39.3
38103001402,ND,Wells County,001402,416,1,405,2,0,1,0,0,7,337,1,331,1,0,0,0,0,4,190.1,59,230.2,37,202.1,63,183.1,76,196.1,61,59,212.1,50,176.1,46,207.5,53,189.6,65.4,194.1,48,198.6,56.4
38103001403,ND,Wells County,001403,468,8,445,1,0,0,0,0,14,373,6,354,0,0,0,0,0,13,232,32,253,21,242,25,205,62,206,58,52,222,38,186,31,242.3,26,205.5,57.3,204,34.5,220.8,39.9
38103001404,ND,Wells County,001404,485,1,469,3,0,0,0,1,11,393,1,382,1,0,0,0,0,9,224,59,260,33,249.1,46,185,111,225,74,88,237.1,65,204.1,60,244.4,46,205,91,220.6,62.5,226.3,67
38103001405,ND,Wells County,001405,1650,13,1551,8,17,10,0,0,51,1317,10,1255,8,9,1,0,0,34,687.5,183.3,818,101.6,778.2,151.4,583,242.1,667.6,161.4,204.2,695.7,198.2,614.9,151.4,761.2,145.4,625.3,202.5,655.3,174.8,692.1,174.2
38103001406,ND,Wells County,001406,462,11,429,4,0,1,0,0,17,365,2,352,0,0,0,0,0,11,208.9,51,247.8,22,226.9,42,201.9,73,217.9,53,55,204.9,48,163.9,31,227.9,38.3,209.9,60.3,184.4,39.5,210.3,46.8
38105000101,ND,Williams County,000101,4563,317,3513,135,150,128,13,19,288,3517,216,2772,111,120,97,13,11,177,1263,261,1389,171,1337,208,961,440,1080,317,326,1368,300,1279,214,1329.7,213.3,1020.5,361,1323.5,257,1239.6,279.6
38105000102,ND,Williams County,000102,6680,601,5021,382,137,79,33,8,419,4697,342,3702,252,91,62,20,8,220,1586,301,1798,171,1717,220,1236,505,1379,325,378,1803,371,1677,295,1700.3,230.7,1307.5,402.7,1740,333,1599.4,320.8
38105000103,ND,Williams County,000103,1020,143,679,24,36,27,5,7,99,712,91,499,11,24,21,2,3,61,216,37,241,21,226,33,175,71,184,57,51,273,60,242,45,227.7,30.3,179.5,59.7,257.5,52.5,222.4,46.9
38105000104,ND,Williams County,000104,6857,674,5179,417,142,114,10,23,298,5243,457,4069,293,111,92,7,21,193,1814.4,388.1,2007.4,249.1,1959.4,291.1,1525.2,683.3,1682.2,487.2,543.2,1939,495.2,1868.8,363.1,1927.1,309.5,1603.7,571.2,1903.9,429.2,1828.1,437.6
38105000201,ND,Williams County,000201,4280,304,3552,73,61,22,1,27,240,2953,196,2525,41,39,16,1,15,120,1111.5,112.9,1123.5,80.2,1073.1,104,947.9,211,972.6,169.4,176.3,1559,146.6,1371.9,119.8,1102.7,99,960.2,185.6,1465.4,133.2,1165.6,140
38105000202,ND,Williams County,000202,585,39,454,8,24,9,0,3,48,387,20,306,5,21,9,0,3,23,154,17,168,5,160,10,118,33,128,21,27,209,16,175,13,160.7,10.7,123,27,192,14.5,158.9,17.8
38105000203,ND,Williams County,000203,7367,888,5133,628,149,175,23,31,340,5383,582,3863,433,105,145,18,26,211,1216.2,138.4,1216.4,125,1221.8,119.3,1042.3,277.6,1070.6,223.1,253.1,1668.8,242.7,1452.8,194.4,1218.1,127.6,1056.5,251.2,1560.8,218.6,1269.8,196.7
38105000204,ND,Williams County,000204,286,0,256,0,4,0,1,2,23,213,0,191,0,0,0,1,2,19,119,17,127,7,125,13,105,27,102,26,25,124,22,111,14,123.7,12.3,103.5,26,117.5,18,116.1,18.9
38105000205,ND,Williams County,000205,864,47,434,1,265,6,0,6,105,621,26,341,1,192,6,0,5,50,237.8,60.6,246.7,59.6,242.8,63.6,174.1,109.3,185.1,94.4,88.4,238.8,65.6,213,54.7,242.4,61.3,179.6,97.4,225.9,60.1,219.8,74.5
38105000206,ND,Williams County,000206,787,38,637,4,30,1,0,3,74,566,23,474,2,25,1,0,2,39,298,30,311,23,293,36,253,52,251,45,52,320,33,270,33,300.7,29.7,252,49.7,295,33,285.1,38
38105000207,ND,Williams County,000207,959,31,846,3,19,5,0,4,51,664,23,599,1,14,5,0,2,20,334,91,376,63,349,84,219,144,244,117,130,353,87,345,74,353,79.3,231.5,130.3,349,80.5,317.1,98.8
38105000208,ND,Williams County,000208,2708,313,2215,38,23,24,0,14,81,2043,203,1728,25,17,17,0,8,45,925,112,940,79,931,103,759,156,785,117,155,1050,122,811,93,932,98,772,142.7,930.5,107.5,885.9,117.1
38105000209,ND,Williams County,000209,375,8,357,2,0,1,0,2,5,289,2,281,0,0,1,0,2,3,159,34,178,21,159,40,118,73,145,42,47,161,28,144,31,165.3,31.7,131.5,54,152.5,29.5,152,39.5
38105000210,ND,Williams County,000210,469,8,424,4,5,1,0,2,25,324,6,301,3,2,1,0,0,11,174,36,184,26,169,43,127,64,148,47,54,152,36,123,34,175.7,35,137.5,55,137.5,35,153.9,42.5
38105000211,ND,Williams County,000211,3150,486,2061,322,80,20,12,13,156,2181,318,1493,219,43,18,10,6,74,463,99,446,79,458,84,358,130,359,119,108,523,144,467,111,455.7,87.3,358.5,119,495,127.5,439.1,109.2
