GEOID20,state,county,vtd,pop,pop_hisp,pop_white,pop_black,pop_aian,pop_asian,pop_nhpi,pop_other,pop_two,vap,vap_hisp,vap_white,vap_black,vap_aian,vap_asian,vap_nhpi,vap_other,vap_two,pre_16_rep_tru,pre_16_dem_cli,uss_16_rep_ayo,uss_16_dem_has,gov_16_rep_sun,gov_16_dem_van,gov_18_rep_sun,gov_18_dem_kel,pre_20_dem_bid,pre_20_rep_tru,uss_20_dem_sha,uss_20_rep_mes,gov_20_dem_fel,gov_20_rep_sun,arv_16,adv_16,arv_18,adv_18,arv_20,adv_20,nrv,ndv
33001ALTO01,NH,Belknap County,ALTO01,5894,67,5538,14,13,43,0,28,191,4942,43,4684,14,11,40,0,28,122,2213.5,1159.7,2215.8,1200.7,2177.8,1171.3,1942.8,751.1,1447.8,2433.8,1608,2229.2,762.7,3110.6,2202.4,1177.2,1942.8,751.1,2591.2,1272.9,2331.9,1157.3
33001BARN01,NH,Belknap County,BARN01,4915,82,4568,13,6,18,2,17,209,3919,50,3672,13,4,18,2,11,149,1530.4,933.6,1465.1,1042.5,1464.7,1026.5,1257.1,706.2,1161.3,1709.2,1320.5,1537.8,669,2196.3,1486.8,1000.9,1257.1,706.2,1814.5,1050.3,1594.4,979.9
33001BELM01,NH,Belknap County,BELM01,7314,146,6747,24,8,61,3,16,309,5858,87,5471,15,5,52,2,10,216,2179.2,1266.9,1996.6,1496.6,2033.1,1405.3,1807.8,855.4,1602.1,2351.4,1866.5,2010.6,810.8,3114.8,2069.6,1389.6,1807.8,855.4,2492.2,1426.5,2213.4,1329.1
33001CENT01,NH,Belknap County,CENT01,1040,9,984,8,0,1,0,5,33,880,5,845,8,0,0,0,5,17,379.6,334.5,390.2,339,405.3,317.3,393.2,234.9,396,430,411.5,399.8,232.8,583.4,391.7,330.3,393.2,234.9,471.1,346.7,425.9,323.7
33001GILF01,NH,Belknap County,GILF01,7699,153,7184,21,12,61,2,32,234,6365,102,6014,16,11,38,1,25,158,2555.6,2006,2544.1,2104.2,2600.8,1945.4,2342.6,1423.8,2545.4,2797.6,2761.4,2517.5,1392.8,3862.7,2566.9,2018.5,2342.6,1423.8,3059.3,2233.2,2745.9,2025.6
33001GILM01,NH,Belknap County,GILM01,3945,45,3667,12,5,15,0,16,185,3165,20,2969,7,5,12,0,11,141,1327.5,784.7,1236,894.2,1235.9,863.3,1111.4,590.4,1015.7,1417.2,1146.1,1256.9,619.3,1800.6,1266.5,847.4,1111.4,590.4,1491.5,927,1340.8,844.8
33001LACO01,NH,Belknap County,LACO01,2994,96,2696,39,8,31,1,3,120,2532,64,2335,25,5,26,0,3,74,944,701.7,958,744.5,969.4,694.8,890,494,768.6,969.9,856,857.6,418.6,1308.9,957.1,713.6,890,494,1045.5,681.1,985.4,668.3
33001LACO02,NH,Belknap County,LACO02,2754,93,2450,32,7,54,1,3,114,2227,57,2012,18,6,51,0,2,81,612,469,571,518,582,469,509,346,589.9,670.4,649.4,585.9,338.7,903.5,588.3,485.3,509,346,719.9,526,633.4,482.9
33001LACO03,NH,Belknap County,LACO03,2429,51,2183,12,13,47,1,5,117,2043,30,1874,7,13,38,0,5,76,526.3,555.1,548.1,573.4,544.6,547.2,501,398.2,824,617,830,550,472,970,539.7,558.6,501,398.2,712.3,708.7,608.2,600
33001LACO04,NH,Belknap County,LACO04,2931,79,2588,48,8,50,0,3,155,2357,48,2127,33,6,40,0,2,101,624,483.6,548,592.1,577.6,536.8,515.4,369,663.1,673.3,725.3,579.5,381.8,938.8,583.2,537.5,515.4,369,730.6,590.1,636.7,536
33001LACO05,NH,Belknap County,LACO05,2694,76,2445,18,13,28,0,6,108,2117,54,1943,13,7,21,0,0,79,561,416,479,481,523,430,418,271,440,608,510,520,246,814,521,442.3,418,271,647.3,398.7,560.4,399.1
33001LACO06,NH,Belknap County,LACO06,3069,62,2818,30,6,25,0,2,126,2643,43,2469,19,6,21,0,2,83,969.6,633.4,904.6,729.7,933.9,679.6,835.6,469.8,803.8,1037.9,884.5,937.3,443.2,1402.3,936,680.9,835.6,469.8,1125.9,710.5,1003,663.4
33001MERE01,NH,Belknap County,MERE01,6662,138,6204,24,8,56,0,10,222,5686,92,5361,12,8,45,0,8,160,2166.1,1713.9,2237.8,1766.2,2214.5,1710.4,1982.5,1219.4,2144.4,2215.7,2329.7,1971.1,1188.1,3146.6,2206.1,1730.2,1982.5,1219.4,2444.5,1887.4,2276.3,1724.6
33001NEWH01,NH,Belknap County,NEWH01,2377,33,2197,7,1,14,0,19,106,1980,17,1851,6,1,10,0,19,76,738.1,546,741.4,564.8,705.3,590.1,653.2,453.4,700.2,811.3,765.9,722.1,440.7,1067.8,728.3,567,653.2,453.4,867.1,635.6,777,580.2
33001SANB01,NH,Belknap County,SANB01,3026,55,2825,13,3,18,0,10,102,2507,32,2366,11,1,18,0,9,70,1050.7,758.2,1010,851.1,990.7,839.2,927.4,587,888.2,1151.4,1007,1017.3,565,1455.4,1017.1,816.1,927.4,587,1208,820.1,1086.1,785.1
33001TILT01,NH,Belknap County,TILT01,3962,76,3620,9,11,60,1,13,172,3232,44,2996,9,11,44,1,8,119,1007.1,794.7,931.4,890.7,903.6,885.4,825.4,551.9,958.8,1081.1,1095.1,910.5,541.3,1497.2,947.4,856.9,825.4,551.9,1163,865.1,1022.4,816.8
33003ALBA01,NH,Carroll County,ALBA01,759,14,700,3,1,5,0,5,31,635,12,592,3,1,4,0,3,20,152.9,163.9,146.6,178,144.3,173.6,123.2,151.8,210.2,160.1,228.6,137.6,136.2,232.3,147.9,171.8,123.2,151.8,176.7,191.7,156.7,177.5
33003BART01,NH,Carroll County,BART01,3200,38,3041,10,4,14,0,10,83,2807,33,2691,8,4,14,0,8,49,726.4,1088.7,805.1,1076.7,830.9,1013,771.2,905.6,1367.3,769.2,1408.1,709.5,891.6,1226,787.5,1059.5,771.2,905.6,901.6,1222.4,834.1,1107.3
33003BROO01,NH,Carroll County,BROO01,755,7,723,0,1,0,0,0,24,634,7,611,0,1,0,0,0,15,257.9,153.5,256.9,170.2,255.9,157.5,247,126.9,214.5,310,242.1,276.6,126,393.7,256.9,160.4,247,126.9,326.8,194.2,285.4,170.1
33003CHAT01,NH,Carroll County,CHAT01,341,3,322,0,0,0,0,2,14,280,2,264,0,0,0,0,2,12,123.4,104.6,127.7,107.8,127.5,101.3,111.3,89.8,137.7,151.9,145.2,138.4,95.6,197,126.2,104.5,111.3,89.8,162.4,126.2,139.6,111.7
33003CONW01,NH,Carroll County,CONW01,9822,176,9099,24,32,134,1,26,330,8231,138,7669,22,29,107,1,26,239,2188.2,2697.1,2219.4,2726.9,2304.8,2463.2,1858.7,2102.2,3355.6,2363.2,3513.5,2093.4,2087.2,3533.5,2237.4,2629.1,1858.7,2102.2,2663.4,2985.4,2365.9,2706.5
33003EATO01,NH,Carroll County,EATO01,405,3,387,0,0,0,3,3,9,366,3,350,0,0,0,3,2,8,112,160.7,133.1,158.7,135.2,144.4,121.6,133.9,192.6,120.2,201.8,106.9,131.9,176.8,126.7,154.6,121.6,133.9,134.7,175.4,129.4,160.6
33003EFFI01,NH,Carroll County,EFFI01,1691,28,1578,4,9,11,0,7,54,1389,23,1295,4,9,11,0,7,40,492.4,327.6,442,362.8,450.2,361.9,382.1,254.7,404.6,539,452.7,478.5,279.1,658.3,461.5,350.8,382.1,254.7,558.6,378.8,491.8,349.1
33003FREE01,NH,Carroll County,FREE01,1689,12,1607,0,0,7,0,4,59,1503,6,1444,0,0,5,0,4,44,467,415.4,474.1,428.5,482.9,402.3,433.7,339,525.8,527.6,569.9,465.9,325.7,717,474.7,415.4,433.7,339,570.2,473.8,509.7,429.5
33003HALE01,NH,Carroll County,HALE01,132,1,125,0,0,0,0,0,6,130,0,125,0,0,0,0,0,5,96.6,25.9,93.6,27.9,95.6,26.9,85.6,28.9,30.9,84.6,33.8,85.6,19.9,97.5,95.2,26.9,85.6,28.9,89.2,28.2,91.3,27.7
33003HART01,NH,Carroll County,HART01,68,4,61,0,1,0,0,0,2,61,2,57,0,1,0,0,0,1,14,17,17,21,15,21,19,15,23,20,21,19,17,26,15.3,19.7,19,15,21.7,20.3,18.6,19.3
33003JACK01,NH,Carroll County,JACK01,1028,9,993,2,0,3,0,3,18,917,4,891,2,0,3,0,3,14,212,430,257,418,267,406,227,403,567,212,577,205,424,328,245.3,418,227,403,248.3,522.7,244,460.7
33003MADI01,NH,Carroll County,MADI01,2565,57,2413,10,4,4,1,19,57,2155,37,2066,6,0,0,1,5,40,646.4,712.6,681,740.3,709.7,688.9,599,612.8,915.2,751.2,984.4,681,588.1,1060.6,679,713.9,599,612.8,830.9,829.3,732.7,748.9
33003MOUL01,NH,Carroll County,MOUL01,4918,105,4575,13,8,42,0,31,144,4279,64,4024,10,8,35,0,28,110,1872.4,1142,1931.9,1174.7,1934.2,1123.7,1750.3,855,1594.3,1981.2,1688.6,1883.4,849.9,2717.4,1912.9,1146.8,1750.3,855,2194,1377.6,2010.1,1204
33003OSSI01,NH,Carroll County,OSSI01,4372,56,4017,23,10,33,0,14,219,3648,41,3399,19,9,24,0,7,149,1282.5,763.9,1188.7,883.6,1224.3,812.2,1050,547.9,957.4,1473.6,1063.3,1309.2,562.6,1841.6,1231.8,819.9,1050,547.9,1541.5,861.1,1338.6,798.7
33003SAND01,NH,Carroll County,SAND01,1466,18,1395,0,4,4,0,2,43,1262,13,1201,0,4,4,0,1,39,360,578,409,591,403,575,391,523,718,413,741,387,526,584,390.7,581.3,391,523,461.3,661.7,421,607.4
33003TAMW01,NH,Carroll County,TAMW01,2812,35,2635,5,6,19,0,21,91,2369,23,2232,3,6,14,0,17,74,762.2,740.3,708.1,806.4,758.1,724.4,677,620.2,900.7,839.3,963.8,753.1,645.1,1095.8,742.8,757,677,620.2,896.1,836.5,799.1,771.5
33003TUFT01,NH,Carroll County,TUFT01,2467,34,2356,0,0,11,0,12,54,2135,21,2066,0,0,8,0,9,31,885.4,667.8,950.1,666,961.2,619.2,890,521.6,866.6,1005.8,912.7,933.6,488.5,1376.8,932.3,651,890,521.6,1105.4,755.9,1000.4,677.5
33003WAKE01,NH,Carroll County,WAKE01,5201,65,4881,19,11,27,1,21,176,4298,47,4073,12,7,20,1,15,123,1742,873.7,1623,973.8,1657.9,889.7,1388.1,638.6,1240.9,1987.2,1421,1730.1,724.5,2540.5,1674.3,912.4,1388.1,638.6,2085.9,1128.8,1809.8,966
33003WOLF01,NH,Carroll County,WOLF01,6416,104,6039,18,9,44,0,26,176,5467,59,5211,9,9,34,0,21,124,2192.6,1882.9,2325.6,1874,2386.8,1755.1,2141.6,1524.3,2370.7,2390.1,2440.7,2254.6,1474.7,3243.9,2301.6,1837.3,2141.6,1524.3,2629.5,2095.4,2419.3,1903.2
33005ALST01,NH,Cheshire County,ALST01,1864,29,1736,0,0,6,0,4,89,1562,19,1471,0,0,5,0,4,63,442.9,520.8,448.9,560.7,463.9,527.7,389.1,467.9,682.4,475.9,707.3,438,499.8,647.5,451.9,536.4,389.1,467.9,520.4,629.8,472.3,566.6
33005CHES01,NH,Cheshire County,CHES01,3552,39,3314,9,8,23,0,16,143,2893,28,2727,5,8,15,0,15,95,917.3,1173.2,939,1195.6,984.2,1114,828.9,1005.6,1398,965,1427.8,867.1,1057.2,1291.6,946.8,1161,828.9,1005.6,1041.3,1294.3,970.5,1195.9
33005DUBL01,NH,Cheshire County,DUBL01,1532,50,1374,4,3,22,3,15,61,1284,28,1167,4,3,19,2,15,46,396.8,655.9,448,650,428.1,643.8,397.5,556.6,759.3,432.3,765.4,411.3,547.3,631.5,424.3,649.9,397.5,556.6,491.7,690.7,449.4,654
33005FITZ01,NH,Cheshire County,FITZ01,2351,51,2135,9,9,11,1,13,122,1933,27,1778,6,9,9,1,9,94,603.3,558.8,580.1,574.2,585.9,555.9,482.2,468.7,644.9,660.4,696.3,577.2,428,807.6,589.7,563,482.2,468.7,681.7,589.7,613.8,561
33005GILS01,NH,Cheshire County,GILS01,752,24,683,4,4,3,0,5,29,634,16,580,4,3,1,0,5,25,231,197,199,225,208,217,194,164,240,263,272,220,160,337,212.7,213,194,164,273.3,224,236,210.7
33005HARR01,NH,Cheshire County,HARR01,984,15,920,2,1,9,0,7,30,836,11,789,2,1,6,0,6,21,204.9,450.6,216.2,458.6,205.1,463.6,176.9,452.9,558.3,204.1,569.4,176,436.8,319.6,208.7,457.6,176.9,452.9,233.2,521.5,214.7,484.3
33005HINS01,NH,Cheshire County,HINS01,3948,59,3537,28,9,47,24,13,231,3177,40,2896,19,9,37,17,7,152,732,915.8,669.1,972.7,701.1,922.8,575.2,724,1046.6,827.9,1137.5,666.1,712.1,1097.6,700.7,937.1,575.2,724,863.9,965.4,752.7,918.8
33005JAFF01,NH,Cheshire County,JAFF01,5320,125,4800,22,11,95,0,29,238,4260,84,3903,22,11,68,0,15,157,1276.4,1302.4,1305.2,1354,1292.3,1291.3,1147.9,1036,1517.9,1401.7,1665.8,1242.7,1047.9,1890.4,1291.3,1315.9,1147.9,1036,1511.6,1410.5,1365.2,1316.5
33005KEEN01,NH,Cheshire County,KEEN01,3472,135,3067,55,3,64,1,19,128,3157,109,2832,52,2,60,1,12,89,672.4,1522.9,642.7,1566.9,711.8,1346.7,343.8,1147.4,1374.6,472.7,1296.9,380.5,929.4,768.4,675.6,1478.8,343.8,1147.4,540.5,1200.3,570.3,1312.1
33005KEEN02,NH,Cheshire County,KEEN02,4725,146,4185,71,5,72,2,11,233,3877,106,3479,60,2,59,2,10,159,696.4,1649.6,664.2,1701.8,696.9,1615.4,530.2,1375.8,1851.3,715.9,1872.8,626.3,1397.3,1165.2,685.8,1655.6,530.2,1375.8,835.8,1707.1,727.9,1637.7
33005KEEN03,NH,Cheshire County,KEEN03,4720,134,4218,43,9,96,2,17,201,3749,80,3421,33,9,71,0,12,123,734,1420.1,748.9,1456,767.9,1380.2,628.3,1196.7,1690.3,797.8,1762.1,701.1,1221.6,1240.6,750.3,1418.7,628.3,1196.7,913.1,1558,802.6,1446.7
33005KEEN04,NH,Cheshire County,KEEN04,5104,142,4492,65,9,184,1,20,191,4247,103,3788,52,9,149,1,14,131,791,1581,803,1618,825,1513,681,1336,1921,920,2000,785,1406,1394,806.3,1570.7,681,1336,1033,1775.7,885.6,1625
33005KEEN05,NH,Cheshire County,KEEN05,5026,116,4572,43,4,109,1,17,164,4168,82,3867,31,3,75,0,11,99,942,1759.4,1039.6,1758.5,1072.6,1636.5,720.2,1484.3,2130.1,861.7,2197,739.6,1543.2,1402,1018.1,1718.2,720.2,1484.3,1001.1,1956.8,968.2,1787
33005MRLB01,NH,Cheshire County,MRLB01,2096,22,1942,9,3,12,1,19,88,1673,10,1580,5,1,7,0,13,57,421.2,723.1,419.7,745.1,410.8,717.3,329.1,613.5,815.6,450.4,853.6,396.3,546.6,695.5,417.2,728.5,329.1,613.5,514.1,738.6,446.1,716.4
33005MRLW01,NH,Cheshire County,MRLW01,749,16,680,1,1,4,0,3,44,611,8,573,1,1,4,0,3,21,200,219,203,232,195,229,178,181,277,207,289,184,196,284,199.3,226.7,178,181,225,254,207.3,231.9
33005NELS01,NH,Cheshire County,NELS01,629,14,586,1,1,1,0,1,25,520,10,496,0,1,1,0,0,12,137.8,258.7,155.8,269.7,155.8,244.7,116.9,236.7,274.7,163.8,288.7,151.8,222.7,207.8,149.8,257.7,116.9,236.7,174.5,262,155.7,256.6
33005RICH01,NH,Cheshire County,RICH01,1197,45,1073,0,2,4,0,13,60,956,27,879,0,2,4,0,10,34,361.8,273.7,345.6,284,328.8,272.6,296.9,220.7,297.3,417.8,312.8,378.2,201.4,491.4,345.4,276.8,296.9,220.7,429.1,270.5,374.4,266.1
33005RIND01,NH,Cheshire County,RIND01,6476,199,5811,160,17,71,5,16,197,5242,158,4706,150,17,60,5,11,135,1958.6,1290.5,1951.6,1292.5,1986.6,1204.6,1577.1,929.9,1441.3,2141.4,1506.2,1984.6,928.9,2575.9,1965.6,1262.5,1577.1,929.9,2234,1292.1,2025.1,1227.7
33005ROXB01,NH,Cheshire County,ROXB01,220,3,210,2,0,0,0,0,5,182,2,173,2,0,0,0,0,5,57,72.8,54,75.8,48.4,67.9,35.6,75.9,92.3,51.3,95.3,42.5,71.2,63,53.2,72.2,35.6,75.9,52.3,86.3,50.3,78.7
33005STOD01,NH,Cheshire County,STOD01,1374,20,1275,6,1,9,0,8,55,1104,6,1045,4,0,8,0,6,35,378.2,350.3,374.2,359.3,363.2,372.3,325.1,278.3,419.3,430.2,463.3,396.2,353.3,554.2,371.8,360.6,325.1,278.3,460.2,412,403,370.9
33005SULL01,NH,Cheshire County,SULL01,658,9,599,4,2,8,0,2,34,561,7,519,4,0,7,0,0,24,172.1,196.1,180.1,210.1,175.1,203.1,153.1,155.1,216.1,186.1,235.1,153.1,139.1,248.1,175.7,203.1,153.1,155.1,195.7,196.8,181.1,193.5
33005SURR01,NH,Cheshire County,SURR01,820,15,766,1,1,1,0,1,35,634,11,605,1,0,1,0,1,15,241.3,236.4,237.4,257.1,236.5,251,192,196.5,305.8,249.4,328.5,206.9,206.4,336.9,238.4,248.1,192,196.5,264.4,280.2,242.9,254.5
33005SWAN01,NH,Cheshire County,SWAN01,7270,155,6578,35,10,131,3,34,324,5949,110,5457,21,8,105,2,25,221,1806.7,1786,1719.8,1877.9,1781,1742.5,1466.7,1376.8,1984.7,1742.5,2174.4,1521.1,1280,2376.1,1769.2,1802.1,1466.7,1376.8,1879.9,1813,1773.4,1746
33005TROY01,NH,Cheshire County,TROY01,2130,37,1971,19,7,28,0,2,66,1699,24,1592,15,3,23,0,0,42,525.9,438.5,469.7,501.5,482.8,462,402.8,342.9,532.3,606.1,580.2,517.2,334.4,782.6,492.8,467.3,402.8,342.9,635.3,482.3,541,456
33005WALP01,NH,Cheshire County,WALP01,3633,84,3343,19,5,16,1,7,158,3004,61,2780,16,5,16,1,7,118,761.4,1175.1,806.3,1229.6,859.3,1151.4,743.2,1005.9,1477.7,840.6,1528.2,750.6,1003.2,1290.8,809,1185.3,743.2,1005.9,960.6,1336.3,864.6,1224.4
33005WEST01,NH,Cheshire County,WEST01,1706,23,1615,5,2,9,0,7,45,1447,16,1373,5,2,5,0,6,40,411,555,428,548,434,528,372,495,660,453,709,388,467,630,424.3,543.7,372,495,490.3,612,445.1,566
33005WINC01,NH,Cheshire County,WINC01,4150,95,3782,31,19,32,1,6,184,3346,63,3099,18,14,21,1,1,129,830,841.2,723.9,893.3,737.9,854.2,618.8,686,987.4,989.1,1090.5,815.9,692.9,1223.4,763.9,862.9,618.8,686,1009.5,923.6,848.4,863.6
33007ATGT01,NH,Coos County,ATGT01,0,0,0,0,0,0,0,0,0,0,0,0,0,0,0,0,0,0,0.9,0.3,0.9,0.4,0.8,0.3,0.8,0.2,0.4,1,0.5,0.9,0.2,1.3,0.9,0.3,0.8,0.2,1.1,0.4,0.9,0.3
33007BERL01,NH,Coos County,BERL01,1971,33,1811,0,4,22,0,0,101,1605,27,1492,0,4,20,0,0,62,335.3,371,311.2,411.4,311.2,390,269.6,258.2,407.6,351.6,461.3,280,262.2,483.6,319.2,390.8,269.6,258.2,371.7,377,334.6,365.9
33007BERL02,NH,Coos County,BERL02,5252,277,4352,386,14,33,1,11,178,4482,236,3706,383,11,26,1,7,112,984.4,1089.2,913.6,1207.9,913.6,1144.9,791.5,758.1,1196.8,1032.3,1354.5,822.2,769.8,1419.7,937.2,1147.4,791.5,758.1,1091.4,1107,982.5,1074.5
33007BERL03,NH,Coos County,BERL03,2202,36,2031,19,18,8,0,3,87,1740,29,1617,11,15,7,0,3,58,446.3,493.8,414.2,547.7,414.2,519.1,358.9,343.7,542.6,468.1,614.1,372.8,349,643.7,424.9,520.2,358.9,343.7,494.9,501.9,445.5,487.2
33007BGRT01,NH,Coos County,BGRT01,0,0,0,0,0,0,0,0,0,0,0,0,0,0,0,0,0,0,0,0,0,0,0,0,0,0,0,0,0,0,0,0,0,0,0,0,0,0,0,0
33007BPUR01,NH,Coos County,BPUR01,0,0,0,0,0,0,0,0,0,0,0,0,0,0,0,0,0,0,0,0,0,0,0,0,0,0,0,0,0,0,0,0,0,0,0,0,0,0,0,0
33007CAMB01,NH,Coos County,CAMB01,16,1,14,0,0,0,0,0,1,14,0,13,0,0,0,0,0,1,1,1,1,1,0,2,2,0,3,4,3,4,0,7,0.7,1.3,2,0,5,2,2.7,1.4
33007CARR01,NH,Coos County,CARR01,820,11,758,2,0,14,0,2,33,719,8,667,1,0,14,0,2,27,245,213,240,227,248,217,228,163,266,267,300,228,159,371,244.3,219,228,163,288.7,241.7,261,220.7
33007CHAN01,NH,Coos County,CHAN01,0,0,0,0,0,0,0,0,0,0,0,0,0,0,0,0,0,0,0,0,0,0,0,0,0,0,0,0,0,0,0,0,0,0,0,0,0,0,0,0
33007CLAR01,NH,Coos County,CLAR01,294,1,288,0,0,1,0,1,3,261,1,257,0,0,0,0,0,3,98,68,87.9,78.2,87.9,78,72.1,50.8,72.6,111.3,80.9,96,39,136.1,91.3,74.7,72.1,50.8,114.5,64.1,98.5,66.8
33007COLE01,NH,Coos County,COLE01,2084,46,1940,10,2,21,2,2,61,1742,23,1642,7,2,15,2,2,49,585.4,354.3,561.7,409.6,535,403.7,439.3,280.3,418,630,475,556,239,808,560.7,389.2,439.3,280.3,664.7,377.3,587.9,368.5
33007COLU01,NH,Coos County,COLU01,659,6,631,0,1,1,0,2,18,581,3,561,0,1,1,0,2,13,219.2,109.2,213.1,124.2,210.1,111.2,162.1,89.1,114.2,235.2,148.2,198.2,70.1,287.3,214.1,114.9,162.1,89.1,240.2,110.8,217.9,109.5
33007CRAW01,NH,Coos County,CRAW01,0,0,0,0,0,0,0,0,0,0,0,0,0,0,0,0,0,0,0,0,0,0,0,0,0,0,0,0,0,0,0,0,0,0,0,0,0,0,0,0
33007CUTT01,NH,Coos County,CUTT01,0,0,0,0,0,0,0,0,0,0,0,0,0,0,0,0,0,0,0,0,0,0,0,0,0,0,0,0,0,0,0,0,0,0,0,0,0,0,0,0
33007DALT01,NH,Coos County,DALT01,933,8,866,1,2,2,0,7,47,772,3,722,0,2,1,0,7,37,284.9,196.3,278.9,213.8,267.3,198,236.1,143.8,236.8,301,271.8,262.8,141.7,379,277,202.7,236.1,143.8,314.3,216.8,287.1,200.3
33007DIXG01,NH,Coos County,DIXG01,0,0,0,0,0,0,0,0,0,0,0,0,0,0,0,0,0,0,0,0,0,0,0,0,0,0,0,0,0,0,0,0,0,0,0,0,0,0,0,0
33007DIXV01,NH,Coos County,DIXV01,4,1,0,0,0,0,0,2,1,3,0,0,0,0,0,0,2,1,2,4,4,4,6,2,2,2,5,0,4,1,1,4,4,3.3,2,2,1.7,3.3,2.7,3.1
33007DUMM01,NH,Coos County,DUMM01,306,6,290,0,2,1,0,1,6,266,5,251,0,2,1,0,1,6,100.3,66,101.2,72.1,94.2,80,64.1,59.7,68.1,114.4,83.3,95.2,53.6,129.8,98.6,72.7,64.1,59.7,113.1,68.4,99.9,69
33007ERRO01,NH,Coos County,ERRO01,298,1,294,0,1,1,0,0,1,272,1,268,0,1,1,0,0,1,135.2,54,116.2,72,123.2,60,109.2,52,71,144.2,79.1,131.1,29,183.2,124.8,62,109.2,52,152.8,59.7,134.6,59.6
33007ERVI01,NH,Coos County,ERVI01,0,0,0,0,0,0,0,0,0,0,0,0,0,0,0,0,0,0,0,0,0,0,0,0,0,0,0,0,0,0,0,0,0,0,0,0,0,0,0,0
33007GORH01,NH,Coos County,GORH01,2698,43,2525,12,7,28,0,5,78,2260,27,2142,6,6,25,0,2,52,693,770,663,828,678,768,579,567,904,748,1012,616,565,1065,678,788.7,579,567,809.7,827,720.3,773.4
33007GRGT01,NH,Coos County,GRGT01,0,0,0,0,0,0,0,0,0,0,0,0,0,0,0,0,0,0,0,1,0,1,0,1,1,0,1,0,1,0,0,1,0,1,1,0,0.3,0.7,0.3,0.7
33007HADL01,NH,Coos County,HADL01,0,0,0,0,0,0,0,0,0,0,0,0,0,0,0,0,0,0,0,0,0,0,0,0,0,0,0,0,0,0,0,0,0,0,0,0,0,0,0,0
33007JEFF01,NH,Coos County,JEFF01,1043,13,984,0,0,5,0,0,41,877,7,835,0,0,5,0,0,30,357,216,349,243,337,243,311,180,257,394,302,331,162,489,347.7,234,311,180,404.7,240.3,366.9,229
33007KILK01,NH,Coos County,KILK01,0,0,0,0,0,0,0,0,0,0,0,0,0,0,0,0,0,0,0,0,0,0,0,0,0,0,0,0,0,0,0,0,0,0,0,0,0,0,0,0
33007LANC01,NH,Coos County,LANC01,3218,47,3009,17,6,19,0,13,107,2595,28,2469,11,6,8,0,10,63,841,657,866,689,815,697,657,547,817,874,901,767,490,1188.9,840.6,681,657,547,943.3,736,858.4,685.4
33007LOWB01,NH,Coos County,LOWB01,0,0,0,0,0,0,0,0,0,0,0,0,0,0,0,0,0,0,0,0,0,0,0,0,0,0,0,0,0,0,0,0,0,0,0,0,0,0,0,0
33007MART01,NH,Coos County,MART01,2,0,1,1,0,0,0,0,0,1,0,1,0,0,0,0,0,0,0,0,0,0,0,0,0,0,0,0,0,0,0,0,0,0,0,0,0,0,0,0
33007MILA01,NH,Coos County,MILA01,1358,26,1297,1,0,5,0,0,29,1117,12,1073,1,0,5,0,0,26,412.6,297,372.8,351.8,383.7,326.9,326.9,227.2,343.9,435.6,418.6,362.8,203.3,576.1,389.7,325.2,326.9,227.2,458.1,321.9,410.1,309.8
33007MILL01,NH,Coos County,MILL01,25,1,24,0,0,0,0,0,0,24,1,23,0,0,0,0,0,0,15.8,4,15.8,3,17.8,3,15.8,3,5,15.8,6.9,14.8,0,21.8,16.5,3.3,15.8,3,17.5,4,16.8,3.5
33007NORU01,NH,Coos County,NORU01,2126,27,1986,12,8,7,0,2,84,1730,16,1628,9,8,6,0,0,63,539,387,459,482,485,416,405,270,424,614,516,504,237,795.1,494.4,428.4,405,270,637.7,392.4,543,390.3
33007ODEL01,NH,Coos County,ODEL01,1,0,0,0,1,0,0,0,0,1,0,0,0,1,0,0,0,0,0,0,0,0,0,0,0,0,0,0,0,0,0,0,0,0,0,0,0,0,0,0
33007PINK01,NH,Coos County,PINK01,0,0,0,0,0,0,0,0,0,0,0,0,0,0,0,0,0,0,0,3,1,3,0,3,0,1,1,0,1,0,1,0,0.3,3,0,1,0,1,0.1,1.9
33007PITB01,NH,Coos County,PITB01,800,8,766,3,3,0,0,2,18,733,2,713,2,1,0,0,0,15,337.8,119.6,317,142.3,315.1,131.5,301.1,72.3,156,374.2,189.4,334.8,65.3,466.8,323.3,131.1,301.1,72.3,391.9,136.9,349.5,125.2
33007RAND01,NH,Coos County,RAND01,328,11,307,0,0,2,0,0,8,283,7,270,0,0,2,0,0,4,79,160,90,165,93,153,72,144,186,83,200,74,128,143,87.3,159.3,72,144,100,171.3,90.6,162.3
33007SARG01,NH,Coos County,SARG01,0,0,0,0,0,0,0,0,0,0,0,0,0,0,0,0,0,0,0,0,0,0,0,0,0,0,0,0,0,0,0,0,0,0,0,0,0,0,0,0
33007SECO01,NH,Coos County,SECO01,1,1,0,0,0,0,0,0,0,0,0,0,0,0,0,0,0,0,0,0,0,0,0,0,0,0,0,0,0,0,0,0,0,0,0,0,0,0,0,0
33007SHEL01,NH,Coos County,SHEL01,353,3,343,1,1,0,0,0,5,302,1,294,1,1,0,0,0,5,116,125,126,122,121,119,112,95,131,122,137,108,85,160,121,122,112,95,130,117.7,123.6,116.3
33007STAR01,NH,Coos County,STAR01,478,8,445,0,1,1,0,2,21,403,5,384,0,1,1,0,2,10,186.1,98,160.1,121,149.1,119,143,80,106,188.1,135.1,148.1,61,227.1,165.1,112.7,143,80,187.7,100.7,171.6,102.9
33007STEW01,NH,Coos County,STEW01,813,12,764,5,1,1,0,1,29,702,4,673,5,1,1,0,0,18,239.9,100.8,220.5,130.6,199.2,135.5,172.7,86.5,118.1,292.5,156.2,235.3,65.6,327.9,219.9,122.3,172.7,86.5,285.2,113.3,241.1,113.3
33007STRT01,NH,Coos County,STRT01,662,6,617,5,1,0,0,4,29,558,5,525,0,1,0,0,3,24,125.8,131.8,97.9,149.8,105.9,143.8,91.9,108.9,158.8,139.8,171.8,119.8,89.9,198.7,109.9,141.8,91.9,108.9,152.8,140.1,125.7,136.4
33007SUCC01,NH,Coos County,SUCC01,4,0,4,0,0,0,0,0,0,4,0,4,0,0,0,0,0,0,0,0,0,0,0,0,0,0,0,0,0,0,0,0,0,0,0,0,0,0,0,0
33007THOM01,NH,Coos County,THOM01,1,1,0,0,0,0,0,0,0,0,0,0,0,0,0,0,0,0,0,0,0,0,0,0,0,0,0,0,0,0,0,0,0,0,0,0,0,0,0,0
33007WENL01,NH,Coos County,WENL01,28,0,28,0,0,0,0,0,0,28,0,28,0,0,0,0,0,0,13,5,5,13,12,5,10,6,4,13,4,14,3,15,10,7.7,10,6,14,3.7,11.7,5.7
33007WHIT01,NH,Coos County,WHIT01,2490,38,2254,19,11,21,0,11,136,2092,18,1920,14,11,17,0,11,101,558.1,467.7,552.1,526.1,500.7,535,462.9,399.2,625.2,663,724.2,544.2,396.3,880,537,509.6,462.9,399.2,695.7,581.9,594.4,524.8
33009ALEX01,NH,Grafton County,ALEX01,1776,23,1631,2,9,13,0,16,82,1470,14,1353,2,9,12,0,15,65,619.4,380.4,593.4,421.2,553.3,426.2,521.3,294.7,487.6,703,546.9,614.8,295.2,879.7,588.7,409.3,521.3,294.7,732.5,443.2,640.7,407.5
33009ASHL01,NH,Grafton County,ASHL01,1938,36,1796,1,0,15,3,12,75,1643,22,1522,1,0,15,3,11,69,513.1,496.8,524,528.2,506.1,509.7,443.1,413.1,623,554.6,670.4,485.6,376.7,781.3,514.4,511.6,443.1,413.1,607.2,556.7,544,516.9
33009BATH01,NH,Grafton County,BATH01,1077,13,1011,8,4,4,0,3,34,870,8,816,5,4,2,0,3,32,295.2,213.1,317.3,215,298.3,223.9,250.7,207.5,261.4,356,290.6,314.6,172.4,434.9,303.6,217.3,250.7,207.5,368.5,241.5,323.9,226.3
33009BENT01,NH,Grafton County,BENT01,374,4,353,0,2,0,0,2,13,334,3,316,0,2,0,0,2,11,105,72,105,79,107,68,97,61,89,143,104,119,46,179,105.7,73,97,61,147,79.7,122.1,74.1
33009BETH01,NH,Grafton County,BETH01,2484,61,2258,5,6,29,1,16,108,2074,38,1907,3,6,25,1,10,84,574.6,797.4,617.7,755.4,566.6,763.5,497.4,697.1,1022.8,621.7,1076.9,553.5,695,912.4,586.3,772.1,497.4,697.1,695.9,931.6,620.6,829.7
33009BRID01,NH,Grafton County,BRID01,1160,15,1091,3,0,2,0,0,49,1015,14,965,3,0,2,0,0,31,458.8,293,450.1,303.6,311.5,326.4,398.3,254,398.2,511.4,435.9,484.9,251.4,659.4,406.8,307.7,398.3,254,551.9,361.8,467.8,323.2
33009BRIS01,NH,Grafton County,BRIS01,3244,62,2982,16,13,37,0,9,125,2693,42,2484,16,11,30,0,8,102,830.5,577,804,645.4,790.1,606.1,717.9,438.6,775.9,917.5,831.5,827.3,456.6,1214.9,808.2,609.5,717.9,438.6,986.6,688,871.7,618.7
33009CAMP01,NH,Grafton County,CAMP01,3343,79,3045,20,4,19,0,15,161,2742,46,2535,11,4,14,0,11,121,855.7,875.4,878.4,915.7,752.5,996.4,777,736.7,1101.6,948.2,1186.2,855.7,701.3,1335.7,828.8,929.2,777,736.7,1046.5,996.4,914.7,930.5
33009CANA01,NH,Grafton County,CANA01,3794,54,3443,16,7,41,0,6,227,3181,40,2915,14,7,39,0,5,161,850,938,836,995,857,941,699,724,1162,890,1217,805,741,1291,847.7,958,699,724,995.3,1040,889.7,959.7
33009DORC01,NH,Grafton County,DORC01,339,3,317,0,0,1,0,0,18,283,2,267,0,0,1,0,0,13,167.2,70.1,151,91.5,142.4,94.2,131.9,60.2,127.3,162.8,136.1,148.8,84.9,199,153.6,85.3,131.9,60.2,170.2,116.1,157.6,94.9
33009EASN01,NH,Grafton County,EASN01,292,6,270,2,3,2,0,1,8,252,2,235,2,3,1,0,1,8,65,118,74,115,54,132,57,129,167,64,160,64,127,98,64.3,121.7,57,129,75.3,151.3,68,135.4
33009ELLS01,NH,Grafton County,ELLS01,93,0,83,0,1,2,0,0,7,77,0,69,0,1,2,0,0,5,24,26,22,30,24,28,21,30,45,32,45,27,32,43,23.3,28,21,30,34,40.7,27.6,33.7
33009ENFI01,NH,Grafton County,ENFI01,4465,96,4101,27,6,41,3,26,165,3793,71,3530,13,6,41,3,11,118,932.3,1448.4,1006.5,1460.4,997.5,1429.2,848.3,1104.8,1781.1,931.4,1830.2,849.3,1187.1,1515.4,978.8,1446,848.3,1104.8,1098.7,1599.5,1011.5,1463
33009FRCA01,NH,Grafton County,FRCA01,1083,10,1022,6,2,13,0,6,24,921,10,871,3,2,13,0,6,16,233,483,278,447,249,463,225,406,542,248,451,244,379,418,253.3,464.3,225,406,303.3,457.3,270.7,453
33009GRAF01,NH,Grafton County,GRAF01,1385,18,1280,4,3,6,1,6,67,1129,17,1053,4,2,6,1,1,45,401.4,269.8,371.2,289.1,372.9,287.4,332.5,207.2,348.3,427.8,373.7,377.3,215.1,550,381.8,282.1,332.5,207.2,451.7,312.4,404.7,284.4
33009GROT01,NH,Grafton County,GROT01,569,2,543,3,0,2,0,2,17,502,0,482,1,0,1,0,2,16,189.2,124.2,181,131.3,160.2,137.2,158.6,102.8,151.2,218.3,165.3,192.5,97.8,264.4,176.8,130.9,158.6,102.8,225,138.1,194.9,130
33009HANO01,NH,Grafton County,HANO01,11870,663,9313,209,40,994,0,43,608,10259,555,8203,188,40,838,0,28,407,932.7,6580.4,1654.7,6010.7,1531.6,5692.1,1073.2,5048.4,6233.4,848.4,6050.4,917.9,5037.6,1754.8,1373,6094.4,1073.2,5048.4,1173.7,5773.8,1244.8,5807.6
33009HAVE01,NH,Grafton County,HAVE01,4585,75,4304,19,5,29,1,3,149,3750,46,3545,14,2,27,1,3,112,1182.2,782.5,1234.1,771.5,1200.2,756.6,996.8,615.1,922.1,1176.3,1017.8,1038.7,558.2,1511.2,1205.5,770.2,996.8,615.1,1242.1,832.7,1191.4,774.8
33009HEBR01,NH,Grafton County,HEBR01,632,7,612,1,0,3,0,0,9,559,1,545,1,0,3,0,0,9,239,175.6,284,153.7,270.9,156.7,258.9,123.5,239.8,268.1,257.9,256,122.5,391.4,264.6,162,258.9,123.5,305.2,206.7,281.2,175.7
33009HOLD01,NH,Grafton County,HOLD01,2004,28,1871,9,3,19,1,5,68,1713,21,1613,5,3,11,1,5,54,534.5,689.2,579.5,676.5,533.5,698,483.6,622.6,871.3,557,887.9,541.4,605,825.3,549.2,687.9,483.6,622.6,641.2,788.1,579.3,721.5
33009LAND01,NH,Grafton County,LAND01,446,6,422,0,2,1,1,0,14,373,5,351,0,2,1,1,0,13,140,113.7,158.6,71.6,144.2,116.5,129.3,89,137.7,169.2,146.1,140.9,86.4,196.2,147.6,100.6,129.3,89,168.8,123.4,154.1,108.7
33009LEBA01,NH,Grafton County,LEBA01,4783,206,3750,59,8,492,0,33,235,4041,143,3215,51,7,424,0,26,175,571.3,1650.6,739.3,1592.3,732.4,1544.8,616.8,1391.7,1996.6,627.6,1996.6,589.1,1495.4,1091.2,681,1595.9,616.8,1391.7,769.3,1829.5,709.7,1666.8
33009LEBA02,NH,Grafton County,LEBA02,4543,184,3817,77,7,213,2,15,228,3780,134,3221,62,7,173,1,14,168,603.7,1536.2,689.4,1519.3,726.3,1448.6,635.6,1256.3,1815.2,603.7,1830.2,540,1294.2,1080,673.1,1501.4,635.6,1256.3,741.2,1646.5,697,1528.6
33009LEBA03,NH,Grafton County,LEBA03,4956,180,3885,148,7,471,2,27,236,4212,152,3339,118,6,404,2,26,165,657.9,1688.4,737.1,1667.3,744.2,1607.2,647.1,1402.9,2055.7,713.8,2072.7,660.7,1524.8,1207.6,713.1,1654.3,647.1,1402.9,860.7,1884.4,766.9,1717
33009LINC01,NH,Grafton County,LINC01,1631,42,1472,5,1,59,0,3,49,1387,29,1262,5,1,50,0,3,37,367,408,403,408,377,393,340,296,513,397,531,361,265,630,382.3,403,340,296,462.7,436.3,410.7,402
33009LISB01,NH,Grafton County,LISB01,1621,46,1497,4,2,4,0,2,66,1290,34,1198,3,2,4,0,0,49,382,253.3,370.4,280.4,357.8,277.5,271.7,206,341.4,416.8,382.9,348.1,215.6,534.8,370,270.4,271.7,206,433.2,313.3,383.1,279.6
33009LITT01,NH,Grafton County,LITT01,6005,213,5446,23,13,62,1,25,222,4992,136,4595,12,11,48,0,24,166,1430.4,1236.1,1535,1245.1,1460.3,1285,1201.3,971.2,1550.9,1501.1,1694.3,1327.8,921.4,2121.7,1475.2,1255.4,1201.3,971.2,1650.2,1388.9,1511.1,1272
33009LIVE01,NH,Grafton County,LIVE01,2,0,0,1,0,0,0,0,1,1,0,0,1,0,0,0,0,0,0,0,0,0,0,0,0,0,0,0,0,0,0,0,0,0,0,0,0,0,0,0
33009LYMA01,NH,Grafton County,LYMA01,585,0,557,0,0,2,0,0,26,499,0,476,0,0,2,0,0,21,173,129.5,186.3,134.5,169.1,139.6,128.4,129.7,178.4,212.2,180.8,197.7,120.6,258,176.2,134.5,128.4,129.7,222.6,159.9,189.3,144.7
33009LYME01,NH,Grafton County,LYME01,1745,31,1571,11,0,33,2,5,92,1354,21,1239,7,0,30,2,4,51,236.5,891.7,308,849.4,290.9,826.4,247.5,773.5,1077.5,222.1,1073.7,219.8,871.4,402.1,278.5,855.8,247.5,773.5,281.3,1007.5,275.3,909.1
33009MONR01,NH,Grafton County,MONR01,864,7,819,11,0,0,0,4,23,686,1,657,8,0,0,0,3,17,291.6,173.4,299.6,165.4,301.6,164.4,254.5,139.4,227.5,309.7,249.6,269.6,148.3,378.9,297.6,167.8,254.5,139.4,319.4,208.5,300.8,181.2
33009ORAN01,NH,Grafton County,ORAN01,277,6,257,1,0,3,0,1,9,234,5,219,1,0,3,0,1,5,85,73,78,85,82,80,75,65,80,110,91,96,57,127,81.7,79.3,75,65,111,76,93.3,75.9
33009ORFO01,NH,Grafton County,ORFO01,1237,9,1162,3,0,1,0,6,56,1028,5,970,3,0,0,0,6,44,256,417,294,407,295,410,224,365,539,269,552,259,399,415,281.7,411.3,224,365,314.3,496.7,287.4,441.3
33009PIER01,NH,Grafton County,PIER01,769,3,724,3,0,8,0,0,31,628,3,599,3,0,4,0,0,19,174.7,178.7,171.7,206.6,181.7,190.6,170.7,164.7,240.5,193.6,250.5,182.7,150.7,281.5,176,192,170.7,164.7,219.2,213.9,193.8,197.5
33009PLYM01,NH,Grafton County,PLYM01,6682,245,5820,69,21,175,3,33,316,5819,202,5142,60,19,142,2,24,228,1392.2,2137.5,1430.8,2173.9,1430.8,2064.3,831.3,1669.4,2211.6,1124.1,2248.6,940.5,1528.4,1691.4,1417.9,2125.2,831.3,1669.4,1252,1996.2,1263,2004.8
33009RUMN01,NH,Grafton County,RUMN01,1498,13,1390,0,4,6,0,6,79,1265,10,1183,0,2,2,0,6,62,439.8,351.2,431.1,375.3,416.7,367.6,416.7,267.5,394.5,507.1,417.6,470.6,270.4,619.7,429.2,364.7,416.7,267.5,532.5,360.9,471.7,349.2
33009SUGA01,NH,Grafton County,SUGA01,647,20,602,0,0,2,0,6,17,548,14,515,0,0,1,0,5,13,159,237,189,227,166,242,138,236,316,153,322,156,231,247,171.3,235.3,138,236,185.3,289.7,172.6,258.7
33009THOR01,NH,Grafton County,THOR01,2708,56,2512,8,5,21,3,5,98,2239,27,2111,0,4,19,2,5,71,665.1,750.4,687.5,765.1,587.4,805.4,549.8,579.2,976.1,752.6,1025.6,674.1,584.6,1109,646.7,773.7,549.8,579.2,845.3,862.1,718,783.8
33009WARR01,NH,Grafton County,WARR01,825,14,760,4,2,3,0,11,31,679,4,642,4,2,3,0,7,17,261,180,235,219,238,195,191,145,189,275,230,215,123,339,244.7,198,191,145,276.3,180.7,250.6,183
33009WATE01,NH,Grafton County,WATE01,508,11,467,3,0,7,0,6,14,446,10,418,3,0,7,0,2,6,130.9,184.2,154.5,179.2,147,173.3,144.6,136.8,281.8,160.3,286.7,157.6,170.4,270.4,144.2,178.9,144.6,136.8,196.1,246.3,166.5,201.8
33009WENT01,NH,Grafton County,WENT01,845,12,791,0,0,3,0,2,37,719,9,678,0,0,1,0,2,29,324.4,175.7,318.2,190.9,308.2,196.9,261.1,130.6,281.2,324.3,266.3,328.2,155.8,445.7,316.9,187.9,261.1,130.6,366.1,234.5,330,199.7
33009WOOD01,NH,Grafton County,WOOD01,1434,20,1323,2,0,17,0,7,65,1222,10,1152,2,0,17,0,4,37,335.2,378.2,367.2,377.2,306.1,409.2,324.1,281.1,480.2,364.2,524.2,306.2,263.1,568.3,336.2,388.2,324.1,281.1,412.9,422.5,367.3,387.6
33011AMHE01,NH,Hillsborough County,AMHE01,11753,373,10609,71,7,204,2,71,416,9130,228,8401,47,2,156,2,48,246,3212.6,3708.2,3868.3,3344.8,3683,3322.8,3209.8,2887.1,4708.3,3151.4,4777.8,3045.7,2859.3,4871.9,3588,3458.6,3209.8,2887.1,3689.7,4115.1,3577.5,3658.3
33011ANTR01,NH,Hillsborough County,ANTR01,2651,51,2420,6,3,15,0,13,143,2121,29,1963,6,3,11,0,9,100,752.1,671,722.9,704.4,690.8,698.3,608.5,566.2,764.8,783.5,842,676.9,537.4,1011.7,721.9,691.3,608.5,566.2,824,714.8,749.5,683.5
33011BEDF01,NH,Hillsborough County,BEDF01,23322,748,20087,181,26,1313,5,82,880,17595,441,15574,119,17,915,5,62,462,6854.1,5892.2,8042.3,5227.8,7944,5130,6845.2,4103.2,7569.6,7091.3,7909.6,6662,4104.6,10546.9,7613.5,5416.7,6845.2,4103.2,8100.1,6527.9,7712.3,5705.3
33011BENN01,NH,Hillsborough County,BENN01,1492,29,1365,12,5,3,0,20,58,1176,18,1096,4,5,3,0,14,36,398.6,311,377.4,337.2,365.1,324.9,293.7,242,375.7,400.5,403.8,342.1,265.6,492.7,380.4,324.4,293.7,242,411.8,348.4,381.4,322.9
33011BRKL01,NH,Hillsborough County,BRKL01,5639,150,5013,32,5,116,4,35,284,4091,76,3730,22,5,74,4,32,148,1494.2,1410.6,1719.2,1311,1707.2,1284.1,1474.3,1077.1,1894.4,1639.5,1929.2,1564.9,1096,2433.9,1640.2,1335.2,1474.3,1077.1,1879.4,1639.9,1719,1428.9
33011DRNG01,NH,Hillsborough County,DRNG01,1904,39,1759,6,6,14,0,4,76,1610,23,1498,5,6,13,0,4,61,576.7,376.9,562.9,411.4,558,392.7,478.3,304.1,454.7,659.4,487.1,592.4,287.4,822.7,565.9,393.7,478.3,304.1,691.5,409.7,607.2,387.8
33011FRNT01,NH,Hillsborough County,FRNT01,1619,21,1519,3,2,7,0,3,64,1325,17,1249,2,2,7,0,3,45,473.1,494.9,535.9,508.6,518,494.9,504.4,427.7,621,563.9,638.1,544.1,420.2,743.7,509,499.4,504.4,427.7,617.2,559.7,554.7,515
33011GOFF01,NH,Hillsborough County,GOFF01,18577,628,16803,213,30,239,6,50,608,15119,430,13856,167,25,176,4,42,419,4995.1,4134.5,5182.6,4158.4,5073.9,4055.7,4171.4,2923.8,4953.2,5026,5318.2,4561.3,2706.5,7263.8,5083.8,4116.2,4171.4,2923.8,5617,4325.9,5182,4035.8
33011GRFD01,NH,Hillsborough County,GRFD01,1716,38,1578,15,0,11,1,5,68,1362,23,1278,9,0,8,1,2,41,412.7,430.7,412.5,446.7,397.6,444.6,373.2,347,526.1,464.1,547.1,435.9,355.2,632.9,407.6,440.7,373.2,347,511,476.1,447,442.5
33011GRNV01,NH,Hillsborough County,GRNV01,1974,70,1781,5,6,16,0,0,96,1613,40,1473,5,6,12,0,0,77,494.1,379.6,448.2,445.5,451,426.6,366,287.6,501.8,533.2,526.8,484.1,305.6,722.5,464.5,417.3,366,287.6,579.9,444.7,499.9,410.5
33011HANC01,NH,Hillsborough County,HANC01,1731,25,1610,5,1,11,0,16,63,1448,7,1367,4,0,4,0,14,52,430.5,708.9,484.2,700.9,470.3,685,448.4,622.4,870,405.6,380.8,368.9,654.2,601.5,461.7,698.3,448.4,622.4,458.7,635,458.5,660.3
33011HILS01,NH,Hillsborough County,HILS01,5939,157,5402,30,14,24,2,20,290,4734,104,4349,25,14,22,2,11,207,1592.1,1200.2,1506.1,1324.4,1468.2,1304.2,1354.3,886,1477.6,1726.9,1587.8,1524.5,956.6,2220,1522.1,1276.3,1354.3,886,1823.8,1340.7,1627.4,1248.1
33011HOLL01,NH,Hillsborough County,HOLL01,8342,240,7332,45,8,353,2,27,335,6484,147,5852,31,2,261,0,16,175,2271.9,2487.1,2692.7,2284.6,2626.8,2219.6,2250.1,1920.6,3222.7,2427.2,3277.8,2322.9,1971.7,3522.9,2530.5,2330.4,2250.1,1920.6,2757.7,2824.1,2587.8,2483.4
33011HUDS01,NH,Hillsborough County,HUDS01,25394,1151,22125,313,27,713,10,113,942,20475,794,18181,247,18,544,10,83,598,7223.4,5321.6,7158,5439.1,7163.2,5114.4,5691.2,3542.5,6651.6,7745.3,7263.3,6849.3,3735.6,10556,7181.6,5291.7,5691.2,3542.5,8383.5,5883.5,7483.8,5295.4
33011LITC01,NH,Hillsborough County,LITC01,8478,264,7760,53,14,74,0,35,278,6693,160,6232,42,12,59,0,28,160,2707.9,1918.6,2799.9,1922.4,2759.4,1847.4,2333.8,1267.9,2490.9,2812.1,2699.1,2501.4,1210.8,4045.6,2755.7,1896.1,2333.8,1267.9,3119.7,2133.6,2851.4,1908.2
33011LYND01,NH,Hillsborough County,LYND01,1702,44,1551,2,5,8,0,15,77,1425,24,1320,0,5,5,0,11,60,502.5,469.5,525.5,478.5,512.5,480.5,442.6,358.6,563.4,540.4,577.4,505.5,369.6,741.3,513.5,476.2,442.6,358.6,595.7,503.5,538.6,471.1
33011MANC01,NH,Hillsborough County,MANC01,9696,511,8217,190,17,296,4,56,405,8190,366,7106,139,16,241,4,37,281,2230.3,2986.6,2523.9,2858.9,2471,2809.8,2322.8,2103.4,3344,2159.8,3521.6,1929.4,2052.1,3378.9,2408.4,2885.1,2322.8,2103.4,2489.4,2972.6,2430.9,2810.9
33011MANC02,NH,Hillsborough County,MANC02,9292,562,7595,321,22,346,1,56,389,7756,347,6568,219,18,293,1,48,262,1971,2454.8,2103.7,2440.8,2077.8,2335.1,1853.3,1881.3,2996.5,2020.6,3155.4,1795.7,1907.7,3061.5,2050.8,2410.3,1853.3,1881.3,2292.6,2686.5,2126.2,2453.1
33011MANC03,NH,Hillsborough County,MANC03,9959,1583,6692,857,25,308,5,62,427,8423,1141,6057,585,19,275,3,40,303,970.5,1810.6,1019.8,1763.2,1070.2,1611.2,912.2,1366.3,2199.6,1159,2281.5,980.3,1508.5,1753.3,1020.2,1728.3,912.2,1366.3,1297.6,1996.5,1123.6,1791.6
33011MANC04,NH,Hillsborough County,MANC04,9468,1376,6563,742,26,329,2,28,402,7541,879,5596,506,17,259,2,21,261,1384.9,1886.4,1337.4,1929.6,1393.3,1818.3,1120.6,1227,2077.9,1433,2202.9,1218,1313,2131.9,1371.9,1878.1,1120.6,1227,1594.3,1864.6,1431.3,1779.3
33011MANC05,NH,Hillsborough County,MANC05,9626,2436,5362,857,22,501,4,40,404,7261,1590,4441,508,15,405,4,28,270,1078,1571,1038,1620,1099,1467,857,923,1670,1121,1759,936,1041,1685,1071.7,1552.7,857,923,1247.3,1490,1116.3,1435.9
33011MANC06,NH,Hillsborough County,MANC06,9737,527,8085,355,2,400,4,30,334,7865,350,6741,220,1,311,4,19,219,2422.3,2157,2527.3,2179.4,2504.9,2129.8,2180.4,1499.2,2753.9,2567.4,3025.2,2242.3,1569.9,3718.5,2484.8,2155.4,2180.4,1499.2,2842.7,2449.7,2594.7,2187.8
33011MANC07,NH,Hillsborough County,MANC07,9610,1616,6660,426,24,440,0,54,390,7580,1062,5551,291,18,359,0,33,266,1700,1962,1619,2044,1626,1969,1386,1239,2168,1678,2318,1439,1285,2503,1648.3,1991.7,1386,1239,1873.3,1923.7,1707.3,1855
33011MANC08,NH,Hillsborough County,MANC08,9482,612,7756,175,8,556,0,37,338,7797,416,6555,127,3,440,0,26,230,2657.8,2168.1,2618.5,2236.9,2592.3,2198.2,2311.2,1481,2645.4,2625.6,2876.1,2325.6,1426.7,3776,2622.9,2201.1,2311.2,1481,2909.1,2316,2701,2147.5
33011MANC09,NH,Hillsborough County,MANC09,9864,1306,7132,536,13,383,2,45,447,7778,844,5990,328,10,305,2,18,281,1974.6,2061.3,1949.4,2089.7,1931.1,1999.4,1690.2,1333.8,2444,2013.6,2645.1,1711.2,1352.1,2844,1951.7,2050.1,1690.2,1333.8,2189.6,2147.1,2016.3,1989.3
33011MANC10,NH,Hillsborough County,MANC10,9147,977,6860,416,23,414,1,30,426,7450,610,5908,288,19,307,1,22,295,1848.6,1992.3,1822,2032.3,1743.6,1983.9,1637.8,1354.8,2288.8,1853.6,2505,1579.6,1261,2629.4,1804.7,2002.8,1637.8,1354.8,2020.8,2018.2,1873.5,1916.9
33011MANC11,NH,Hillsborough County,MANC11,9749,1294,6886,601,26,328,4,83,527,7590,793,5720,417,22,241,3,55,339,1372,1687.6,1298.3,1737.4,1367,1613.9,1100.2,1123.1,2107,1439,2227,1250,1211,2108,1345.8,1679.6,1100.2,1123.1,1599,1848.3,1419.2,1672.4
33011MANC12,NH,Hillsborough County,MANC12,10014,857,7800,440,21,496,0,24,376,8764,645,7063,329,21,417,0,20,269,1892.9,2140.1,1952.2,2149,1958.6,2063.5,1732.3,1555.1,2693.8,2003.1,2814,1769.6,654.7,2792.2,1934.5,2117.6,1732.3,1555.1,2188.3,2054.2,2014.4,2010
33011MASO01,NH,Hillsborough County,MASO01,1448,47,1330,0,0,6,0,10,55,1175,25,1094,0,0,5,0,10,41,478.1,307.4,511.9,293.6,458,318.5,407.9,270,381.9,536,408.9,483.9,254.2,673.6,482.7,306.5,407.9,270,564.5,348.4,507.1,319.2
33011MERR01,NH,Hillsborough County,MERR01,26632,991,23547,245,35,595,8,168,1043,21161,616,19016,202,30,475,2,105,715,7383.7,6400.6,8046.4,6512.9,7854.1,6322.6,6525.1,4881.6,8716,7654.3,9218.4,6912.6,4832,11452.8,7761.4,6412.1,6525.1,4881.6,8673.3,7588.8,7975.6,6697.7
33011MILF01,NH,Hillsborough County,MILF01,16131,593,14222,225,18,239,4,83,747,12886,391,11524,178,18,213,4,73,485,3900.8,3874.4,4026.1,3918.1,3979.2,3710,3498.4,2861.7,4719,4173,5210.4,3738.8,2654.7,6198.3,3968.7,3834.2,3498.4,2861.7,4703.4,4194.7,4216.4,3849.8
33011MONT01,NH,Hillsborough County,MONT01,2584,91,2302,18,3,31,0,18,121,1990,49,1819,11,3,21,0,17,70,685.9,756.9,776.9,702.9,758.9,706.9,668.9,639.9,1010.8,729.9,1029.8,699.9,672.9,1061.8,740.5,722.2,668.9,639.9,830.5,904.5,768.9,788.6
33011NASH01,NH,Hillsborough County,"NASH01",9658,660,7717,211,13,576,4,68,409,7875,456,6459,163,9,462,4,63,259,2523.8,2985.8,2817.8,2838,2719.9,2802.9,2332.7,2143.6,3477.4,2489.2,3626.6,2230.1,2190.5,3706.7,2687.2,2875.6,2332.7,2143.6,2808.7,3098.2,2688.6,2866.4
33011NASH02,NH,Hillsborough County,"NASH02",9380,955,6761,254,13,774,5,123,495,7757,677,5803,217,11,616,1,90,342,1975.7,2481.4,2179.6,2393.4,2066.7,2353.5,1721.9,1794.8,2983.1,2002.7,3152,1765.9,1884.8,3036.1,2074,2409.4,1721.9,1794.8,2268.2,2673.3,2106.9,2434.7
33011NASH03,NH,Hillsborough County,"NASH03",10124,1664,7379,272,15,255,6,89,444,8175,1096,6290,218,10,198,5,67,291,1763.2,2468.3,1922.8,2337,1841.6,2297.9,1562.9,1791.5,2977.6,1918,3103.4,1699.6,1903.9,2868.6,1842.5,2367.7,1562.9,1791.5,2162.1,2661.6,1939.5,2411.4
33011NASH04,NH,Hillsborough County,"NASH04",10803,3414,6082,392,24,265,1,89,536,8461,2309,5182,281,19,208,1,72,389,1116.2,2074.8,1059.4,2101.7,1086.3,1934,779.7,1283.9,2134.4,1181.6,2237.5,976.4,1433.5,1792.3,1087.3,2036.8,779.7,1283.9,1316.7,1935.2,1141.7,1885.7
33011NASH05,NH,Hillsborough County,"NASH05",10071,490,8153,144,11,815,2,89,367,8354,333,7009,109,9,603,2,64,225,2572.8,2752,2727.7,2716.4,2703.6,2621.5,2238.7,2022.3,3351.6,2654.1,3570.1,2334.7,2087.2,3824.2,2668,2696.6,2238.7,2022.3,2937.6,3003,2722.2,2731.6
33011NASH06,NH,Hillsborough County,"NASH06",9632,1980,6590,284,20,250,1,80,427,7580,1291,5518,231,17,198,1,54,270,1703.5,2311.5,1671.4,2302.6,1673.5,2171.2,1334.8,1553.8,2553.4,1651.3,2497.4,1401.2,1647.3,2464.4,1682.8,2261.8,1334.8,1553.8,1839,2232.7,1700,2148.2
33011NASH07,NH,Hillsborough County,"NASH07",10486,2014,7180,308,16,458,6,74,430,8366,1312,6083,242,14,362,6,51,296,1721.3,2191.2,1759,2202.9,1748,2114.7,1383.4,1455.6,2496.2,1743.8,2655.3,1499.3,1606.6,2551.9,1742.8,2169.6,1383.4,1455.6,1931.7,2252.7,1772.4,2103.2
33011NASH08,NH,Hillsborough County,"NASH08",11237,798,7529,324,10,1910,1,152,513,9306,591,6572,251,3,1433,1,113,342,1991.5,2673.7,2190.1,2581.4,2161.3,2491.8,1654.2,2067.3,3480.1,1969.2,3537.4,1791.6,2266.9,3062.1,2114.3,2582.3,1654.2,2067.3,2274.3,3094.8,2117.1,2728.4
33011NASH09,NH,Hillsborough County,"NASH09",9931,712,6834,194,8,1809,3,53,318,7910,502,5726,139,8,1292,3,49,191,2158,2784,2421,2608,2370,2570,1884,2005,3362,2250,3577,1960,2060,3508,2316.3,2654,1884,2005,2572.7,2999.7,2364.4,2709.4
33011NBOS01,NH,Hillsborough County,NBOS01,6108,128,5611,45,13,28,1,36,246,4610,68,4304,34,8,19,1,27,149,1783.2,1374.2,1913.5,1355.3,1817,1343.4,1713.5,1103.6,1817,2026,1974.2,1822,1096.6,2723.5,1837.9,1357.6,1713.5,1103.6,2190.5,1629.3,1971.3,1437.8
33011NIPS01,NH,Hillsborough County,NIPS01,5204,144,4785,27,5,29,1,35,178,3874,94,3605,18,1,18,0,24,114,1890.1,767.4,1856.2,779.4,1842.2,751.5,1538.8,612.8,960,2094.7,1044.9,1982,584.8,2473.9,1862.9,766.1,1538.8,612.8,2183.5,863.2,1954,785.8
33011PELH01,NH,Hillsborough County,PELH01,14222,567,12656,114,13,328,0,61,483,11298,331,10265,81,9,278,0,50,284,4629.2,2722.8,4438.1,2895.9,4673.1,2535.7,3567.1,1899.5,3484.8,5258.6,3979.2,4480.9,2022.7,6616.6,4580.1,2718.1,3567.1,1899.5,5452,3162.2,4809.1,2791.5
33011PETE01,NH,Hillsborough County,PETE01,6418,252,5790,32,6,59,4,29,246,5180,189,4745,24,6,53,4,21,138,1149.8,2425.1,1328.3,2389,1286.3,2339.3,1139.1,2113,3013.1,1215.2,3055,1134.3,2296.3,1858.8,1254.8,2384.5,1139.1,2113,1402.8,2788.1,1301.7,2518.7
33011SHAR01,NH,Hillsborough County,SHAR01,359,8,333,2,0,3,0,4,9,291,5,276,0,0,3,0,2,5,100.3,136.1,110.3,133.2,108.2,133,113.3,118.2,157.8,123,164.3,113.4,110.2,169.7,106.3,134.1,113.3,118.2,135.3,144.1,119.7,136.1
33011TEMP01,NH,Hillsborough County,TEMP01,1382,25,1287,4,1,12,2,5,46,1179,21,1105,4,1,5,2,4,37,400.6,405.7,442.6,384.7,394.6,395.7,366.5,365.6,518.9,432.6,543.9,395.5,360.6,574.9,412.6,395.4,366.5,365.6,467.7,474.5,429.6,425
33011WEAR01,NH,Hillsborough County,WEAR01,9092,173,8446,27,18,32,1,41,354,7103,124,6661,21,16,25,1,34,221,2956.2,1733.6,2885.3,1931.5,2848.3,1884.5,2365.4,1265.7,2210.4,3212.2,2460.4,2865.3,1247.7,4172.9,2896.6,1849.9,2365.4,1265.7,3416.8,1972.8,3043.6,1819.1
33011WILT01,NH,Hillsborough County,WILT01,3896,102,3565,9,0,16,3,20,181,3134,73,2921,4,0,5,3,12,116,1058.4,1025.5,1058.4,1072.4,1039.5,1061.4,947.7,822,1326.8,1087.4,1370.7,997.6,878.9,1524.3,1052.1,1053.1,947.7,822,1203.1,1192.1,1101.9,1079.7
33011WNDS01,NH,Hillsborough County,WNDS01,262,5,231,5,0,5,0,2,14,203,4,181,3,0,4,0,2,9,94.3,28.3,77.3,35.3,70.3,35.3,77.2,19.2,33.3,91.3,37.3,85.3,23.2,100.4,80.6,32.9,77.2,19.2,92.3,31.3,85.2,30.3
330130BOW01,NH,Merrimack County,0BOW01,8229,191,7580,17,5,120,1,36,279,6234,115,5812,10,3,88,1,29,176,2113.7,2561.7,2500.1,2428.6,2403.7,2439.3,2167.9,2037.8,3245.7,2161.7,3398.9,1986.2,2024.4,3426,2339.2,2476.6,2167.9,2037.8,2524.6,2889.7,2394.2,2590.9
33013ALLE01,NH,Merrimack County,ALLE01,4707,94,4271,37,11,38,0,13,243,3805,64,3505,20,10,38,0,12,156,1200.6,873.2,1069.7,1021.2,1078.6,963.5,978.2,563.7,1049,1230.7,1170.7,1038.3,555.6,1671.4,1116.3,952.6,978.2,563.7,1313.5,925.1,1181.1,885.3
33013ANDO01,NH,Merrimack County,ANDO01,2406,29,2248,2,6,11,1,6,103,1917,15,1806,2,2,7,1,4,80,687.1,712.5,656,745.2,639.3,738.6,549.4,552.6,856.2,740.8,910,662.4,630.7,964.6,660.8,732.1,549.4,552.6,789.2,799,699.9,735.1
33013BOSC01,NH,Merrimack County,BOSC01,3998,76,3717,44,0,19,3,14,125,3294,62,3079,34,0,19,3,14,83,925.6,833.5,874.4,879.9,865.6,872.6,750.9,542.6,933.3,1059.2,1088.8,857,560.2,1421,888.5,862,750.9,542.6,1112.4,860.8,964.8,815.9
33013BRAD01,NH,Merrimack County,BRAD01,1662,35,1573,1,4,4,0,5,40,1341,19,1286,1,1,0,0,2,32,486.7,443.7,480.1,475.5,474.1,462.4,421.2,358.3,565.9,480.2,604.9,420.2,364.6,677.5,480.3,460.5,421.2,358.3,526,511.8,491.4,467.9
33013CANT01,NH,Merrimack County,CANT01,2389,68,2184,14,3,9,0,9,102,2031,51,1870,14,3,9,0,9,75,658.4,796,708.1,805.2,659.7,831.2,625.7,690.5,984.6,705.1,1051,613.2,688.8,974.7,675.4,810.8,625.7,690.5,764.3,908.1,706.4,835.3
33013CHIC01,NH,Merrimack County,CHIC01,2665,37,2496,7,7,4,0,10,104,2144,15,2031,4,7,3,0,9,75,803.7,609,791.3,653.6,767.4,666.8,722.3,416.6,726.9,878.3,799.4,804.5,425.9,1179.4,787.4,643.1,722.3,416.6,954,650.8,849.5,614
33013CONC01,NH,Merrimack County,CONC01,4838,129,4283,86,16,73,1,17,233,3850,63,3477,59,15,60,1,7,168,1010.8,1351.9,1014.4,1439.6,951.6,1467.1,880.3,1029,1650.4,1050.7,1785.5,882,1075.1,1631.5,992.3,1419.5,880.3,1029,1188,1503.7,1060.2,1399.8
33013CONC02,NH,Merrimack County,CONC02,4971,183,4164,170,21,221,2,12,198,4067,121,3494,123,15,166,2,10,136,841.9,1027.8,805.5,1095.1,791.7,1102.5,688.5,754.4,1255.8,847.3,1375.1,696.7,809.6,1288.8,813,1075.2,688.5,754.4,944.3,1146.8,851.5,1060
33013CONC03,NH,Merrimack County,CONC03,5031,278,4376,183,7,77,0,21,89,4496,254,3921,177,7,64,0,16,57,530,909,583.3,921.2,533.5,945.2,539.2,727.6,1155.4,588.1,1229.4,498,827.1,915.5,548.9,925.1,539.2,727.6,667.2,1070.6,598.2,959.3
33013CONC04,NH,Merrimack County,CONC04,3784,119,3296,90,18,77,1,18,165,3225,97,2847,73,18,54,1,15,120,601.4,1315.3,615.2,1338.9,590.6,1306.4,522.6,1058.9,1504,589,1562,505,1182,921,602.4,1320.2,522.6,1058.9,671.7,1416,620.7,1323.9
33013CONC05,NH,Merrimack County,CONC05,3959,93,3495,112,8,102,0,8,141,3212,66,2906,74,8,83,0,5,70,676.7,1794.4,854.5,1707.7,805.4,1706.5,734.1,1455.4,1981,650,2025,602,1552,1075,778.9,1736.2,734.1,1455.4,775.7,1852.7,771.1,1746
33013CONC06,NH,Merrimack County,CONC06,4104,137,3439,154,12,103,1,37,221,3430,101,2962,109,10,82,0,28,138,622,1134.2,599.4,1197.8,569.5,1176.9,480.8,872,1403.2,738,1453,515.6,1046.2,1041.2,596.9,1169.6,480.8,872,764.9,1300.8,652.3,1183.3
33013CONC07,NH,Merrimack County,CONC07,4121,110,3712,25,5,113,3,11,142,3387,74,3090,21,5,95,0,7,95,803.5,1678.9,910.6,1691,866.5,1708.9,800.1,1373,1905.5,823,2032.6,683.9,1437.9,1298.6,860.2,1692.9,800.1,1373,935.2,1792,883.7,1689.7
33013CONC08,NH,Merrimack County,CONC08,4253,111,3442,222,17,263,1,25,172,3631,83,3034,141,17,214,1,13,128,879.1,1059.3,797,1157.3,772.3,1155.3,784.9,831.4,1402,896.2,1528.6,724.7,909.9,1319,816.1,1124,784.9,831.4,980,1280.1,881.9,1149.1
33013CONC09,NH,Merrimack County,CONC09,4350,116,2881,537,10,591,0,35,180,3497,85,2489,340,8,416,0,26,133,656.6,1033.4,636.4,1065.4,637.2,1042.8,562.9,749.8,1289.8,651.1,1332.2,552.5,846.1,956.5,643.4,1047.2,562.9,749.8,720,1156,664.7,1051.4
33013CONC10,NH,Merrimack County,CONC10,4565,100,4067,46,2,164,3,15,168,3607,63,3248,37,1,134,3,15,106,1186.7,1676,1349.5,1652.3,1279.6,1680,1247.9,1322.1,1958.5,1146.3,2085.4,978.4,1283,1792.8,1271.9,1669.4,1247.9,1322.1,1305.8,1775.6,1283,1665.3
33013DANB01,NH,Merrimack County,DANB01,1250,15,1151,2,3,3,0,11,65,1012,10,939,2,3,0,0,11,47,382.3,245.3,359.7,271.9,337.9,289.7,302.3,189.7,288,410.1,321.6,371.4,180.8,520.2,360,269,302.3,189.7,433.9,263.5,383.4,255.3
33013DUNB01,NH,Merrimack County,DUNB01,3005,53,2786,19,3,18,0,10,116,2350,35,2206,2,3,16,0,8,80,1026,681,1076,682,1039,683,938,522,877,1121,941,1038,547,1449,1047,682,938,522,1202.7,788.3,1098.1,704.7
33013EPSO01,NH,Merrimack County,EPSO01,4834,80,4511,18,0,21,0,15,189,3938,53,3708,14,0,21,0,10,132,1560.6,930.4,1531.5,1026,1445.1,1052.2,1301.2,689.9,1193.5,1718,1356.8,1491.7,644.1,2249.5,1512.4,1002.9,1301.2,689.9,1819.7,1064.8,1614,984.7
33013FRAN01,NH,Merrimack County,FRAN01,3001,82,2707,16,7,18,1,8,162,2478,52,2265,12,7,14,1,7,120,769.9,477,676,584.3,657.7,594.1,582.2,369.7,598.8,853.9,705.3,709.3,371.8,1055.8,701.2,551.8,582.2,369.7,873,558.6,757.8,528.7
33013FRAN02,NH,Merrimack County,FRAN02,2607,50,2359,13,6,13,0,9,157,2026,25,1865,12,6,8,0,3,107,488.8,373.3,469.7,416.2,462.1,411.5,389.5,241.5,441,563.3,495.5,483.1,268.3,718.9,473.5,400.3,389.5,241.5,588.4,401.6,510.8,378.2
33013FRAN03,NH,Merrimack County,FRAN03,3133,84,2850,26,4,21,0,14,134,2565,55,2376,12,4,15,0,10,93,775.4,626.8,722.8,693.6,727.8,657.2,673.8,466.6,752.3,846.6,851.7,739.1,456.4,1127.9,742,659.2,673.8,466.6,904.5,686.8,801.9,643.5
33013HENN01,NH,Merrimack County,HENN01,6185,217,5333,226,25,84,17,6,277,5338,182,4586,226,25,84,17,2,216,1060.6,1429.9,1151.7,1423.9,1128.6,1395.9,936.6,1057.7,1570,1075.6,1643.1,960.5,1002.8,1596.8,1113.6,1416.5,936.6,1057.7,1211,1405.3,1130.1,1360.5
33013HILL01,NH,Merrimack County,HILL01,1017,18,950,2,1,7,0,2,37,844,12,797,1,0,6,0,2,26,291.4,157.8,280,177,249,179.2,235.2,121,202.5,341.3,233.3,289,120.2,416.7,273.5,171.3,235.2,121,349,185.4,300.4,170.2
33013HOOK01,NH,Merrimack County,HOOK01,14871,507,13019,167,21,507,8,42,600,12069,322,10730,140,15,412,8,34,408,4278.6,3480.6,4402.3,3500,4385,3372,3663.4,2296,4116.5,4445.6,4497.7,3989.3,2174.8,6357.1,4355.3,3450.9,3663.4,2296,4930.7,3596.3,4503,3348.2
33013HOPK01,NH,Merrimack County,HOPK01,5914,133,5503,21,7,34,0,32,184,4561,74,4320,6,6,25,0,25,105,1425.5,2237,1647.2,2201.1,1555.3,2234,1449.3,1859.4,2684.4,1398.7,2813.2,1273.8,2023.2,2091.8,1542.7,2224,1449.3,1859.4,1588.1,2506.9,1548.8,2293.2
33013LOUD01,NH,Merrimack County,LOUD01,5576,78,5154,54,11,28,0,12,239,4537,51,4224,49,11,25,0,7,170,1975.9,1158.8,1915.8,1297.9,1816.3,1356.2,1699,875.1,1515.2,2180.1,1769.9,1907.4,905.4,2801.7,1902.7,1270.9,1699,875.1,2296.4,1396.8,2042.3,1268.3
33013NBRY01,NH,Merrimack County,NBRY01,2172,15,2053,2,1,15,0,15,71,1830,9,1733,1,1,11,0,15,60,659,618.1,717.5,620.2,708.6,584.5,676.6,491.7,900.5,722.5,939.3,683.5,540.4,1081.5,695,607.6,676.6,491.7,829.2,793.4,749.9,670.7
33013NFLD01,NH,Merrimack County,NFLD01,4872,91,4444,39,5,56,0,23,214,3855,51,3577,30,2,49,0,15,131,1334.3,896.7,1211.2,1035.3,1154,1025.1,1027.1,664.1,1135.2,1440.4,1339,1207.1,674.6,1919.8,1233.2,985.7,1027.1,664.1,1522.4,1049.6,1327.7,967.2
33013NLON01,NH,Merrimack County,NLON01,4400,81,4050,45,8,50,2,13,151,3834,63,3575,44,7,40,2,8,95,1087.6,1785,1275.3,1645.7,1321.7,1538,1174.5,1347.4,2055.7,1046.1,2041.8,1026.4,1373.1,1689.2,1228.2,1656.3,1174.5,1347.4,1253.9,1823.5,1231.6,1683.8
33013PEMB01,NH,Merrimack County,PEMB01,7207,183,6559,62,9,68,2,34,290,5709,115,5289,40,9,51,0,31,174,1936.5,1828.7,1929.3,1926.4,1880.8,1901.2,1599.6,1318.4,2212.7,2074.5,2448.8,1772.9,1316.3,2974.7,1915.5,1885.4,1599.6,1318.4,2274,1992.6,2024,1850.4
33013PITF01,NH,Merrimack County,PITF01,4075,100,3647,30,18,20,0,5,255,3243,64,2942,19,16,15,0,5,182,1144.3,705,1059.9,794.1,1026.5,764.3,905,489.9,824,1251.1,931.8,1110.2,464.9,1616.1,1076.9,754.5,905,489.9,1325.8,740.2,1159,710.6
33013SALI01,NH,Merrimack County,SALI01,1422,16,1335,0,1,3,0,5,62,1157,11,1093,0,1,3,0,5,44,487.5,291,462.6,325.5,441.1,339,397.8,235.9,381.9,515.2,443.7,430.5,250.1,654.6,463.7,318.5,397.8,235.9,533.4,358.6,484.2,323.9
33013SUTT01,NH,Merrimack County,SUTT01,1978,37,1834,5,8,21,9,1,63,1580,30,1475,5,7,12,1,1,49,564.2,611.7,598.4,619.8,580.1,615.9,514,501,758.6,578.6,794,534,524.1,821.2,580.9,615.8,514,501,644.6,692.2,598.7,632.2
33013WARN01,NH,Merrimack County,WARN01,2937,74,2679,28,16,19,2,21,98,2416,57,2232,19,11,14,2,11,70,785.3,868.2,823,895.1,776.3,907,735.4,732,1043.2,838.9,1113.7,739.5,754.9,1137.1,794.9,890.1,735.4,732,905.2,970.6,833.6,902
33013WEBS01,NH,Merrimack County,WEBS01,1913,40,1800,4,3,8,1,0,57,1587,23,1508,2,2,7,1,0,44,601.9,499.6,585.1,524.5,540.1,552.5,493.2,361.7,548.9,668.8,633.8,566.9,357.8,860.9,575.7,525.5,493.2,361.7,698.8,513.5,616.7,497
33013WILM01,NH,Merrimack County,WILM01,1407,20,1304,10,1,10,0,5,57,1158,16,1078,7,0,9,0,5,43,337.3,492.1,386.6,479.3,373.7,477.3,359,374.7,574.9,360.9,597.6,327.4,385.6,548.3,365.9,482.9,359,374.7,412.2,519.4,384.7,483.1
330150RYE01,NH,Rockingham County,0RYE01,5543,110,5205,10,1,39,0,44,134,4716,72,4492,10,0,31,0,32,79,1578.8,2210.7,1895.7,2085.7,1981.7,1922.7,1815.7,1713.7,2780.6,1619.7,2788.6,1562.8,1756.7,2637.6,1818.7,2073,1815.7,1713.7,1940,2441.9,1870.3,2179.8
33015ATKI01,NH,Rockingham County,ATKI01,7087,199,6617,25,0,96,0,17,133,5935,129,5605,23,0,83,0,8,87,2489.9,1603.3,2535.6,1611.7,2661.2,1405.6,2185,1178.6,2157.5,2681,2347.7,2411.2,1230.2,3595.7,2562.2,1540.2,2185,1178.6,2895.9,1911.8,2651.4,1647.8
33015AUBU01,NH,Rockingham County,AUBU01,5946,128,5498,13,8,72,1,25,201,4583,89,4262,13,8,60,1,15,135,2026.1,1304.8,2080.9,1306.2,2091.7,1231.7,1960.5,860,1616.4,2259.1,1776.2,2031.5,777.8,3050,2066.3,1280.9,1960.5,860,2446.9,1390.1,2214.3,1267.6
33015BREN01,NH,Rockingham County,BREN01,4490,79,4148,27,6,68,0,25,137,3519,47,3305,24,3,42,0,12,86,1337.5,1192.6,1400.3,1185.6,1441,1116,1281.6,917.7,1562.3,1444.7,1611.7,1352.9,925.7,2042.1,1392.9,1164.7,1281.6,917.7,1613.2,1366.6,1471.4,1215.9
33015CAND01,NH,Rockingham County,CAND01,4013,82,3702,21,0,53,0,24,131,3314,55,3096,16,0,40,0,20,87,1514.6,836.8,1519.8,888.2,1501.3,886.9,1390,585.9,1016.6,1659.3,1125.1,1499.3,555.6,2091.2,1511.9,870.6,1390,585.9,1749.9,899.1,1596.5,842.1
33015CHSR01,NH,Rockingham County,CHSR01,5232,133,4866,0,2,45,2,23,161,4115,83,3876,0,2,29,0,20,105,1748.8,1105.3,1735.6,1176.6,1777,1081.5,1566.9,812,1481.6,1974.6,1574.3,1806.3,828.4,2593.5,1753.8,1121.1,1566.9,812,2124.8,1294.8,1886.1,1151.4
33015DANV01,NH,Rockingham County,DANV01,4408,106,4076,28,10,28,1,7,152,3564,63,3344,23,8,19,1,6,100,1572.8,856.1,1401.6,973.5,1494.1,820.2,1198.5,620.1,1077.1,1678.3,1184.6,1476.2,618.2,2096.3,1489.5,883.3,1198.5,620.1,1750.3,959.9,1559.7,878.5
33015DERR01,NH,Rockingham County,DERR01,8579,417,7523,87,15,124,2,40,371,6817,279,6101,58,14,103,2,23,237,2247.1,1660.8,2122.2,1754.4,2205.6,1586.2,1614.3,1120.8,2004.2,2295.3,2165.7,2042.4,1211.4,3053.8,2191.6,1667.1,1614.3,1120.8,2463.8,1793.8,2225.8,1643.4
33015DERR02,NH,Rockingham County,DERR02,8627,299,7765,85,12,120,2,53,291,6709,192,6117,64,10,86,1,44,195,2310.7,1707.2,2183.5,1802.8,2269.6,1629.7,1661.1,1151.9,2060.6,2360.7,2226.3,2101.1,1244.9,3140.9,2254.6,1713.2,1661.1,1151.9,2534.2,1843.9,2289.7,1689.1
33015DERR03,NH,Rockingham County,DERR03,8225,393,7227,91,11,126,1,34,342,6595,265,5882,76,11,112,1,30,218,2268.3,1676,2141.6,1770.8,2226.1,1600.8,1628.6,1130.8,2022,2316.7,2185.2,2061.2,1222.6,3081.4,2212,1682.5,1628.6,1130.8,2486.4,1810,2246.3,1658.3
33015DERR04,NH,Rockingham County,DERR04,8886,471,7714,119,9,155,0,44,374,7137,303,6337,85,8,130,0,35,239,2405.2,1777.1,2270.8,1877.6,2360.4,1697.4,1726.9,1199.1,2144.1,2456.4,2317.1,2185.5,1296.3,3267.3,2345.4,1784.1,1726.9,1199.1,2636.4,1919.2,2381.8,1758.4
33015DFLD01,NH,Rockingham County,DFLD01,4855,86,4552,9,1,13,0,14,180,3810,46,3612,9,1,10,0,14,118,1603.1,1088.1,1632.6,1109.3,1555.1,1124,1365.4,872.3,1361.2,1788.1,1498.4,1586.8,808.6,2340.6,1596.9,1107.1,1365.4,872.3,1905.2,1222.7,1696,1123.1
33015EKIN01,NH,Rockingham County,EKIN01,2441,52,2286,5,1,7,0,18,72,1925,26,1833,5,1,7,0,13,40,814.4,596.3,858.2,592.5,900.4,518,804,457,766,872.2,804.2,790.8,440.5,1171.3,857.7,568.9,804,457,944.8,670.2,887.3,596.4
33015EPPI01,NH,Rockingham County,EPPI01,7125,131,6539,25,13,82,0,35,300,5726,87,5300,20,13,65,0,27,214,2114.7,1621.8,2015.9,1740.7,2048,1630.9,1859.7,1235.2,2042.7,2307.9,2225.4,2076.1,1143.5,3101.6,2059.5,1664.5,1859.7,1235.2,2495.2,1803.9,2217.7,1662.9
33015EXET01,NH,Rockingham County,EXET01,16049,409,14406,118,16,414,5,41,640,13101,266,11968,85,10,334,5,29,404,3421.8,5685.4,3759.7,5625.9,3557.5,5085,3495.8,4535.8,7039.2,3464.8,7166.4,3234.4,4792.8,5672.1,3579.7,5465.4,3495.8,4535.8,4123.8,6332.8,3800.9,5704.3
33015FREM01,NH,Rockingham County,FREM01,4739,108,4411,17,7,18,3,25,150,3844,55,3637,15,4,16,1,19,97,1521.2,922.6,1465.7,1013.5,1510.6,946.5,1290.7,632,1100.5,1563.2,1219,1392.1,607.1,2059.5,1499.2,960.9,1290.7,632,1671.6,975.6,1543.3,920.2
33015GRND01,NH,Rockingham County,GRND01,4067,90,3709,36,0,89,4,13,126,3230,68,2967,32,0,63,4,6,90,1068,1385.7,1212.7,1324.6,1270.4,1209.5,1241.2,1059.2,1709.7,1153.7,1775.5,1078,1001.9,1842.8,1183.7,1306.6,1241.2,1059.2,1358.2,1495.7,1266.7,1352.3
33015HAFA01,NH,Rockingham County,HAFA01,2403,36,2214,13,2,43,2,8,85,1908,15,1791,10,2,35,2,6,47,833.5,684,916.7,645.1,1016.2,537.1,825.8,480.1,859.9,875.5,892.8,800.1,477.8,1224.5,922.1,622.1,825.8,480.1,966.7,743.5,927.5,653.8
33015HMST01,NH,Rockingham County,HMST01,8998,260,8309,36,8,69,1,33,282,7230,145,6785,27,7,56,1,22,187,3320.6,2055.1,3291.9,2127.1,3385.7,1942.8,2808.2,1484.6,2593.1,3425.4,2867.7,3076.1,1459.6,4525.4,3332.7,2041.6,2808.2,1484.6,3675.6,2306.8,3404.7,2075.7
33015HMTN01,NH,Rockingham County,HMTN01,16214,392,15012,53,15,212,5,51,474,13944,286,13043,41,14,178,4,43,335,4719.7,4867.6,4911.1,4868.7,5143.1,4426.4,4514,3672.5,6043.9,5122.5,6405.6,4571.3,3535.9,7542.2,4924.7,4720.9,4514,3672.5,5745.3,5328.5,5217.7,4831.5
33015KENS01,NH,Rockingham County,KENS01,2095,33,1953,6,1,17,0,9,76,1681,19,1581,3,1,15,0,8,54,669.5,643.1,696.6,659.1,711.7,602,650.5,512.9,806.5,727.6,830.5,675.5,520.8,1003.2,692.6,634.7,650.5,512.9,802.1,719.3,733.5,653.6
33015KING01,NH,Rockingham County,KING01,6202,146,5757,32,12,22,2,27,204,5125,91,4817,21,8,22,2,25,139,2082.2,1422.7,2002.2,1492.4,2056.9,1327.9,1753.9,1049.8,1732.8,2311.4,1884.4,2094.2,1054.4,2967.3,2047.1,1414.3,1753.9,1049.8,2457.6,1557.2,2181.2,1423.5
33015LOND01,NH,Rockingham County,LOND01,25826,972,23105,206,16,493,11,91,932,20140,606,18338,142,11,390,6,76,571,7331.9,5963,7647.6,5951,7661.6,5531.4,6348.6,4296.4,7731.5,7898.4,8154.1,7260.9,4298.4,11293.5,7547,5815.1,6348.6,4296.4,8817.6,6728,7920.3,5989.4
33015NCAS01,NH,Rockingham County,NCAS01,1000,27,942,3,0,9,0,0,19,891,16,855,3,0,9,0,0,8,279,481,382,417,388,374,380,355,619,281,613,289,402,508,349.7,424,380,355,359.3,544.7,358.1,465.9
33015NEWF01,NH,Rockingham County,NEWF01,1769,28,1651,1,1,23,0,7,58,1361,16,1293,1,1,13,0,6,31,489,622.4,542.8,627.2,675.7,485.6,602.6,436.9,743.7,527.8,763.5,497.7,429.1,850.2,569.1,578.4,602.6,436.9,625.3,645.5,598,586.9
33015NEWT01,NH,Rockingham County,NEWT01,4820,148,4408,28,6,33,0,26,171,3875,101,3576,25,6,28,0,26,113,1586,986.6,1479.5,1061.3,1507.3,968.7,1194.7,759.6,1271.4,1672.6,1341.1,1521.3,785.5,2113.7,1524.3,1005.6,1194.7,759.6,1769.2,1132.7,1582.2,1024.9
33015NMAR01,NH,Rockingham County,NMAR01,9430,301,8309,84,8,339,13,21,355,7841,214,6991,68,8,279,7,16,258,1836,3157,1983,3183,2080,2968,1821,2572,3953,1925,4053,1696,2644,3150,1966.3,3102.7,1821,2572,2257,3550,2070.1,3218.6
33015NOHA01,NH,Rockingham County,NOHA01,4538,75,4207,20,7,81,0,18,130,3806,51,3561,20,7,63,0,10,94,1441.4,1555,1566.9,1511.2,1631.6,1387.8,1415.6,1184.7,1978.1,1448.4,2072.7,1310.1,1152.8,2239.8,1546.6,1484.6,1415.6,1184.7,1666.1,1734.5,1579.1,1548.9
33015NOTT01,NH,Rockingham County,NOTT01,5229,103,4810,20,1,47,1,33,214,4116,65,3828,13,1,42,1,21,145,1530.4,1383.8,1563.7,1433.7,1556.7,1375.6,1401.1,1081,1793.3,1662.5,1902.2,1526.2,1070.7,2411.7,1550.2,1397.7,1401.1,1081,1866.8,1588.7,1664.6,1434.3
33015NTHW01,NH,Rockingham County,NTHW01,4641,86,4302,16,10,39,3,9,176,3767,60,3518,9,10,32,3,5,130,1389.5,1058.7,1357.7,1150.7,1359.3,1108.9,1185.8,807.2,1327.5,1481.7,1448.4,1316.8,806,1965.3,1368.8,1106.1,1185.8,807.2,1588,1194,1436.6,1101.1
33015NWIN01,NH,Rockingham County,NWIN01,811,11,738,10,0,17,0,4,31,682,6,631,5,0,13,0,4,23,296.6,280.2,311,285.3,329.2,264.5,311.4,216,316.3,329.7,343.3,304.5,210.4,436.3,312.3,276.7,311.4,216,356.8,290,331.3,273.7
33015PLAI01,NH,Rockingham County,PLAI01,7830,327,7120,54,7,72,0,30,220,6341,220,5850,39,6,53,0,16,157,2554,1687.7,2361.1,1795.5,2552.7,1552.7,1891.4,1182.6,2064.1,2529.6,2214.8,2258.2,1307.7,3194.8,2489.3,1678.6,1891.4,1182.6,2660.8,1862.2,2477.4,1686.4
33015PORT01,NH,Rockingham County,PORT01,4276,119,3665,43,9,250,0,15,175,3624,88,3195,36,7,177,0,12,109,794.9,1850.6,936.8,1809,967.7,1709.5,796.2,1490.3,2138.5,829.3,2122.6,778.7,1488.6,1452.9,899.8,1789.7,796.2,1490.3,1020.3,1916.6,936.7,1801.3
33015PORT02,NH,Rockingham County,PORT02,4680,97,4339,28,13,58,4,18,123,4052,72,3790,22,10,47,4,17,90,678,2296,862,2190,892,2066,734,1919,2645,699,2625,659,1928,1333,810.7,2184,734,1919,897,2399.3,836.7,2238.4
33015PORT03,NH,Rockingham County,PORT03,4528,189,3764,70,6,288,3,27,181,3707,120,3151,65,4,227,0,18,122,769.7,1507.8,887.1,1430,878.4,1366.8,813.2,1206.8,1893.5,825.9,1903.6,748.3,1247.8,1424.9,845.1,1434.8,813.2,1206.8,999.7,1681.6,906.8,1508
33015PORT04,NH,Rockingham County,PORT04,4376,201,3696,55,3,250,0,12,159,3611,136,3101,45,3,199,0,11,116,817.3,1384.4,876.1,1379.9,876.1,1304.5,839.6,1101.4,1781,861,1768,789,1114,1450,856.5,1356.3,839.6,1101.4,1033.3,1554.3,929.9,1404.7
33015PORT05,NH,Rockingham County,PORT05,4096,143,3621,29,5,155,0,6,137,3580,114,3200,23,5,124,0,6,108,574,1874,771,1750,810,1662,683,1510,2207,623,2189,588,1573,1203,718.3,1762,683,1510,804.7,1989.7,750.3,1823.6
33015RAYM01,NH,Rockingham County,RAYM01,10684,243,9811,56,24,71,0,26,453,8750,138,8134,51,21,58,0,24,324,3155.9,1923.9,2936.2,2155.9,2955.2,2008.8,2518.9,1320.2,2381.8,3522.4,2664,3088.1,1330.1,4501.1,3015.7,2029.5,2518.9,1320.2,3703.9,2125.3,3239.7,1969.2
33015SALE01,NH,Rockingham County,SALE01,30089,1954,25721,297,37,1068,5,111,896,24811,1324,21666,232,36,886,5,93,569,9306.5,6064.4,8709.1,6423,9337.7,5512.6,7289,4033.8,7633.6,9963.1,8541,8711,4286.6,13194.3,9117.8,6000,7289,4033.8,10622.8,6820.4,9501.5,6070.7
33015SEAB01,NH,Rockingham County,SEAB01,8401,195,7685,65,17,72,3,29,335,7123,118,6617,52,13,65,3,19,236,2823,1675.7,2424.3,1955.6,2606.9,1660.4,2068.9,1175.4,2073.2,2681.6,2287.2,2632.2,1203.6,3790.7,2618.1,1763.9,2068.9,1175.4,3034.8,1854.7,2718.2,1718.7
33015SNDN01,NH,Rockingham County,SNDN01,6548,185,6060,20,4,34,4,35,206,5111,108,4789,19,2,31,4,30,128,2135.6,1202.4,1985.3,1328.9,2091.8,1162.6,1725.3,924.4,1625.8,2264.1,1742.3,2073.9,963.3,2907.7,2070.9,1231.3,1725.3,924.4,2415.2,1443.8,2169.1,1278.5
33015SOHA01,NH,Rockingham County,SOHA01,894,21,819,5,0,12,0,6,31,735,18,672,5,0,11,0,4,25,310.3,241.6,309,249.6,310,232.8,259.6,200.2,298.7,321.2,321.2,289.7,210.9,413.7,309.8,241.3,259.6,200.2,341.5,276.9,316.2,250.7
33015STRM01,NH,Rockingham County,STRM01,7669,169,6961,16,4,237,0,32,250,5948,116,5482,16,4,164,0,20,146,1856.5,2402.3,2195.9,2255,2309.7,2057.5,2059.7,1841.2,3062.3,1957.8,3157.7,1817.9,1877.4,3125.9,2120.7,2238.3,2059.7,1841.2,2300.5,2699.1,2189.1,2379.1
33015WNDM01,NH,Rockingham County,WNDM01,15817,503,13876,94,14,687,1,70,572,11687,322,10453,63,10,498,1,54,286,4825.2,3507.2,5224.9,3382.8,5445.4,2999.2,4217,2384,4566.8,5196.1,4738.4,4875.3,2403.3,7240.7,5165.2,3296.4,4217,2384,5770.7,3902.8,5289.2,3426
33015ZZZZZZ,NH,Rockingham County,ZZZZZZ,0,0,0,0,0,0,0,0,0,0,0,0,0,0,0,0,0,0,0,0,0,0,0,0,0,0,0,0,0,0,0,0,0,0,0,0,0,0,0,0
330170LEE01,NH,Strafford County,0LEE01,4520,123,3988,25,4,160,2,19,199,3496,82,3138,22,4,116,0,16,118,822.6,1627.2,969.3,1587.3,963.4,1529.4,895.5,1345.7,1953.7,969.3,1999.6,881.5,1322.7,1576.3,918.4,1581.3,895.5,1345.7,1142.4,1758.7,1011.1,1623.7
33017BARR01,NH,Strafford County,BARR01,9326,175,8567,39,8,106,0,24,407,7256,113,6736,31,8,83,0,18,267,2456.5,2363,2526.1,2485.3,2505.2,2356,2319.2,1894.3,3126.1,2719.1,3390.7,2416.7,1891.4,3943.9,2495.9,2401.4,2319.2,1894.3,3026.6,2802.7,2698.1,2501
33017DOVE01,NH,Strafford County,DOVE01,5162,155,4386,71,11,259,0,19,261,4313,119,3716,59,11,204,0,15,189,684,1738.4,757.7,1753.3,777.3,1688.9,621.4,1418.3,2328,794,2397,678,1691,1410,739.6,1726.9,621.4,1418.3,960.7,2138.7,817.5,1859.3
33017DOVE02,NH,Strafford County,DOVE02,5819,205,5037,92,1,250,0,21,213,4893,149,4300,82,0,195,0,21,146,877,1927.9,945.6,1948.7,984,1832.4,794.1,1581.2,2342.7,922.9,2423.8,763.4,1694.2,1530.7,935.5,1903,794.1,1581.2,1072.3,2153.6,974,1964.4
33017DOVE03,NH,Strafford County,DOVE03,5802,127,5088,69,4,248,2,21,243,4828,100,4313,50,0,182,0,21,162,1293.8,1954.2,1443.6,1903.5,1434.2,1841.8,1408,1546.3,2438.1,1399.6,2515.4,1266.3,1555.9,2232.7,1390.5,1899.8,1408,1546.3,1632.9,2169.8,1496.9,1965
33017DOVE04,NH,Strafford County,DOVE04,5452,172,4713,62,3,242,0,24,236,4510,128,3978,43,2,179,0,22,158,1128.4,1726.9,1221.4,1733.7,1194,1684.8,1111.8,1363.5,2122.6,1177.4,2217.6,1029.5,1398.7,1849.3,1181.3,1715.1,1111.8,1363.5,1352.1,1913,1244.5,1749.7
33017DOVE05,NH,Strafford County,DOVE05,5481,204,4460,112,12,394,3,30,266,4197,119,3472,90,10,306,3,18,179,954.3,1388.3,1034.5,1399.3,1030.7,1359.9,906.9,1073,1685.8,1038.4,1760.1,906.8,1097.4,1611.7,1006.5,1382.5,906.9,1073,1185.7,1514.4,1069.1,1394.8
33017DOVE06,NH,Strafford County,DOVE06,5025,184,4099,114,8,400,0,19,201,4062,150,3379,102,7,303,0,12,109,1078.1,1376.1,1140.8,1356.7,1143.4,1296.9,1035.6,1065.8,1583.5,999.5,1689,860.7,967.9,1579.1,1120.8,1343.2,1035.6,1065.8,1146.4,1413.5,1119.6,1333.7
33017DURH01,NH,Strafford County,DURH01,15490,653,13046,207,51,825,10,14,684,14108,606,11929,201,50,740,10,12,560,2450.2,6501.4,2967.2,6287.4,2913.2,5896.3,1618.2,4806.3,5970.4,1712.2,5836.4,1525.2,4332.3,3020.3,2776.9,6228.4,1618.2,4806.3,2085.9,5379.7,2315.2,5661.5
33017FARM01,NH,Strafford County,FARM01,6722,118,6113,46,33,48,4,25,335,5469,85,5026,27,26,38,3,19,245,1785.4,1127.3,1630.4,1296.2,1656.5,1206.2,1410.7,784,1365.3,2000.3,1572.3,1727.3,789,2541.6,1690.8,1209.9,1410.7,784,2089.7,1242.2,1821.8,1162.9
33017MADB01,NH,Strafford County,MADB01,1918,26,1738,6,2,71,1,11,63,1459,14,1333,3,2,55,0,11,41,422,632,472,636,474,622,451,533,824,454,851,416,557,697,456,630,451,533,522.3,744,483.7,665
33017MIDD01,NH,Strafford County,MIDD01,1823,15,1714,8,4,7,0,3,72,1451,13,1373,6,3,7,0,1,48,594.3,285.3,522.2,338.6,500.5,320.8,473.8,214.2,373.2,634.7,435.4,554.8,207.3,804.5,539,314.9,473.8,214.2,664.7,338.6,583.6,310.7
33017MILT01,NH,Strafford County,MILT01,4482,62,4138,18,13,35,1,17,198,3679,49,3423,12,13,30,0,13,139,1345.2,849.8,1245.3,950.5,1279,886.3,1147.6,558.3,1018.8,1482.7,1168.5,1274.9,554.2,1912.4,1289.9,895.5,1147.6,558.3,1556.7,913.8,1383.9,855.2
33017NDUR01,NH,Strafford County,NDUR01,2693,31,2533,8,5,11,0,6,99,2233,20,2117,7,5,11,0,3,70,974.1,574,939.4,645.5,932.4,608.8,849,451.8,721.9,1101.2,809.3,984.1,389.3,1401.1,948.6,609.4,849,451.8,1162.2,640.2,1025.9,600.1
33017ROCH01,NH,Strafford County,ROCH01,5280,111,4845,29,11,62,0,7,215,4344,70,4053,20,11,51,0,3,136,1407,1071,1319,1179,1330,1121,1255,838,1420,1470,1576,1290,807,2093,1352,1123.7,1255,838,1617.7,1267.7,1452,1144.6
33017ROCH02,NH,Strafford County,ROCH02,5440,175,4832,51,5,129,0,8,240,4488,119,4080,40,5,101,0,2,141,1434.9,1158.1,1405.4,1223.8,1423.5,1149.4,1296.4,797,1392,1492.6,1542.4,1273.2,778.9,2065.7,1421.2,1177.1,1296.4,797,1610.5,1237.8,1484.5,1148.8
33017ROCH03,NH,Strafford County,ROCH03,5804,142,5211,53,11,87,4,21,275,4721,79,4311,44,8,76,4,20,179,1373.2,1021,1306.8,1115.6,1315.8,1064.2,1148.9,754,1432.4,1560.2,1569.7,1354.5,847.3,2110.1,1331.9,1067,1148.9,754,1674.9,1283.1,1452.8,1114.9
33017ROCH04,NH,Strafford County,ROCH04,5498,236,4827,87,8,77,5,7,251,4326,130,3875,67,7,64,5,3,175,1171.9,1032.1,1088.2,1148.3,1099.1,1084.3,1001.6,768.2,1340.1,1220.1,1479.6,1029.9,787.1,1754.6,1119.7,1088.2,1001.6,768.2,1334.9,1202.3,1195.1,1091.4
33017ROCH05,NH,Strafford County,ROCH05,5360,159,4820,32,14,78,1,11,245,4500,123,4067,32,12,64,1,11,190,1388,1034,1224,1202,1300,1069,1213,718,1338.2,1516.4,1562.3,1241.5,743.9,2107.4,1304,1101.7,1213,718,1621.8,1214.8,1427.2,1095.3
33017ROCH06,NH,Strafford County,ROCH06,5110,193,4469,75,8,85,0,16,264,4121,125,3692,58,8,70,0,15,153,1017.6,954.5,896,1061.4,936,975.9,887.3,687.6,1213.9,1111.6,1354.1,931.2,720.7,1579.8,949.9,997.3,887.3,687.6,1207.6,1096.2,1051.4,995.5
33017ROLL01,NH,Strafford County,ROLL01,2597,74,2392,19,6,13,1,3,89,2115,41,1974,17,6,12,1,3,61,712.7,776.7,741.9,807.7,755.1,771.2,645.5,611.5,960.3,736.8,1037.4,643.3,614.1,1089.7,736.6,785.2,645.5,611.5,823.3,870.6,760.7,797
33017SOME01,NH,Strafford County,SOME01,2511,87,2145,44,6,105,1,15,108,2080,56,1818,35,4,83,1,9,74,624,683,635,694,620,682,550,481,824.9,613,894.9,533,565,880.9,626.3,686.3,550,481,675.6,761.6,636.5,689.2
33017SOME02,NH,Strafford County,SOME02,2253,71,1844,43,6,150,1,20,118,1834,45,1565,31,6,99,1,10,77,484.5,519.3,454.7,563,467.6,526.2,445.8,378.3,626.5,539.1,700,457.7,398.1,759.5,469,536.1,445.8,378.3,585.5,574.9,515.6,530.2
33017SOME03,NH,Strafford County,SOME03,2441,129,1948,37,6,183,2,8,128,1938,81,1594,27,5,151,2,4,74,509.3,497,470,534.5,483.8,513.6,415.4,343.2,620,516,673.6,434.7,387.5,736.6,487.7,515.1,415.4,343.2,562.4,560.4,509.4,509.9
33017SOME04,NH,Strafford County,SOME04,2564,108,1920,37,4,381,1,11,102,2116,78,1625,29,4,302,1,10,67,437,533,407,566,423,527,397,420,787,488,855,420,503,761,422.3,542,397,420,556.3,715,476.1,598.7
33017SOME05,NH,Strafford County,SOME05,2086,114,1774,37,4,47,1,5,104,1591,74,1368,18,4,45,1,1,80,328.4,405.5,286.5,454.6,308.5,411.5,256.3,303.2,556.9,387.5,603.1,308.3,364.2,561.2,307.8,423.9,256.3,303.2,419,508.1,348.1,442.7
33017STFD01,NH,Strafford County,STFD01,4230,65,3952,13,3,20,2,18,157,3327,39,3149,11,3,16,0,16,93,1282.7,1106.4,1333.1,1119.3,1292.5,1116.3,1194.5,833.2,1316.2,1393.5,1458.7,1228.2,802.5,1878.4,1302.7,1114,1194.5,833.2,1500.1,1192.5,1371.8,1107.5
33019ACWO01,NH,Sullivan County,ACWO01,853,19,768,11,7,8,1,8,31,699,18,636,5,3,5,1,8,23,240,274,234,298,242,283,212,236,293,269,311,227,229,325,238.7,285,212,236,273.7,277.7,249.9,274.9
33019CHAR01,NH,Sullivan County,CHAR01,4806,73,4414,22,16,21,0,11,249,3895,51,3614,14,13,18,0,11,174,1159,1041,1100,1143,1070,1136,924,732,1185,1239,1335,1044,712,1692,1109.7,1106.7,924,732,1325,1077.3,1175.4,1040.6
33019CLAR01,NH,Sullivan County,CLAR01,4461,115,3975,33,15,42,0,17,264,3537,71,3218,27,10,36,0,11,164,710.2,711.2,674.5,746,691.4,696.3,536.4,492.7,813.5,775.8,908.9,657.6,540.4,1041,692,717.8,536.4,492.7,824.8,754.3,726.7,701.3
33019CLAR02,NH,Sullivan County,CLAR02,4491,84,3999,26,14,82,1,5,280,3529,43,3211,15,12,53,1,0,194,1043.8,978.8,985.5,1074,1050.7,985.7,839.6,716.3,1177.5,1036.2,1301.1,897.4,719.6,1479,1026.7,1012.8,839.6,716.3,1137.6,1066.1,1047.5,993.3
33019CLAR03,NH,Sullivan County,CLAR03,3997,85,3554,15,28,46,2,22,245,3210,69,2871,13,20,39,2,18,178,925.1,838.2,847.2,913.1,884.2,871.2,740.3,556.5,903.1,975.1,1004,850.2,532.5,1307.8,885.5,874.2,740.3,556.5,1044.3,813.2,932.8,802.7
33019CORN01,NH,Sullivan County,CORN01,1616,18,1494,7,1,9,0,9,78,1382,10,1293,7,0,8,0,7,57,400.7,570.5,430.6,570.6,430.6,551.5,379.5,481.3,679.5,408.7,692.6,381.6,468.3,660.9,420.6,564.2,379.5,481.3,483.7,613.5,441.8,573.5
33019CROY01,NH,Sullivan County,CROY01,801,9,742,0,3,5,0,7,35,667,7,612,0,3,5,0,7,33,271.3,126.4,261.4,137.4,242.3,150.4,220.3,109.3,172.5,319.3,187.5,288.3,96.3,400.5,258.3,138.1,220.3,109.3,336.1,152.1,286.2,140
33019GOSH01,NH,Sullivan County,GOSH01,796,9,756,3,1,1,0,4,22,657,7,623,3,1,1,0,4,18,260,153,247,177,242,164,209,115,186,284,208,254,118,349,249.7,164.7,209,115,295.7,170.7,263.6,160.1
33019GRAN01,NH,Sullivan County,GRAN01,3404,64,3095,13,12,56,1,15,148,2770,35,2552,8,12,43,1,13,106,699,1265,834,1214,855,1162,731,1087,1669,747,1686,690,1158,1210,796,1213.7,731,1087,882.3,1504.3,823.7,1320.1
33019LANG01,NH,Sullivan County,LANG01,651,14,610,0,0,2,0,3,22,557,11,523,0,0,2,0,3,18,196.4,183.7,193.4,185.8,201.4,178.7,168.5,136,205.9,198.4,214.9,180.5,139,262.3,197,182.7,168.5,136,213.7,186.6,200.1,177.7
33019LEMP01,NH,Sullivan County,LEMP01,1118,28,1018,2,6,4,0,1,59,905,16,836,1,6,0,0,0,46,428,226,405,250,388,231,311,184,274,440,301,387,145,552,407,235.7,311,184,459.7,240,415.9,230.1
33019NEWP01,NH,Sullivan County,NEWP01,6299,121,5753,17,16,36,1,14,341,5104,66,4742,14,16,31,0,14,221,1665,1085,1555,1203,1600,1122,1296,742,1301,1773,1475,1522,716,2332,1606.7,1136.7,1296,742,1875.7,1164,1677.6,1092
33019PLFD01,NH,Sullivan County,PLFD01,2459,53,2220,14,2,45,0,12,113,1999,34,1829,12,0,32,0,6,86,458,957,511,926,528,888,478,777,1135,522,1145,481,817,823,499,923.7,478,777,608.7,1032.3,543,949.3
33019SPRI01,NH,Sullivan County,SPRI01,1259,26,1147,5,2,6,0,12,61,1032,19,946,4,2,6,0,12,43,437.7,368.4,449.3,373.6,437.8,361.2,408.9,281.4,465.5,451.3,487.4,417,316.8,593.5,441.6,367.7,408.9,281.4,487.2,423.2,456.5,379.2
33019SUNA01,NH,Sullivan County,SUNA01,3342,66,3057,8,6,37,0,30,138,2782,38,2585,8,6,26,0,19,100,1042.4,926.7,1133.3,904.7,1120.3,890.7,1091.4,711,1307.2,1084.4,1320.2,1038.5,762.9,1614.7,1098.7,907.4,1091.4,711,1245.9,1130.1,1160.7,974.8
33019UNIT01,NH,Sullivan County,UNIT01,1518,19,1413,7,5,2,0,2,70,1311,13,1223,6,2,1,0,2,64,473,281,403,331,401,334,389,190,335,531,283,565,189,674,425.7,315.3,389,190,590,269,490.9,277.6
33019WASH01,NH,Sullivan County,WASH01,1192,19,1108,2,0,1,0,9,53,990,12,932,2,0,0,0,6,38,400,247,401,268,397,258,338,194,314,467,349,431,207,577,399.3,257.7,338,194,491.7,290,430.1,262.4
