GEOID20,state,county,vtd,pop,pop_hisp,pop_white,pop_black,pop_aian,pop_asian,pop_nhpi,pop_other,pop_two,vap,vap_hisp,vap_white,vap_black,vap_aian,vap_asian,vap_nhpi,vap_other,vap_two,pre_16_dem_cli,pre_16_rep_tru,uss_18_dem_whi,uss_18_rep_fla,gov_18_dem_rai,gov_18_rep_fun,atg_18_dem_ner,sos_18_dem_gor,sos_18_rep_cor,pre_20_dem_bid,pre_20_rep_tru,uss_20_dem_ree,uss_20_rep_wat,arv_16,adv_16,arv_18,adv_18,arv_20,adv_20,nrv,ndv
44001440101,RI,Bristol County,440101,3104,133,2570,42,4,187,0,18,150,2281,69,1970,29,4,126,0,15,68,985.3,499.8,877,466.5,819.1,408.6,1039.5,936.9,381,1200.1,529.2,1247.6,460.8,499.8,985.3,418.7,918.1,495,1223.8,457.7,1015.1
44001440102,RI,Bristol County,440102,3824,138,3326,47,0,146,0,7,160,2934,87,2629,34,0,99,0,3,82,1364.4,695.3,1272.5,574.5,1182.6,507.2,1438.7,1330.8,477.8,1761.3,635.7,1772.4,594.1,695.3,1364.4,519.8,1306.1,614.9,1766.8,580.7,1446.1
44001440103,RI,Bristol County,440103,2885,95,2507,7,1,122,0,12,141,2065,57,1835,5,1,84,0,11,72,1108.9,458.1,967.9,465.4,1012,349.6,1147.7,1026.9,378.4,1352.1,442.5,1333.8,461.6,458.1,1108.9,397.8,1038.6,452.1,1343,426,1135.6
44001440104,RI,Bristol County,440104,3741,134,3169,27,0,246,0,11,154,2713,72,2399,12,0,155,0,6,69,1228.4,564.6,1092.9,517.1,1030.6,459.2,1278,1146.1,429,1507.8,599.4,1531.8,548.9,564.6,1228.4,468.4,1136.9,574.1,1519.8,519.7,1259.4
44001440105,RI,Bristol County,440105,3599,123,3064,27,0,223,0,6,156,2671,86,2340,11,0,161,0,3,70,1349.2,616.2,1242.1,613.4,1218.7,493.3,1429,1307,507.1,1764.6,615.6,1755.5,609.6,616.2,1349.2,537.9,1299.2,612.6,1760.1,575.9,1438
44001440201,RI,Bristol County,440201,1985,57,1830,5,2,13,0,14,64,1604,36,1500,3,2,11,0,10,42,497.6,468.7,461,391.7,404.2,340.7,600.6,510.1,322.4,609.3,540,684.3,441.8,468.7,497.6,351.6,494,490.9,646.8,417.6,538.2
44001440202,RI,Bristol County,440202,1485,89,1299,18,5,16,0,4,54,1306,65,1167,16,5,10,0,0,43,373.3,184.7,360.7,167.3,331.7,137.3,387.8,372.3,131.5,473.8,212.7,500.9,174.1,184.7,373.3,145.4,363.1,193.4,487.4,167.9,400.1
44001440203,RI,Bristol County,440203,3108,86,2891,10,0,42,0,14,65,2715,61,2555,6,0,34,0,14,45,1199.1,833.7,1125,765.6,1044.9,662.5,1438.2,1271.1,581.5,1460.2,852.8,1564.4,711.6,833.7,1199.1,669.9,1219.8,782.2,1512.3,734.6,1300.4
44001440204,RI,Bristol County,440204,3040,115,2762,35,0,34,0,6,88,2664,86,2446,26,0,29,0,6,71,814.5,529.1,778.3,458.9,692.8,406.5,908.8,824.6,367.7,951.2,614.6,1043,484.6,529.1,814.5,411,801.1,549.6,997.1,476.9,859
44001440205,RI,Bristol County,440205,3062,79,2828,18,1,28,0,16,92,2469,51,2308,15,1,21,0,12,61,814.5,735.2,757.7,627.5,639.2,560,976,868.3,473.8,950.6,853.6,1084.7,660.8,735.2,814.5,553.8,810.3,757.2,1017.6,651.8,870.1
44001440206,RI,Bristol County,440206,2966,124,2683,50,7,22,0,9,71,2557,98,2329,49,7,18,0,9,47,723,493,683,406,561,373,828,732,328,833,632,980,458,493,723,369,701,545,906.5,448.3,762.9
44001440207,RI,Bristol County,440207,3566,304,2815,216,32,45,0,1,153,3437,280,2731,216,30,44,0,1,135,568.7,305.3,523.3,291.7,497.3,252.7,633.2,568.7,227.5,646.2,295.3,680.1,246.9,305.3,568.7,257.3,555.6,271.1,663.1,269.9,588.2
44001440208,RI,Bristol County,440208,2581,80,2331,46,6,26,0,5,87,2253,64,2069,37,3,20,0,4,56,643,411,576,342,483,297,654,610,280,727,480,799,384,411,643,306.3,580.8,432,763,365.7,641.7
44001440209,RI,Bristol County,440209,700,25,628,8,2,5,1,1,30,601,18,552,2,0,5,0,0,24,134,103,131,61,108,72,148,132,49,170,95,180,76,103,134,60.7,129.8,85.5,175,76,143.3
44001443401,RI,Bristol County,443401,3595,141,3151,85,15,40,0,21,142,2999,98,2691,71,9,32,0,12,86,664.2,449.2,601.2,318.1,539.1,280.1,660.2,623.2,272.1,964.2,535.2,1025.2,424.1,449.2,664.2,290.1,605.9,479.7,994.7,379.8,725.3
44001443402,RI,Bristol County,443402,3469,84,3163,35,1,37,0,5,144,2856,63,2641,23,1,23,0,4,101,848.6,795.5,777.5,647.5,675.5,589.4,987.7,880.6,507.4,1103.7,903.6,1219.8,743.5,795.5,848.6,581.4,830.3,823.6,1161.7,697.8,927.6
44001443403,RI,Bristol County,443403,4083,136,3654,56,9,47,0,19,162,3466,92,3172,43,6,37,0,12,104,1198.7,762.6,1104.3,583.7,963.1,530.8,1251.5,1188.1,465.1,1496.8,846.3,1614.7,678.6,762.6,1198.7,526.5,1126.8,762.4,1555.7,644.5,1259.6
44003440601,RI,Kent County,440601,2223,125,1881,41,9,33,0,13,121,1735,72,1516,27,7,26,0,10,77,380.3,546.6,384.7,413.5,296.4,384.8,516.6,441.2,343.9,516.8,611.7,604.8,511.5,546.6,380.3,380.7,409.7,561.6,560.8,468.7,448.7
44003440602,RI,Kent County,440602,880,44,758,7,3,6,0,5,57,689,28,611,6,1,6,0,4,33,102.2,113.4,105.7,99.7,74.7,97.9,129.7,118.6,83.3,131.4,149.5,152.1,128.8,113.4,102.2,93.6,107.2,139.2,141.7,112.1,116.3
44003440603,RI,Kent County,440603,3399,126,3065,49,6,36,0,14,103,2718,74,2511,30,4,25,0,12,62,768.3,1040.6,742.2,811,572.7,812.6,1000,837.3,687.1,1017.9,1163.9,1166.9,971.6,1040.6,768.3,770.2,788,1067.8,1092.4,914.5,872.2
44003440604,RI,Kent County,440604,2210,74,2006,7,7,37,1,3,75,1786,43,1666,0,7,29,1,2,38,398.3,531.8,404.2,396.2,313.5,387.2,523,464.1,327.3,545,592.7,652.8,457,531.8,398.3,370.2,426.2,524.8,598.9,448.7,471.6
44003440605,RI,Kent County,440605,1950,65,1771,13,1,12,0,13,75,1584,45,1459,5,1,12,0,6,56,393.3,594.4,405.2,458,294.8,477.7,536.7,458.1,393.8,489.6,652.4,560.8,569.3,594.4,393.3,443.2,423.7,610.8,525.2,524.3,448.4
44003440606,RI,Kent County,440606,1190,44,1065,21,0,7,0,5,48,960,27,879,19,0,2,0,5,28,216.5,337.8,200.7,271.4,156.2,262.4,290.5,241.5,222.3,257.3,423.4,317,351,337.8,216.5,252.1,222.2,387.2,287.1,311.4,240
44003440607,RI,Kent County,440607,2665,78,2441,17,0,29,0,11,89,2137,57,1977,10,0,27,0,9,57,626.6,708.5,622.3,575.5,510.5,568.3,821.4,715.3,472.3,828.3,846.5,925.2,722.8,708.5,626.6,538.7,667.4,784.7,876.8,649,721.4
44003440608,RI,Kent County,440608,3013,115,2682,24,5,43,0,13,131,2377,69,2141,19,4,34,0,11,99,571.3,697.6,554.3,551.1,425.2,554,725.2,607.2,469.1,772.2,821.4,877,695,697.6,571.3,524.7,578,758.2,824.6,631.4,647.5
44003440609,RI,Kent County,440609,1941,38,1818,4,1,10,0,9,61,1615,29,1529,4,0,9,0,9,35,399.6,633.5,415,513.4,317.7,511,570.8,478.5,435.6,563.4,682.2,642.5,582.7,633.5,399.6,486.7,445.5,632.5,602.9,559.7,483.9
44003440610,RI,Kent County,440610,1690,88,1465,19,9,29,0,2,78,1393,56,1236,17,4,19,0,2,59,271,334,286,246,239,230,359,328,202,355,368,417,289,334,271,226,303,328.5,386,278.2,322.1
44003440611,RI,Kent County,440611,1574,40,1450,8,1,20,1,2,52,1370,23,1292,5,0,11,1,1,37,414.6,499.4,390.5,400.1,330.7,371.2,539.9,462.8,309.5,526.4,556.3,578.5,481.1,499.4,414.6,360.3,431,518.7,552.4,436.3,463.3
44003440612,RI,Kent County,440612,2288,87,2073,18,5,23,0,4,78,1904,54,1751,15,5,21,0,3,55,472.6,524.7,424.6,373.5,324.1,377.5,523,471.8,310.3,582,596.3,654.3,506,524.7,472.6,353.8,435.9,551.1,618.1,448,493.2
44003440613,RI,Kent County,440613,2081,65,1839,22,6,52,0,13,84,1750,42,1584,16,4,45,0,10,49,389.2,460,372.2,353.3,285.8,340.3,452.1,406.7,309.7,484.7,518.4,528.3,451.7,460,389.2,334.4,379.2,485.1,506.5,405.6,417
44003440614,RI,Kent County,440614,1097,22,1020,11,0,7,0,1,36,1022,11,966,10,0,5,0,0,30,229,216.4,199.1,151.3,171.1,125.4,245.3,211.2,129.2,279,249.4,320,200.3,216.4,229,135.3,206.7,224.9,299.5,178.7,236.4
44003440615,RI,Kent County,440615,2177,72,1963,7,4,27,0,10,94,1745,48,1610,0,4,22,0,7,54,468.9,649.6,465.3,539.5,375.1,523.8,655.5,537.9,455.5,610.3,713.8,698.3,586.2,649.6,468.9,506.2,508.5,650,654.3,578.1,544.5
44003440616,RI,Kent County,440616,2479,81,2200,29,3,60,4,2,100,1955,49,1796,23,2,37,3,2,43,551.2,749.6,550.5,575.2,457.1,563.3,751.9,660.8,439.7,672.6,837.2,791.8,692.4,749.6,551.2,526.1,605.1,764.8,732.2,642.9,633.7
44003440617,RI,Kent County,440617,1894,46,1758,9,0,23,1,1,56,1523,34,1417,9,0,21,1,1,40,340.7,525.2,360.6,419.4,249.9,426.4,455.2,398.5,365.2,460,626.7,528.9,533.4,525.2,340.7,403.7,366,580,494.4,482.7,399.1
44003440618,RI,Kent County,440618,937,19,872,5,3,4,0,0,34,770,11,720,3,2,2,0,0,32,186,280,198,214,179,206,273,227,181,254,312,279,278,280,186,200.3,219.2,295,266.5,245.2,228
44003440901,RI,Kent County,440901,811,25,680,5,0,46,0,5,50,592,15,502,5,0,37,0,5,28,239.6,160.5,194.5,155.9,178.9,155.7,249.6,219.8,121.5,293.9,184.2,313.3,164.6,160.5,239.6,144.4,210.7,174.4,303.6,157.1,241.4
44003440902,RI,Kent County,440902,3628,143,3103,36,0,211,0,13,122,2764,99,2386,30,0,156,0,13,80,966.1,799.4,883.3,746.5,822.4,671.7,1220.6,1001,588.8,1279.5,812.4,1326.4,763.5,799.4,966.1,669,981.8,787.9,1302.9,730.4,1071.3
44003440903,RI,Kent County,440903,3143,168,2698,54,6,76,2,1,138,2524,107,2219,37,5,58,2,1,95,932.6,569.2,912.6,520.7,819,477.4,1080,959.1,450,1160.1,615.4,1194.6,575,569.2,932.6,482.7,942.7,595.2,1177.3,534.6,1008.3
44003440904,RI,Kent County,440904,3362,118,2883,17,1,227,0,20,96,2541,66,2259,13,1,138,0,20,44,909.7,740.2,908.8,679.6,792.7,646.9,1155.8,1009.9,537.8,1250,797.7,1322.4,727.2,740.2,909.7,621.4,966.8,762.5,1286.2,688.2,1049.9
44003440905,RI,Kent County,440905,3368,141,2762,32,1,263,1,17,151,2426,80,2039,25,1,204,0,9,68,975.1,852.2,876.2,780.3,830.2,704.4,1192.9,960.1,663.4,1249.9,817.3,1305.8,764.3,852.2,975.1,716,964.9,790.8,1277.8,763.6,1055.8
44003443501,RI,Kent County,443501,3044,99,2782,32,1,21,0,8,101,2673,69,2483,31,1,18,0,8,63,1059,741,1044,737,875,720,1317,1148,593,1338,742,1431,656,741,1059,683.3,1096,699,1384.5,698.2,1173.1
44003443502,RI,Kent County,443502,3003,180,2591,51,2,57,0,4,118,2489,126,2185,40,1,44,0,4,89,938,722,910,640,717,638,1161,1010,511,1210,795,1343,650,722,938,596.3,949.5,722.5,1276.5,659.3,1041.3
44003443503,RI,Kent County,443503,2103,231,1620,57,6,67,0,11,111,1676,155,1340,43,3,57,0,6,72,487,379,448,313,371,298,559,505,240,616,436,687,352,379,487,283.7,470.8,394,651.5,336.3,524.7
44003443504,RI,Kent County,443504,2595,196,2182,46,5,72,1,4,89,2184,130,1921,34,0,44,1,4,50,886,502.6,902.7,408.8,761.3,404.9,1037.2,975,313.3,1129.3,467.3,1187.4,420,502.6,886,375.6,919,443.7,1158.3,419.5,982.7
44003443505,RI,Kent County,443505,1356,131,1070,34,1,44,0,2,74,1117,91,914,27,1,42,0,2,40,300.2,292.9,297,212.9,240.5,203.6,353.2,337.4,162.2,393.9,316.2,441,263.5,292.9,300.2,192.9,307,289.9,417.4,241.9,337.6
44003443506,RI,Kent County,443506,1531,124,1228,35,15,50,0,11,68,1227,82,1010,31,10,40,0,6,48,295.6,298.6,295.4,248.3,220.4,241.3,362.5,321.5,212.2,403.3,344.4,469.3,274.4,298.6,295.6,233.9,300,309.4,436.3,269.9,338.3
44003443507,RI,Kent County,443507,712,41,615,13,0,10,0,4,29,612,28,543,13,0,8,0,2,18,172.5,129.4,170.5,108.3,130.3,98.3,192.6,173.5,93.3,219.6,133.4,235.6,113.3,129.4,172.5,100,166.7,123.4,227.6,112.7,184.9
44003443508,RI,Kent County,443508,3294,331,2519,108,8,127,2,20,179,2647,248,2114,75,8,90,2,12,98,692.2,593.2,697.1,442,548.5,447.3,807.6,741.4,371.1,888.9,668.3,1004.8,537.3,593.2,692.2,420.1,698.6,602.8,946.8,509.9,768.6
44003443509,RI,Kent County,443509,832,50,664,34,0,38,0,1,45,703,33,594,27,0,28,0,1,20,181,148,171,117,142,111,223,199,85,217,165,254,121,148,181,104.3,183.8,143,235.5,124.5,198.1
44003443510,RI,Kent County,443510,1784,58,1602,12,1,36,0,12,63,1443,46,1320,8,1,29,0,6,33,536.5,436.5,530.6,376.6,379.6,399.2,653.2,574.8,310,638.5,489.4,713.1,405.1,436.5,536.5,361.9,534.6,447.3,675.8,402.8,575.2
44003443511,RI,Kent County,443511,3483,182,2988,45,6,107,0,24,131,3004,128,2636,29,5,90,0,20,96,829,725,789,577,638,551,952,838,476,1062,762,1157,617,725,829,534.7,804.2,689.5,1109.5,618,895
44003443512,RI,Kent County,443512,2507,204,2023,90,6,72,0,12,100,2070,131,1724,74,6,64,0,5,66,522,507,535,353,406,379,669,589,291,717,525,789,431,507,522,341,549.8,478,753,414.3,603.9
44003443513,RI,Kent County,443513,3222,215,2765,57,5,54,0,13,113,2649,150,2327,48,5,47,0,6,66,683.6,676.1,655.5,552.5,501,544.1,858.6,753.8,428,864.4,695,1003,543.3,676.1,683.6,508.2,692.2,619.2,933.7,573.2,760
44003443514,RI,Kent County,443514,4181,262,3520,89,7,117,0,10,176,3428,170,2968,70,4,100,0,6,110,921.1,905.1,929,719.6,698.7,747.5,1192.5,1024.2,578.3,1240.8,969.3,1361.2,816.8,905.1,921.1,681.8,961.1,893.1,1301,789.5,1052.5
44003443515,RI,Kent County,443515,4059,268,3427,75,12,92,0,18,167,3345,179,2898,59,6,72,0,17,114,863,887.8,858,685.2,703.1,638.6,1058.7,938.5,552.2,1154,957.4,1318.8,768.7,887.8,863,625.3,889.6,863,1236.4,748.3,984.9
44003443516,RI,Kent County,443516,1146,71,957,19,4,41,0,6,48,919,42,792,19,4,32,0,6,24,239,256,225,197,168,195,267,252,163,291,278,327,223,256,239,185,228,250.5,309,218.7,252.7
44003443517,RI,Kent County,443517,1302,82,1091,15,4,43,0,8,59,1054,56,906,14,4,37,0,6,31,260,314,264,221,200,225,327,294,181,333,315,391,252,314,260,209,271.2,283.5,362,251.3,295.6
44003443518,RI,Kent County,443518,3876,205,3320,71,2,104,3,14,157,3216,126,2827,60,1,82,3,12,105,877.3,933,840.7,781.8,681.6,748.1,1127.6,960.8,617,1103,1049.2,1271.8,864.4,933,877.3,715.6,902.7,956.8,1187.4,832.3,980.4
44003443519,RI,Kent County,443519,3896,212,3362,60,8,69,0,13,172,3223,133,2847,37,8,59,0,13,126,865.6,942.5,877.5,714.2,679.4,724,1067.9,942.7,611.9,1137.2,1014.6,1277.6,847.2,942.5,865.6,683.3,891.9,930.9,1207.4,809.1,978.3
44003443520,RI,Kent County,443520,3565,249,2924,59,14,110,0,11,198,2908,154,2464,39,14,87,0,8,142,687.4,668,692.1,482.7,533.8,510.4,818.6,765.1,389.3,922.3,784.9,1058.7,623.4,668,687.4,460.8,702.4,704.1,990.5,576.4,782.6
44003443521,RI,Kent County,443521,3118,210,2594,72,2,94,0,26,120,2514,130,2175,46,2,66,0,15,80,650.1,664.8,621.9,517.5,496.4,515.2,769.6,686.1,411.2,844.9,731.6,981.8,586.1,664.8,650.1,481.3,643.5,658.9,913.3,571.1,721.5
44003443522,RI,Kent County,443522,2297,156,1921,51,9,43,4,5,108,1841,88,1600,26,8,33,4,4,78,484.5,525.5,469.5,398.4,353.4,375.4,575.6,514.6,331.3,662.7,583.6,746.8,485.5,525.5,484.5,368.3,478.3,534.5,704.8,449.9,543.9
44003443523,RI,Kent County,443523,3097,131,2722,44,11,70,0,10,109,2539,69,2302,34,7,50,0,3,74,847,814,803,675,671,626,1080,965,481,1074,835,1214,684,814,847,594,879.8,759.5,1144,685.8,950.6
44003443524,RI,Kent County,443524,2259,122,1933,31,6,38,0,14,115,1815,71,1602,27,6,32,0,8,69,576.8,585.5,534.2,429.7,416.3,437.4,663.3,597.6,346.6,659.5,585.1,729.1,497.2,585.5,576.8,404.6,552.9,541.1,694.3,480.2,596.7
44003443525,RI,Kent County,443525,2683,109,2333,44,6,68,0,8,115,2262,78,2023,29,5,46,0,4,77,642,659,623,529,519,504,773,678,437,858,660,929,578,659,642,490,648.2,619,893.5,561.2,717.4
44003443526,RI,Kent County,443526,1061,23,990,11,1,12,0,6,18,967,13,919,8,1,11,0,4,11,248,182,243,169,211,153,306,256,144,347,231,379,198,182,248,155.3,254,214.5,363,179.5,284.3
44003443527,RI,Kent County,443527,2283,56,2114,19,4,19,0,9,62,2020,38,1889,18,4,13,0,6,52,619.7,572.6,627.6,497.7,535.4,460.7,805.3,696.9,403.3,828.9,589,888,541.8,572.6,619.7,453.9,666.3,565.4,858.5,510.8,714.5
44003443528,RI,Kent County,443528,1579,109,1266,52,1,101,0,7,43,1340,76,1100,45,1,80,0,7,31,376,272,348,218,278,223,424,381,179,489,292,524,260,272,376,206.7,357.8,276,506.5,240.7,402.9
44003443529,RI,Kent County,443529,2803,162,2286,54,0,195,2,13,91,2471,122,2087,42,0,144,2,9,65,631,593.1,631.9,478,503.1,450.4,790.2,682.7,392.8,786.9,600.1,896.3,483.6,593.1,631,440.4,652,541.8,841.6,499.7,703.2
44003443530,RI,Kent County,443530,3283,110,2778,86,0,197,0,19,93,2818,79,2445,72,0,148,0,15,59,1064.5,968.3,1033.5,822.7,861.8,785.1,1328.8,1160.7,647.1,1477.9,982.9,1601.2,818.4,968.3,1064.5,751.7,1096.2,900.6,1539.5,837.4,1218.3
44003443531,RI,Kent County,443531,3254,142,2887,18,3,96,0,19,89,2654,95,2397,16,3,70,0,11,62,1069.8,892.5,940.6,861.4,858.5,769.2,1314.2,1077.8,682.1,1291.3,980.5,1363.4,887.4,892.5,1069.8,770.9,1047.8,933.9,1327.4,845.5,1130.8
44003443532,RI,Kent County,443532,2070,208,1462,65,9,216,0,24,86,1683,138,1260,46,7,164,0,16,52,358.3,335.6,335.4,228.3,268.9,243.6,399.9,369.6,188,496.8,364.7,540.1,303.3,335.6,358.3,220,343.5,334,518.4,277.2,395.6
44003443533,RI,Kent County,443533,1545,90,1271,27,3,70,1,16,67,1278,57,1088,23,3,51,1,11,44,368,358,308,273,256,266,415,331,241,433,393,497,324,358,368,260,327.5,358.5,465,309.2,372.6
44003443701,RI,Kent County,443701,1896,27,1751,13,6,25,0,7,67,1543,18,1439,13,5,23,0,3,42,379.5,594.5,372.6,480.5,263.7,488.4,535.1,420.2,416.1,518.2,688.5,584.6,605.2,594.5,379.5,461.7,397.9,646.9,551.4,545.6,439.1
44003443702,RI,Kent County,443702,1900,45,1641,17,2,114,0,15,66,1559,27,1381,14,2,87,0,13,35,301.9,444,325.6,328.4,255.1,327.6,417.5,367.4,273.6,437.9,478.2,488.6,409.1,444,301.9,309.9,341.4,443.7,463.3,376.8,370.6
44003443703,RI,Kent County,443703,1345,39,1203,6,0,29,0,5,63,1041,30,955,4,0,17,0,2,33,227,444,241,357,200,334,355,280,312,304,508,349,444,444,227,334.3,269,476,326.5,399.8,279.4
44003443704,RI,Kent County,443704,1387,37,1233,15,4,13,0,12,73,1134,25,1044,8,4,13,0,5,35,219.2,419.6,264.7,392.7,215.5,370.5,427.2,316.5,330.1,389,511.5,434.1,451.7,419.6,219.2,364.4,306,481.6,411.6,412.7,323.8
44003443801,RI,Kent County,443801,3804,330,3042,126,17,53,0,36,200,3099,225,2561,101,15,44,0,29,124,551.1,556,510.3,421.8,404.3,409.8,636.4,566.5,349.8,762.3,696.9,878.5,551.4,556,551.1,393.8,529.4,624.1,820.4,497.6,615.6
44003443802,RI,Kent County,443802,3015,330,2312,83,30,55,1,5,199,2400,230,1914,65,21,46,1,2,121,374,352.5,345.9,242.6,256.7,240.1,386.9,360.4,211.8,510.8,412.4,580.5,321.9,352.5,374,231.5,337.5,367.2,545.7,296.9,402.2
44003443803,RI,Kent County,443803,1517,177,1149,48,4,45,0,23,71,1156,103,920,31,4,29,0,16,53,244.9,242,228.3,167.8,161,164.9,256.6,248.8,136.6,285.9,279.1,339.6,215.7,242,244.9,156.5,223.7,247.4,312.7,201,252.2
44003443804,RI,Kent County,443804,4813,419,3850,124,22,125,3,27,243,3960,288,3301,82,20,99,3,24,143,928,1033.5,906,772.7,696,792.9,1186.9,1004.7,641.4,1241.5,1098.7,1409.3,905,1033.5,928,735.6,948.4,1001.9,1325.4,874,1053.2
44003443805,RI,Kent County,443805,2456,257,1976,69,6,36,0,5,107,1954,178,1615,58,3,28,0,4,68,372.5,404.4,373,255,287.3,247.6,439.1,397.6,219.8,528.8,427.5,605.4,327.5,404.4,372.5,240.8,374.2,377.5,567.1,313.6,429.1
44003443806,RI,Kent County,443806,1725,140,1378,70,4,52,1,5,75,1400,83,1176,47,4,46,1,4,39,327.5,363.9,330.7,270.4,256.7,268.1,419.6,369,216.9,428.4,385.2,487.9,317.5,363.9,327.5,251.8,344,351.3,458.1,303.7,374.2
44003443807,RI,Kent County,443807,4440,317,3643,93,11,141,0,33,202,3733,219,3144,75,11,114,0,25,145,936.4,859.9,815.5,650.3,642.2,629.2,1026.6,886.1,559.6,1121.7,997.4,1254.6,836.5,859.9,936.4,613,842.6,917,1188.1,755.5,954.7
44003443808,RI,Kent County,443808,3480,305,2813,54,2,133,2,15,156,2752,195,2300,39,2,109,2,4,101,738.4,849.8,701.8,669,551.1,649.1,934.3,791.4,552.2,936,941.4,1094.6,736.5,849.8,738.4,623.4,744.7,839,1015.3,733,821.1
44003443809,RI,Kent County,443809,2811,127,2349,70,3,123,0,13,126,2406,82,2066,50,3,109,0,13,83,445.5,435.7,414.7,343.9,336.9,354.4,541.5,465.1,276,589.1,486.8,644.4,404.8,435.7,445.5,324.8,439.5,445.8,616.7,383.6,491
44003443810,RI,Kent County,443810,2951,272,2361,70,20,55,2,7,164,2365,174,1982,54,13,41,2,6,93,469.4,472.5,469,325.4,366.7,310.3,558.3,512.8,266.2,634,601.3,741.8,468.2,472.5,469.4,300.6,476.7,534.7,687.9,407.3,536
44005441501,RI,Newport County,441501,2736,64,2533,16,6,17,0,10,90,2281,41,2144,14,6,12,0,8,56,1103.9,548.8,1066.7,539,1000.5,448.8,1388.2,1112.4,446.4,1509.8,635.2,1582.1,550.1,548.8,1103.9,478.1,1141.9,592.6,1546,528,1251.9
44005441502,RI,Newport County,441502,2823,62,2641,23,1,26,0,11,59,2407,42,2276,19,1,23,0,10,36,1071,596.8,1101.8,543.1,964.3,520,1372.8,1132.7,466.4,1288.8,573.4,1372.9,474.1,596.8,1071,509.8,1142.9,523.7,1330.8,529,1186.3
44005441801,RI,Newport County,441801,3616,65,3402,8,0,14,1,20,106,3048,42,2898,6,0,11,1,11,79,1123.2,794.6,1114,765.8,1054.3,633,1392.9,1196.7,646.4,1471.2,919.9,1538.9,829.2,794.6,1123.2,681.7,1189.5,874.6,1505,764.8,1270.2
44005441901,RI,Newport County,441901,2206,78,1988,13,2,36,0,12,77,1775,43,1645,8,1,28,0,10,40,721.1,475.4,696,396.1,668.3,331.6,813.2,715.4,338.9,971.6,500,1000.1,417.4,475.4,721.1,355.5,723.2,458.7,985.9,409.9,798
44005441902,RI,Newport County,441902,2641,103,2339,59,4,43,0,10,83,2196,77,1970,43,3,33,0,7,63,878,552,794,433,738,392,893,813,382,1078,566,1119,470,552,878,402.3,809.5,518,1098.5,465.8,901.9
44005441903,RI,Newport County,441903,2867,168,2272,109,7,78,8,28,197,2383,112,1942,93,7,69,6,26,128,876.1,468.4,782.6,380.7,705.6,335,860.2,806.1,328.8,1098,504.6,1123.2,437.9,468.4,876.1,348.2,788.7,471.3,1110.6,409.2,893.1
44005441904,RI,Newport County,441904,5525,626,3659,441,20,293,9,100,377,4297,394,3004,335,19,232,9,76,228,1099.4,707.2,965.6,563,877.8,473.2,1123.3,1019.5,477.2,1441.9,733.8,1509.8,604,707.2,1099.4,504.5,996.6,668.9,1475.8,593,1148.2
44005441905,RI,Newport County,441905,3836,378,2853,184,10,119,3,32,257,2937,223,2300,136,7,94,1,18,158,730.8,557.6,712.9,442,635.8,394.5,815.8,741.6,395.5,1019.5,595.2,1070.9,489.4,557.6,730.8,410.7,726.5,542.3,1045.2,479,818.2
44005442101,RI,Newport County,442101,2047,233,1604,59,3,30,0,17,101,1748,162,1420,54,3,26,0,15,68,663.3,262.8,611.9,209.5,560.4,176.4,647.7,619.2,172.7,810.3,275.6,814,251.7,262.8,663.3,186.2,609.8,263.7,812.1,224.8,675.2
44005442102,RI,Newport County,442102,4468,808,2816,349,56,68,1,51,319,3468,481,2418,259,34,51,1,29,195,656.4,222.6,1063.7,346.3,942.9,294.4,1104.6,1062.7,316.4,1452.3,459.2,1465.2,375.4,222.6,656.4,319.1,1043.5,417.3,1458.7,335.7,1106.8
44005442103,RI,Newport County,442103,1667,314,1105,88,2,27,0,26,105,1366,210,980,77,2,22,0,24,51,466.9,143,413.9,126,366.9,117,418.9,415.9,108,546.9,159,548.9,134,143,466.9,117,403.9,146.5,547.9,131.2,454.1
44005442104,RI,Newport County,442104,983,67,824,20,2,10,1,3,56,872,51,764,16,2,8,0,2,29,347,114,332,100,318,83,337,335,86,447,107,449,95,114,347,89.7,330.5,101,448,97.5,366.4
44005442105,RI,Newport County,442105,2959,173,2456,95,23,34,0,40,138,2696,130,2298,84,22,30,0,31,101,888,380,808,328,780,247,869,831,275,1125,375,1136,314,380,888,283.3,822,344.5,1130.5,319.8,919.6
44005442106,RI,Newport County,442106,4821,249,4174,118,5,69,0,33,173,4486,211,3952,109,4,66,0,29,115,1011,487,913,391,880,321,960,915,344,1299,485,1292,435,487,1011,352,917,460,1295.5,410.5,1038.6
44005442107,RI,Newport County,442107,3480,243,2983,71,2,35,0,22,124,2962,172,2594,58,1,31,0,12,94,900,580,924,427,835,371,981,933,364,1190,538,1245,436,580,900,387.3,918.2,487,1217.5,452.7,1001.1
44005442108,RI,Newport County,442108,1811,282,1199,159,7,38,0,15,111,1562,191,1111,137,7,30,0,13,73,529,165,502,120,473,102,490,497,117,656,177,633,168,165,529,113,490.5,172.5,644.5,141.5,540
44005442109,RI,Newport County,442109,2927,606,1363,413,68,127,11,31,308,2343,386,1257,326,45,119,11,24,175,793.6,272.2,240.4,36.2,219.2,33,227.9,238,33,325.5,70.9,316.5,52.7,272.2,793.6,34.1,231.4,61.8,321,83,337.3
44005442701,RI,Newport County,442701,252,3,234,2,0,0,0,3,10,224,1,211,2,0,0,0,3,7,53,40,55,20,50,14,52,51,17,73,43,75,42,40,53,17,52,42.5,74,29.3,58.4
44005442702,RI,Newport County,442702,510,15,452,9,4,11,0,0,19,429,13,385,5,4,9,0,0,13,140,118,144,104,134,89,177,161,86,203,118,201,109,118,140,93,154,113.5,202,104,165.7
44005442703,RI,Newport County,442703,2976,118,2629,62,11,27,0,6,123,2468,72,2242,44,7,21,0,5,77,815.4,557.8,783.1,442.2,713.3,380.6,858.4,822.5,376.5,1097.5,575.9,1114.2,536.9,557.8,815.4,399.8,794.3,556.4,1105.9,478.3,886.4
44005442704,RI,Newport County,442704,3866,136,3471,33,3,42,2,16,163,3132,82,2894,24,1,41,1,11,78,1055.4,856.2,1017.7,659,910.7,578.7,1184.2,1069.2,568.8,1440.8,866.1,1536,744.2,856.2,1055.4,602.2,1045.4,805.2,1488.4,712.2,1173.4
44005442705,RI,Newport County,442705,1646,84,1336,69,1,45,2,9,100,1296,61,1077,54,1,35,2,7,59,353.5,286.1,311.4,248.8,291.3,213.5,365,329.6,216.5,460.4,322.2,472.6,290,286.1,353.5,226.3,324.3,306.1,466.5,262.8,369.1
44005442706,RI,Newport County,442706,1261,29,1121,15,3,25,0,7,61,963,17,872,15,3,21,0,6,29,349.1,309.2,331.2,278.3,328.1,211.5,424.9,366,234.4,459.8,312.2,472.8,297.2,309.2,349.1,241.4,362.6,304.7,466.3,273.8,390.3
44005442707,RI,Newport County,442707,3627,151,3203,45,4,65,4,18,137,2860,84,2580,34,3,51,4,13,91,1049.6,872.1,963.4,751.5,928.2,612.3,1200.5,1035.9,637.8,1367.2,880.9,1468.2,758.5,872.1,1049.6,667.2,1032,819.7,1417.7,752.2,1144.7
44005442708,RI,Newport County,442708,3733,112,3328,38,6,87,0,12,150,3055,74,2776,26,3,72,0,9,95,1150.5,890.7,1100.6,732.3,1078.7,578.5,1305.5,1162.1,622.7,1592.6,887.8,1686.8,797.6,890.7,1150.5,644.5,1161.7,842.7,1639.7,751.6,1296.7
44005443301,RI,Newport County,443301,3210,95,2930,22,1,58,2,1,101,2749,67,2566,17,1,44,1,1,52,772.3,654,718.5,511.3,702.9,440.9,875.9,761.5,433.1,1006.9,756.6,1067.5,625.6,654,772.3,461.7,764.7,691.1,1037.2,570.3,843.6
44005443302,RI,Newport County,443302,3489,125,3133,53,5,33,2,20,118,2890,85,2640,30,5,30,0,16,84,739.1,745.9,686.3,512.3,608.4,451.7,806.4,729.5,432.5,928.5,768,979.4,641.1,745.9,739.1,465.5,707.6,704.5,953.9,591.9,782.5
44005443303,RI,Newport County,443303,1703,37,1567,10,5,16,2,4,62,1498,28,1396,7,5,16,2,2,42,455,421,420,293,409,240,488,456,235,591,424,603,369,421,455,256,443.2,396.5,597,330.3,488.9
44005443304,RI,Newport County,443304,2187,54,2006,21,0,23,0,3,80,1752,38,1630,18,0,16,0,2,48,638.6,577.1,581.2,461.4,571.7,388.4,728.7,631,376.4,807.6,595.4,847.1,502.3,577.1,638.6,408.7,628.2,548.8,827.4,483.5,686.6
44005443305,RI,Newport County,443305,566,7,519,9,0,2,0,4,25,464,7,433,8,0,0,0,4,12,148,129,127,97,116,78,150,129,83,173,145,185,124,129,148,86,130.5,134.5,179,109.3,146.9
44005443306,RI,Newport County,443306,3318,61,3037,25,0,29,0,20,146,2709,38,2531,18,0,21,0,16,85,718,767.1,617.5,506.2,571.3,418.6,731.8,665.8,421.5,870.6,806.5,936.6,666.7,767.1,718,448.8,646.6,736.6,903.6,597.8,730.2
44005443307,RI,Newport County,443307,1886,46,1737,7,4,16,1,15,60,1574,31,1479,6,4,11,1,9,33,618.8,532.3,572.4,464,580.5,377.4,690.3,612.5,384.1,831.2,557.5,845.5,501.1,532.3,618.8,408.5,613.9,529.3,838.3,469.4,678.7
44005ZZZZZZ,RI,Newport County,ZZZZZZ,0,0,0,0,0,0,0,0,0,0,0,0,0,0,0,0,0,0,0,0,0,0,0,0,0,0,0,0,0,0,0,0,0,0,0,0,0,0,0
44007440301,RI,Providence County,440301,3321,123,3054,15,7,11,0,1,110,2627,83,2449,11,6,11,0,1,66,468.4,700.4,490.9,569.6,356,555.9,618.3,551.3,472.1,597.5,889.4,699,749.2,700.4,468.4,532.5,504.1,819.3,648.3,656.1,540.2
44007440302,RI,Providence County,440302,2673,126,2402,28,0,9,3,4,101,2146,79,1969,20,0,8,2,2,66,444,751.3,425.5,600.4,267,606.1,588.8,520.8,479.7,542.6,861,590.3,779,751.3,444,562.1,450.5,820,566.5,679.6,482.7
44007440303,RI,Providence County,440303,3294,91,3030,22,9,17,3,21,101,2655,50,2489,15,1,13,3,18,66,580.9,909,607.2,770.8,447.2,769.5,813.7,682.1,659.3,815.2,1113,895.1,993.5,909,580.9,733.2,637.5,1053.3,855.1,869.2,691.6
44007440304,RI,Providence County,440304,2066,77,1888,5,3,13,1,10,69,1630,42,1534,2,3,7,0,3,39,312.1,463.1,345.5,369.1,221.2,386.4,414.6,380.2,311.6,407.2,511.7,472.4,425.4,463.1,312.1,355.7,340.4,468.6,439.8,411.2,364.8
44007440305,RI,Providence County,440305,2406,62,2233,11,0,12,0,4,84,1924,35,1828,4,0,9,0,4,44,367.1,611.6,381.6,508.5,261.8,520.1,525.5,447.4,428.8,540.8,753.6,614.8,685.6,611.6,367.1,485.8,404.1,719.6,577.8,584.7,448.4
44007440306,RI,Providence County,440306,2398,76,2206,12,0,13,0,8,83,1947,42,1825,7,0,11,0,8,54,390,701.8,403.7,545.4,325.5,523.9,575.8,472.1,445.7,539.6,775.1,611.9,664.7,701.8,390,505,444.3,719.9,575.7,609.5,474.1
44007440401,RI,Providence County,440401,4582,2549,1087,450,13,45,1,112,325,3512,1877,950,367,10,37,0,77,194,603.7,93.9,342.6,59,296,66.2,347.9,340.8,52.8,542,157.4,523.2,109.1,93.9,603.7,59.3,331.8,133.3,532.6,89.7,428
44007440402,RI,Providence County,440402,2526,1805,379,108,4,14,0,74,142,1704,1168,311,70,4,8,0,45,98,283,64,192,32,168,34,187,186,32,237,114,237,66,64,283,32.7,183.2,90,237,57,212.9
44007440403,RI,Providence County,440403,4598,3213,688,260,11,26,4,105,291,3160,2133,560,161,8,25,4,61,208,670.3,92.6,391.9,55.1,366.2,48.2,389.8,390.8,44.3,560.1,215,546.3,116.9,92.6,670.3,49.2,384.7,165.9,553.2,95.3,473.6
44007440404,RI,Providence County,440404,3348,2396,521,122,2,10,2,73,222,2422,1705,440,89,0,10,2,45,131,564,81,360,46,328,51,352,362,38,524,148,508,79,81,564,45,350.5,113.5,516,73.8,428.3
44007440405,RI,Providence County,440405,1607,1131,226,50,1,0,0,103,96,1102,730,191,41,1,0,0,65,74,248.1,41,154.1,19,149.1,16,156.1,161.1,12,209.1,79,205.1,43,41,248.1,15.7,155.1,61,207.1,35,183.2
44007440406,RI,Providence County,440406,1899,994,578,108,2,4,0,62,151,1423,699,513,57,2,3,0,48,101,304.2,138.7,228.9,60.4,207.1,56.5,232.8,241.8,47.6,326,171.4,333.9,99.1,138.7,304.2,54.8,227.7,135.3,330,95.6,267.8
44007440407,RI,Providence County,440407,939,651,128,66,0,1,0,27,66,679,457,106,44,0,0,0,19,53,155,32,93,19,83,15,98,96,15,138,56,131,25,32,155,16.3,92.5,40.5,134.5,27,113.4
44007440408,RI,Providence County,440408,3084,2013,539,173,1,21,0,132,205,2170,1355,444,140,0,12,0,82,137,484.7,98.9,320.5,77.2,292.8,66.3,322.5,325.4,66.3,471.8,146.4,452,102.9,98.9,484.7,69.9,315.3,124.6,461.9,93,381.4
44007440701,RI,Providence County,440701,5189,2823,1394,344,9,448,0,49,122,3943,1977,1241,249,9,354,0,31,82,962,415,771.6,303.1,593.9,426.1,826.4,782.9,277.5,984.9,553.5,1039.3,414.1,415,962,335.6,743.7,483.8,1012.1,398.2,851.6
44007440702,RI,Providence County,440702,3908,1583,1456,313,13,360,2,26,155,2961,1093,1241,240,10,253,0,16,108,681.4,354.9,570.5,248.8,443.3,318.8,619.4,573.6,227.5,828.5,466.4,908.3,325.3,354.9,681.4,265,551.7,395.8,868.4,323.6,660.7
44007440703,RI,Providence County,440703,2314,418,1613,96,7,55,0,11,114,1868,259,1416,73,5,42,0,4,69,401.6,461.1,419.5,332.2,278.7,449.2,529.6,434.4,303.5,537.5,520.6,629.7,398.7,461.1,401.6,361.6,415.5,459.7,583.6,410.9,461.6
44007440704,RI,Providence County,440704,864,208,452,78,0,85,0,2,39,676,134,406,54,0,57,0,2,23,195.5,108.4,172.1,79.3,131.8,104.4,202,177,69.3,218.2,120.6,238.3,92.5,108.4,195.5,84.3,170.7,106.6,228.2,95.7,190.7
44007440705,RI,Providence County,440705,990,314,433,81,5,109,0,8,40,733,184,366,59,4,93,0,7,20,181,132,180,99,115,148,208,174,100,238,146,250,125,132,181,115.7,169.2,135.5,244,125,192.3
44007440706,RI,Providence County,440706,2929,99,2604,46,4,93,0,14,69,2338,57,2119,38,4,73,0,10,37,628.4,1142.4,625.5,954.8,385,1157.1,1047.6,754.4,788.6,803.3,1116,987,899.1,1142.4,628.4,966.8,703.1,1007.6,895.2,1009.7,747.3
44007440707,RI,Providence County,440707,2729,113,2386,29,1,108,0,9,83,2153,75,1912,26,1,84,0,7,48,670.4,926.2,706.2,823.2,414.6,1029.3,1060.5,802,689.1,847.9,1030.8,1039.2,819.2,926.2,670.4,847.2,745.8,925,943.6,886.3,791.5
44007440708,RI,Providence County,440708,3349,216,2748,80,4,183,0,23,95,2701,141,2284,52,3,141,0,23,57,760.2,902.5,814.9,725.4,516.4,939.3,1102.5,922.4,578.1,1035.8,970.1,1197,764.2,902.5,760.2,747.6,839.1,867.2,1116.4,813.3,907
44007440709,RI,Providence County,440709,5074,592,3783,303,19,237,3,21,116,4350,502,3250,297,18,185,3,20,75,942,1145,980,980,602,1252,1383,1111,789,1204,1201,1424,943,1145,942,1007,1019,1072,1314,1051.7,1092.3
44007440710,RI,Providence County,440710,2976,460,2017,119,18,211,0,15,136,2396,298,1732,100,18,151,0,12,85,841.4,511.1,786.8,451.1,562,579.3,912.8,819,389.9,1058.8,586.6,1122.2,503.1,511.1,841.4,473.4,770.2,544.8,1090.5,503.5,871.9
44007440711,RI,Providence County,440711,2874,228,2369,58,7,78,0,14,120,2395,148,2043,52,4,62,0,11,75,597.2,722.3,583.9,600.4,367.7,733.2,796.1,658.1,500.9,829.9,797.7,948.8,649.5,722.3,597.2,611.5,601.4,723.6,889.3,667.3,683.1
44007440712,RI,Providence County,440712,2818,200,2367,31,2,147,3,4,64,2428,127,2120,26,2,108,3,2,40,743,904,712,811,506,948,1106,806,698,926,898,1050,736,904,743,819,782.5,817,988,832.5,835.6
44007440713,RI,Providence County,440713,2888,339,2212,44,4,194,1,7,87,2419,228,1936,43,3,151,1,4,53,696.1,741.8,648.5,653.5,443.3,796.3,919.3,723.9,540.5,876.6,764.6,991.7,631.7,741.8,696.1,663.4,683.7,698.1,934.1,688,757.1
44007440714,RI,Providence County,440714,951,229,435,62,4,148,0,11,62,748,149,380,47,4,121,0,11,36,170.3,130.9,154.5,95.5,114.2,121.1,163.4,147.6,94.5,204.7,156.5,228.4,127,130.9,170.3,103.7,144.9,141.7,216.5,120.9,169
44007440715,RI,Providence County,440715,2081,260,1436,83,5,151,0,17,129,1702,178,1259,59,5,118,0,9,74,532.4,404.6,487.5,328.6,319.6,448.5,583.4,506.4,288.7,648.3,433.5,704.2,357.6,404.6,532.4,355.3,474.2,395.6,676.2,376.9,540.3
44007440716,RI,Providence County,440716,3041,231,2476,93,9,135,1,7,89,2627,144,2226,67,8,116,1,2,63,665.4,700.2,616.7,543.9,422.3,679.7,810.3,660.4,469.4,770.8,757.3,923.2,563.4,700.2,665.4,564.3,627.4,660.3,847,619,695.6
44007440717,RI,Providence County,440717,1358,289,803,119,3,67,1,16,60,1077,204,695,85,3,49,1,10,30,349,205,320,153,242,202,366,334,133,444,183,448,159,205,349,162.7,315.5,171,446,172.5,357.6
44007440718,RI,Providence County,440718,1386,149,1007,53,1,101,0,8,67,1126,100,861,43,0,72,0,8,42,372,325,350,282,236,358,443,374,242,434,369,488,298,325,372,294,350.8,333.5,461,312.3,385.3
44007440719,RI,Providence County,440719,2515,212,1895,64,0,261,2,8,73,2101,153,1637,57,0,195,2,6,51,592,650,542,544,343,675,768,599,464,687,697,814,534,650,592,561,563,615.5,750.5,594,620.7
44007440720,RI,Providence County,440720,759,52,631,9,1,39,1,1,25,616,26,540,9,0,25,1,0,15,211,226,222,210,157,255,302,240,183,267,227,290,195,226,211,216,230.2,211,278.5,216,241.3
44007440721,RI,Providence County,440721,3419,663,1919,186,15,436,0,37,163,2745,468,1667,146,11,326,0,31,96,916.2,519.8,843.3,427.1,612.3,573,949.3,865,372.6,1054.9,583.1,1125.6,483.1,519.8,916.2,457.6,817.5,533.1,1090.2,493.1,909.5
44007440722,RI,Providence County,440722,2328,637,1212,122,9,256,0,20,72,1759,410,998,100,8,185,0,12,46,468,314,410,237,274,334,483,418,218,523,364,590,277,314,468,263,396.2,320.5,556.5,290.7,452.3
44007440723,RI,Providence County,440723,5015,1321,2580,373,15,448,4,56,218,4068,971,2220,308,15,380,4,38,132,1302.3,345.1,1195.7,289.1,997.6,356.1,1207.6,1211.7,247.1,1518.7,414,1544.8,349,345.1,1302.3,297.4,1153.1,381.4,1531.7,333.4,1282.6
44007440724,RI,Providence County,440724,2490,198,2028,73,4,57,1,9,120,2066,130,1757,55,4,45,1,7,67,1047,300,1024,281,912,309,1085,1058,224,1322,290,1310,271,300,1047,271.3,1019.8,280.5,1316,279.2,1108.3
44007440725,RI,Providence County,440725,4607,1222,2489,334,6,313,0,45,198,3623,819,2124,258,6,239,0,37,140,1280.7,555,1180.9,483.8,879,630,1261.3,1215,413.4,1536.9,650.1,1605,536,555,1280.7,509.1,1134,593,1571,544.7,1279.8
44007440726,RI,Providence County,440726,3115,798,1607,209,9,355,0,21,116,2442,547,1381,156,8,265,0,12,73,606,345.8,563.9,268.2,411.2,351.4,608.1,574,246,763.4,379.4,828.1,297,345.8,606,288.5,539.3,338.2,795.8,314.6,622.1
44007440727,RI,Providence County,440727,1502,180,1121,60,6,48,2,8,77,1226,122,958,50,6,39,2,5,44,496,224.4,514.3,176.2,424.7,206.1,552.8,522,163.7,606.7,217.7,637.6,183.9,224.4,496,182,503.5,200.8,622.1,195.3,536.3
44007440728,RI,Providence County,440728,1209,365,486,324,12,16,0,2,4,1177,361,465,319,10,16,0,2,4,9,2,18,7,13,9,15,15,9,7,11,10,6,2,9,8.3,15.2,8.5,8.5,7.3,12.4
44007440729,RI,Providence County,440729,398,103,137,137,7,11,0,0,3,397,103,137,137,6,11,0,0,3,0,0,0,0,0,0,0,0,0,0,0,0,0,0,0,0,0,0,0,0,0
44007440730,RI,Providence County,440730,4307,204,3648,50,7,244,0,25,129,3367,125,2943,36,4,183,0,14,62,837.4,1376.3,844.5,1218.3,583.2,1386.1,1343.5,949.6,1065.4,1074.8,1516,1300.7,1261.3,1376.3,837.4,1223.3,930.2,1388.7,1187.8,1303.9,990.5
44007440731,RI,Providence County,440731,3551,361,2710,75,6,299,1,15,84,2962,268,2362,60,5,210,1,11,45,708,890,703,694,435,893,968,764,587,933,947,1067,752,890,708,724.7,717.5,849.5,1000,793.8,796.9
44007440801,RI,Providence County,440801,2490,95,1889,50,1,342,2,14,97,1994,64,1578,41,0,233,2,12,64,521.5,448,530.7,358.6,455.4,326.1,665.4,579.7,292.5,694.5,517.3,757,433.8,448,521.5,325.7,557.8,475.5,725.7,396,600.6
44007440802,RI,Providence County,440802,2505,89,2214,22,0,104,0,7,69,1976,65,1778,18,0,64,0,7,44,755.3,610.6,694.3,507.3,616.1,445.2,919.8,784.5,384.1,925,639.8,998,526.8,610.6,755.3,445.5,753.7,583.3,961.5,518.9,813.3
44007440803,RI,Providence County,440803,3640,164,2992,75,4,268,0,12,125,2864,103,2442,53,2,182,0,12,70,831,744,771,555,650,522,957,865,432,1004,828,1072,710,744,831,503,810.8,769,1038,631.8,878.6
44007440804,RI,Providence County,440804,1034,42,840,28,1,101,0,0,22,852,28,708,23,1,80,0,0,12,151,185,181,159,161,148,217,190,140,291,262,305,226,185,151,149,187.2,244,298,186.7,213.7
44007440805,RI,Providence County,440805,3522,212,3004,49,0,84,0,34,139,2803,127,2478,33,0,64,0,22,79,868,734,815,572,676,556,982,881,466,1048,866,1145,728,734,868,531.3,838.5,797,1096.5,653.7,916.4
44007440806,RI,Providence County,440806,2884,144,2512,23,3,94,0,30,78,2376,97,2125,17,3,66,0,24,44,851.9,645.8,730.2,487.8,654.6,424,894.1,798,381.8,991.3,680.2,1064.9,558.5,645.8,851.9,431.2,769.2,619.3,1028.1,529.7,855
44007440807,RI,Providence County,440807,4007,99,3563,25,4,144,1,28,143,2977,47,2716,15,3,106,1,19,70,983.1,1009.2,938.8,824,835.3,745,1298.1,1069.9,656.8,1369.2,1084.9,1419.7,1005.2,1009.2,983.1,742,1035.5,1045.1,1394.4,887.5,1130.6
44007440808,RI,Providence County,440808,3634,108,3236,25,2,102,1,8,152,2845,71,2597,19,2,63,1,6,86,956,954,907,832,851,725,1245,1022,649,1289,995,1350,874,954,956,735.3,1006.2,934.5,1319.5,838.2,1088.6
44007440809,RI,Providence County,440809,1195,38,1080,10,1,19,0,0,47,950,17,889,6,1,12,0,0,25,286.6,321.3,264.8,282.6,248.9,231.1,383.8,314.4,219.2,390.7,356,422.4,319.3,321.3,286.6,244.3,303,337.7,406.6,288.2,330.2
44007440810,RI,Providence County,440810,3666,856,2380,139,11,39,0,54,187,2904,577,2030,87,7,31,0,37,135,744.2,387.7,636.5,271.9,515.8,261,669.7,648.3,241.6,808.7,502.8,846.6,379.2,387.7,744.2,258.2,617.6,441,827.7,340.7,695.7
44007440811,RI,Providence County,440811,3364,408,2592,136,10,39,2,41,136,2680,266,2145,104,10,26,2,29,98,779.9,628.1,719,466.9,603.5,436.5,876.9,795.7,357.2,921.7,739,1017.3,562.6,628.1,779.9,420.2,748.8,650.8,969.5,531.7,816.3
44007440812,RI,Providence County,440812,3109,369,2448,81,3,74,0,28,106,2542,228,2110,52,3,58,0,23,68,688.5,501.4,621.4,394.7,548.2,351.4,745.2,664.9,323.5,852.3,594,908.8,480.3,501.4,688.5,356.5,644.9,537.2,880.5,440.9,718.5
44007440813,RI,Providence County,440813,1355,68,1169,14,2,49,0,3,50,1092,61,949,12,0,38,0,3,29,266,286,249,201,219,184,302,268,165,339,367,386,297,286,266,183.3,259.5,332,362.5,250,289.9
44007441001,RI,Providence County,441001,3327,244,2623,134,11,48,0,67,200,2660,152,2172,109,11,37,0,47,132,941.3,612.6,885.2,495.2,799.7,425.6,1049.3,974.8,384.7,1186.7,643.3,1278.2,529.7,612.6,941.3,435.2,927.3,586.5,1232.4,515.2,1016.5
44007441002,RI,Providence County,441002,3130,201,2217,232,17,31,0,114,318,2655,139,1938,199,15,27,0,89,248,741.7,380.1,688.1,280.9,614.2,249.3,718,708.1,220.9,917.1,443.6,950.8,352,380.1,741.7,250.4,682.1,397.8,934,321.1,762.6
44007441003,RI,Providence County,441003,2059,180,1283,169,16,42,0,108,261,1668,122,1084,140,15,36,0,92,179,514,228,446,159,384,165,459,448,143,554,265,574,207,228,514,155.7,434.2,236,564,194.5,482.7
44007441004,RI,Providence County,441004,2869,141,2395,101,12,42,0,32,146,2449,92,2106,84,11,41,0,21,94,858.7,545.4,839.1,447.5,741.2,391.7,973.3,926.3,328,1033,544.4,1086.8,447.5,545.4,858.7,389,870,496,1059.9,450.7,922.6
44007441005,RI,Providence County,441005,2180,108,1783,77,7,26,0,28,151,1806,79,1511,66,7,25,0,19,99,823.1,383.3,741.4,368.8,697.6,310.4,880.5,810.5,268.5,968.1,369.7,980.7,337.6,383.3,823.1,315.9,782.5,353.7,974.4,339.7,843.1
44007441006,RI,Providence County,441006,319,23,194,17,1,4,0,15,65,263,13,172,16,1,3,0,14,44,73,44.6,58.6,23.9,48.6,24.2,61.7,61.7,17.7,86,65.6,96.7,48.3,44.6,73,22,57.7,57,91.4,37.4,69.5
44007441007,RI,Providence County,441007,612,135,358,59,4,6,0,16,34,440,68,300,36,4,4,0,11,17,83.7,47.3,62.2,34,62.2,25.7,67.2,67.2,23.2,88.7,57.2,92,40.6,47.3,83.7,27.6,64.7,48.9,90.4,38,74.7
44007441008,RI,Providence County,441008,4948,491,3323,356,19,54,1,217,487,4061,335,2820,294,18,47,1,164,382,964,412.2,910.3,279.1,795,278.1,910.2,924.2,234.4,1198.6,552.1,1248.1,426,412.2,964,263.9,884.9,489.1,1223.3,363.7,992.9
44007441009,RI,Providence County,441009,5158,458,3749,215,6,63,0,168,499,4240,304,3245,175,6,50,0,133,327,1048.8,587.6,976.2,408.2,811.5,405.1,1033.8,1013.2,335,1203.6,664.5,1310.3,486.3,587.6,1048.8,382.8,958.7,575.4,1257,481.1,1056.8
44007441010,RI,Providence County,441010,3989,303,2779,302,10,184,3,101,307,3369,202,2409,260,10,158,2,90,238,1005,434,941,359,836,348,1044,991,276,1336,635,1427,491,434,1005,327.7,953,563,1381.5,423.8,1082.9
44007441011,RI,Providence County,441011,3729,226,2694,205,17,278,0,117,192,3213,142,2430,186,17,208,0,101,129,900.8,578.5,887,453.9,774.2,432.1,1011.5,963.1,352,1150,631.8,1214.2,505.3,578.5,900.8,412.7,909,568.6,1182.1,492.3,985.8
44007441012,RI,Providence County,441012,1843,109,1488,64,5,31,0,14,132,1548,65,1294,51,2,25,0,11,100,447.1,302.4,433.2,236.6,374.3,207.6,479.1,457.1,195.6,589.9,315.4,638.8,265.5,302.4,447.1,213.3,435.9,290.4,614.3,253.9,488.5
44007441013,RI,Providence County,441013,3072,280,2393,135,12,36,1,26,189,2523,185,2040,97,12,31,1,20,137,849.3,512.3,815.9,409.5,677.5,372.6,939.9,855,342.8,1058.9,568.2,1116.3,465.5,512.3,849.3,375,822.1,516.9,1087.6,445.1,901.8
44007441014,RI,Providence County,441014,3142,195,2513,125,7,68,0,47,187,2613,114,2178,101,5,59,0,31,125,809.3,600.1,837.2,409.6,718.6,362.5,946.6,892.3,316.4,1057.2,626.3,1136.4,502.9,600.1,809.3,362.8,848.7,564.6,1096.8,469.6,914
44007441015,RI,Providence County,441015,1015,26,899,31,1,3,0,6,49,950,25,847,30,1,2,0,6,39,374,222,386,192,353,168,457,403,156,480,212,504,167,222,374,172,399.8,189.5,492,186.2,422.4
44007441016,RI,Providence County,441016,1569,46,1429,7,0,12,0,19,56,1298,21,1206,7,0,8,0,18,38,460.8,396,472.4,361.3,406.1,310,606.9,543.7,274.4,600.5,431.7,665.5,351.2,396,460.8,315.2,507.3,391.4,633,354.1,536.5
44007441017,RI,Providence County,441017,2938,80,2575,75,1,28,0,43,136,2498,64,2227,54,0,18,0,28,107,844,646.1,834.6,491.4,689.6,459.6,985.7,897,389.3,1054.5,710.3,1129.9,591.5,646.1,844,446.8,851.7,650.9,1092.2,548,919.3
44007441018,RI,Providence County,441018,1240,82,969,46,1,28,0,27,87,999,35,837,30,1,18,0,18,60,322.8,252.7,346.7,184.9,295,190.8,401.5,382.2,133.3,399.4,249.1,433.8,198.2,252.7,322.8,169.7,356.3,223.7,416.6,201.5,368.8
44007441201,RI,Providence County,441201,2412,41,2244,14,7,19,0,15,72,2011,21,1877,14,7,19,0,15,58,508.9,691,536.7,548.2,410.2,535.8,670.9,590.4,474.4,625.9,817.5,693.9,716,691,508.9,519.5,552.1,766.8,659.9,630.5,576.7
44007441202,RI,Providence County,441202,2057,50,1911,10,0,14,0,2,70,1668,22,1570,7,0,14,0,2,53,457.5,679.2,455.8,577.6,368.8,552.2,605.8,525.7,486.9,598.8,760.2,636.6,687.2,679.2,457.5,538.9,489,723.7,617.7,623.9,521.3
44007441301,RI,Providence County,441301,3461,75,3200,23,0,15,0,16,132,2767,39,2605,17,0,12,0,6,88,631.2,1014.8,631.3,834,496.6,816.8,870.3,742.8,688.1,901.3,1178.3,992.2,1044.2,1014.8,631.2,779.6,685.3,1111.3,946.8,929.4,752.3
44007441302,RI,Providence County,441302,3511,89,3251,6,2,22,0,20,121,2840,43,2679,6,2,19,0,13,78,736,1048,703,832,520,823,914,748,749,923,1187,1020,1066,1048,736,801.3,721.2,1126.5,971.5,950.8,794.9
44007441303,RI,Providence County,441303,843,29,759,2,2,6,0,7,38,672,9,632,2,2,3,0,5,19,136.8,235.6,137.8,196.6,101.8,188.7,174.7,154.7,175.7,192.7,268.5,200.6,247.6,235.6,136.8,187,142.2,258,196.6,218.8,157
44007441304,RI,Providence County,441304,2159,82,1962,12,0,16,0,12,75,1799,46,1662,12,0,15,0,12,52,535.5,683.1,556.3,536,440.9,524.6,719.9,629.3,439.2,696.1,787.4,786,668.1,683.1,535.5,499.9,586.6,727.8,741.1,606.4,623.4
44007441601,RI,Providence County,441601,2238,333,1665,68,1,94,0,7,70,1839,236,1436,47,0,76,0,1,43,485.9,544,441.9,359.1,319.7,399.6,558.5,476.9,303.6,570.3,603.9,657.5,473.5,544,485.9,354.1,449.2,538.7,613.9,447.3,501.5
44007441602,RI,Providence County,441602,2425,242,1972,54,2,69,0,7,79,2103,170,1780,47,2,51,0,4,49,473,634.6,487.9,457,381.2,478,638.6,550.8,358.2,565.8,699.5,694.5,511.9,634.6,473,431.1,514.6,605.7,630.1,523.2,541.7
44007441603,RI,Providence County,441603,3315,649,2232,166,6,113,0,17,132,2695,440,1949,114,0,101,0,14,77,564,617.4,530.1,400,417.8,416,657.4,567.2,333.8,693.2,661.5,809.5,505.1,617.4,564,383.3,543.1,583.3,751.4,489,605.6
44007441604,RI,Providence County,441604,3115,342,2397,114,3,156,0,6,97,2617,235,2097,98,2,116,0,5,64,522.7,767.9,536.7,541.6,416.5,584.7,730.9,575.8,477.5,645.9,850,778,664.8,767.9,522.7,534.6,565,757.4,712,647.8,600.9
44007441605,RI,Providence County,441605,2364,195,1996,33,0,52,0,10,78,1915,132,1666,29,0,44,0,5,39,493,646,459,492,356,511,641,512,409,565,762,683,603,646,493,470.7,492,682.5,624,570.5,529.9
44007441606,RI,Providence County,441606,713,104,498,43,0,18,0,8,42,593,70,442,32,0,16,0,1,32,98,132,95,72,75,84,115,93,74,149,156,186,111,132,98,76.7,94.5,133.5,167.5,104.8,115.9
44007441607,RI,Providence County,441607,889,180,634,38,1,12,0,7,17,699,106,541,21,1,12,0,5,13,185.1,219.6,161.2,161.1,120.6,172.8,221.3,183.7,130.9,205.7,248,250.6,184.6,219.6,185.1,154.9,171.7,216.3,228.2,186.2,189.7
44007441608,RI,Providence County,441608,3443,698,2305,135,7,148,2,19,129,2777,474,1975,95,7,127,2,14,83,575.8,757.5,540.6,482.5,415.8,513.6,688.3,578,411,733.6,746,866.5,552.5,757.5,575.8,469,555.7,649.3,800.1,577.2,628.4
44007441609,RI,Providence County,441609,2168,243,1737,69,2,51,2,8,56,1869,174,1556,46,2,45,2,8,36,439.3,620.8,408.1,456.5,331.6,448.7,595.4,491,352.4,508.1,669.5,653.4,462,620.8,439.3,419.2,456.5,565.7,580.8,501.6,489.6
44007441610,RI,Providence County,441610,3444,389,2764,111,1,59,3,11,106,2758,244,2324,74,1,43,0,5,67,694.3,857.3,627.4,680.1,524,659.4,887.2,723.8,558,846.1,961.6,1013.3,741.1,857.3,694.3,632.5,690.6,851.4,929.7,742.9,759.4
44007441611,RI,Providence County,441611,1735,184,1412,55,0,38,0,4,42,1468,131,1221,46,0,33,0,4,33,397.9,436.9,335.9,319.9,259.9,326.9,451.9,365.9,275.9,451.9,458.9,541.9,338.9,436.9,397.9,307.6,353.4,398.9,496.9,359.6,400.8
44007441612,RI,Providence County,441612,1828,175,1521,26,2,47,0,16,41,1548,130,1307,21,0,42,0,13,35,370.1,599.1,388.1,426.1,304.1,435.1,518.1,436.1,355.1,441.1,658.1,559.1,510.1,599.1,370.1,405.4,411.6,584.1,500.1,497.3,431
44007441613,RI,Providence County,441613,1891,110,1656,37,2,23,0,12,51,1568,57,1423,24,1,17,0,10,36,400.3,708.6,368.4,564.5,303.4,526.5,631.1,464,442.6,517.6,727.5,627.6,571.4,708.6,400.3,511.2,441.7,649.5,572.6,590.2,473.2
44007441701,RI,Providence County,441701,3444,147,2900,41,3,201,0,15,137,2712,99,2344,28,3,149,0,13,76,748.1,1110.5,718.1,876.6,629.2,832.2,1089.3,803.2,753.9,1009.1,1185.9,1174.3,986.8,1110.5,748.1,820.9,810,1086.4,1091.7,957.7,881.6
44007441702,RI,Providence County,441702,1607,80,1392,16,1,50,1,4,63,1317,52,1154,9,0,46,1,3,52,446.5,356.5,432.5,291.4,380.4,266.4,551.7,472.6,233.3,584.6,416.5,643.7,348.4,356.5,446.5,263.7,459.3,382.5,614.2,318.8,501.7
44007441703,RI,Providence County,441703,3366,278,2641,140,0,84,1,28,194,2566,176,2103,92,0,61,1,18,115,566,571,517,413,434,374,658,562,358,707,638,810,528,571,566,381.7,542.8,583,758.5,480.3,607.7
44007441704,RI,Providence County,441704,3478,334,2758,96,9,75,0,27,179,2732,207,2286,65,3,50,0,16,105,786.9,784.3,751.8,604.2,603.6,598.3,982.3,821.3,510.5,1020.6,818.5,1151.5,668.3,784.3,786.9,571,789.8,743.4,1086,664,874
44007441705,RI,Providence County,441705,2212,127,1886,43,3,40,0,9,104,1738,75,1526,30,2,31,0,6,68,579.4,591.3,572.3,446.2,451.3,415.2,745.4,637.4,365.2,771.4,609.3,844.5,512.3,591.3,579.4,408.9,601.6,560.8,807.9,489.9,657.4
44007441706,RI,Providence County,441706,603,24,523,20,0,15,0,5,16,478,17,423,11,0,14,0,5,8,190.5,178.4,169.3,155,149.9,146,226.1,189.5,125.7,216.9,193.6,252.3,155.1,178.4,190.5,142.2,183.7,174.3,234.6,158.9,199.2
44007441707,RI,Providence County,441707,798,72,634,8,1,30,0,6,47,644,52,518,8,1,26,0,6,33,180,191,179,154,167,146,236,198,133,229,206,255,161,191,180,144.3,195,183.5,242,165.2,206.3
44007441708,RI,Providence County,441708,2943,116,2469,32,8,173,0,33,112,2396,85,2052,22,5,137,0,27,68,808.2,757,745.2,609.8,620.2,614,987,809.8,518.2,936.7,785,1064.3,626.9,757,808.2,580.7,790.5,706,1000.5,651.8,853
44007441709,RI,Providence County,441709,1396,47,1144,16,1,144,0,5,39,1192,29,1013,12,0,109,0,5,24,299,315,271,238,230,222,364,310,190,357,317,408,258,315,299,216.7,293.8,287.5,382.5,256.7,319.9
44007441710,RI,Providence County,441710,1239,143,972,18,0,32,0,23,51,994,75,839,9,0,23,0,16,32,351.1,284.3,323.4,205,271.5,189.8,391.5,348.8,168.4,438.9,294.7,495.7,227.9,284.3,351.1,187.7,333.8,261.3,467.3,228.4,374.4
44007441711,RI,Providence County,441711,1443,134,1115,28,4,71,0,30,61,1120,91,890,20,4,60,0,21,34,321.6,231.2,277,174.4,238.6,164.8,325.1,317.8,130.6,369.2,275.5,410.6,216.1,231.2,321.6,156.6,289.6,245.8,389.9,198.8,322.8
44007442401,RI,Providence County,442401,1573,195,1146,128,0,29,0,18,57,1304,137,1000,89,0,28,0,16,34,381.2,341.2,387.1,249.2,302,264,489.2,434.5,194.8,480.9,327.4,534,249.2,341.2,381.2,236,403.2,288.3,507.5,271,429.8
44007442402,RI,Providence County,442402,2688,489,1710,253,7,76,1,29,123,2216,361,1486,200,7,56,0,27,79,600.2,432.9,501.5,309.6,390.7,344.1,612.6,549.7,242.6,710.9,451,750.6,362.8,432.9,600.2,298.8,513.6,406.9,730.8,357.1,588
44007442403,RI,Providence County,442403,2845,256,2052,199,4,190,3,25,116,2515,197,1906,144,1,158,3,22,84,539,510,502,349,406,358,620,502,318,665,511,742,373,510,539,341.7,507.5,442,703.5,403.2,568
44007442404,RI,Providence County,442404,1247,154,928,86,1,18,0,8,52,1013,103,789,66,1,13,0,7,34,287.1,269.3,291,215.1,223,221,369,323.6,176.6,404.5,283.1,453.8,212.1,269.3,287.1,204.2,301.6,247.6,429.1,229.5,336
44007442405,RI,Providence County,442405,1906,234,1352,158,2,82,0,17,61,1557,166,1155,116,1,71,0,10,38,445.9,348.6,411.9,264.9,329,278,505,437.4,232.4,541.5,369.8,586.1,291.9,348.6,445.9,258.4,420.8,330.9,563.8,297.6,465.3
44007442406,RI,Providence County,442406,2689,490,1871,175,5,31,0,27,90,2159,316,1594,133,4,30,0,21,61,606,532,565,401,463,406,739,623,329,752,531,819,410,532,606,378.7,597.5,470.5,785.5,434.8,652.4
44007442407,RI,Providence County,442407,2356,270,1687,169,4,90,0,23,113,1922,197,1454,114,3,69,0,17,68,594,608,553,451,411,489,752,612,384,685,634,778,475,608,594,441.3,582,554.5,731.5,506.8,626.4
44007442408,RI,Providence County,442408,2778,442,1903,166,15,65,1,28,158,2253,296,1639,114,14,59,0,22,109,534.9,425.3,504.4,279.8,412.5,272.6,597.6,550.2,221.8,679.2,446.2,750.7,330.3,425.3,534.9,258.1,516.2,388.3,715,329.3,575.6
44007442409,RI,Providence County,442409,1365,225,947,92,5,19,0,12,65,1157,148,857,75,4,18,0,9,46,286,223.2,277,152.5,220.2,146.5,317.9,289,129.5,375.7,231.2,398.6,171.4,223.2,286,142.8,276,201.3,387.1,175.7,309.2
44007442410,RI,Providence County,442410,1750,156,1301,110,4,89,0,18,72,1542,112,1209,86,2,69,0,13,51,445.7,420.4,439.9,275,328.3,303,555.8,479.8,219.8,548.6,430.3,635.9,298.5,420.4,445.7,265.9,450.9,364.4,592.2,324.5,490.6
44007442411,RI,Providence County,442411,2036,189,1587,88,2,79,0,19,72,1741,125,1424,73,0,62,0,11,46,535.5,652.1,483.6,492.6,394.9,500.6,724.9,571.4,377.9,648.1,641.1,746.8,464.7,652.1,535.5,457,543.7,552.9,697.5,521.5,586.4
44007442412,RI,Providence County,442412,2615,422,1705,262,5,61,0,30,130,2141,310,1485,189,5,50,0,21,81,538.5,487,464,299.6,371.2,314.3,572.5,510,238,653.3,510.9,737,373.1,487,538.5,283.9,479.4,442,695.2,370.5,549.5
44007442413,RI,Providence County,442413,1646,323,956,188,5,36,0,32,106,1370,245,854,141,5,28,0,28,69,328,274.6,289.6,195.3,223.5,195.8,347.8,305.7,168.4,388.9,316.1,452.2,223.6,274.6,328,186.5,291.7,269.8,420.6,229,333.7
44007442414,RI,Providence County,442414,1264,171,914,101,1,35,0,7,35,1066,136,795,80,1,22,0,4,28,331.9,299.8,291.2,200.1,226.8,202.1,366.1,326.3,154.9,405.4,296,454.7,223.9,299.8,331.9,185.7,302.6,260,430,229.5,343.2
44007442415,RI,Providence County,442415,2179,474,1129,331,10,55,0,50,130,1698,329,972,219,10,39,0,46,83,466.6,292.4,386.8,203.5,323.5,204.2,464.4,422.6,157.4,491.5,304.2,549.9,218.1,292.4,466.6,188.4,399.3,261.1,520.7,230,443.6
44007442416,RI,Providence County,442416,3177,443,2286,145,3,108,4,56,132,2658,293,2048,103,3,89,0,33,89,863.1,789.5,833.7,589.5,684.2,608.3,1103.6,919.6,488.6,1048.9,815.9,1212,602.6,789.5,863.1,562.1,885.3,709.2,1130.4,649.1,952.1
44007442501,RI,Providence County,442501,2894,119,2587,29,2,55,0,17,85,2271,90,2052,28,2,43,0,6,50,566.8,771.6,551.7,619.4,460.4,589.2,748.4,640,505,766.6,883.5,867.1,765.8,771.6,566.8,571.2,600.1,824.7,816.9,689.1,657.3
44007442502,RI,Providence County,442502,2879,95,2643,19,3,34,0,19,66,2466,61,2292,15,2,30,0,18,48,590.3,869.4,593.9,671.2,495.8,636.5,836.6,662.9,574.8,892.9,902.8,982.9,770.3,869.4,590.3,627.5,647.3,836.6,937.9,737.5,722.2
44007442503,RI,Providence County,442503,2704,157,2357,35,0,34,0,13,108,2119,97,1897,25,0,25,0,13,62,563.8,612.2,540.9,479.5,444.5,445.4,706.7,591.2,416.1,740.5,745.6,835.8,626.1,612.2,563.8,447,570.8,685.8,788.2,554.2,631.9
44007442504,RI,Providence County,442504,2472,96,2245,34,0,23,1,7,66,2061,63,1908,26,0,18,1,4,41,565.3,609.6,534.6,482.1,459.5,434.7,721.3,602.8,392.2,738.1,655.1,801.4,561.2,609.6,565.3,436.4,579.5,608.2,769.8,522.5,631.9
44007442505,RI,Providence County,442505,1639,67,1512,15,0,18,0,4,23,1397,52,1304,14,0,11,0,2,14,294.9,384.6,284,261.4,253.4,234.8,365.9,320.5,215,389.5,372.9,434.9,301.8,384.6,294.9,237.1,306,337.4,412.2,295.1,334.7
44007442601,RI,Providence County,442601,1183,343,429,203,1,15,1,50,141,868,232,365,130,0,14,1,39,87,235.2,95.4,176.7,51.7,144.9,49.8,171.8,182.6,41.8,274.9,87.5,269,65.6,95.4,235.2,47.8,169,76.6,271.9,65.3,207.9
44007442602,RI,Providence County,442602,3504,930,621,709,11,39,3,240,951,2491,638,511,473,10,33,1,159,666,553.3,76.5,377.9,39.2,342.4,42.9,365.8,372.3,36.4,556.1,132.5,544,86.8,76.5,553.3,39.5,364.6,109.7,550.1,69.1,444.6
44007442603,RI,Providence County,442603,4283,1029,1874,532,3,54,2,279,510,3378,743,1633,387,1,46,2,207,359,870.1,356.9,795.9,261.8,701.1,237,839.4,823.1,205.8,1166.7,466,1180.2,339.2,356.9,870.1,234.9,789.9,402.6,1173.5,311.1,910.9
44007442604,RI,Providence County,442604,2029,413,981,253,3,36,0,114,229,1607,281,880,167,3,35,0,91,150,460.3,245.2,398.7,187.4,337.2,173.1,456.5,423.8,154.7,570.5,258.7,578.4,205.7,245.2,460.3,171.8,404.1,232.2,574.4,204.1,460.8
44007442605,RI,Providence County,442605,2577,815,533,407,13,31,0,236,542,1947,600,443,289,2,27,0,173,413,462,70,313,46,296,42,302,313,36,408,109,381,73,70,462,41.3,306,91,394.5,62.7,353.6
44007442606,RI,Providence County,442606,2777,1051,603,330,10,15,0,245,523,2065,743,518,225,3,9,0,188,379,509.9,59,338.9,38,318.9,38,326.9,331.9,29,501.9,124,461.9,77,59,509.9,35,329.2,100.5,481.9,60.8,398.6
44007442607,RI,Providence County,442607,4617,1140,1971,650,14,104,3,188,547,3600,828,1711,472,12,82,3,135,357,1285.3,239.5,1047.8,182.3,951.2,160.7,1043.8,1049.8,155.7,1478.5,274,1421.4,224.7,239.5,1285.3,166.3,1023.1,249.4,1449.9,206.2,1182.5
44007442608,RI,Providence County,442608,3890,709,1920,447,14,178,1,161,460,3125,496,1694,325,8,141,0,126,335,1109.4,237.2,944,184.8,875.1,155,948.5,957,150.6,1245.2,262.8,1221.7,212.8,237.2,1109.4,163.5,931.1,237.8,1233.4,200.5,1043
44007442609,RI,Providence County,442609,740,218,312,122,2,18,0,17,51,661,187,297,93,2,17,0,16,49,120.7,34.1,86.6,12.2,77.9,12.2,84,87.5,12.2,141.7,45.5,140.8,28.9,34.1,120.7,12.2,84,37.2,141.3,24.2,105.6
44007442610,RI,Providence County,442610,865,301,158,178,1,3,0,60,164,641,214,136,134,0,2,0,49,106,137,19,84,11,77,9,77,80,8,112,21,107,13,19,137,9.3,79.5,17,109.5,13.5,96.3
44007442611,RI,Providence County,442611,2517,804,912,331,33,57,0,110,270,2140,626,852,274,27,48,0,90,223,533,99.1,401.7,47.8,364,46.7,380.5,387.9,43.5,558.3,139.5,536.9,89.2,99.1,533,46,383.5,114.4,547.6,77.6,451.8
44007442612,RI,Providence County,442612,3147,753,1539,321,9,49,0,121,355,2383,500,1307,213,5,44,0,98,216,546,356,452,223,401,189,490,467,183,698,344,715,260,356,546,198.3,452.5,302,706.5,259.2,538.4
44007442613,RI,Providence County,442613,4863,1612,1707,713,15,48,1,179,588,3749,1147,1480,503,9,45,1,129,435,918.2,271.3,665.3,168.9,596.9,159.7,661.8,669.1,147.2,973.8,339.6,948.7,254.9,271.3,918.2,158.6,648.3,297.2,961.3,223.6,776.3
44007442614,RI,Providence County,442614,4182,1292,1534,636,5,40,3,147,525,3143,907,1278,449,3,35,2,121,348,793,238,570,144,517,126,572,570,127,846,273,834,188,238,793,132.3,557.2,230.5,840,182.7,671.7
44007442615,RI,Providence County,442615,1569,346,650,312,6,17,3,69,166,1219,250,548,238,1,12,3,47,120,291,86,247,52,213,55,244,247,50,359,81,351,54,86,291,52.3,237.8,67.5,355,63,278.9
44007442616,RI,Providence County,442616,728,156,402,105,1,9,0,12,43,584,101,362,76,1,9,0,11,24,98.9,75.6,102.8,36.8,82.4,30,116.3,109.5,29.1,165.8,69.8,169.6,53.3,75.6,98.9,32,102.8,61.6,167.7,49.1,120.8
44007442617,RI,Providence County,442617,966,226,423,225,2,10,1,22,57,779,164,377,174,2,10,0,13,39,204.1,62.4,165.2,37.2,142.6,39,166.7,166.5,34.9,226.2,74.2,227.4,56.7,62.4,204.1,37,160.2,65.4,226.8,50.7,185.5
44007442618,RI,Providence County,442618,4404,791,2905,241,10,57,0,84,316,3529,569,2467,173,6,47,0,56,211,896,540,825,433,675,388,944,882,344,1121,669,1200,491,540,896,388.3,831.5,580,1160.5,477.5,934.7
44007442619,RI,Providence County,442619,2150,327,1525,86,1,22,6,66,117,1787,251,1314,62,1,17,3,48,91,483,364,443,230,365,224,498,468,190,615,343,641,259,364,483,214.7,443.5,301,628,268.3,501.9
44007442620,RI,Providence County,442620,4832,958,2968,339,9,55,3,106,394,3803,668,2499,236,8,47,3,69,273,912,487,812,337,665,322,873,840,280,1177,609,1220,460,487,912,313,797.5,534.5,1198.5,415.8,928.4
44007442621,RI,Providence County,442621,1069,121,823,55,0,4,0,21,45,857,86,682,39,0,1,0,15,34,241,206,232,139,187,122,270,248,108,313,206,336,151,206,241,123,234.2,178.5,324.5,155.3,261
44007442622,RI,Providence County,442622,725,141,490,25,2,12,0,12,43,582,99,413,20,2,10,0,10,28,171,107,140,69,110,78,161,148,59,177,126,192,98,107,171,68.7,139.8,112,184.5,89.5,157
44007442623,RI,Providence County,442623,993,191,569,94,1,9,0,24,105,799,128,497,71,1,9,0,22,71,243,128,203,84,172,77,237,216,66,295,149,302,126,128,243,75.7,207,137.5,298.5,105,238.3
44007442624,RI,Providence County,442624,822,95,640,25,0,9,0,20,33,699,68,562,24,0,7,0,19,19,249,199,234,143,199,141,297,259,116,311,182,328,134,199,249,133.3,247.2,158,319.5,152.5,268.1
44007442625,RI,Providence County,442625,1447,447,645,181,3,8,0,32,131,1130,328,546,131,3,8,0,26,88,280,81,213,63,181,64,216,214,57,318,109,305,84,81,280,61.3,206,96.5,311.5,76.3,246.7
44007442626,RI,Providence County,442626,847,547,135,110,0,5,0,12,38,538,321,114,71,0,0,0,9,23,146.9,13.6,70,6.8,66.2,8.8,65.2,69.1,6.8,109.9,36,117.7,24.3,13.6,146.9,7.5,67.6,30.2,113.8,16.1,92.1
44007442627,RI,Providence County,442627,3143,717,1375,452,8,57,1,150,383,2445,496,1201,323,4,47,0,108,266,642.3,216.7,482.7,131,408.6,124.8,473.6,495.7,106.7,694.5,278.1,702.9,209.5,216.7,642.3,120.9,465.2,243.8,698.7,177.8,557.2
44007442628,RI,Providence County,442628,3325,532,2267,210,13,55,3,49,196,2773,368,1997,168,10,52,3,45,130,743.3,534.6,679.9,394.5,578.8,350.3,817.7,736.7,310,919,612.6,956.1,464.5,534.6,743.3,351.6,703.3,538.5,937.6,444.4,775.9
44007442629,RI,Providence County,442629,4742,1092,2775,326,16,54,5,130,344,3788,771,2405,218,10,44,4,110,226,952.1,590.4,850.9,417.2,703.8,386.2,963.8,898.9,332.2,1235,686,1303.2,489.7,590.4,952.1,378.5,854.4,587.8,1269.1,483.6,986.8
44007442630,RI,Providence County,442630,365,58,188,57,1,9,0,13,39,309,43,179,39,0,9,0,12,27,89.7,47.4,73.8,37.8,67.3,31.4,85.7,83.2,26.3,102.3,46.7,106.8,31.3,47.4,89.7,31.8,77.5,39,104.6,36.8,87
44007442631,RI,Providence County,442631,2303,572,553,466,2,11,0,168,531,1730,386,476,330,0,7,0,139,392,497,98,323,74,300,68,314,316,70,513,122,487,83,98,497,70.7,313.2,102.5,500,85.8,392.9
44007442801,RI,Providence County,442801,387,223,55,42,4,17,0,9,37,337,193,54,38,4,17,0,9,22,123.3,25.2,98.1,18.9,101.7,15.3,88.2,89.1,18.9,88.2,34.2,82.8,20.7,25.2,123.3,17.7,94.3,27.5,85.5,22.2,95.9
44007442802,RI,Providence County,442802,1748,148,912,85,10,443,1,11,138,1690,140,884,82,10,435,1,10,128,203,29,177,36,188,21,187,190,20,204,28,207,21,29,203,25.7,185.5,24.5,205.5,25.8,193.7
44007442803,RI,Providence County,442803,4707,450,3021,213,9,725,3,53,233,4377,426,2799,210,6,706,3,41,186,1216,150,1056,162,1054,118,1077,1076,114,1372,140,1337,152,150,1216,131.3,1065.8,146,1354.5,139.3,1169.7
44007442804,RI,Providence County,442804,3250,426,1622,213,8,716,5,59,201,3208,413,1605,213,8,715,5,58,191,540,18,370,21,345,21,349,358,20,237,17,231,17,18,540,20.7,355.5,17,234,19,347.1
44007442805,RI,Providence County,442805,3237,172,2575,54,0,253,3,42,138,2694,129,2185,38,0,230,3,32,77,1606,201,1476,216,1442,185,1477,1477,165,1776,180,1733,192,201,1606,188.7,1468,186,1754.5,189.8,1569.6
44007442806,RI,Providence County,442806,1698,108,1199,118,0,216,0,3,54,1675,100,1191,118,0,213,0,3,50,108,11,97,17,99,11,100,100,13,128,12,122,13,11,108,13.7,99,12.5,125,12.8,107.7
44007442807,RI,Providence County,442807,187,48,30,13,2,72,1,2,19,172,38,30,12,2,70,1,2,17,1.3,0.4,0.4,0,0.4,0,0.4,0.4,0,1.7,0,1.3,0.4,0.4,1.3,0,0.4,0.2,1.5,0.1,0.8
44007442808,RI,Providence County,442808,3259,172,2158,119,3,639,2,16,150,3049,147,2036,110,2,617,2,11,124,1030.9,123.1,934.2,134.8,897,109.4,948.8,943,106.5,1138.4,133.9,1115.9,121.2,123.1,1030.9,116.9,930.7,127.5,1127.1,121.5,1001.2
44007442809,RI,Providence County,442809,4020,302,2754,143,13,493,0,42,273,3747,264,2597,132,13,475,0,37,229,1264.5,168.6,1192.9,129.2,1125.6,115.7,1162.6,1193.1,107.7,1441.2,142.2,1412.1,127.9,168.6,1264.5,117.5,1168.6,135.1,1426.7,131.9,1256
44007442810,RI,Providence County,442810,515,115,179,37,0,142,0,12,30,451,91,156,28,0,142,0,10,24,54.2,3.8,65.6,6.7,66.5,2.9,64.6,67.5,1.9,95,11.4,92.2,11.4,3.8,54.2,3.8,66.1,11.4,93.6,6.3,72.2
44007442811,RI,Providence County,442811,4109,2275,683,789,23,115,4,61,159,2845,1436,616,547,10,84,0,41,111,955.6,107.8,597.1,68.9,546.2,71.9,576.2,583.1,64.9,849.8,167.8,833.8,131.8,107.8,955.6,68.6,575.7,149.8,841.8,102.2,706
44007442812,RI,Providence County,442812,3914,1695,992,809,23,53,0,93,249,2907,1166,877,575,16,41,0,49,183,762.6,184.5,624.2,113.9,563.4,113.9,604.6,630.1,92.3,851,227.7,853.9,177.7,184.5,762.6,106.7,605.6,202.7,852.5,151.6,698.6
44007442813,RI,Providence County,442813,3275,1526,613,660,26,229,0,43,178,2379,1068,528,449,17,188,0,29,100,610.4,78.2,447.9,48.1,412.8,51.1,425.8,447.9,35.1,612.2,118.2,622.2,77.2,78.2,610.4,44.8,433.6,97.7,617.2,68,511.3
44007442814,RI,Providence County,442814,2070,903,451,515,20,56,0,31,94,1520,613,378,382,18,49,0,25,55,421,97,305,52,256,61,296,301,51,438,98,435,78,97,421,54.7,289.5,88,436.5,72.8,350.3
44007442815,RI,Providence County,442815,1704,50,1488,24,1,73,0,7,61,1412,36,1256,20,1,59,0,6,34,828.4,220.8,743.6,215.6,742.2,173.6,795.5,782.6,152.5,982,198.9,961.8,177.8,220.8,828.4,180.6,766,188.3,971.9,189.9,833.7
44007442816,RI,Providence County,442816,3711,206,2840,155,5,212,5,51,237,3141,161,2461,136,5,178,5,44,151,1719.9,262.5,1630.7,214.1,1536.1,213.9,1594.4,1632.7,180.5,1916,240,1865.8,225,262.5,1719.9,202.8,1598.5,232.5,1890.9,222.7,1699.4
44007442817,RI,Providence County,442817,3614,238,2839,118,3,172,0,42,202,2932,160,2368,93,1,148,0,22,140,1707.8,201.3,1657.3,234.1,1592.8,205.1,1675.1,1668.3,188.9,2022.8,218.2,1977.5,207.1,201.3,1707.8,209.4,1648.4,212.7,2000.1,209.1,1757.4
44007442818,RI,Providence County,442818,3183,591,1425,530,27,218,0,103,289,2801,462,1337,461,25,209,0,90,217,1041.8,105.7,868.4,73.3,814.1,71.3,822.2,857.3,69,1205.4,151.9,1169.9,119.4,105.7,1041.8,71.2,840.5,135.7,1187.6,98.4,968.4
44007442819,RI,Providence County,442819,3772,1190,1455,589,21,151,0,129,237,2991,847,1316,426,17,111,0,104,170,1041.9,458.5,895.5,294.2,776.2,319.2,973.2,921.4,250.4,1192.5,436.2,1224.2,333.4,458.5,1041.9,287.9,891.6,384.8,1208.3,348.7,1003.6
44007442820,RI,Providence County,442820,570,162,282,63,2,18,0,10,33,435,101,254,39,2,12,0,10,17,157.6,97,112.3,49.2,88.5,59.7,117.7,115.8,42.4,156.2,83.8,179.8,48.5,97,157.6,50.4,108.6,66.2,168,63.4,132.5
44007442821,RI,Providence County,442821,3559,1490,786,864,35,72,4,85,223,2505,960,699,574,20,58,4,58,132,785.4,178.7,575,124,504.9,128.9,580.2,581.9,107.3,778,181.6,771.5,140.6,178.7,785.4,120.1,560.5,161.1,774.7,143.5,653.8
44007442822,RI,Providence County,442822,1293,774,194,203,4,70,0,11,37,910,524,171,134,3,40,0,6,32,216,18,157,13,147,15,152,156,13,253,37,233,32,18,216,13.7,153,34.5,243,21.3,187.7
44007442823,RI,Providence County,442823,5952,4068,294,785,41,574,1,59,130,4228,2829,245,558,28,449,1,37,81,1169,100,823,77,746,94,762,786,71,934,251,911,167,100,1169,80.7,779.2,209,922.5,126.7,875.9
44007442824,RI,Providence County,442824,4891,2866,767,567,18,477,1,69,126,3633,2029,640,449,13,373,0,46,83,1306.7,210.5,1100.4,160.1,954.9,217.8,1038,1066,151.8,1173.2,341.5,1189.8,244.6,210.5,1306.7,176.6,1039.8,293.1,1181.5,221.1,1118.4
44007442825,RI,Providence County,442825,1380,1027,65,125,4,98,0,8,53,952,716,40,91,2,67,0,4,32,195,21,122,12,108,17,115,112,16,158,43,163,21,21,195,15,114.2,32,160.5,21.7,139
44007442826,RI,Providence County,442826,4564,3009,673,598,23,134,1,28,98,3356,2157,574,413,21,89,1,25,76,1111,96,753,51,702,58,705,737,45,936,176,878,118,96,1111,51.3,724.2,147,907,90.7,831.7
44007442827,RI,Providence County,442827,4398,3297,221,448,30,250,1,44,107,3221,2396,162,360,24,181,0,29,69,1189,78,853,43,764,84,774,825,38,944,200,920,117,78,1189,55,804,158.5,932,93.3,895.6
44007442828,RI,Providence County,442828,3424,1918,469,586,21,236,0,42,152,2450,1303,417,400,16,194,0,20,100,744,90,540,52,522,50,523,540,48,717,155,706,104,90,744,50,531.2,129.5,711.5,83.2,613.1
44007442829,RI,Providence County,442829,2650,1730,372,357,2,74,0,29,86,2053,1299,316,302,2,54,0,17,63,831,81,641,72,561,100,605,646,50,786,177,797,125,81,831,74,613.2,151,791.5,100.8,695.3
44007442830,RI,Providence County,442830,283,172,43,43,0,12,0,3,10,232,136,42,33,0,10,0,1,10,64,6,39,4,38,2,37,39,2,59,10,53,6,6,64,2.7,38.2,8,56,5,47
44007442831,RI,Providence County,442831,3095,2103,108,572,50,96,2,55,109,2193,1477,84,422,35,68,2,38,67,841.9,46.1,571.6,26,539.6,24,519.6,550.6,22,704.8,136.2,689.8,84.1,46.1,841.9,24,545.3,110.1,697.3,56.4,631.1
44007442832,RI,Providence County,442832,4315,2446,823,614,25,147,0,61,199,3285,1777,703,490,22,120,0,44,129,1035,94,797,55,688,88,731,769,53,943,235,948,153,94,1035,65.3,746.2,194,945.5,113,844.4
44007442833,RI,Providence County,442833,2330,1468,146,454,17,120,5,27,93,1553,936,121,312,17,90,5,19,53,541.2,29.3,344.2,22.4,320.1,25.2,319,331.2,20.2,466.8,92.8,474.7,50.7,29.3,541.2,22.6,328.6,71.8,470.8,40.1,399.6
44007442834,RI,Providence County,442834,1628,544,685,230,7,38,0,27,97,1406,400,648,213,7,36,0,17,85,246.8,27.2,164.7,17.2,156.6,20.2,152.8,156.8,20.1,214.9,49.3,220,33.2,27.2,246.8,19.2,157.7,41.2,217.4,27.9,187.5
44007442835,RI,Providence County,442835,1073,81,711,75,4,162,0,6,34,924,64,620,65,2,147,0,6,20,123.9,31,119.1,23.1,120.2,18.1,121.3,118.1,21.8,183.6,35.9,180.4,31.8,31,123.9,21,119.7,33.9,182,26.9,138.1
44007442836,RI,Providence County,442836,252,29,173,9,9,19,0,0,13,245,29,172,7,9,19,0,0,9,5.5,0.6,7.3,0,6.1,0,6.7,6.7,0,6.7,0.6,6.7,0.6,0.6,5.5,0,6.7,0.6,6.7,0.3,6.6
44007442837,RI,Providence County,442837,2009,359,1089,155,4,287,1,14,100,1772,272,1011,128,3,268,1,13,76,337.9,79.3,309.7,67.4,286.7,68.3,320.8,318.2,52.9,424,75.9,406.1,86.2,79.3,337.9,62.9,308.9,81.1,415.1,71.7,343.3
44007442838,RI,Providence County,442838,830,228,357,66,7,135,0,11,26,816,223,352,66,7,133,0,11,24,232,55,216,40,201,36,204,203,38,283,60,266,53,55,232,38,206,56.5,274.5,47,229.3
44007442839,RI,Providence County,442839,2499,508,1285,291,18,260,3,12,122,2052,440,1043,211,7,256,3,12,80,571.3,94.6,552.5,84.7,511.5,84.6,539.2,548.2,74.2,649.4,116.7,632.8,100.2,94.6,571.3,81.2,537.8,108.4,641.1,92.5,572.1
44007442840,RI,Providence County,442840,1052,541,191,250,8,4,0,9,49,875,452,164,207,8,3,0,9,32,345.3,18.1,222.4,18.1,190.8,29.8,199.8,208.8,19,248.6,46.1,235.9,27.1,18.1,345.3,22.3,205.4,36.6,242.3,26.4,236
44007442841,RI,Providence County,442841,1674,786,355,240,7,159,0,24,103,1255,541,310,192,6,133,0,8,65,282,33,176,18,151,18,161,171,17,320,52,321,34,33,282,17.7,164.8,43,320.5,28.7,226
44007442842,RI,Providence County,442842,1382,355,776,148,4,28,0,6,65,1228,274,742,122,4,25,0,6,55,166,32,100,17,88,15,103,104,9,158,32,156,24,32,166,13.7,98.8,28,157,21.5,125
44007442843,RI,Providence County,442843,825,120,573,76,4,11,0,3,38,678,74,502,66,4,11,0,1,20,210,70,200,80,188,72,225,210,57,239,65,235,69,70,210,69.7,205.8,67,237,68.8,215.3
44007442844,RI,Providence County,442844,5354,931,3608,457,11,108,2,34,203,4950,751,3506,383,10,98,0,33,169,691,277,563,210,498,204,625,585,168,721,261,738,214,277,691,194,567.8,237.5,729.5,222.3,631.6
44007442845,RI,Providence County,442845,1199,244,783,94,1,32,0,4,41,946,182,654,63,1,22,0,3,21,389.8,216.8,374.9,174.8,342,172,457.8,418.5,120.2,461.1,197.6,484,153.8,216.8,389.8,155.7,398.3,175.7,472.5,172.5,418.3
44007442846,RI,Providence County,442846,1470,370,823,141,2,45,0,8,81,1194,252,736,113,2,33,0,6,52,449,218,431,151,360,166,476,446,121,564,209,571,164,218,449,146,428.3,186.5,567.5,171.5,471
44007442847,RI,Providence County,442847,1884,1316,147,280,1,72,0,14,54,1272,878,117,180,0,62,0,3,32,436.6,57.1,260.8,32.6,240.5,32.6,239.5,255.2,29.9,342.4,124.4,338.6,82.2,57.1,436.6,31.7,249,103.3,340.5,59.8,301.9
44007442848,RI,Providence County,442848,827,518,103,142,6,8,0,5,45,560,348,81,89,4,4,0,5,29,100,18.4,66.2,10.6,63,8.3,59,66.1,6.5,113.2,41.6,117.2,23,18.4,100,8.5,63.6,32.3,115.2,18.1,83.5
44007442849,RI,Providence County,442849,3840,1150,1869,479,10,84,0,33,215,3266,865,1763,380,9,74,0,26,149,716.6,264,640.3,193.3,533.1,205.8,674.2,661.1,147.4,818.9,320,883.1,214.1,264,716.6,182.2,627.2,267,851,224.1,703.9
44007442850,RI,Providence County,442850,1839,987,320,307,15,109,0,22,79,1376,695,281,226,9,92,0,13,60,324.3,80.1,260.4,64.7,215.2,71.2,246.7,256.4,47.7,359.9,109.2,360.7,79.3,80.1,324.3,61.2,244.7,94.2,360.3,75.4,289.1
44007442851,RI,Providence County,442851,2255,690,1167,211,12,43,0,16,116,1847,477,1057,166,11,35,0,11,90,617,237,555,183,480,175,605,565,147,675,226,693,172,237,617,168.3,551.2,199,684,190,598.6
44007442852,RI,Providence County,442852,1278,799,169,189,3,41,0,11,66,900,522,143,148,3,31,0,6,47,220,46,173,29,149,27,164,162,29,222,60,219,51,46,220,28.3,162,55.5,220.5,40.3,187
44007442853,RI,Providence County,442853,883,398,267,153,2,26,0,10,27,675,258,249,122,2,21,0,6,17,191,42,145,37,133,34,140,143,33,191,60,190,54,42,191,34.7,140.2,57,190.5,43.3,161.9
44007442854,RI,Providence County,442854,4502,1879,1527,630,18,140,0,69,239,3513,1347,1322,503,10,112,0,48,171,1249.6,367.6,1147.7,274.7,991.9,301.7,1209.6,1182.7,215.8,1492.3,437.5,1540.2,316.6,367.6,1249.6,264,1133,377.1,1516.3,319,1259.1
44007442855,RI,Providence County,442855,6125,3894,879,888,39,198,0,57,170,4441,2676,784,651,23,146,0,43,118,1135.7,238.5,859.5,166.4,777.3,169.4,868.6,878.6,132.3,1143,369.6,1169,261.4,238.5,1135.7,156,846,315.5,1156,222.9,975.9
44007442856,RI,Providence County,442856,330,227,31,52,0,17,0,0,3,235,159,27,35,0,11,0,0,3,53.4,11.6,30.3,7.1,27.6,9.8,29.4,32,4.4,44.5,16,48.1,8.9,11.6,53.4,7.1,29.8,12.5,46.3,9.6,37.9
44007442857,RI,Providence County,442857,612,436,65,69,3,21,0,1,17,430,295,57,51,3,13,0,0,11,93,8,65,9,55,15,58,59,9,84,26,83,18,8,93,11,59.2,22,83.5,14.2,71
44007442858,RI,Providence County,442858,1958,1298,226,279,5,61,0,11,78,1404,916,195,193,5,52,0,4,39,288.9,51.8,219.8,31.7,188.5,43.1,216.2,216.4,27.8,293.4,76.2,289.1,59.7,51.8,288.9,34.2,210.2,68,291.3,48.4,244.6
44007442859,RI,Providence County,442859,932,285,412,90,5,55,0,12,73,811,227,394,69,4,52,0,4,61,98,12,170,21,154,17,164,167,16,241,39,235,41,12,98,18,163.8,40,238,24.3,175.6
44007442860,RI,Providence County,442860,945,672,94,97,6,31,0,16,29,667,453,81,80,5,22,0,8,18,133,20,86,16,83,13,85,86,14,124,32,120,27,20,133,14.3,85,29.5,122,20.3,102.4
44007442861,RI,Providence County,442861,3969,1190,2015,408,14,94,0,23,225,3450,938,1901,340,12,88,0,20,151,913,175,840,131,745,136,801,837,112,1106,210,1100,175,175,913,126.3,805.8,192.5,1103,156.5,906
44007442862,RI,Providence County,442862,3555,798,2059,273,11,195,3,38,178,3178,688,1874,248,9,187,3,35,134,947,177,906,120,821,124,861,894,102,1152,180,1126,149,177,947,115.3,870.5,164.5,1139,142,958.1
44007442863,RI,Providence County,442863,3563,2295,601,393,25,92,5,23,129,2606,1585,530,273,22,80,4,16,96,577,81,417,46,366,54,384,400,43,524,126,516,93,81,577,47.7,391.8,109.5,520,73.8,454.9
44007442864,RI,Providence County,442864,1491,879,276,148,4,128,0,9,47,1128,633,246,115,3,95,0,7,29,309,23,228,13,204,17,206,212,13,307,54,304,33,23,309,14.3,212.5,43.5,305.5,25.5,252.9
44007442865,RI,Providence County,442865,1000,660,121,163,13,14,0,4,25,666,435,92,100,7,10,0,3,19,188.8,11.8,121.6,5.4,113.7,4,107,115,6,120.6,27.6,111.1,19.7,11.8,188.8,5.2,114.3,23.6,115.9,12.4,125.4
44007442866,RI,Providence County,442866,1994,562,1119,135,3,70,1,16,88,1683,411,1025,108,3,64,1,14,57,723,62,701,56,641,51,665,698,50,873,76,853,71,62,723,52.3,676.2,73.5,863,61,736.3
44007442867,RI,Providence County,442867,481,328,48,50,2,12,1,0,40,339,227,44,36,1,8,1,0,22,107.6,7.7,80.3,7.9,76.7,5,74,77.8,7.2,92.4,26,90.8,16.6,7.7,107.6,6.7,77.2,21.3,91.6,11.7,85.6
44007442868,RI,Providence County,442868,3180,1558,659,695,35,64,0,25,144,2390,1073,577,543,31,50,0,17,99,853,39,581,37,573,37,555,572,30,738,113,728,72,39,853,34.7,570.2,92.5,733,54.7,657.1
44007442869,RI,Providence County,442869,996,753,42,164,3,13,0,4,17,574,416,42,87,0,12,0,2,15,128,11,80,4,74,4,75,76,5,103,28,102,18,11,128,4.3,76.2,23,102.5,11.7,91.1
44007442870,RI,Providence County,442870,3961,3097,301,339,5,137,0,25,57,2789,2169,246,240,2,86,0,13,33,750.5,88.7,507.8,71.4,471.1,76.8,485.1,501.9,61.3,611.8,210.3,639,134.7,88.7,750.5,69.8,491.5,172.5,625.4,107.2,566.7
44007442871,RI,Providence County,442871,1458,806,253,142,17,192,0,7,41,1128,574,226,110,17,157,0,7,37,409.7,81.2,343.6,69.2,285.6,86.4,320.2,340.7,47.4,370.2,135.6,390,93,81.2,409.7,67.7,322.5,114.3,380.1,85.5,351.4
44007442872,RI,Providence County,442872,283,108,126,18,1,4,0,0,26,225,80,111,11,1,3,0,0,19,47.6,12.5,60,12.4,54.7,12.6,59.2,62,9.4,71.3,9.7,74.3,7.6,12.5,47.6,11.5,59,8.7,72.8,10.7,61.3
44007442873,RI,Providence County,442873,871,606,62,51,1,133,0,2,16,578,381,44,34,1,104,0,1,13,93,12,68,9,60,12,65,67,5,100,27,98,17,12,93,8.7,65,22,99,13.7,78.7
44007442874,RI,Providence County,442874,3976,2357,850,333,28,222,1,43,142,2878,1611,715,246,26,163,1,19,97,767.4,295,589.2,199.6,485.9,224.2,610.6,594.4,171.8,818.2,359.8,834.7,268.2,295,767.4,198.5,570,314,826.5,253.1,671.5
44007442875,RI,Providence County,442875,5447,4199,518,401,28,156,1,51,93,3856,2888,433,301,20,120,1,24,69,923,164,669,117,581,141,653,664,108,835,324,909,187,164,923,122,641.8,255.5,872,173.5,747.7
44007442876,RI,Providence County,442876,3296,2648,287,214,8,66,0,9,64,2333,1848,237,147,8,48,0,6,39,562,109,412,57,378,73,390,400,58,488,180,515,107,109,562,62.7,395,143.5,501.5,97.3,449.3
44007442877,RI,Providence County,442877,1655,1163,297,90,6,41,1,15,42,1189,806,256,55,6,32,1,11,22,305,85,210,49,186,54,213,209,45,268,139,293,79,85,305,49.3,204.5,109,280.5,75.2,240.6
44007442878,RI,Providence County,442878,378,256,52,32,0,18,0,7,13,235,157,36,24,0,12,0,2,4,33.1,6.6,23.6,5.9,19.9,7.4,24.3,22.1,6.6,25,7.4,23.6,8.8,6.6,33.1,6.6,22.5,8.1,24.3,7.1,24.5
44007442879,RI,Providence County,442879,3192,2247,165,562,18,68,6,29,97,2203,1529,122,397,13,57,5,18,62,718.4,45.8,468.3,23.9,434.4,32.9,439.4,452.4,31.9,589.9,135.5,578.9,79.7,45.8,718.4,29.6,448.6,107.6,584.4,58.3,526
44007442880,RI,Providence County,442880,1667,292,847,215,2,73,2,62,174,1413,196,767,183,0,64,2,57,144,662.2,61.5,551,48.8,501.6,49.9,523.9,552.5,43.8,758.2,71.5,732.2,68.9,61.5,662.2,47.5,532.2,70.2,745.2,57.4,611.7
44007443001,RI,Providence County,443001,3300,91,3052,16,2,36,0,8,95,2735,55,2571,12,2,28,0,7,60,643,1182.5,693.5,1049.4,541.7,1021.8,1111.9,795.8,900.5,877.1,1296.4,1037.9,1088.1,1182.5,643,990.6,785.7,1192.3,957.5,1089.8,814.4
44007443002,RI,Providence County,443002,3776,119,3457,28,4,32,0,15,121,3027,73,2821,21,3,26,0,12,71,545.5,983.6,569.6,834.5,430,867,842.1,646.8,703.2,767,1082.4,914.9,908.1,983.6,545.5,801.5,622.1,995.3,841,896.5,673.7
44007443003,RI,Providence County,443003,3308,87,3071,18,1,23,0,13,95,2756,46,2596,15,1,18,0,9,71,736.5,1146.2,745,988.8,586.4,961.8,1101,875.4,818.3,922.7,1186.9,1093.3,1007,1146.2,736.5,923,826.9,1097,1008,1018.2,865.7
44007443101,RI,Providence County,443101,3374,129,3027,44,5,47,0,13,109,2810,87,2550,43,5,43,0,9,73,733.5,970.9,775.5,819.7,622.1,804.4,1111.2,901.7,663.5,974.3,1125.1,1138.5,939,970.9,733.5,762.6,852.6,1032.1,1056.4,887.1,893.8
44007443102,RI,Providence County,443102,3257,168,2847,22,7,46,0,21,146,2638,109,2378,19,7,42,0,12,71,681.5,745.4,658.2,624.3,527.3,593.2,861.8,741.6,507.9,855,815.2,957.7,677.6,745.4,681.5,575.2,697.2,746.4,906.3,660.6,754.7
44007443103,RI,Providence County,443103,2861,94,2624,15,2,52,1,16,57,2347,52,2192,12,0,47,1,15,28,705.7,916.1,708,738.1,555.5,727.9,995.4,819.5,588.5,919.5,907.4,1075.4,715,916.1,705.7,684.8,769.6,811.2,997.4,765.5,825.6
44007443104,RI,Providence County,443104,3297,87,3102,16,2,31,0,10,49,2624,63,2482,15,1,25,0,7,31,815,987.1,855.4,869.3,689.3,836.1,1210.7,970,711.3,1054,1072.5,1187.3,897.1,987.1,815,805.6,931.3,984.8,1120.7,895.6,968.8
44007443105,RI,Providence County,443105,3704,160,3339,30,1,75,0,12,87,3152,133,2865,28,0,63,0,9,54,799.5,853.9,754.7,689,619.1,652.4,1045.1,864.7,535.8,898.9,898.6,1084,690.9,853.9,799.5,625.7,820.9,794.7,991.4,720.1,866.6
44007443106,RI,Providence County,443106,5625,187,3583,139,7,1408,3,78,220,5136,124,3233,131,4,1390,3,73,178,655.2,772.9,689.3,682.6,574.2,656.8,938.4,764.5,575.5,870,923.7,1009.9,766.8,772.9,655.2,638.3,741.6,845.2,940,729.7,785.9
44007443901,RI,Providence County,443901,1416,446,684,97,4,36,3,38,108,1013,258,557,76,2,28,2,30,60,142,85,109,40,91,35,107,110,36,162,91,162,76,85,142,37,104.2,83.5,162,60.5,126.1
44007443902,RI,Providence County,443902,2694,644,1564,217,6,115,1,23,124,2177,425,1380,170,6,97,0,22,77,402.7,230,389.9,138.2,342.5,133.2,402.7,384,115.5,405.7,287.2,447.1,170.8,230,402.7,129,379.8,229,426.4,179.2,396.4
44007443903,RI,Providence County,443903,2139,517,1202,173,6,65,0,17,159,1721,349,1066,138,6,52,0,12,98,310.4,168.2,260,120.1,233.3,109,258,247.5,106.6,316.6,215.3,336,141.5,168.2,310.4,111.9,249.7,178.4,326.3,143.4,280.2
44007443904,RI,Providence County,443904,5331,1922,2216,526,16,345,1,46,259,3787,1116,1797,387,16,300,0,36,135,770.8,362.6,530.3,229.8,459.4,233.8,545.3,562.2,181.8,732,475.4,758,328.7,362.6,770.8,215.1,524.3,402,745,302,622.6
44007443905,RI,Providence County,443905,3816,683,2364,333,18,141,4,41,232,3018,452,2018,233,13,118,3,35,146,550.7,461.4,469.1,324.1,404.1,293.1,537.5,495.4,276.1,663.3,541.4,708,403.9,461.4,550.7,297.7,476.5,472.6,685.7,383.3,546.9
44007443906,RI,Providence County,443906,3641,697,2254,307,8,151,1,23,200,2811,484,1853,222,0,109,0,22,121,512.7,386.3,411.5,280.1,334.8,294.5,466.6,420.1,246.1,579.2,469.9,619.3,366.3,386.3,512.7,273.6,408.2,418.1,599.3,340.5,477.7
44007443907,RI,Providence County,443907,3993,590,2731,269,6,183,4,24,186,3181,371,2318,213,6,153,4,23,93,606.9,679.4,601.1,457.6,500.7,465.5,692.8,634.5,390.5,765.8,740.7,847,573.7,679.4,606.9,437.9,607.3,657.2,806.4,551.2,664.1
44007443908,RI,Providence County,443908,3319,399,2323,180,16,164,0,26,211,2782,286,2069,139,10,116,0,22,140,466.7,601,455.5,462,378,447.1,564.6,504,389.2,592.6,689.7,665.5,519.9,601,466.7,432.7,475.5,604.8,629,518.1,518.1
44007443909,RI,Providence County,443909,3996,742,2588,141,18,332,1,12,162,3231,467,2255,112,17,261,1,10,108,714,794,654,588,572,551,835,724,481,869,849,935,642,794,714,540,696.2,745.5,902,650.8,757.6
44007443910,RI,Providence County,443910,4488,638,3062,210,9,296,3,31,239,3600,383,2679,137,6,256,1,18,120,684.9,754.5,649.6,549.7,551.6,521.3,807.4,694.7,466.4,828.9,840.7,936.7,621.2,754.5,684.9,512.5,675.8,731,882.8,625.6,736.3
44007443911,RI,Providence County,443911,5545,1450,2796,355,25,528,0,56,335,4154,896,2341,251,14,412,0,49,191,690,471,559,326,520,298,628,565,296,773,589,803,468,471,690,306.7,568,528.5,788,408,648.3
44007443912,RI,Providence County,443912,2862,358,2021,184,5,109,0,23,162,2298,223,1738,125,5,81,0,17,109,511.9,450.4,479.8,340.2,402.5,319.4,561.9,506.4,290.7,635.6,479.5,684.2,375,450.4,511.9,316.8,487.7,427.3,659.9,375.9,540.3
44009440501,RI,Washington County,440501,2346,53,2101,14,39,17,1,10,111,1883,26,1727,11,27,15,1,5,71,598.2,542.2,580.3,411.3,501.6,366.9,658.8,593,365.2,810.9,600.2,840.1,532.1,542.2,598.2,381.1,583.4,566.1,825.5,469.6,654.7
44009440502,RI,Washington County,440502,2151,27,1997,9,12,18,0,5,83,1836,22,1726,4,6,18,0,5,55,631,542,606,440,530,390,708,646,367,771,614,823,533,542,631,399,622.5,573.5,797,481,673.6
44009440503,RI,Washington County,440503,1916,32,1770,6,25,9,0,11,63,1673,26,1557,4,23,9,0,6,48,577.8,481.8,562.6,396,526.9,340.8,661.1,577.7,356.9,752.8,570.4,772.5,513.7,481.8,577.8,364.5,582.1,542.1,762.7,443.3,633.1
44009440504,RI,Washington County,440504,1584,40,1446,8,31,6,0,5,48,1444,33,1347,3,22,6,0,4,29,427.4,366.1,472.8,339.2,465.8,281.9,550.9,520.2,271.1,615.3,442.2,651.9,386.8,366.1,427.4,297.4,502.4,414.5,633.6,347.9,529.2
44009441101,RI,Washington County,441101,1952,39,1792,9,9,24,0,7,72,1583,25,1467,7,9,16,0,1,58,489.5,474.5,476.2,400.4,407.3,369.6,596.9,532.3,330,634.8,552.9,712.7,469.1,474.5,489.5,366.7,503.2,511,673.7,432.8,550
44009441102,RI,Washington County,441102,1966,68,1786,5,11,11,0,17,68,1586,37,1479,4,6,7,0,15,38,423.2,584.5,425.1,475.2,323,457,542.5,447.3,422,558.6,633.8,603.8,579.6,584.5,423.2,451.4,434.5,606.7,581.2,525.3,474.8
44009441103,RI,Washington County,441103,2542,81,2316,12,1,35,1,9,87,2116,61,1942,12,1,30,1,8,61,580.5,770.6,566.8,663.4,498.5,602.5,775.5,655.5,530.3,812.5,833.3,881.3,746.8,770.6,580.5,598.7,624.1,790,846.9,691.2,681.5
44009441401,RI,Washington County,441401,3740,83,3444,7,35,23,0,13,135,2980,58,2784,4,29,20,0,10,75,735,999.4,743.1,764.8,658.9,666.8,893.5,790.6,684.6,986.5,1086.6,1087.8,953.4,999.4,735,705.4,771.5,1020,1037.1,859.3,842.2
44009441402,RI,Washington County,441402,3242,94,2971,17,18,27,0,14,101,2700,61,2504,11,15,24,0,8,77,740.2,794.5,743.2,612.8,638.9,556.5,857.6,779.4,529.6,950.7,971.7,1046.9,831.4,794.5,740.2,566.3,754.8,901.5,998.8,716.1,822.4
44009441403,RI,Washington County,441403,1416,37,1314,7,9,4,0,3,42,1105,24,1027,6,9,4,0,2,33,292,334.9,290.9,247.3,251,205.5,352.8,315.9,213.3,362.8,359,388.8,319.1,334.9,292,222,302.7,339.1,375.8,279.9,322
44009442001,RI,Washington County,442001,311,2,295,0,0,6,0,0,8,284,2,269,0,0,5,0,0,8,149.8,112.9,148.4,100.6,133.9,90.7,188.3,169.3,71.9,180.1,121.5,203.2,96.6,112.9,149.8,87.7,160,109,191.6,99,167.6
44009442002,RI,Washington County,442002,3183,62,2926,17,23,42,2,15,96,2712,54,2507,13,19,35,2,15,67,1022.5,776.1,1010.8,672.1,838,612.4,1254.1,1129.5,496.5,1279.4,793.7,1407.6,641.3,776.1,1022.5,593.7,1058.1,717.5,1343.5,665.4,1134.6
44009442003,RI,Washington County,442003,3533,73,3324,10,13,37,0,6,70,3053,58,2897,10,12,31,0,6,39,1059.7,752,1019.8,734.3,872,716,1283.6,1128.2,586.6,1352.6,850.8,1444.2,737.1,752,1059.7,679,1075.9,793.9,1398.4,729.5,1165.7
44009442004,RI,Washington County,442004,3437,72,3145,34,17,51,2,16,100,3083,61,2840,29,16,44,1,12,80,1043.7,795.6,996.6,728.6,920.6,641.5,1240.9,1110.7,555.4,1338.9,893.6,1424.9,765.5,795.6,1043.7,641.8,1067.2,829.6,1381.9,730,1153.8
44009442005,RI,Washington County,442005,4068,89,3754,16,10,54,3,25,117,3749,70,3513,8,4,51,0,23,80,946.3,855.4,870.4,784.4,795.4,663.5,1199.1,1012.3,586.6,1202.1,891.4,1308.1,733.5,855.4,946.3,678.2,969.3,812.4,1255.1,752.5,1047.7
44009442201,RI,Washington County,442201,1410,66,1271,17,1,5,0,8,42,1221,40,1125,12,1,5,0,8,30,610,214,604,167,569,140,616,614,143,750,195,730,180,214,610,150,600.8,187.5,740,173.2,641.9
44009442301,RI,Washington County,442301,2370,68,2144,22,2,58,2,5,69,1823,42,1669,19,2,47,2,4,38,652.9,680.6,585.8,632.2,527.7,578.5,884.3,664,515.5,901.5,679.7,955.3,611.6,680.6,652.9,575.4,665.5,645.6,928.4,616.4,738.8
44009442302,RI,Washington County,442302,4143,255,3391,118,60,109,6,16,188,3356,143,2866,93,49,85,6,12,102,852.9,716.4,835.5,630.2,691.2,573.1,1063,951.6,481.2,1370.6,832.6,1406.5,769.6,716.4,852.9,561.5,885.3,801.1,1388.5,667.2,1024.5
44009442303,RI,Washington County,442303,3353,157,2919,45,3,38,1,12,178,2678,109,2392,35,3,36,1,7,95,954.8,864.8,934.2,712.9,807.1,643.6,1206.8,1008.4,600.4,1239.3,879.1,1328.1,776.4,864.8,954.8,652.3,989.1,827.7,1283.7,746.2,1068.4
44009442304,RI,Washington County,442304,3304,117,2964,31,3,59,0,2,128,2656,71,2446,24,0,48,0,1,66,956.5,795.6,903.5,695.6,765.6,663.6,1147.4,977.5,572.7,1134.4,893.5,1241.4,770.6,795.6,956.5,644,948.5,832,1187.9,731.9,1018
44009442305,RI,Washington County,442305,1983,65,1789,9,12,34,1,5,68,1455,39,1337,8,10,22,0,4,35,531.9,465.9,521.1,458,463,408.8,743.7,586.1,370.4,737.8,497.4,795.9,444.2,465.9,531.9,412.4,578.4,470.8,766.8,440.8,625.6
44009442306,RI,Washington County,442306,1890,54,1714,7,11,31,0,2,71,1454,19,1356,2,8,26,0,2,41,540,447,533,397,451,353,703,600,303,740,469,780,441,447,540,351,571.8,455,760,401.7,621
44009442307,RI,Washington County,442307,3384,79,3093,23,12,42,0,18,117,2863,53,2672,9,9,30,0,16,74,1123.5,682.6,1091.7,655.6,940.7,592.1,1304.6,1197.6,510.3,1443.2,721.3,1516.4,661.5,682.6,1123.5,586,1133.6,691.4,1479.8,637.2,1231.1
44009442308,RI,Washington County,442308,3337,61,3096,24,16,41,2,6,91,2754,42,2591,15,7,35,2,3,59,1110.3,782.5,1137,747.5,991,689.9,1409.6,1241.3,585.6,1518.2,848.1,1591.2,753.7,782.5,1110.3,674.3,1194.7,800.9,1554.7,734.5,1285.5
44009442309,RI,Washington County,442309,3968,156,3460,51,19,115,3,24,140,3197,90,2883,32,13,83,3,18,75,1083.8,712.2,1071.9,664.5,965.7,589.1,1316.8,1171.1,523.6,1483.7,813.4,1577.8,714.2,712.2,1083.8,592.4,1131.4,763.8,1530.8,669.5,1238.7
44009442901,RI,Washington County,442901,4038,75,3734,19,28,17,2,26,137,3161,41,2964,14,18,15,1,13,95,876.4,1018.7,875.4,821.1,710.4,769.7,1106.6,941.6,713.4,1249.9,1123.4,1353.6,1004.9,1018.7,876.4,768,908.5,1064.1,1301.8,908.5,1016.3
44009442902,RI,Washington County,442902,3982,93,3608,25,15,55,1,19,166,3232,62,2959,23,12,53,0,15,108,827.6,1026,770.8,804.7,652.1,707,1005.1,886.5,672.1,1086.9,1204.5,1192.6,1072.9,1026,827.6,727.9,828.6,1138.7,1139.7,914.5,917.4
44009443201,RI,Washington County,443201,1012,17,947,6,3,13,0,1,25,836,15,794,1,3,13,0,0,10,326,275,315,242,288,219,404,337,204,442,274,469,252,275,326,221.7,336,263,455.5,244.3,368.7
44009443202,RI,Washington County,443202,2637,72,2372,20,24,64,0,2,83,2336,53,2140,20,19,57,0,2,45,947,525,868,478,758,432,1015,937,376,1189,529,1230,485,525,947,428.7,894.5,507,1209.5,470.8,992
44009443203,RI,Washington County,443203,3296,73,2832,39,31,168,0,21,132,2750,58,2385,29,29,144,0,19,86,978,553,931,498,842,441,1081,989,399,1237,573,1295,506,553,978,446,960.8,539.5,1266,495,1050.4
44009443204,RI,Washington County,443204,3100,166,2429,63,160,87,0,24,171,2515,102,2056,42,119,77,0,19,100,939.8,340.8,939.9,313,800.1,280.2,949.1,963.1,254.8,1236.8,379.3,1242.7,361.8,340.8,939.8,282.7,913,370.5,1239.8,321.7,1010.2
44009443205,RI,Washington County,443205,3037,80,2687,38,30,37,0,16,149,2460,49,2214,35,20,31,0,12,99,1142,442.9,1156.9,434.9,1002,402.2,1241.3,1191.6,321.7,1479.6,477.6,1502.4,432,442.9,1142,386.3,1147.9,454.8,1491,418.6,1245.1
44009443206,RI,Washington County,443206,8516,710,6804,397,18,365,4,20,198,8030,678,6431,389,16,352,4,19,141,689.4,391.2,651.3,374.5,564.2,349.1,740.3,682.6,308,929,450.8,955.4,428.3,391.2,689.4,343.9,659.6,439.6,942.2,383.7,744.6
44009443207,RI,Washington County,443207,3466,130,2781,91,48,230,0,19,167,2731,77,2245,67,30,200,0,17,95,1273.2,581.8,1202.7,537.4,1055.2,497.7,1339.3,1260.5,419.2,1546.3,607,1600.5,541.6,581.8,1273.2,484.8,1214.4,574.3,1573.4,530.8,1325.4
44009443208,RI,Washington County,443208,3317,77,3053,13,3,30,0,15,126,2854,56,2659,10,3,28,0,10,88,1167.5,740.2,1143.1,734.3,1060.2,620.6,1359.7,1222.2,594,1591.6,850.6,1645.7,772.3,740.2,1167.5,649.6,1196.3,811.5,1618.6,718.7,1312.9
44009443209,RI,Washington County,443209,1349,32,1253,10,1,6,0,4,43,1121,17,1059,5,1,5,0,3,31,495.8,318.1,475.8,287.7,429.9,246,542.7,508.1,226.3,652.8,368.3,686.9,315.3,318.1,495.8,253.3,489.1,341.8,669.8,293.6,541.7
44009443210,RI,Washington County,443210,2201,46,2052,12,0,11,0,10,70,1959,32,1857,12,0,9,0,9,40,721.7,450.2,719.7,380.6,639.6,334.3,827.9,756.5,313,970.9,483,1001.8,426,450.2,721.7,342.6,735.9,454.6,986.4,397.9,805.4
44009443601,RI,Washington County,443601,1594,51,1397,15,12,28,1,1,89,1269,36,1130,12,6,27,0,0,58,336.9,375.2,349.3,282,334.9,251.5,409.9,361.1,255.5,473.4,410.6,504.7,360.9,375.2,336.9,263,363.8,385.7,489.1,322.6,395.7
44009443602,RI,Washington County,443602,4458,290,3642,49,27,262,2,8,178,3698,186,3094,41,24,229,2,8,114,985.9,797.4,925.8,554.8,860.8,503.1,1018.3,959.4,479.7,1294.1,915.2,1398.6,704.8,797.4,985.9,512.5,941.1,810,1346.3,659.2,1063.3
44009443603,RI,Washington County,443603,4089,246,3530,41,35,92,5,10,130,3489,161,3070,37,34,76,5,4,102,959.4,757.3,1013.3,551.3,951.5,456.2,1095.7,1070.2,457.2,1251.7,764.2,1321.3,626.9,757.3,959.4,488.2,1032.7,695.5,1286.5,602.2,1094.7
44009443604,RI,Washington County,443604,3154,36,2902,15,6,87,3,11,94,2739,23,2553,15,0,77,3,6,62,822.6,862,814.8,666.2,826.4,533.1,954.7,845.9,573.9,1154.6,838.4,1167.5,784.7,862,822.6,591.1,860.4,811.6,1161.1,709.7,940.9
44009443605,RI,Washington County,443605,3032,53,2849,8,14,28,1,8,71,2666,31,2533,7,12,26,0,5,52,885.7,820.2,859.8,699.6,865,559.5,1031.7,905,595.9,1213.7,968.1,1299,850.3,820.2,885.7,618.4,915.4,909.2,1256.4,749,1008.6
44009443606,RI,Washington County,443606,4127,314,3399,68,44,76,2,16,208,3331,226,2808,64,21,69,2,9,132,722,754.6,750.9,503.2,693.1,439.2,820.5,767.4,449.4,990.5,815.4,1088.2,668.6,754.6,722,463.9,758,742,1039.4,605.1,833.2
44009443607,RI,Washington County,443607,2905,87,2596,21,26,53,3,5,114,2341,52,2142,15,19,37,1,5,70,582.8,660,602.9,494.5,563.8,411.4,732.2,642,421.4,789.5,746.2,856.7,642,660,582.8,442.4,635.2,694.1,823.1,562.6,681.4
