GEOID20,state,county,vtd,pop,pop_hisp,pop_white,pop_black,pop_aian,pop_asian,pop_nhpi,pop_other,pop_two,vap,vap_hisp,vap_white,vap_black,vap_aian,vap_asian,vap_nhpi,vap_other,vap_two,ndv,nrv,adv_16,arv_16,adv_18,arv_18
460030VTD-1,SD,Aurora County,0VTD-1,571,18,534,1,2,8,0,0,8,428,10,406,0,2,3,0,0,7,69.4,214.9,61.8,245.8,77,184.1
460030VTD-2,SD,Aurora County,0VTD-2,217,7,202,1,0,0,0,0,7,168,3,161,0,0,0,0,0,4,33.7,111.9,28.8,123.2,38.6,100.6
460030VTD-3,SD,Aurora County,0VTD-3,772,21,732,2,6,0,0,0,11,593,13,566,1,6,0,0,0,7,132.7,252.1,107,307,158.4,197.1
460030VTD-5,SD,Aurora County,0VTD-5,413,10,370,4,21,1,0,0,7,269,6,254,2,1,1,0,0,5,64.4,114.5,60.2,136,68.5,93
460030VTD-7,SD,Aurora County,0VTD-7,774,163,571,6,9,4,0,0,21,579,117,436,2,3,4,0,0,17,96.6,199.7,88,232.2,105.1,167.1
460050VTD-1,SD,Beadle County,0VTD-1,2138,518,1328,16,32,189,2,0,53,1584,292,1121,13,17,111,1,0,29,115.5,244.5,108.4,276.1,122.5,212.9
46005VTD-01,SD,Beadle County,VTD-01,1712,81,1548,11,27,14,3,0,28,1250,48,1163,6,8,8,1,0,16,194.1,613.1,178.9,665.9,209.2,560.4
46005VTD-02,SD,Beadle County,VTD-02,1801,50,1694,4,4,5,0,1,43,1308,23,1260,2,3,5,0,1,14,251.5,536.6,206.9,638.6,296.1,434.6
46005VTD-04,SD,Beadle County,VTD-04,220,1,217,0,0,0,0,0,2,180,1,178,0,0,0,0,0,1,86.2,182.6,81,206.2,91.5,159
46005VTD-05,SD,Beadle County,VTD-05,1195,34,1140,1,2,1,0,0,17,900,20,869,1,2,1,0,0,7,416.5,928.5,361.9,1076.2,471.1,780.7
46005VTD-W2,SD,Beadle County,VTD-W2,2385,601,1304,34,61,290,8,7,80,1783,386,1067,25,54,195,7,5,44,220.3,341.9,236.3,386.1,204.2,297.7
46005VTD-W3,SD,Beadle County,VTD-W3,2276,446,1243,29,46,407,23,11,71,1554,226,993,19,26,246,11,1,32,191.1,357.7,195.5,415.2,186.8,300.1
46005VTDW01,SD,Beadle County,VTDW01,926,146,649,6,8,82,8,1,26,709,91,540,2,6,47,8,0,15,68,141.8,64.3,160.1,71.6,123.5
46005VTDW71,SD,Beadle County,VTDW71,1973,358,1135,14,16,384,1,5,60,1340,168,921,6,9,206,0,5,25,130.6,295.9,124.2,338.6,136.9,253.2
46005VTDW72,SD,Beadle County,VTDW72,1672,139,1033,14,19,403,6,0,58,1191,75,838,7,6,240,0,0,25,11.7,26.6,10.7,30.4,12.7,22.7
46005VTDW81,SD,Beadle County,VTDW81,1612,147,1228,7,12,182,1,1,34,1228,91,990,4,10,114,0,0,19,195.7,384.6,198.2,419,193.2,350.2
46005VTDW82,SD,Beadle County,VTDW82,1239,220,850,6,16,111,5,2,29,907,126,679,5,9,74,1,0,13,91.1,204.2,81.5,230.2,100.7,178.2
460070VTD-1,SD,Bennett County,0VTD-1,1097,20,103,2,955,0,0,1,16,687,8,88,2,579,0,0,1,9,165.9,72.6,169,90.2,162.9,54.9
460070VTD-4,SD,Bennett County,0VTD-4,278,5,196,0,63,0,0,1,13,230,3,169,0,47,0,0,1,10,13.6,138.2,11.6,151.6,15.6,124.8
46007VTD-02,SD,Bennett County,VTD-02,230,9,73,0,124,0,0,0,24,166,5,68,0,78,0,0,0,15,68.8,106.9,62.4,117.7,75.1,96.2
46007VTD-05,SD,Bennett County,VTD-05,385,27,115,4,197,7,0,0,35,268,14,106,4,117,5,0,0,22,51.1,79.5,46.4,87.4,55.8,71.6
46007VTD-06,SD,Bennett County,VTD-06,323,10,142,1,128,0,0,0,42,226,5,127,1,73,0,0,0,20,14,21.8,12.7,23.9,15.3,19.6
46007VTD-27,SD,Bennett County,VTD-27,1068,16,368,0,593,0,0,0,91,690,4,307,0,327,0,0,0,52,129.9,221.1,110,236.8,149.8,205.5
460090VTD-1,SD,Bon Homme County,0VTD-1,1160,13,1118,0,8,0,0,1,20,888,7,861,0,7,0,0,0,13,131,404.3,114.5,454.2,147.5,354.4
460090VTD-2,SD,Bon Homme County,0VTD-2,954,11,883,4,33,1,0,3,19,706,6,666,2,17,0,0,3,12,130,342.7,107.6,389.9,152.5,295.6
460090VTD-3,SD,Bon Homme County,0VTD-3,1345,24,1277,2,2,2,1,2,35,1087,12,1055,2,2,0,0,1,15,243.8,412.1,213.4,494.1,274.2,330.2
460090VTD-4,SD,Bon Homme County,0VTD-4,1174,9,1135,3,4,0,1,0,22,873,8,851,3,1,0,0,0,10,190.1,291.7,169.2,361.5,210.9,221.9
460090VTD-5,SD,Bon Homme County,0VTD-5,2370,60,1747,97,408,8,3,0,47,2153,57,1559,97,402,7,2,0,29,156.5,438.8,144.9,480,168,397.5
460110VTD-1,SD,Brookings County,0VTD-1,3377,105,2731,141,48,254,5,3,90,3187,82,2619,127,44,235,5,2,73,158.6,190.2,151.4,227.3,165.9,153.1
460110VTD-2,SD,Brookings County,0VTD-2,3667,137,3099,105,66,150,1,4,105,3331,112,2839,96,47,141,1,3,92,322.1,298.3,308.2,346,336,250.6
460110VTD-3,SD,Brookings County,0VTD-3,2770,273,2194,48,66,63,1,6,119,2306,180,1906,41,45,53,1,3,77,319.5,311.4,320,365.2,319,257.6
460110VTD-4,SD,Brookings County,0VTD-4,2943,98,2599,30,29,83,0,2,102,2431,55,2205,21,21,71,0,2,56,584.6,698.9,559.2,799.8,610,598
460110VTD-5,SD,Brookings County,0VTD-5,5795,210,4934,172,59,197,4,13,206,4387,133,3840,106,41,142,4,8,113,899,1307.1,838.8,1460,959.2,1154.2
460110VTD-6,SD,Brookings County,0VTD-6,4649,140,4123,62,26,124,1,9,164,3292,75,2989,38,17,93,1,6,73,727.4,1179.2,689.2,1300.8,765.6,1057.6
460110VTD-8,SD,Brookings County,0VTD-8,1608,38,1493,9,11,17,1,3,36,1189,20,1123,4,6,12,1,3,20,237.3,437.9,217.8,483,256.9,392.9
460110VTD-9,SD,Brookings County,0VTD-9,1567,13,1527,4,4,3,0,0,16,1130,3,1116,1,1,0,0,0,9,218.7,414.9,210.8,458,226.6,371.9
46011VTD-10,SD,Brookings County,VTD-10,1168,44,1067,11,5,3,0,4,34,904,31,833,6,2,3,0,4,25,172.5,402.1,172.5,448.5,172.5,355.6
46011VTD-11,SD,Brookings County,VTD-11,1828,80,1650,20,21,3,0,5,49,1286,42,1196,8,13,2,0,5,20,228,385.3,224.3,437.7,231.6,332.8
46011VTD-12,SD,Brookings County,VTD-12,458,8,430,2,1,2,0,3,12,346,4,330,0,0,2,0,3,7,60,194.5,58,221.2,62,167.8
46011VTD-13,SD,Brookings County,VTD-13,398,9,369,2,0,2,0,6,10,312,4,292,2,0,1,0,6,7,78.6,153.2,76,163.7,81.1,142.6
46011VTD-14,SD,Brookings County,VTD-14,2688,110,2472,15,24,7,0,3,57,1981,71,1858,6,10,7,0,3,26,396.1,756.9,373.2,829.2,419,684.5
46011VTD-15,SD,Brookings County,VTD-15,289,6,282,0,0,0,0,0,1,243,1,241,0,0,0,0,0,1,70.6,100.2,67.5,112,73.8,88.5
46011VTD-16,SD,Brookings County,VTD-16,1170,156,952,7,12,4,0,3,36,816,110,675,3,3,2,0,2,21,126,283.7,121.5,318,130.5,249.4
460130VTD-1,SD,Brown County,0VTD-1,2961,145,2507,42,81,76,0,7,103,2263,95,1953,30,59,60,0,6,60,398.5,687.1,380.2,785.5,416.8,588.8
460130VTD-2,SD,Brown County,0VTD-2,1747,82,1484,26,50,28,10,1,66,1324,56,1164,22,26,22,9,1,24,258.1,357.8,248.8,407.5,267.4,308.1
460130VTD-3,SD,Brown County,0VTD-3,3451,233,2837,57,121,59,1,10,133,2666,140,2280,40,88,49,1,3,65,451.4,816.3,436,933.6,466.8,698.9
460130VTD-4,SD,Brown County,0VTD-4,1667,107,1337,38,92,32,4,2,55,1322,71,1100,25,61,29,3,0,33,210.5,308.6,198.4,351.4,222.6,265.8
460130VTD-5,SD,Brown County,0VTD-5,1502,102,1204,25,44,56,2,3,66,1210,80,1004,24,32,34,2,2,32,161.8,226.2,153,261,170.6,191.4
460130VTD-6,SD,Brown County,0VTD-6,4518,169,3813,105,121,118,4,16,172,3480,107,3043,65,94,78,1,9,83,574.5,1086.6,540.8,1254.2,608.2,919
460130VTD-7,SD,Brown County,0VTD-7,4355,159,3702,87,133,143,5,4,122,3285,101,2875,62,80,88,5,4,70,529,1153.6,500.2,1321.8,557.7,985.3
460130VTD-8,SD,Brown County,0VTD-8,3020,191,2337,20,161,176,7,9,119,2169,108,1742,16,110,114,7,9,63,310,500.2,305.2,585.8,314.8,414.6
460130VTD-9,SD,Brown County,0VTD-9,1851,103,1597,5,31,28,7,6,74,1369,71,1198,5,24,21,7,5,38,234.8,520.5,225.8,594.6,243.8,446.4
46013VTD-10,SD,Brown County,VTD-10,1631,62,1335,22,75,62,2,6,67,1368,43,1156,20,49,53,0,6,41,151.1,198.3,148,240.5,154.1,156.1
46013VTD-11,SD,Brown County,VTD-11,1626,111,1190,95,37,107,0,19,67,1294,78,1007,63,24,74,0,10,38,215,308.6,207.7,351,222.3,266.2
46013VTD-12,SD,Brown County,VTD-12,1399,11,1324,4,29,3,0,1,27,1054,5,1011,3,18,3,0,1,13,225.2,572,215.6,650.8,234.8,493.1
46013VTD-13,SD,Brown County,VTD-13,705,8,663,2,15,1,0,5,11,534,6,506,0,11,0,0,5,6,144.2,219.3,142.5,247.2,146,191.4
46013VTD-14,SD,Brown County,VTD-14,469,5,451,0,6,0,0,0,7,372,4,363,0,1,0,0,0,4,112.8,134.4,105.2,151,120.4,117.8
46013VTD-15,SD,Brown County,VTD-15,1772,11,1706,0,27,3,1,0,24,1358,8,1316,0,16,2,1,0,15,243.5,640.2,232,718.8,255,561.8
46013VTD-16,SD,Brown County,VTD-16,747,15,663,0,30,9,1,1,28,546,10,495,0,12,9,1,0,19,104.9,246,95.9,274.2,113.8,217.8
46013VTD-17,SD,Brown County,VTD-17,1136,47,1058,2,12,3,0,0,14,800,37,742,1,7,3,0,0,10,259.1,323.4,244.8,361.5,273.5,285.4
46013VTD-18,SD,Brown County,VTD-18,434,11,407,1,10,2,0,0,3,348,7,332,1,7,0,0,0,1,112.4,133.9,103.5,153.5,121.2,114.4
46013VTD-19,SD,Brown County,VTD-19,2104,61,1947,2,27,10,0,2,55,1528,31,1441,2,12,6,0,0,36,374.6,543,351,603.5,398.1,482.5
46013VTD-20,SD,Brown County,VTD-20,289,8,271,0,1,0,0,0,9,219,7,204,0,1,0,0,0,7,70.8,79.7,65.5,87,76,72.4
46013VTD-21,SD,Brown County,VTD-21,440,8,424,0,0,2,0,0,6,364,4,356,0,0,1,0,0,3,131.7,113.7,130.3,125.4,133.1,102.1
46013VTD-22,SD,Brown County,VTD-22,477,10,448,2,0,0,0,4,13,367,7,346,0,0,0,0,4,10,114.6,130.3,111.2,148.8,118.1,111.7
460150VTD-2,SD,Brule County,0VTD-2,939,6,895,0,15,0,0,0,23,751,4,725,0,7,0,0,0,15,21.6,81.3,17,91.5,26.2,71.1
460150VTD-3,SD,Brule County,0VTD-3,967,19,848,0,45,0,3,0,52,732,10,655,0,28,0,3,0,36,366.4,750,332.4,851.2,400.5,648.9
460150VTD-5,SD,Brule County,0VTD-5,836,3,791,0,17,1,0,0,24,592,3,569,0,9,0,0,0,11,91.8,249.8,83.2,271,100.4,228.6
46015VTD-D2,SD,Brule County,VTD-D2,1207,28,933,14,157,9,1,2,63,934,19,764,10,94,9,1,2,35,131.3,342.8,104.3,406.9,158.3,278.7
46015VTD-D3,SD,Brule County,VTD-D3,308,15,187,8,74,0,0,0,24,233,14,160,6,43,0,0,0,10,4.3,11.8,3.9,12.8,4.7,10.8
46015VTD-D4,SD,Brule County,VTD-D4,990,35,686,6,187,16,1,4,55,772,25,563,2,126,16,1,4,35,15.4,58,13.5,59.8,17.2,56.2
460170VTD-1,SD,Buffalo County,0VTD-1,638,4,179,0,434,1,0,0,20,409,2,137,0,256,0,0,0,14,26,86.4,22.5,92.5,29.5,80.2
460170VTD-2,SD,Buffalo County,0VTD-2,629,4,65,0,538,0,0,0,22,389,4,50,0,318,0,0,0,17,42.7,39.7,36.5,44.8,48.9,34.6
460170VTD-3,SD,Buffalo County,0VTD-3,681,5,42,0,610,0,0,0,24,398,4,24,0,366,0,0,0,4,254.7,49.6,230,57,279.4,42.2
460190VTD-6,SD,Butte County,0VTD-6,79,0,73,0,3,0,0,0,3,71,0,68,0,0,0,0,0,3,3.2,40.3,2.9,44.1,3.5,36.5
460190VTD-8,SD,Butte County,0VTD-8,30,2,27,0,0,0,0,0,1,22,1,20,0,0,0,0,0,1,4.6,24.5,4.2,26.9,5,22.1
46019VTD-11,SD,Butte County,VTD-11,143,1,140,0,0,0,0,0,2,104,1,102,0,0,0,0,0,1,8.1,57.1,7.5,62.6,8.8,51.6
46019VTD-12,SD,Butte County,VTD-12,170,3,165,0,0,0,1,0,1,132,3,128,0,0,0,1,0,0,15.6,77.2,16.4,80.1,14.7,74.4
46019VTD-13,SD,Butte County,VTD-13,453,17,415,1,9,2,0,0,9,352,11,327,0,6,1,0,0,7,18.8,99.5,17.1,109.2,20.5,89.8
46019VTD-14,SD,Butte County,VTD-14,576,11,550,0,4,3,0,0,8,450,8,431,0,2,2,0,0,7,51.4,272.1,46.8,298.6,56.1,245.7
46019VTD-16,SD,Butte County,VTD-16,1517,42,1391,0,19,4,0,3,58,1164,21,1084,0,15,4,0,3,37,116.7,528.3,99.7,580.8,133.8,475.9
46019VTD-17,SD,Butte County,VTD-17,856,22,787,0,13,3,0,2,29,635,14,593,0,10,3,0,2,13,58.8,273,53.8,300.7,63.7,245.2
46019VTD-18,SD,Butte County,VTD-18,248,6,216,0,4,3,1,0,18,195,2,175,0,3,0,1,0,14,27.2,80.2,28,89.5,26.5,71
46019VTD-20,SD,Butte County,VTD-20,575,10,517,0,10,1,1,10,26,442,3,402,0,5,1,1,9,21,58.4,165.6,51,183.2,65.9,147.9
46019VTD-21,SD,Butte County,VTD-21,668,60,553,0,22,1,0,5,27,527,39,448,0,18,1,0,2,19,48.3,145.1,45.1,169.6,51.5,120.6
46019VTD-22,SD,Butte County,VTD-22,634,36,523,5,17,3,0,3,47,483,20,405,5,17,1,0,3,32,48.9,115.8,47.3,131,50.5,100.6
46019VTD-23,SD,Butte County,VTD-23,598,35,497,4,18,0,0,1,43,446,13,397,4,16,0,0,1,15,47.8,169.9,43.4,199.3,52.3,140.4
46019VTD-24,SD,Butte County,VTD-24,844,61,725,0,12,4,0,3,39,593,24,543,0,2,3,0,3,18,75.7,228.1,69.3,258.9,82.2,197.2
46019VTD-25,SD,Butte County,VTD-25,710,30,638,0,9,2,2,0,29,538,18,488,0,8,1,2,0,21,58,240,51.2,253.2,64.8,226.8
46019VTD-26,SD,Butte County,VTD-26,723,15,652,0,18,2,0,0,36,515,13,459,0,13,2,0,0,28,51.9,167.7,48,190.5,55.9,144.9
46019VTD-27,SD,Butte County,VTD-27,526,31,464,0,9,0,0,0,22,392,22,351,0,2,0,0,0,17,42.5,184.4,43.4,206.3,41.6,162.4
46019VTD-28,SD,Butte County,VTD-28,893,28,814,2,15,2,0,3,29,706,15,654,2,11,2,0,3,19,80.2,250.4,77.2,278.5,83.1,222.2
460210VTD-1,SD,Campbell County,0VTD-1,299,8,264,0,11,0,0,0,16,210,4,194,0,8,0,0,0,4,23.5,109.3,22.2,127.2,24.8,91.4
460210VTD-2,SD,Campbell County,0VTD-2,259,4,241,0,6,3,0,0,5,221,3,208,0,4,3,0,0,3,19.2,127.3,16.5,145,21.9,109.6
460210VTD-3,SD,Campbell County,0VTD-3,273,10,256,0,5,0,0,0,2,233,7,223,0,2,0,0,0,1,23.9,140.8,19,154,28.9,127.5
460210VTD-4,SD,Campbell County,0VTD-4,286,11,257,0,8,2,0,0,8,227,8,208,0,6,2,0,0,3,22.8,133.4,20.2,147.5,25.4,119.2
460210VTD-5,SD,Campbell County,0VTD-5,260,4,252,0,1,1,0,0,2,211,3,206,0,1,1,0,0,0,19.4,144,16.2,152.8,22.6,135.2
460230VTD-1,SD,Charles Mix County,0VTD-1,1271,15,637,2,565,6,3,0,43,862,11,512,2,312,6,2,0,17,145.8,257.8,117.2,263,174.3,252.6
460230VTD-2,SD,Charles Mix County,0VTD-2,427,15,307,1,85,1,1,0,17,301,8,225,1,56,1,1,0,9,71.3,107.4,54.9,126.2,87.7,88.7
460230VTD-4,SD,Charles Mix County,0VTD-4,1058,21,245,0,786,0,0,0,6,744,7,174,0,559,0,0,0,4,106.9,71.9,94.8,80.8,119,63
460230VTD-5,SD,Charles Mix County,0VTD-5,1102,16,619,1,452,1,0,0,13,725,9,456,1,255,1,0,0,3,143.6,190.9,111,208.5,176.3,173.2
460230VTD-7,SD,Charles Mix County,0VTD-7,230,14,151,1,42,3,0,0,19,183,9,133,1,27,3,0,0,10,40.5,77.5,33.8,87.5,47.3,67.5
460230VTD-8,SD,Charles Mix County,0VTD-8,344,2,325,0,2,2,0,0,13,253,1,244,0,0,2,0,0,6,36.2,128.3,25.2,142,47.2,114.6
460230VTD-9,SD,Charles Mix County,0VTD-9,645,1,621,0,12,2,0,0,9,473,0,463,0,4,2,0,0,4,68.3,303,51.2,325.6,85.4,280.5
460230VTD6B,SD,Charles Mix County,0VTD6B,256,10,115,0,107,1,0,0,23,184,10,97,0,69,1,0,0,7,57.2,38,46.5,46.5,67.9,29.4
46023VTD-10,SD,Charles Mix County,VTD-10,436,1,428,0,2,0,0,0,5,303,1,298,0,0,0,0,0,4,13.6,108.6,9.5,94,17.6,123.2
46023VTD-13,SD,Charles Mix County,VTD-13,211,13,80,0,96,0,0,1,21,143,5,63,0,62,0,0,1,12,26.7,41.1,24.2,44,29.1,38.1
46023VTD-3a,SD,Charles Mix County,VTD-3a,411,21,151,3,221,3,3,0,9,317,13,143,3,152,3,3,0,0,40.8,45.9,34.1,53.4,47.5,38.4
46023VTD-3b,SD,Charles Mix County,VTD-3b,495,35,217,0,193,4,2,0,44,359,24,190,0,116,4,2,0,23,111.8,118.1,93.8,140.4,129.9,95.8
46023VTD-3c,SD,Charles Mix County,VTD-3c,584,18,306,2,207,2,5,0,44,405,15,248,1,115,2,5,0,19,89.7,94.7,75.2,112.6,104.1,76.8
46023VTD-6a,SD,Charles Mix County,VTD-6a,240,11,64,2,142,0,0,0,21,167,11,46,2,101,0,0,0,7,57.4,38.1,46.7,46.8,68.2,29.5
46023VTD-6c,SD,Charles Mix County,VTD-6c,214,2,107,0,87,2,0,0,16,158,1,93,0,51,2,0,0,11,12.6,8.3,10.2,10.2,14.9,6.4
46023VTD11a,SD,Charles Mix County,VTD11a,433,17,397,1,1,2,0,0,15,323,12,301,0,1,1,0,0,8,32.9,137.2,24.8,156.9,41.1,117.4
46023VTD11b,SD,Charles Mix County,VTD11b,459,10,419,2,3,0,0,2,23,351,6,331,0,1,0,0,0,13,53,220.5,39.9,252.3,66.1,188.7
46023VTD11c,SD,Charles Mix County,VTD11c,401,4,386,0,4,2,0,0,5,303,3,295,0,1,2,0,0,2,37.9,157.9,28.6,180.7,47.3,135.1
46023VTD12a,SD,Charles Mix County,VTD12a,59,2,54,0,0,0,0,0,3,45,2,40,0,0,0,0,0,3,8.9,16.3,6.8,19.3,10.9,13.4
46023VTD12b,SD,Charles Mix County,VTD12b,28,0,23,0,3,0,0,0,2,24,0,22,0,0,0,0,0,2,2.8,5.1,2.1,6,3.4,4.2
46023VTD12c,SD,Charles Mix County,VTD12c,69,0,68,0,1,0,0,0,0,58,0,57,0,1,0,0,0,0,23.3,42.9,17.9,50.7,28.8,35.2
4602500VTD1,SD,Clark County,00VTD1,672,15,652,1,2,0,0,0,2,490,6,483,0,1,0,0,0,0,84.6,188.4,69,201.2,100.1,175.6
4602500VTD2,SD,Clark County,00VTD2,668,10,643,1,0,0,0,0,14,514,7,500,1,0,0,0,0,6,118.8,275,104.5,297.5,133,252.5
4602500VTD3,SD,Clark County,00VTD3,387,7,371,3,2,0,0,0,4,255,5,248,0,2,0,0,0,0,63.3,166.6,58.6,177.3,68,156
4602500VTD5,SD,Clark County,00VTD5,963,23,919,2,6,0,0,0,13,618,10,594,2,4,0,0,0,8,75.2,237.1,60.8,254.2,89.6,220
46025VTD-W3,SD,Clark County,VTD-W3,421,39,368,2,0,0,0,0,12,333,21,306,2,0,0,0,0,4,26,64.1,24.1,67,27.8,61.3
46025VTD4-1,SD,Clark County,VTD4-1,333,20,301,1,4,2,1,0,4,262,15,240,1,2,2,0,0,2,52.6,93,50.5,106.2,54.8,79.8
46025VTD4-2,SD,Clark County,VTD4-2,393,55,319,2,6,0,1,0,10,307,38,264,0,1,0,0,0,4,46.8,103.1,41.2,115.5,52.2,90.8
46027VTD-C1,SD,Clay County,VTD-C1,942,37,748,17,34,33,0,3,70,748,29,610,16,14,29,0,2,48,243.9,90.9,237.5,111.8,250.4,70
46027VTD-C2,SD,Clay County,VTD-C2,1916,90,1552,55,62,59,0,5,93,1792,78,1491,53,34,58,0,3,75,142.3,61,157.2,91,127.4,31
46027VTD-W1,SD,Clay County,VTD-W1,696,0,669,2,0,1,0,2,22,539,0,521,2,0,0,0,2,14,115.9,258.1,110.8,294.5,121.1,221.8
46027VTD-W2,SD,Clay County,VTD-W2,829,10,780,1,23,3,0,0,12,659,8,616,1,22,2,0,0,10,137.8,203,125.2,239,150.4,167
46027VTD-W3,SD,Clay County,VTD-W3,1878,28,1751,4,5,14,2,4,70,1462,17,1385,2,3,12,0,3,40,406.7,485.3,378.5,546.5,434.9,424.1
46027VTDNE1,SD,Clay County,VTDNE1,1528,72,1205,11,85,47,0,9,99,1284,49,1064,9,63,36,0,9,54,145,132.2,140,162,150,102.4
46027VTDNE2,SD,Clay County,VTDNE2,1353,44,1123,35,62,38,1,0,50,1257,39,1066,26,43,37,1,0,45,84.2,55.6,93,59.5,75.5,51.8
46027VTDNW1,SD,Clay County,VTDNW1,1509,43,1180,41,112,39,1,9,84,1230,23,1013,36,71,24,0,9,54,294.4,222.1,291,260.2,297.9,184
46027VTDNW2,SD,Clay County,VTDNW2,1442,38,1173,31,77,66,0,0,57,1206,31,1020,26,41,51,0,0,37,174.3,163,167.2,189.5,181.4,136.5
46027VTDSE1,SD,Clay County,VTDSE1,1395,36,1257,3,32,18,0,1,48,1011,24,930,1,14,15,0,1,26,383.3,319.6,357.5,359.2,409.1,279.9
46027VTDSE2,SD,Clay County,VTDSE2,1479,60,1217,35,60,43,0,5,59,1211,41,1048,26,25,38,0,5,28,308.9,226.8,292.8,266,325.1,187.6
460290VTD-2,SD,Codington County,0VTD-2,2530,37,2394,3,42,7,0,4,43,1879,12,1803,2,21,7,0,1,33,286.7,761.3,276,883.8,297.4,638.9
460290VTD-3,SD,Codington County,0VTD-3,1281,10,1241,2,10,3,0,2,13,996,6,976,1,3,1,0,1,8,173.7,433,152.8,459.8,194.6,406.3
460290VTD-5,SD,Codington County,0VTD-5,1861,65,1720,3,16,6,0,4,47,1375,31,1301,3,6,6,0,4,24,250,635.6,222.4,686,277.6,585.1
46029VTD-A1,SD,Codington County,VTD-A1,2150,28,2052,5,21,11,0,1,32,1522,19,1460,4,14,10,0,1,14,228.5,692.2,190.2,766.8,266.9,617.6
46029VTD-A2,SD,Codington County,VTD-A2,1117,24,1055,3,12,3,0,0,20,873,16,835,0,8,1,0,0,13,134.1,364.4,126,410.7,142.3,318.1
46029VTD-A3,SD,Codington County,VTD-A3,682,17,620,3,15,6,2,0,19,555,15,516,2,7,3,2,0,10,57.2,136.5,52.8,159.6,61.5,113.5
46029VTD-A4,SD,Codington County,VTD-A4,966,13,896,2,5,31,0,2,17,686,6,640,0,1,28,0,2,9,131.4,313.9,121.4,366.9,141.4,260.9
46029VTD-B1,SD,Codington County,VTD-B1,1224,18,1150,3,11,3,0,0,39,962,13,913,2,11,3,0,0,20,112.9,308.1,107.8,335.3,118,281
46029VTD-B2,SD,Codington County,VTD-B2,2319,75,2081,11,63,16,1,9,63,1703,34,1558,3,49,14,1,9,35,295.3,475.6,284,543.8,306.6,407.4
46029VTD-B3,SD,Codington County,VTD-B3,692,8,669,3,5,0,0,1,6,545,6,534,0,1,0,0,1,3,107.3,243.7,102.6,274.7,112.1,212.8
46029VTD-B4,SD,Codington County,VTD-B4,268,4,259,0,0,0,0,0,5,196,4,189,0,0,0,0,0,3,17.8,48,16.8,52.1,18.8,44
46029VTD-C1,SD,Codington County,VTD-C1,675,51,532,8,24,20,0,0,40,564,37,463,8,13,16,0,0,27,64.1,145.5,61.4,164.2,66.8,126.8
46029VTD-C2,SD,Codington County,VTD-C2,582,28,518,4,13,2,0,3,14,468,18,423,4,13,2,0,3,5,27.4,38.1,27.1,44.7,27.6,31.6
46029VTD-C3,SD,Codington County,VTD-C3,1908,69,1684,5,65,18,0,6,61,1590,51,1425,5,53,17,0,6,33,176.9,256,211,348.5,142.7,163.5
46029VTD-C4,SD,Codington County,VTD-C4,1007,50,845,6,53,7,0,0,46,750,28,638,6,36,7,0,0,35,127.7,198.3,87.9,198.3,167.5,198.4
46029VTD-D1,SD,Codington County,VTD-D1,1406,39,1250,18,33,18,0,1,47,1132,25,1037,9,27,11,0,1,22,141.7,300.1,133.7,346.4,149.7,253.9
46029VTD-D2,SD,Codington County,VTD-D2,1407,26,1283,6,35,10,0,4,43,1098,16,1015,2,27,7,0,4,27,154.1,265.6,148.5,318.8,159.6,212.5
46029VTD-D3,SD,Codington County,VTD-D3,1113,26,991,14,36,14,0,0,32,905,15,827,9,26,12,0,0,16,116.2,213.9,111.9,247.4,120.5,180.5
46029VTD-D4,SD,Codington County,VTD-D4,595,45,493,6,31,4,0,0,16,477,24,413,6,20,4,0,0,10,105,148.3,104,173.3,106,123.2
46029VTD-E1,SD,Codington County,VTD-E1,1977,79,1661,3,116,14,0,2,102,1482,47,1294,3,70,11,0,2,55,186.8,372.8,181.9,417.2,191.6,328.4
46029VTD-E2,SD,Codington County,VTD-E2,611,11,582,0,10,0,0,1,7,411,7,395,0,4,0,0,1,4,121.8,361.4,85.5,274.4,158.1,448.3
46029VTD-E3,SD,Codington County,VTD-E3,1339,15,1295,0,3,3,0,8,15,1049,13,1023,0,2,0,0,3,8,125.6,432.1,164.2,617.5,87,246.8
46029VTD-E4,SD,Codington County,VTD-E4,404,0,400,0,4,0,0,0,0,337,0,335,0,2,0,0,0,0,61.7,134.9,38.8,124.7,84.7,145.2
46029VTD-E5,SD,Codington County,VTD-E5,211,1,170,1,22,1,0,0,16,152,1,122,0,22,1,0,0,6,53.3,145.5,51,158.3,55.7,132.7
46031VTD-AR,SD,Corson County,VTD-AR,54,1,42,0,9,0,0,0,2,42,1,32,0,7,0,0,0,2,5.3,16.2,4.7,19.1,5.9,13.2
46031VTD-BH,SD,Corson County,VTD-BH,328,0,9,0,311,0,0,0,8,177,0,5,0,169,0,0,0,3,54.2,9.2,48.8,11.8,59.8,6.8
46031VTD-BU,SD,Corson County,VTD-BU,184,4,47,2,111,5,0,0,15,127,2,36,2,75,5,0,0,7,21.2,25.3,19.1,29.2,23.4,21.4
46031VTD-CD,SD,Corson County,VTD-CD,495,4,47,0,431,0,0,0,13,304,4,45,0,246,0,0,0,9,49.6,24.4,45.2,25.2,53.9,23.5
46031VTD-GV,SD,Corson County,VTD-GV,109,2,89,0,9,1,0,0,8,73,0,63,0,4,1,0,0,5,5.5,53.7,4.4,57.9,6.6,49.6
46031VTD-KN,SD,Corson County,VTD-KN,208,2,26,0,176,0,0,0,4,137,0,16,0,119,0,0,0,2,47.2,8.8,49,9,45.5,8.5
46031VTD-LC,SD,Corson County,VTD-LC,69,10,30,1,13,3,0,0,12,54,5,27,1,9,3,0,0,9,21.6,25.8,19.4,29.8,23.8,21.8
46031VTD-LE,SD,Corson County,VTD-LE,470,9,20,0,433,0,0,0,8,258,3,14,0,235,0,0,0,6,75.4,20.1,73.2,25.5,77.6,14.8
46031VTD-LO,SD,Corson County,VTD-LO,161,1,101,1,38,0,0,0,20,111,1,76,1,24,0,0,0,9,7.6,70.1,5.3,75.6,9.9,64.7
46031VTD-MI,SD,Corson County,VTD-MI,212,1,153,0,42,7,0,0,9,174,0,128,0,31,7,0,0,8,31,95.5,27.4,113,34.7,78
46031VTD-MT,SD,Corson County,VTD-MT,202,2,177,0,9,0,0,0,14,166,2,145,0,6,0,0,0,13,24.2,77.8,20.2,92,28.2,63.5
46031VTD-RL,SD,Corson County,VTD-RL,149,0,70,0,63,0,0,0,16,122,0,64,0,47,0,0,0,11,15.8,44,13.2,49,18.2,39
46031VTD-SM,SD,Corson County,VTD-SM,801,5,116,1,655,3,0,0,21,509,3,91,1,394,3,0,0,17,124.1,59.5,109.5,73,138.6,46
46031VTD-WK,SD,Corson County,VTD-WK,460,5,30,1,402,1,0,0,21,297,3,24,1,263,1,0,0,5,83.6,9.2,78.2,12,89,6.5
46033VTD-BG,SD,Custer County,VTD-BG,395,12,337,4,13,1,0,4,24,333,7,289,4,12,1,0,3,17,59.2,117.2,56.2,132.8,62.2,101.6
46033VTD-BR,SD,Custer County,VTD-BR,1910,30,1770,2,16,5,0,9,78,1656,18,1555,2,13,5,0,5,58,328.8,843.4,315.9,892.7,341.7,794
46033VTD-EM,SD,Custer County,VTD-EM,294,7,252,4,5,2,0,8,16,242,5,216,4,4,2,0,3,8,29,111.4,31.9,123,26.1,99.8
46033VTD-FB,SD,Custer County,VTD-FB,226,7,190,0,3,0,0,2,24,187,3,164,0,3,0,0,0,17,25.7,111.8,24.2,114.5,27.1,109
46033VTD-HE,SD,Custer County,VTD-HE,1776,59,1583,2,50,7,0,11,64,1451,38,1314,2,35,7,0,10,45,186.2,674.6,178.8,717,193.6,632.1
46033VTD-PR,SD,Custer County,VTD-PR,664,14,617,1,8,1,0,1,22,578,10,544,1,8,1,0,1,13,103.8,235.3,107.8,241.5,99.8,229.1
46033VTD-SD,SD,Custer County,VTD-SD,1153,19,1042,3,37,0,0,2,50,942,8,865,2,27,0,0,1,39,180.7,471.6,166.1,526.2,195.2,417
46033VTD6-1,SD,Custer County,VTD6-1,634,25,567,1,8,5,0,3,25,511,10,471,1,6,5,0,3,15,114.5,244.8,114.2,271.9,114.8,217.7
46033VTD7-1,SD,Custer County,VTD7-1,514,24,446,9,12,1,0,1,21,413,12,366,8,12,1,0,1,13,61.2,142.2,56.1,153.9,66.3,130.5
46033VTD8-1,SD,Custer County,VTD8-1,236,2,229,2,0,2,0,0,1,214,2,208,2,0,2,0,0,0,52.1,103.2,47.2,109.2,56.9,97.3
46033VTD8-2,SD,Custer County,VTD8-2,516,12,473,4,9,1,0,1,16,398,7,380,2,2,1,0,0,6,76.8,152.3,69.7,161.1,83.9,143.5
460350000C4,SD,Davison County,0000C4,1105,14,1061,3,10,2,0,0,15,854,8,833,3,4,2,0,0,4,87.2,248.2,76.2,270.6,98.2,225.8
460350VT-14,SD,Davison County,0VT-14,1320,107,1076,15,64,13,0,5,40,1013,62,882,8,29,10,0,4,18,146.6,227.9,119.2,230.7,174,225.2
460350VTD10,SD,Davison County,0VTD10,1121,63,953,11,55,7,0,5,27,861,33,749,10,37,7,0,4,21,147.3,273.3,123.2,274.5,171.3,272
460350VTD11,SD,Davison County,0VTD11,1077,54,960,1,25,6,0,1,30,829,38,759,1,11,6,0,1,13,112.2,226.6,120.5,288.2,103.9,165
460350VTD12,SD,Davison County,0VTD12,1039,80,899,4,31,5,0,3,17,877,61,773,3,22,5,0,2,11,75.6,150.7,71.3,166.6,79.8,134.8
460350VTD13,SD,Davison County,0VTD13,544,45,439,4,22,4,0,0,30,417,31,349,3,15,3,0,0,16,106.5,212.5,100.5,234.9,112.5,190.1
460350VTD15,SD,Davison County,0VTD15,1687,71,1481,7,73,4,0,1,50,1239,41,1115,6,47,3,0,1,26,190.6,340,165.8,391.1,215.4,288.8
460350VTD16,SD,Davison County,0VTD16,916,44,776,8,54,11,0,0,23,691,23,604,8,35,9,0,0,12,86.9,160.8,113.2,244,60.6,77.6
460350VTD17,SD,Davison County,0VTD17,164,5,158,1,0,0,0,0,0,123,4,118,1,0,0,0,0,0,3.1,5.4,3,5.8,3.2,5.1
460350VTD18,SD,Davison County,0VTD18,694,38,609,8,11,7,0,0,21,517,25,458,8,10,7,0,0,9,116.1,203.6,112,217.7,120.2,189.6
460350VTD19,SD,Davison County,0VTD19,1237,67,1077,7,42,6,0,3,35,999,47,893,7,28,4,0,0,20,128.4,267.1,123.6,321.7,133.3,212.5
46035VTD-06,SD,Davison County,VTD-06,708,27,655,0,5,1,0,1,19,541,17,511,0,5,1,0,1,6,129.5,339,122.6,373.2,136.4,304.7
46035VTD-07,SD,Davison County,VTD-07,853,13,825,1,3,6,0,0,5,650,8,632,1,1,5,0,0,3,71.8,186.2,68.3,205.1,75.3,167.2
46035VTD-08,SD,Davison County,VTD-08,1250,42,1092,11,40,17,0,2,46,1034,27,919,10,34,16,0,1,27,115.4,248.3,120.2,316.5,110.5,180.1
46035VTD-09,SD,Davison County,VTD-09,1385,103,1094,17,97,5,0,5,64,1000,70,836,13,50,3,0,2,26,143.9,272.4,129.1,285.3,158.7,259.6
46035VTD-20,SD,Davison County,VTD-20,1582,67,1401,23,38,9,0,0,44,1256,44,1126,17,27,8,0,0,34,221.9,485.5,220.2,546.2,223.6,424.9
46035VTD-C1,SD,Davison County,VTD-C1,775,31,706,0,11,2,0,0,25,548,16,518,0,4,1,0,0,9,64.8,195.8,59.2,226,70.4,165.5
46035VTD-C2,SD,Davison County,VTD-C2,874,15,824,0,13,0,0,2,20,665,10,633,0,9,0,0,2,11,75.4,282.6,66,314,84.8,251.1
46035VTD-C3,SD,Davison County,VTD-C3,1262,23,1196,3,5,10,0,1,24,990,15,956,0,3,5,0,1,10,152.8,475.4,141,507.5,164.6,443.2
46035VTD-C5,SD,Davison County,VTD-C5,363,4,343,3,3,2,0,0,8,257,3,250,0,1,2,0,0,1,91.2,263.1,82.1,288.3,100.3,238
460370VTD-5,SD,Day County,0VTD-5,114,1,105,0,7,0,0,0,1,87,0,82,0,4,0,0,0,1,48.8,64.6,46,71.4,51.6,57.8
460370VTD-6,SD,Day County,0VTD-6,522,8,205,1,299,1,0,0,8,342,4,170,1,162,0,0,0,5,104.6,107.1,99.4,110.8,109.9,103.3
46037VTD-AT,SD,Day County,VTD-AT,177,17,156,1,0,1,0,0,2,135,10,122,1,0,1,0,0,1,30.4,66.7,25.2,81.8,35.6,51.6
46037VTD-BR,SD,Day County,VTD-BR,408,13,385,0,0,2,0,0,8,335,6,323,0,0,2,0,0,4,82.6,139.2,75.8,157.2,89.4,121.2
46037VTD-BW,SD,Day County,VTD-BW,296,1,290,0,4,0,1,0,0,195,0,192,0,2,0,1,0,0,56.2,127.9,52.2,140,60.2,115.8
46037VTD-FP,SD,Day County,VTD-FP,357,9,340,0,3,0,0,0,5,270,6,261,0,1,0,0,0,2,87.7,104.7,73.5,112.2,101.9,97.1
46037VTD-GK,SD,Day County,VTD-GK,320,4,283,0,25,2,0,0,6,276,1,248,0,23,1,0,0,3,83.4,101.3,76.2,111.5,90.6,91.1
46037VTD-LT,SD,Day County,VTD-LT,233,1,225,0,0,2,0,0,5,186,0,181,0,0,2,0,0,3,56.4,73.9,49.2,82.5,63.5,65.2
46037VTD-RR,SD,Day County,VTD-RR,418,8,392,0,9,0,0,0,9,344,4,328,0,7,0,0,0,5,85.8,109.6,70,127,101.6,92.1
46037VTD-RW,SD,Day County,VTD-RW,345,8,322,0,9,0,0,0,6,273,3,260,0,5,0,0,0,5,65.6,105.8,56.4,113.9,74.8,97.7
46037VTD1w1,SD,Day County,VTD1w1,591,7,556,1,9,2,0,0,16,445,4,425,1,5,2,0,0,8,90.8,153.2,82.5,175,99.1,131.5
46037VTD2W3,SD,Day County,VTD2W3,207,4,181,0,11,0,0,0,11,175,2,160,0,8,0,0,0,5,33.3,54,31.6,61.6,35,46.5
46037VTD2w2,SD,Day County,VTD2w2,311,3,280,0,9,2,1,0,16,246,2,227,0,4,2,1,0,10,65.4,104.9,62.1,119.7,68.7,90.1
46037VTD3W3,SD,Day County,VTD3W3,333,11,311,0,3,3,0,1,4,265,7,250,0,2,3,0,1,2,60.5,99.5,51.8,108.7,69.2,90.4
46037VTD4W1,SD,Day County,VTD4W1,361,47,299,0,9,3,0,0,3,279,37,230,0,8,3,0,0,1,56.9,103.2,53.7,115.5,60.1,91
46037VTD5W1,SD,Day County,VTD5W1,140,7,60,0,62,0,0,0,11,101,3,51,0,38,0,0,0,9,9.4,12.5,8.9,13.8,10,11.2
46037VTD5W2,SD,Day County,VTD5W2,199,3,110,0,64,0,2,0,20,137,2,91,0,35,0,2,0,7,16.6,21.9,15.6,24.2,17.5,19.6
46037VTD6W3,SD,Day County,VTD6W3,117,1,95,0,13,1,0,0,7,101,1,87,0,12,1,0,0,0,18.6,19,17.6,19.6,19.5,18.3
460390VTD-1,SD,Deuel County,0VTD-1,297,9,277,1,1,0,0,0,9,213,4,202,0,1,0,0,0,6,47,89.5,39.8,102.2,54.2,76.8
460390VTD-3,SD,Deuel County,0VTD-3,547,8,535,2,0,0,0,0,2,424,3,419,0,0,0,0,0,2,75.8,200.1,74.5,214.5,77,185.8
460390VTD-4,SD,Deuel County,0VTD-4,397,6,376,2,3,0,1,0,9,309,6,296,0,1,0,0,0,6,53,107.5,50,125.4,56,89.6
460390VTD-5,SD,Deuel County,0VTD-5,431,4,416,0,8,0,0,0,3,312,3,306,0,0,0,0,0,3,65.2,103,56.8,115,73.6,91
460390VTD-6,SD,Deuel County,0VTD-6,390,7,369,3,4,0,2,0,5,318,4,307,0,3,0,0,0,4,58.1,118.6,53.2,135.5,63,101.6
460390VTD-7,SD,Deuel County,0VTD-7,417,47,364,1,1,0,0,0,4,311,26,281,0,1,0,0,0,3,45.1,120.1,40.8,143,49.4,97.1
460390VTD-8,SD,Deuel County,0VTD-8,535,10,496,0,4,2,2,1,20,420,5,399,0,2,2,0,0,12,77.4,170.8,72,177,82.9,164.6
460390VTD-9,SD,Deuel County,0VTD-9,489,15,463,0,1,0,0,0,10,380,4,365,0,1,0,0,0,10,72.4,195.7,63.5,214.6,81.3,176.8
46039VTD-10,SD,Deuel County,VTD-10,354,17,327,0,3,0,0,0,7,250,15,230,0,0,0,0,0,5,45.1,116.2,40.5,128.2,49.6,104.1
46039VTD-11,SD,Deuel County,VTD-11,438,14,422,1,1,0,0,0,0,332,5,326,0,1,0,0,0,0,68.7,123.1,57.5,139.5,79.9,106.6
460410VTD-2,SD,Dewey County,0VTD-2,55,2,33,0,14,0,0,0,6,39,0,23,0,14,0,0,0,2,2.7,36.5,1.8,39,3.6,34
460410VTD-3,SD,Dewey County,0VTD-3,65,0,39,0,26,0,0,0,0,55,0,35,0,20,0,0,0,0,14.1,30.9,10.8,34.1,17.5,27.8
460410VTD-4,SD,Dewey County,0VTD-4,617,7,245,1,306,0,0,1,57,441,7,199,1,202,0,0,1,31,85.8,187.9,65.5,207.2,106,168.7
460410VTD-5,SD,Dewey County,0VTD-5,106,1,59,0,31,0,0,0,15,90,1,54,0,21,0,0,0,14,22.2,36.6,18.8,40.2,25.6,32.9
460410VTD-6,SD,Dewey County,0VTD-6,202,0,131,0,58,0,0,0,13,152,0,115,0,31,0,0,0,6,34.6,97.2,28,111.2,41.2,83.2
460410VTD-7,SD,Dewey County,0VTD-7,1129,14,49,2,1046,2,0,1,15,751,2,40,2,696,2,0,1,8,228.1,30,207,40,249.2,20
460410VTD-8,SD,Dewey County,0VTD-8,123,0,10,0,108,1,0,0,4,77,0,8,0,65,1,0,0,3,51.7,6.5,46.9,9.1,56.5,3.8
460410VTD-9,SD,Dewey County,0VTD-9,164,0,19,0,141,0,0,0,4,124,0,14,0,109,0,0,0,1,44.7,27.1,42.6,30.9,46.7,23.3
46041VTD-10,SD,Dewey County,VTD-10,228,1,18,1,206,0,0,0,2,158,1,18,1,138,0,0,0,0,60.5,13.7,51,18,70,9.5
46041VTD-11,SD,Dewey County,VTD-11,222,12,6,0,197,0,0,0,7,141,3,6,0,127,0,0,0,5,14.5,3.3,12.2,4.3,16.8,2.3
46041VTD-12,SD,Dewey County,VTD-12,451,15,20,1,396,0,0,0,19,319,6,16,1,288,0,0,0,8,35.2,14.7,30.1,17,40.3,12.3
46041VTD-13,SD,Dewey County,VTD-13,248,0,54,0,190,0,0,1,3,177,0,50,0,125,0,0,1,1,106.2,44.2,90.8,51.3,121.6,37.2
46041VTD-14,SD,Dewey County,VTD-14,1007,13,59,4,889,0,0,0,42,664,10,53,4,574,0,0,0,23,227.1,60.9,198.8,76.8,255.4,45.1
46041VTD-15,SD,Dewey County,VTD-15,622,16,107,0,474,3,0,1,21,407,8,92,0,285,3,0,1,18,124.4,67.4,106.1,76.2,142.6,58.6
460430VTD-1,SD,Douglas County,0VTD-1,559,4,544,1,1,0,0,1,8,425,4,417,0,0,0,0,1,3,33.3,318.1,30.2,341.8,36.4,294.5
460430VTD-2,SD,Douglas County,0VTD-2,561,13,517,3,7,0,0,0,21,465,7,436,3,5,0,0,0,14,49.9,240.4,46,257.5,53.8,223.2
460430VTD-3,SD,Douglas County,0VTD-3,440,4,397,1,8,1,0,0,29,332,0,300,0,6,1,0,0,25,50.3,205.1,49.2,220.5,51.4,189.8
460430VTD-4,SD,Douglas County,0VTD-4,623,28,556,2,15,0,1,0,21,502,24,457,0,8,0,1,0,12,65.4,236.9,62.5,264.8,68.4,209
460430VTD-5,SD,Douglas County,0VTD-5,652,5,639,0,2,2,0,0,4,457,3,449,0,1,2,0,0,2,32.2,271.6,26.5,284.5,38,258.8
46045000001,SD,Edmunds County,000001,729,6,689,3,10,4,0,0,17,617,3,586,3,10,2,0,0,13,107.8,303.7,96.2,328.5,119.2,278.9
46045000002,SD,Edmunds County,000002,928,21,876,2,7,6,0,0,16,698,17,657,2,6,3,0,0,13,93.4,251.1,83.8,295,103,207.2
46045000003,SD,Edmunds County,000003,865,2,837,4,5,3,0,0,14,610,0,589,4,2,3,0,0,12,58,208.5,50,245,66,172
46045000004,SD,Edmunds County,000004,470,14,439,1,5,3,0,0,8,349,7,330,1,4,0,0,0,7,71.2,158.8,64.8,192.2,77.6,125.2
46045000005,SD,Edmunds County,000005,754,15,705,1,11,7,0,0,15,596,6,573,1,7,5,0,0,4,65.6,271.5,54.5,304.5,76.8,238.5
46045000006,SD,Edmunds County,000006,240,3,233,1,1,0,0,0,2,205,3,198,1,1,0,0,0,2,41.4,101.9,38.2,116.2,44.5,87.6
46047VTD-BE,SD,Fall River County,VTD-BE,280,2,264,0,3,0,0,0,11,217,1,209,0,1,0,0,0,6,16.5,111.9,15.5,116.8,17.5,107.1
46047VTD-CA,SD,Fall River County,VTD-CA,287,0,251,2,7,8,0,4,15,230,0,204,2,3,8,0,0,13,33.8,124.4,33.9,123.8,33.7,124.9
46047VTD-E1,SD,Fall River County,VTD-E1,258,11,211,0,26,0,0,0,10,217,7,178,0,23,0,0,0,9,4.7,16.9,4.5,19,4.8,14.8
46047VTD-E2,SD,Fall River County,VTD-E2,213,1,188,0,14,0,3,0,7,180,1,165,0,4,0,3,0,7,7.9,28.4,7.7,32,8.1,24.8
46047VTD-E3,SD,Fall River County,VTD-E3,257,4,243,0,6,0,1,0,3,209,3,199,0,5,0,1,0,1,1.1,4,1.1,4.5,1.1,3.5
46047VTD-EA,SD,Fall River County,VTD-EA,323,11,289,0,5,0,1,1,16,264,8,247,0,4,0,1,0,4,89.2,320.4,86.7,360.9,91.7,279.9
46047VTD-H1,SD,Fall River County,VTD-H1,797,28,644,7,62,10,2,3,41,681,26,568,7,46,7,2,3,22,115.6,215.2,120.9,241.1,110.3,189.3
46047VTD-H2,SD,Fall River County,VTD-H2,960,28,775,9,56,6,1,2,83,783,19,659,7,47,6,1,1,43,132.5,273.6,129.7,307.5,135.3,239.7
46047VTD-H3,SD,Fall River County,VTD-H3,877,21,738,8,45,12,0,4,49,736,13,632,6,42,9,0,3,31,140,253.1,133.3,286.4,146.6,219.9
46047VTD-H4,SD,Fall River County,VTD-H4,781,25,614,5,103,4,0,2,28,655,17,524,5,80,2,0,2,25,108.8,192.9,105.4,212.1,112.2,173.7
46047VTD-JA,SD,Fall River County,VTD-JA,1557,45,1393,3,35,7,3,13,58,1304,22,1198,3,21,6,3,13,38,228,651.2,222.7,698,233.2,604.5
46047VTD-OA,SD,Fall River County,VTD-OA,266,2,237,1,10,0,0,0,16,201,2,180,1,9,0,0,0,9,17.9,128.8,13.6,134.6,22.3,122.9
46047VTD-OE,SD,Fall River County,VTD-OE,117,2,85,0,19,0,0,0,11,95,1,72,0,12,0,0,0,10,5.4,41.4,4,43.2,6.8,39.5
460490VTD-1,SD,Faulk County,0VTD-1,254,11,236,0,0,1,0,0,6,223,8,210,0,0,1,0,0,4,44.1,133.4,41.5,142.5,46.8,124.4
460490VTD-2,SD,Faulk County,0VTD-2,372,2,367,1,0,0,0,0,2,275,2,271,0,0,0,0,0,2,12.6,84.9,9.8,81.8,15.5,88.1
460490VTD-3,SD,Faulk County,0VTD-3,167,5,158,0,1,0,0,1,2,132,1,128,0,1,0,0,1,1,22.8,101.4,21.2,113.2,24.2,89.6
460490VTD-4,SD,Faulk County,0VTD-4,133,7,122,0,0,2,0,0,2,109,3,103,0,0,2,0,0,1,21.6,73.1,20.8,73.8,22.4,72.5
460490VTD-5,SD,Faulk County,0VTD-5,196,3,192,0,0,0,0,0,1,128,0,127,0,0,0,0,0,1,20.1,76.7,17.5,84.8,22.6,68.6
460490VTD-6,SD,Faulk County,0VTD-6,1003,18,928,1,44,0,0,0,12,785,12,721,0,44,0,0,0,8,111.8,358.8,105.5,394.5,118,323
460510VDT46,SD,Grant County,0VDT46,397,3,393,0,0,0,0,0,1,293,3,289,0,0,0,0,0,1,58.6,135.9,52.7,150.1,64.4,121.8
460510VTD41,SD,Grant County,0VTD41,1065,59,978,0,13,1,1,1,12,802,30,759,0,5,0,1,1,6,173.6,307.9,163.9,347.9,183.2,268
460510VTD42,SD,Grant County,0VTD42,637,75,541,0,7,0,0,1,13,490,56,419,0,6,0,0,1,8,82.5,227.5,77.8,254.4,87.2,200.7
460510VTD43,SD,Grant County,0VTD43,1082,25,1027,0,2,3,0,0,25,877,16,846,0,1,2,0,0,12,143.3,432.3,135.9,487.2,150.7,377.4
460510VTD44,SD,Grant County,0VTD44,1356,71,1233,0,19,0,0,1,32,1039,46,968,0,7,0,0,1,17,161.4,385.1,147.6,433.8,175.1,336.5
46051VTD2-1,SD,Grant County,VTD2-1,1354,140,1145,0,17,8,0,4,40,1096,97,950,0,13,8,0,4,24,135.5,311.5,136.6,362.8,134.3,260.3
46051VTD2-2,SD,Grant County,VTD2-2,1665,107,1489,0,13,4,2,1,49,1239,65,1133,0,8,4,1,1,27,208.1,490,191.6,559.1,224.7,420.9
460530VTD-1,SD,Gregory County,0VTD-1,1968,30,1729,6,113,20,2,0,68,1534,18,1402,6,63,13,2,0,30,252.4,687.9,209.5,750.5,295.2,625.2
460530VTD-2,SD,Gregory County,0VTD-2,1279,14,1165,1,48,1,0,0,50,991,10,905,1,34,0,0,0,41,218.4,532.7,166.5,581.2,270.2,484.1
460530VTD-3,SD,Gregory County,0VTD-3,747,8,597,2,103,0,2,2,33,570,6,478,2,64,0,2,2,16,75.6,260.2,60,279.2,91.2,241.2
460550VTD-1,SD,Haakon County,0VTD-1,191,4,170,0,4,0,1,0,12,152,3,137,0,4,0,0,0,8,8.7,76.8,6.3,87.7,11,65.9
460550VTD-4,SD,Haakon County,0VTD-4,215,1,201,0,4,0,0,3,6,154,1,148,0,3,0,0,2,0,10.4,119.6,7.2,126.7,13.5,112.4
46055VTD-16,SD,Haakon County,VTD-16,372,7,336,0,5,5,1,4,14,294,7,272,0,3,5,0,2,5,19.8,173,17.8,190,21.9,156
46055VTD-17,SD,Haakon County,VTD-17,371,0,340,0,13,6,0,2,10,284,0,270,0,4,3,0,2,5,22.8,164.7,17.5,183.5,28.1,145.9
46055VTD-19,SD,Haakon County,VTD-19,392,3,357,1,3,3,0,5,20,303,2,280,1,3,3,0,0,14,27.6,160.4,24.2,169.2,31,151.6
46055VTD-20,SD,Haakon County,VTD-20,331,4,313,1,5,0,0,0,8,262,3,247,1,5,0,0,0,6,15.2,159.7,11,176,19.5,143.4
46057VTD-BY,SD,Hamlin County,VTD-BY,729,16,675,2,1,1,0,5,29,446,9,425,0,0,1,0,3,8,59.9,232.8,52.8,255,67,210.5
46057VTD-CW,SD,Hamlin County,VTD-CW,1537,62,1417,1,19,3,3,2,30,1083,36,1013,1,12,0,3,0,18,180.1,485.1,161.5,516.5,198.6,453.8
46057VTD-ES,SD,Hamlin County,VTD-ES,1057,108,917,2,6,6,1,0,17,792,65,706,2,5,3,1,0,10,162.1,282.1,149,306.5,175.2,257.8
46057VTD-HI,SD,Hamlin County,VTD-HI,828,52,758,0,3,0,0,2,13,539,42,486,0,3,0,0,1,7,44.4,325.1,42.2,351.2,46.6,299
46057VTD-HZ,SD,Hamlin County,VTD-HZ,250,11,216,0,1,2,2,1,17,156,8,140,0,1,0,2,1,4,11.9,111.7,10.8,115.2,13,108.1
46057VTD-ND,SD,Hamlin County,VTD-ND,1451,39,1379,0,9,1,0,0,23,938,26,895,0,5,1,0,0,11,134.2,474.3,116.2,501,152.2,447.6
46057VTD-OX,SD,Hamlin County,VTD-OX,312,0,304,0,2,0,0,1,5,217,0,211,0,1,0,0,1,4,17.4,123,14.8,130.5,20,115.5
460590VTD-1,SD,Hand County,0VTD-1,217,1,213,0,0,1,0,0,2,178,0,176,0,0,1,0,0,1,12.9,84.5,9.9,95,15.9,73.9
460590VTD-2,SD,Hand County,0VTD-2,123,2,115,0,0,0,0,2,4,88,0,85,0,0,0,0,2,1,18.3,58.9,16.5,63.5,20.1,54.4
460590VTD-3,SD,Hand County,0VTD-3,148,0,147,0,0,1,0,0,0,118,0,117,0,0,1,0,0,0,15,97.9,11.6,110.2,18.4,85.7
460590VTD-4,SD,Hand County,0VTD-4,75,0,73,0,0,0,0,0,2,53,0,53,0,0,0,0,0,0,17.9,52.7,6.5,44.8,29.3,60.7
460590VTD-5,SD,Hand County,0VTD-5,313,2,306,0,0,1,0,0,4,215,0,213,0,0,1,0,0,1,20.1,99.1,17.2,130.2,23,67.9
460590VTD-6,SD,Hand County,0VTD-6,276,4,258,0,0,1,0,3,10,207,1,195,0,0,1,0,3,7,44.2,103,48.5,123.2,40,82.7
460590VTD-7,SD,Hand County,0VTD-7,176,0,168,0,0,0,0,2,6,138,0,136,0,0,0,0,0,2,35.9,76.4,31,83.8,40.8,69
460590VTD-8,SD,Hand County,0VTD-8,76,0,75,0,1,0,0,0,0,54,0,53,0,1,0,0,0,0,9.9,48.7,8.5,64,11.3,33.4
460590VTD-9,SD,Hand County,0VTD-9,159,1,156,0,0,0,0,0,2,130,0,129,0,0,0,0,0,1,8,73.7,6.4,79.7,9.6,67.8
460590VTD10,SD,Hand County,0VTD10,67,0,64,0,0,2,0,1,0,57,0,54,0,0,2,0,1,0,5.2,47.7,4.1,51.6,6.2,43.9
46059VTD-12,SD,Hand County,VTD-12,188,0,184,0,0,0,0,0,4,143,0,142,0,0,0,0,0,1,76.3,214.9,67.1,236.7,85.6,193.2
46059VTD-M1,SD,Hand County,VTD-M1,466,12,443,0,3,0,0,0,8,391,6,381,0,3,0,0,0,1,72.9,187.9,63,209.8,82.7,166
46059VTD-M2,SD,Hand County,VTD-M2,399,12,373,0,3,0,0,1,10,325,10,303,0,3,0,0,0,9,18.1,51.1,15.9,56.2,20.3,46
46059VTDM3a,SD,Hand County,VTDM3a,263,13,233,4,4,0,0,4,5,215,6,196,4,4,0,0,1,4,24.1,62,20.8,69.3,27.3,54.8
46059VTDM3b,SD,Hand County,VTDM3b,199,2,184,3,0,1,0,1,8,151,0,142,3,0,1,0,0,5,13.9,39.1,12.2,43,15.5,35.1
460610VTD-1,SD,Hanson County,0VTD-1,796,12,757,2,0,0,0,5,20,600,8,573,0,0,0,0,5,14,209.2,520.6,229.8,672.9,188.8,368.2
460610VTD-2,SD,Hanson County,0VTD-2,735,4,707,0,1,0,0,5,18,539,1,521,0,1,0,0,5,11,109.4,232.2,87.2,261.2,131.6,203.1
460610VTD-3,SD,Hanson County,0VTD-3,687,9,664,0,1,0,0,1,12,459,4,446,0,1,0,0,1,7,67.8,200.8,55.8,237.8,79.9,163.8
460610VTD-4,SD,Hanson County,0VTD-4,634,4,607,0,1,0,0,4,18,451,4,435,0,1,0,0,4,7,49.6,215.2,46,229,53.2,201.5
460610VTD-5,SD,Hanson County,0VTD-5,609,4,581,3,3,0,0,0,18,398,3,387,3,0,0,0,0,5,24.2,91.1,20,94.6,28.4,87.6
46063VTD-BU,SD,Harding County,VTD-BU,262,5,232,0,11,0,0,1,13,205,5,186,0,4,0,0,1,9,18.2,127.4,15.2,140.5,21.1,114.2
46063VTD-CC,SD,Harding County,VTD-CC,205,8,189,1,5,0,0,1,1,150,5,143,1,0,0,0,1,0,19.4,91.5,15.6,105,23.2,78
46063VTD-FI,SD,Harding County,VTD-FI,61,2,59,0,0,0,0,0,0,56,2,54,0,0,0,0,0,0,5,44.4,4.4,49.5,5.5,39.3
46063VTD-HI,SD,Harding County,VTD-HI,239,2,228,2,1,0,0,0,6,182,2,174,2,0,0,0,0,4,12.2,91.2,10.7,98.2,13.7,84.3
46063VTD-LA,SD,Harding County,VTD-LA,86,4,80,0,1,0,0,0,1,61,3,57,0,0,0,0,0,1,1,36.4,0,41.5,2,31.4
46063VTD-LU,SD,Harding County,VTD-LU,156,2,140,1,2,0,0,5,6,119,1,110,1,2,0,0,2,3,8.1,73.9,7.2,80.5,9,67.4
46063VTD-PG,SD,Harding County,VTD-PG,116,7,103,0,3,0,0,0,3,85,1,79,0,2,0,0,0,3,5.3,52.9,3.8,54.5,6.9,51.2
46063VTD-RE,SD,Harding County,VTD-RE,186,2,174,1,6,0,0,0,3,128,2,121,1,3,0,0,0,1,5.5,112.5,3.8,118.5,7.2,106.5
460650VTD-5,SD,Hughes County,0VTD-5,540,30,438,3,41,0,0,0,28,396,15,332,1,23,0,0,0,25,79.5,157.3,69,171.5,90,143.1
460650VTD-7,SD,Hughes County,0VTD-7,219,5,201,1,7,0,0,1,4,165,5,155,1,3,0,0,0,1,15.9,91.9,14.2,99.5,17.6,84.2
460650VTD-9,SD,Hughes County,0VTD-9,269,5,85,0,164,2,0,1,12,173,2,74,0,92,1,0,0,4,51.9,41,47.5,45,56.2,37
46065VTD-11,SD,Hughes County,VTD-11,2646,33,2388,2,117,8,0,8,90,1970,21,1832,1,51,2,0,7,56,305.2,1031.5,279.8,1114,330.7,949
46065VTD-21,SD,Hughes County,VTD-21,1377,58,982,7,252,6,0,1,71,1155,44,886,5,176,6,0,1,37,160,250.4,145.4,280.2,174.6,220.7
46065VTD-23,SD,Hughes County,VTD-23,1209,16,934,10,195,5,1,8,40,908,7,744,6,113,5,1,6,26,167.2,301.4,149.8,334.8,184.6,268
46065VTD-24,SD,Hughes County,VTD-24,2016,73,1339,21,459,3,0,8,113,1656,45,1133,15,394,3,0,8,58,230.8,367.9,191.8,408.2,269.9,327.6
46065VTD-26,SD,Hughes County,VTD-26,1102,23,906,4,69,31,0,7,62,859,10,736,3,46,31,0,4,29,156.1,367.2,141.8,396.2,170.5,338.1
46065VTD-28,SD,Hughes County,VTD-28,1171,54,832,8,175,12,2,5,83,908,30,703,8,113,9,2,4,39,164.6,335.9,139.5,368.8,189.6,303
46065VTD-29,SD,Hughes County,VTD-29,643,14,530,2,51,8,0,1,37,499,6,419,2,39,8,0,1,24,101.4,179.9,92.8,193.6,110,166.3
46065VTD-30,SD,Hughes County,VTD-30,1423,32,1110,2,192,11,1,5,70,1023,13,828,0,127,11,1,4,39,270.1,516.6,238,552.2,302.1,480.9
46065VTD-31,SD,Hughes County,VTD-31,1464,58,1260,8,77,7,0,3,51,1108,35,991,6,39,3,0,3,31,227.7,606.8,198.2,660.8,257.1,552.9
46065VTD-32,SD,Hughes County,VTD-32,789,26,675,0,31,9,0,1,47,602,17,536,0,18,4,0,1,26,128.9,346.8,111.5,368.8,146.2,324.8
46065VTD-33,SD,Hughes County,VTD-33,1210,27,996,8,107,11,0,2,59,864,14,755,3,61,7,0,0,24,131.1,318.8,116,341.2,146.2,296.4
46065VTD-34,SD,Hughes County,VTD-34,1687,36,1409,7,131,15,0,0,89,1211,21,1074,6,65,9,0,0,36,191.8,578.2,171.2,629,212.2,527.4
460670VTD-1,SD,Hutchinson County,0VTD-1,1379,14,1340,0,6,2,0,4,13,1000,10,977,0,4,2,0,0,7,134.2,529.9,122,567.5,146.5,492.3
460670VTD-2,SD,Hutchinson County,0VTD-2,1540,92,1390,2,17,9,0,5,25,1207,64,1110,0,16,6,0,0,11,171.2,540.1,148.8,606,193.8,474.1
460670VTD-3,SD,Hutchinson County,0VTD-3,354,2,346,0,0,1,0,1,4,251,0,246,0,0,1,0,0,4,24.4,106.9,21,119.2,27.9,94.6
460670VTD-4,SD,Hutchinson County,0VTD-4,1085,5,1046,3,19,1,0,3,8,768,4,744,3,11,1,0,1,4,118.1,347.7,102,346.5,134.2,348.9
460670VTD-5,SD,Hutchinson County,0VTD-5,1554,19,1460,2,30,2,0,1,40,1183,15,1140,1,8,2,0,0,17,178.8,464.4,150,519,207.6,409.9
460670VTD-6,SD,Hutchinson County,0VTD-6,899,18,830,2,12,4,0,2,31,678,11,637,0,5,3,0,2,20,74.4,326.2,67,359.8,81.8,292.8
460670VTD-7,SD,Hutchinson County,0VTD-7,616,7,597,0,4,2,0,1,5,453,6,442,0,3,0,0,0,2,31,161.8,26.8,164.8,35.2,158.9
460690VTD-1,SD,Hyde County,0VTD-1,262,3,245,0,8,0,0,1,5,206,1,200,0,1,0,0,1,3,19.2,55.5,16.3,60.7,22.1,50.3
460690VTD-2,SD,Hyde County,0VTD-2,229,2,208,0,8,3,0,1,7,179,0,166,0,3,3,0,1,6,50,159.2,43,174.3,57.1,144.2
460690VTD-3,SD,Hyde County,0VTD-3,250,1,235,0,7,0,0,1,6,204,1,196,0,3,0,0,1,3,25.4,132.6,21.8,144.8,29,120.4
460690VTD-4,SD,Hyde County,0VTD-4,261,3,230,1,16,0,0,0,11,200,1,179,0,11,0,0,0,9,22.9,69.5,19.6,76.1,26.1,62.9
460690VTD-5,SD,Hyde County,0VTD-5,260,15,170,3,60,2,1,0,9,199,12,140,3,34,2,0,0,8,36.3,88.5,29.4,96.3,43.3,80.7
460710VTD-1,SD,Jackson County,0VTD-1,72,0,63,1,4,1,1,0,2,57,0,50,0,4,0,1,0,2,3.3,33.9,3.5,38.8,3.1,29.1
460710VTD-2,SD,Jackson County,0VTD-2,187,6,112,0,47,1,0,0,21,141,4,97,0,30,1,0,0,9,17.4,74.8,18.4,83.1,16.3,66.4
460710VTD-3,SD,Jackson County,0VTD-3,204,1,152,1,33,0,0,0,17,161,1,121,0,27,0,0,0,12,33.1,177.3,29.4,203.9,36.8,150.6
460710VTD-5,SD,Jackson County,0VTD-5,134,4,108,1,15,0,0,0,6,103,4,91,1,5,0,0,0,2,13.3,72.6,12.9,83.5,13.7,61.8
460710VTD-6,SD,Jackson County,0VTD-6,209,7,98,0,83,0,0,0,21,152,6,77,0,59,0,0,0,10,31.3,76,29.8,82.8,32.9,69.2
460710VTD-7,SD,Jackson County,0VTD-7,1047,23,59,4,915,4,1,0,41,640,10,48,1,549,4,1,0,27,196,52,181,61,211,43
460710VTD-8,SD,Jackson County,0VTD-8,410,12,56,2,328,0,0,0,12,254,8,50,2,187,0,0,0,7,31.1,39.2,23.5,39.8,38.8,38.6
46071VTD3W3,SD,Jackson County,VTD3W3,216,2,151,1,35,1,1,0,25,152,1,119,1,20,0,1,0,10,2.1,11.2,1.9,12.8,2.3,9.5
46071VTD4W1,SD,Jackson County,VTD4W1,176,5,114,1,36,0,0,4,16,141,4,104,1,18,0,0,2,12,14.1,56.7,14,66.5,14.2,46.8
46071VTD4W2,SD,Jackson County,VTD4W2,151,1,132,0,13,0,0,0,5,114,1,98,0,10,0,0,0,5,14.1,56.7,14,66.5,14.2,46.8
460730VTD-2,SD,Jerauld County,0VTD-2,246,2,235,0,2,2,0,0,5,182,2,174,0,2,1,0,0,3,40.1,104.2,36,110.7,44.1,97.8
460730VTD-3,SD,Jerauld County,0VTD-3,299,50,235,0,2,0,0,0,12,223,36,177,0,2,0,0,0,8,36.4,95.9,32.5,108.2,40.4,83.6
460730VTD-4,SD,Jerauld County,0VTD-4,185,2,182,0,0,0,0,0,1,129,2,126,0,0,0,0,0,1,31,57.2,31,68.2,31,46.2
460730VTD-5,SD,Jerauld County,0VTD-5,162,0,157,0,2,0,0,0,3,121,0,116,0,2,0,0,0,3,30.4,72.5,26,80.3,34.9,64.7
46073VTD1-1,SD,Jerauld County,VTD1-1,771,20,736,0,5,1,0,0,9,628,15,600,0,5,0,0,0,8,154.1,289,143.2,321.2,165,256.8
460750VTD-1,SD,Jones County,0VTD-1,180,0,166,1,0,0,0,0,13,127,0,122,0,0,0,0,0,5,27.8,133.2,21.9,142.8,33.6,123.6
460750VTD-3,SD,Jones County,0VTD-3,38,0,34,0,0,0,0,0,4,30,0,27,0,0,0,0,0,3,10.1,45.2,8.8,48,11.3,42.5
460750VTD-5,SD,Jones County,0VTD-5,218,3,201,2,0,0,0,0,12,170,3,158,0,0,0,0,0,9,24.9,136.9,21.8,147.5,28.1,126.2
46075VTD-M1,SD,Jones County,VTD-M1,159,5,132,1,11,0,0,1,9,121,1,106,0,7,0,0,0,7,5.7,28.4,4.5,30.5,6.9,26.4
46075VTD-M2,SD,Jones County,VTD-M2,158,0,119,0,14,0,0,0,25,130,0,99,0,12,0,0,0,19,14.7,66,12.9,70,16.5,62
46075VTD-M3,SD,Jones County,VTD-M3,164,3,121,0,24,0,0,1,15,113,0,98,0,11,0,0,0,4,7.6,34.2,6.7,36.3,8.6,32.1
46077000001,SD,Kingsbury County,000001,1028,36,969,1,0,4,0,0,18,820,19,784,0,0,3,0,0,14,109.6,189.9,100.2,205.7,118.9,174.1
46077000002,SD,Kingsbury County,000002,1030,23,980,1,2,0,4,0,20,800,18,766,0,2,0,4,0,10,170.7,411.4,159.5,448.1,181.9,374.7
46077000003,SD,Kingsbury County,000003,961,10,922,1,6,3,0,0,19,774,4,748,0,6,2,0,0,14,114.6,258.5,103.2,281.4,126,235.6
46077000004,SD,Kingsbury County,000004,1126,17,1074,1,10,4,2,0,18,814,10,775,0,10,3,2,0,14,135.3,320.3,124.8,350.8,145.8,289.9
46077000005,SD,Kingsbury County,000005,1042,33,981,1,7,0,1,2,17,792,21,758,0,5,0,1,0,7,222.2,471.4,205.2,519.6,239.1,423.2
46079004301,SD,Lake County,004301,1060,16,1015,0,4,0,1,4,20,776,6,747,0,3,0,1,4,15,129.8,307.7,122,329,137.5,286.4
46079004302,SD,Lake County,004302,897,5,870,0,5,1,1,3,12,705,1,684,0,3,1,1,3,12,136.2,316.9,131,364.8,141.4,269
46079004303,SD,Lake County,004303,350,4,334,0,2,0,0,2,8,240,1,229,0,2,0,0,2,6,40.8,132,36.2,134,45.4,130
46079004304,SD,Lake County,004304,408,11,381,0,1,3,0,3,9,328,6,308,0,1,3,0,3,7,68.9,157.1,67,167.8,70.9,146.5
46079004305,SD,Lake County,004305,793,5,767,0,0,1,0,1,19,598,4,583,0,0,1,0,1,9,134.6,282.2,119.5,300,149.6,264.5
46079004306,SD,Lake County,004306,563,11,540,0,2,1,0,0,9,428,5,418,0,0,1,0,0,4,78.3,233.6,69.8,258.2,86.9,208.9
46079004307,SD,Lake County,004307,770,5,741,0,3,0,0,0,21,665,4,647,0,3,0,0,0,11,149,314.2,139.6,329.4,158.4,298.9
46079004308,SD,Lake County,004308,2998,370,2428,47,17,27,7,12,90,2364,311,1896,43,13,27,7,5,62,773,1231.9,980,1676.5,566,787.4
46079004309,SD,Lake County,004309,1522,64,1309,18,56,27,2,1,45,1147,24,1029,12,30,26,2,1,23,262,392.8,243.2,466,280.8,319.5
46079004310,SD,Lake County,004310,1698,115,1464,20,24,6,0,2,67,1375,57,1237,16,18,6,0,2,39,241.1,351.9,237.1,389.4,245.1,314.4
46081VTD-CC,SD,Lawrence County,VTD-CC,96,2,87,0,0,1,0,0,6,90,1,84,0,0,1,0,0,4,7.3,16.1,6.5,18.1,8.1,14.2
46081VTD-DW,SD,Lawrence County,VTD-DW,1141,46,997,1,15,7,0,5,70,1019,38,916,1,14,3,0,5,42,229.8,285.2,224.5,306.7,235,263.7
46081VTD-LD,SD,Lawrence County,VTD-LD,2983,142,2594,11,61,19,6,15,135,2308,87,2043,7,52,15,0,12,92,469.2,747.5,457.3,857.1,481.1,637.9
46081VTD-NM,SD,Lawrence County,VTD-NM,465,2,395,11,38,1,0,0,18,410,1,357,9,31,1,0,0,11,105.5,201.5,109.1,233.3,101.8,169.7
46081VTD-R1,SD,Lawrence County,VTD-R1,2176,55,2003,1,28,6,1,4,78,1907,41,1790,0,22,1,0,4,49,225.9,494.4,201.9,554.9,249.8,433.9
46081VTD-R2,SD,Lawrence County,VTD-R2,4575,159,4170,16,57,15,4,3,151,3615,103,3355,11,38,10,2,3,93,602.6,1722.2,543.4,1845.3,661.9,1599.1
46081VTD-S1,SD,Lawrence County,VTD-S1,4171,172,3601,46,124,49,0,10,169,3453,129,3019,41,103,47,0,10,104,504.9,806.7,466.8,904.1,542.9,709.2
46081VTD-S2,SD,Lawrence County,VTD-S2,3773,153,3298,19,55,37,4,6,201,3001,93,2690,12,42,25,4,5,130,510.1,1018.2,500.4,1125.9,519.8,910.6
46081VTD-S3,SD,Lawrence County,VTD-S3,4256,136,3867,16,72,52,3,5,105,3344,79,3101,13,35,44,3,5,64,589.8,1190.3,541.9,1301.7,637.7,1078.8
46081VTD-SO,SD,Lawrence County,VTD-SO,364,15,321,0,2,4,0,0,22,270,11,247,0,0,4,0,0,8,56.9,186.2,54.8,200,59,172.4
46081VTD-W1,SD,Lawrence County,VTD-W1,271,4,260,0,0,0,0,0,7,218,0,214,0,0,0,0,0,4,11.1,34.5,11.2,36.5,11.1,32.4
46081VTD-W2,SD,Lawrence County,VTD-W2,344,20,286,7,6,1,0,0,24,281,11,242,7,4,1,0,0,16,41.9,129.6,42,137.5,41.7,121.7
46081VTD-W3,SD,Lawrence County,VTD-W3,275,10,244,0,9,1,0,0,11,214,4,195,0,7,1,0,0,7,85.9,266.2,86.2,282.4,85.6,249.9
46081VTD-WW,SD,Lawrence County,VTD-WW,878,6,812,0,19,3,0,3,35,693,4,648,0,13,2,0,3,23,100,309.9,100.4,328.8,99.6,291
46083VTD-02,SD,Lincoln County,VTD-02,477,10,446,1,0,1,0,0,19,352,4,336,1,0,1,0,0,10,68,172,68.5,187,67.5,157
46083VTD-06,SD,Lincoln County,VTD-06,872,13,830,3,3,2,0,5,16,637,7,610,3,2,2,0,3,10,109.8,320.7,105.9,351.3,113.8,290
46083VTD-08,SD,Lincoln County,VTD-08,410,13,379,0,2,2,0,1,13,299,10,276,0,2,1,0,1,9,59.8,146.6,56,158,63.5,135.1
46083VTD-11,SD,Lincoln County,VTD-11,420,6,398,1,0,1,0,1,13,291,4,284,0,0,1,0,1,1,63.5,142.6,60.5,153.8,66.6,131.3
46083VTD-12,SD,Lincoln County,VTD-12,736,5,703,3,4,5,0,1,15,534,3,515,3,4,3,0,0,6,82.1,271.6,78,294.2,86.1,248.9
46083VTD-13,SD,Lincoln County,VTD-13,690,14,632,3,3,10,0,3,25,488,8,458,0,2,6,0,3,11,69,194.6,66,202,72.1,187.2
46083VTD-14,SD,Lincoln County,VTD-14,817,3,790,3,5,0,0,1,15,655,0,639,3,3,0,0,0,10,107,275.8,98.6,297.3,115.4,254.3
46083VTD-15,SD,Lincoln County,VTD-15,2153,22,2071,5,5,8,0,6,36,1536,12,1493,1,3,1,0,5,21,262.7,759.4,245.2,835.2,280.3,683.6
46083VTD-16,SD,Lincoln County,VTD-16,1990,34,1877,8,7,7,0,7,50,1400,22,1331,3,3,7,0,6,28,215.2,670.6,207.2,745.9,223.2,595.4
46083VTD-21,SD,Lincoln County,VTD-21,489,12,453,1,4,0,0,1,18,372,4,352,1,4,0,0,0,11,66.4,143.2,56.5,156.8,76.4,129.7
46083VTD-23,SD,Lincoln County,VTD-23,1231,16,1158,4,11,2,0,9,31,854,7,817,1,6,2,0,4,17,151.2,339.9,138.8,376.5,163.8,303.4
46083VTD-26,SD,Lincoln County,VTD-26,454,22,408,0,0,0,0,2,22,344,16,322,0,0,0,0,0,6,85.3,227.7,77.6,248.3,92.9,207
46083VTD-B1,SD,Lincoln County,VTD-B1,176,9,151,1,2,2,0,2,9,135,5,116,1,2,2,0,0,9,8.6,23.1,7.9,25.1,9.4,21
46083VTD-B2,SD,Lincoln County,VTD-B2,95,6,88,1,0,0,0,0,0,87,3,83,1,0,0,0,0,0,7.1,18.9,6.4,20.6,7.7,17.2
46083VTD-B3,SD,Lincoln County,VTD-B3,150,4,137,3,0,3,0,0,3,116,0,107,3,0,3,0,0,3,9.1,24.4,8.3,26.6,9.9,22.2
46083VTD-C1,SD,Lincoln County,VTD-C1,779,4,757,2,4,4,0,0,8,581,4,567,0,3,2,0,0,5,49,98.1,47.5,113.3,50.4,82.9
46083VTD-C2,SD,Lincoln County,VTD-C2,627,9,595,7,3,3,0,0,10,448,7,426,3,3,1,0,0,8,39.1,78.4,37.9,90.5,40.2,66.2
46083VTD-C3,SD,Lincoln County,VTD-C3,559,11,516,5,2,5,0,2,18,415,7,389,3,1,5,0,0,10,182.9,366.6,177.4,423.4,188.3,309.8
46083VTD-C4,SD,Lincoln County,VTD-C4,547,9,484,11,9,6,0,2,26,426,8,382,8,6,5,0,2,15,112.6,183.1,110.3,211.9,114.9,154.2
46083VTD-C5,SD,Lincoln County,VTD-C5,554,7,510,1,12,5,0,2,17,411,3,382,1,9,3,0,2,11,51.5,83.6,50.4,96.8,52.5,70.4
46083VTD-H1,SD,Lincoln County,VTD-H1,3196,117,2881,44,24,6,0,12,112,2032,61,1866,26,13,6,0,10,50,262,546.5,235.2,648.9,288.9,444.2
46083VTD-H2,SD,Lincoln County,VTD-H2,3529,90,3239,30,16,13,0,0,141,2238,45,2087,22,11,13,0,0,60,322.4,689.8,288.8,774.3,356,605.3
46083VTD-L1,SD,Lincoln County,VTD-L1,832,12,779,4,18,2,0,1,16,621,8,586,4,11,2,0,0,10,95.4,207.2,87.4,229.1,103.3,185.3
46083VTD-L2,SD,Lincoln County,VTD-L2,790,17,724,6,7,3,0,3,30,564,4,536,3,0,3,0,2,16,100.7,218.7,92.3,241.8,109,195.7
46083VTD-L3,SD,Lincoln County,VTD-L3,797,23,731,3,11,3,0,1,25,589,16,549,2,6,3,0,0,13,77.3,168.1,70.9,185.8,83.8,150.3
46083VTD-T1,SD,Lincoln County,VTD-T1,1967,45,1797,21,15,6,1,6,76,1195,21,1127,11,8,6,0,1,21,123.4,290.7,113.2,328.4,133.6,253
46083VTD-T2,SD,Lincoln County,VTD-T2,1697,46,1533,25,1,6,0,5,81,1094,21,1009,13,0,6,0,3,42,222.5,524.6,204.1,592.7,240.9,456.6
46083VTD-T3,SD,Lincoln County,VTD-T3,1929,40,1753,19,25,7,0,2,83,1283,16,1204,11,13,7,0,0,32,127.3,300.9,116.8,339.9,137.8,261.9
46083VTD111,SD,Lincoln County,VTD111,2692,46,2439,31,8,85,0,8,75,2066,26,1906,17,7,58,0,6,46,387.7,984.4,354.5,1028.8,420.9,940
46083VTD112,SD,Lincoln County,VTD112,4432,178,3788,79,36,145,0,7,199,3255,106,2854,51,26,106,0,2,110,404.2,690.4,347.3,753.8,461,627.1
46083VTD113,SD,Lincoln County,VTD113,1793,86,1476,49,15,56,1,7,103,1299,42,1112,27,10,45,0,7,56,223.4,321,213.4,384.7,233.3,257.2
46083VTD114,SD,Lincoln County,VTD114,2252,59,1990,69,9,40,0,2,83,1500,32,1357,38,3,29,0,2,39,275.2,489,249.9,574.2,300.6,403.9
46083VTD115,SD,Lincoln County,VTD115,2203,77,1840,104,17,65,0,5,95,1667,50,1441,61,10,49,0,4,52,350.4,473.6,316.8,571.2,384.1,376
46083VTD116,SD,Lincoln County,VTD116,1988,91,1591,117,30,37,4,4,114,1416,68,1183,54,19,35,4,4,49,264,394.1,255.6,480,272.5,308.1
46083VTD118,SD,Lincoln County,VTD118,3351,83,2955,59,16,116,1,10,111,2196,47,1990,29,8,77,0,3,42,299.2,745.1,261.8,816,336.8,674.1
46083VTD210,SD,Lincoln County,VTD210,2751,40,2514,28,12,72,0,4,81,2081,26,1931,15,12,48,0,3,46,448.6,1062.2,411,1161,486.2,963.5
46083VTD211,SD,Lincoln County,VTD211,3534,110,3154,53,23,65,0,11,118,2829,78,2583,37,15,49,0,6,61,540.1,1124.2,472.3,1198.4,607.9,1050
46083VTD212,SD,Lincoln County,VTD212,1784,59,1512,97,22,24,0,2,68,1440,34,1262,70,15,20,0,2,37,274.1,471.6,254.6,521.4,293.5,421.8
46083VTD213,SD,Lincoln County,VTD213,6746,182,5942,200,49,132,2,12,227,5240,112,4749,118,27,96,2,7,129,721.6,1214.4,578.9,1198.1,864.2,1230.7
46083VTD215,SD,Lincoln County,VTD215,2672,49,2488,15,2,44,0,7,67,1770,29,1652,14,2,35,0,3,35,282.4,683.2,251.8,716.5,313.1,650
460850VTD-1,SD,Lyman County,0VTD-1,96,2,90,0,0,0,0,0,4,79,1,74,0,0,0,0,0,4,17.6,45.3,14.6,46,20.7,44.6
460850VTD-4,SD,Lyman County,0VTD-4,591,7,500,1,51,0,0,0,32,464,4,415,1,29,0,0,0,15,97.2,209.4,88.8,227.2,105.8,191.6
460850VTD-6,SD,Lyman County,0VTD-6,230,3,191,0,28,0,0,0,8,175,1,152,0,17,0,0,0,5,37.4,91.3,32.5,104.8,42.2,77.9
460850VTD-7,SD,Lyman County,0VTD-7,1546,14,27,1,1474,4,0,0,26,931,10,27,0,872,4,0,0,18,153.1,22.6,142,26.5,164.1,18.6
460850VTD-9,SD,Lyman County,0VTD-9,440,5,377,0,45,0,0,1,12,328,4,285,0,30,0,0,1,8,35.5,192.5,28.5,211.8,42.5,173.2
46085VTD-12,SD,Lyman County,VTD-12,646,10,576,1,25,0,0,0,34,503,9,449,1,16,0,0,0,28,81.5,271.5,69.6,300.8,93.3,242.3
46085VTD-13,SD,Lyman County,VTD-13,169,4,154,0,4,0,0,0,7,142,4,130,0,4,0,0,0,4,18.3,77.1,15.5,82,21.1,72.2
460870VTD-1,SD,McCook County,0VTD-1,1084,20,1043,2,1,2,0,0,16,811,7,791,2,0,2,0,0,9,167.9,307,153.8,344.5,182,269.5
460870VTD-2,SD,McCook County,0VTD-2,307,1,295,1,5,0,0,0,5,236,1,227,1,4,0,0,0,3,49.9,89.9,44.8,103,55.1,76.8
460870VTD-3,SD,McCook County,0VTD-3,1252,28,1148,1,23,0,0,4,48,925,13,873,0,11,0,0,0,28,145.4,367.3,122.8,413.2,168.1,321.4
460870VTD-4,SD,McCook County,0VTD-4,1009,55,897,2,12,1,0,2,40,739,37,676,0,10,1,0,0,15,80.6,355.8,64.1,399,97.1,312.6
460870VTD-5,SD,McCook County,0VTD-5,1317,61,1204,3,9,1,0,2,37,1003,38,931,2,8,1,0,2,21,192.6,377.6,167.8,425,217.5,330.1
460870VTD-6,SD,McCook County,0VTD-6,713,10,690,0,1,0,0,2,10,523,10,501,0,1,0,0,2,9,78,230.4,61.8,253.5,94.2,207.4
46089VTD-CN,SD,McPherson County,VTD-CN,124,2,121,0,0,0,0,0,1,110,2,107,0,0,0,0,0,1,32.4,155.7,29.8,170.9,35,140.4
46089VTD-E1,SD,McPherson County,VTD-E1,283,5,262,0,5,0,0,0,11,218,3,205,0,3,0,0,0,7,3.5,21.4,2.9,23.8,4,18.9
46089VTD-E2,SD,McPherson County,VTD-E2,250,3,227,0,4,3,0,0,13,218,1,203,0,4,3,0,0,7,5.8,23.2,5.6,26.3,5.9,20.1
46089VTD-E3,SD,McPherson County,VTD-E3,278,3,262,0,2,0,1,0,10,247,3,236,0,1,0,0,0,7,4.4,21.2,4.1,23.2,4.8,19.1
46089VTD-L1,SD,McPherson County,VTD-L1,129,16,112,0,0,0,0,0,1,92,9,83,0,0,0,0,0,0,2,8.8,1.8,10,2.1,7.6
46089VTD-L2,SD,McPherson County,VTD-L2,162,4,149,1,0,0,0,0,8,117,4,107,1,0,0,0,0,5,2.7,9.8,2.4,9.1,3,10.6
46089VTD-L3,SD,McPherson County,VTD-L3,143,8,130,0,2,0,0,0,3,108,6,99,0,2,0,0,0,1,5.5,19.7,4.9,18.3,6,21.1
46089VTD-NW,SD,McPherson County,VTD-NW,159,2,155,0,1,0,0,0,1,121,1,118,0,1,0,0,0,1,26,160.5,21.8,179,30.2,142.1
46089VTD-SW,SD,McPherson County,VTD-SW,132,3,128,0,0,0,0,0,1,106,2,104,0,0,0,0,0,0,34,136.6,33.1,155,35,118.2
46089VTD101,SD,McPherson County,VTD101,81,0,73,0,6,0,0,0,2,61,0,61,0,0,0,0,0,0,6.6,42.1,8,50.8,5.1,33.5
46089VTDNEL,SD,McPherson County,VTDNEL,440,4,423,2,7,0,0,0,4,362,4,348,2,5,0,0,0,3,35.2,160.2,32.9,181.7,37.5,138.7
46089VTDSEL,SD,McPherson County,VTDSEL,230,3,223,0,0,0,0,0,4,155,2,150,0,0,0,0,0,3,35,126.2,31.2,117.3,38.8,135.2
46091VTD-A1,SD,Marshall County,VTD-A1,451,16,407,1,6,0,0,0,21,334,8,312,0,5,0,0,0,9,90.8,130.1,80.2,141.8,101.4,118.4
46091VTD-A2,SD,Marshall County,VTD-A2,372,9,351,1,5,1,0,0,5,302,6,286,1,5,1,0,0,3,74.8,83.2,60,96.2,89.5,70.2
46091VTD-A3,SD,Marshall County,VTD-A3,569,7,550,1,5,0,0,0,6,457,2,449,0,3,0,0,0,3,98.8,154.8,88,180,109.6,129.6
46091VTD-A4,SD,Marshall County,VTD-A4,483,12,442,1,4,3,1,0,20,391,5,368,1,4,1,1,0,11,116.6,139.6,107.8,165.2,125.4,113.9
46091VTD-A5,SD,Marshall County,VTD-A5,582,171,238,0,145,4,0,0,24,407,106,200,0,85,3,0,0,13,67.3,96.6,55.2,116,79.4,77.1
46091VTD-A6,SD,Marshall County,VTD-A6,565,17,432,1,100,4,0,0,11,446,12,375,1,50,2,0,0,6,112.1,172.5,101.2,180.5,122.9,164.5
46091VTD-A7,SD,Marshall County,VTD-A7,329,12,254,0,56,0,0,0,7,252,6,208,0,33,0,0,0,5,69.2,102.1,56.5,114,82,90.1
46091VTD-A8,SD,Marshall County,VTD-A8,487,3,479,1,1,0,0,0,3,346,2,342,0,0,0,0,0,2,82.1,100.3,68.2,119,96,81.6
46091VTD-A9,SD,Marshall County,VTD-A9,468,8,446,0,2,0,0,0,12,321,6,308,0,2,0,0,0,5,71.2,111.9,60,121.8,82.5,102
46093VTD-00,SD,Meade County,VTD-00,362,13,327,0,3,0,0,5,14,277,3,262,0,0,0,0,4,8,48.1,123.4,41.4,140.8,54.8,105.9
46093VTD-06,SD,Meade County,VTD-06,1593,52,1434,6,33,7,0,1,60,1237,34,1125,4,28,4,0,1,41,161.7,499.8,150.9,543.9,172.5,455.6
46093VTD-08,SD,Meade County,VTD-08,697,12,641,3,6,6,0,10,19,506,5,476,3,1,6,0,3,12,67.5,203.2,59.3,218.5,75.7,187.9
46093VTD-09,SD,Meade County,VTD-09,270,6,248,0,5,3,0,0,8,205,1,192,0,4,3,0,0,5,20.6,116.3,16.8,123.8,24.5,108.8
46093VTD-10,SD,Meade County,VTD-10,2494,102,2164,14,81,21,1,2,109,1753,60,1542,11,61,20,1,0,58,217.2,683.7,195.4,768.8,238.9,598.7
46093VTD-11,SD,Meade County,VTD-11,1349,35,1219,3,30,9,1,1,51,1063,20,986,0,24,8,0,1,24,179,500.6,168.9,548.6,189.1,452.6
46093VTD-12,SD,Meade County,VTD-12,2102,49,1904,2,31,13,0,0,103,1587,29,1477,2,24,5,0,0,50,146.3,611.7,123.2,643.8,169.5,579.6
46093VTD-13,SD,Meade County,VTD-13,2436,93,2109,3,67,15,0,5,144,1800,59,1600,3,32,13,0,4,89,219.8,725.8,216.9,799.4,222.6,652.2
46093VTD-14,SD,Meade County,VTD-14,905,27,739,3,43,12,0,4,77,620,11,540,3,29,9,0,3,25,131.5,392.2,118.8,456,144.2,328.5
46093VTD-15,SD,Meade County,VTD-15,814,19,727,4,13,7,0,0,44,623,14,567,4,10,7,0,0,21,90.8,271.8,87.6,304.2,94,239.4
46093VTD-16,SD,Meade County,VTD-16,551,17,497,0,6,2,0,0,29,436,5,414,0,2,2,0,0,13,96.9,228.6,94.6,258.2,99.3,199.1
46093VTD-17,SD,Meade County,VTD-17,181,2,164,0,5,2,0,0,8,121,2,115,0,1,2,0,0,1,9.4,64.7,6.4,69.2,12.3,60.1
46093VTD-18,SD,Meade County,VTD-18,156,11,126,1,3,1,1,4,9,119,5,100,1,2,1,0,4,6,9.2,72.2,8,79.6,10.5,64.8
46093VTD-19,SD,Meade County,VTD-19,1829,89,1563,5,68,4,0,6,94,1439,57,1265,5,47,3,0,5,57,121.8,333.8,114.2,370.6,129.5,297
46093VTD-20,SD,Meade County,VTD-20,81,4,72,0,0,0,0,0,5,59,2,53,0,0,0,0,0,4,11.1,37.4,10.1,39.9,12.2,34.8
46093VTD-21,SD,Meade County,VTD-21,1696,111,1313,49,47,23,2,8,143,1126,69,895,30,31,19,2,3,77,67,276.4,60.5,322.6,73.5,230.1
46093VTD-23,SD,Meade County,VTD-23,3845,385,2541,274,121,122,39,22,341,2775,254,1862,236,74,98,34,18,199,95.4,212.6,98.8,292.6,92.1,132.6
46093VTD-24,SD,Meade County,VTD-24,501,7,463,1,4,0,0,2,24,376,1,352,1,2,0,0,2,18,32.6,146.1,31.5,155.4,33.6,136.8
46093VTD-25,SD,Meade County,VTD-25,36,0,32,0,0,1,0,0,3,27,0,25,0,0,1,0,0,1,5.1,30.2,5.2,33.5,4.9,27
46093VTD-27,SD,Meade County,VTD-27,189,1,188,0,0,0,0,0,0,144,0,144,0,0,0,0,0,0,19.5,103.7,17.9,117.9,21,89.4
46093VTD-29,SD,Meade County,VTD-29,32,2,26,0,2,0,0,0,2,23,0,21,0,2,0,0,0,0,5.6,28.3,5.8,28,5.4,28.6
46093VTD-30,SD,Meade County,VTD-30,150,1,149,0,0,0,0,0,0,104,1,103,0,0,0,0,0,0,3.7,60.4,2.5,67.2,4.8,53.7
46093VTD-31,SD,Meade County,VTD-31,460,14,405,2,24,3,0,4,8,353,5,319,0,17,3,0,4,5,32.3,201.7,29.3,224.7,35.3,178.7
46093VTD-33,SD,Meade County,VTD-33,171,4,157,0,3,0,0,0,7,118,3,107,0,3,0,0,0,5,8.7,66.8,8.1,71.1,9.4,62.4
46093VTD-35,SD,Meade County,VTD-35,98,1,92,0,0,1,0,0,4,70,1,66,0,0,0,0,0,3,2.8,43.6,2,47.8,3.6,39.4
46093VTD-40,SD,Meade County,VTD-40,100,4,80,0,7,0,1,0,8,79,2,66,0,7,0,0,0,4,8.5,25,7,27.2,10,22.8
46093VTD-41,SD,Meade County,VTD-41,100,0,96,0,0,0,0,0,4,74,0,74,0,0,0,0,0,0,7.3,44.7,5.9,49,8.6,40.4
46093VTD-6A,SD,Meade County,VTD-6A,275,3,248,2,0,0,0,1,21,204,0,187,2,0,0,0,1,14,25.4,99.2,20.5,108.4,30.2,90.1
46093VTD-CS,SD,Meade County,VTD-CS,485,16,440,1,10,0,0,1,17,401,9,370,1,9,0,0,0,12,68.9,139,65.5,162,72.2,116
46093VTD-ES,SD,Meade County,VTD-ES,510,12,455,1,9,4,0,3,26,412,10,378,1,5,0,0,3,15,62.6,152.5,63.7,168.9,61.5,136.1
46093VTD-NE,SD,Meade County,VTD-NE,421,22,348,4,18,6,0,1,22,348,16,303,2,13,5,0,1,8,45.5,70.3,42.1,82.8,49,57.8
46093VTD-NW,SD,Meade County,VTD-NW,1236,43,1071,2,52,4,0,2,62,974,24,869,2,37,4,0,2,36,123,313.8,117.6,353.5,128.4,274.1
46093VTD-RS,SD,Meade County,VTD-RS,739,31,626,7,25,1,0,1,48,536,25,464,4,14,1,0,1,27,77.7,237.7,70.4,255.4,85,220
46093VTD-SE,SD,Meade County,VTD-SE,1082,30,984,13,6,4,2,1,42,879,21,812,5,4,3,2,1,31,119.8,319.3,107.8,365.2,131.7,273.4
46093VTD-SS,SD,Meade County,VTD-SS,779,23,702,0,21,1,0,0,32,576,10,535,0,15,0,0,0,16,84.5,208.1,79.9,241,89.1,175.3
46093VTD-SW,SD,Meade County,VTD-SW,652,15,588,0,15,1,1,1,31,513,6,473,0,12,0,0,1,21,74.3,184.7,77.4,211.1,71.2,158.3
46093VTD-WS,SD,Meade County,VTD-WS,475,45,356,8,26,2,0,2,36,397,36,305,5,19,1,0,1,30,41.7,94.3,42.7,107.8,40.7,80.8
460950VTD-2,SD,Mellette County,0VTD-2,617,11,188,0,397,0,0,0,21,405,3,162,0,227,0,0,0,13,110.6,147.7,98.2,162.7,123,132.8
460950VTD-3,SD,Mellette County,0VTD-3,102,1,2,0,93,0,0,0,6,62,0,2,0,57,0,0,0,3,1,1.2,0.9,1.3,1.1,1.1
460950VTD-4,SD,Mellette County,0VTD-4,678,19,269,0,345,0,0,5,40,462,6,227,0,207,0,0,4,18,70.5,145.1,55.7,160,85.3,130.2
460950VTD-5,SD,Mellette County,0VTD-5,521,8,192,1,266,3,0,2,49,356,6,165,1,156,2,0,0,26,95.3,92.3,83.3,103.2,107.4,81.5
460970VTD-1,SD,Miner County,0VTD-1,278,9,257,2,2,1,0,1,6,216,3,207,1,2,1,0,1,1,52.1,77.5,46,85.5,58.2,69.5
460970VTD-2,SD,Miner County,0VTD-2,307,8,281,1,0,0,0,3,14,246,6,231,0,0,0,0,3,6,44.9,74.2,35.5,85.5,54.2,63
460970VTD-3,SD,Miner County,0VTD-3,263,6,239,0,4,3,0,0,11,220,5,199,0,3,3,0,0,10,33.9,66.7,27,73.5,40.9,59.9
460970VTD-4,SD,Miner County,0VTD-4,322,2,318,0,0,0,0,1,1,238,2,235,0,0,0,0,1,0,45.6,84.9,38.8,97.2,52.4,72.6
460970VTD-5,SD,Miner County,0VTD-5,129,2,125,0,0,1,0,0,1,112,2,108,0,0,1,0,0,1,23.1,55.2,20,62.4,26.2,48
460970VTD-6,SD,Miner County,0VTD-6,458,5,446,1,0,0,0,0,6,325,3,318,0,0,0,0,0,4,50.5,128,43,141.5,58,114.5
460970VTD-7,SD,Miner County,0VTD-7,314,8,299,0,0,0,0,0,7,236,6,226,0,0,0,0,0,4,59.6,117.9,50.5,125.5,68.6,110.4
460970VTD-8,SD,Miner County,0VTD-8,227,2,218,0,2,1,0,0,4,183,1,178,0,0,1,0,0,3,27.4,88.7,24,101.7,30.8,75.7
460990000N3,SD,Minnehaha County,0000N3,813,16,763,1,5,4,0,5,19,568,8,538,0,3,4,0,2,13,586.2,1389.8,577,1574.8,595.5,1204.7
460990000N4,SD,Minnehaha County,0000N4,1895,73,1727,15,9,6,0,2,63,1556,52,1432,12,9,5,0,0,46,286.9,570.2,279.8,619.5,294,520.9
460990000N5,SD,Minnehaha County,0000N5,4955,136,4564,36,20,53,2,10,134,3316,61,3122,21,13,44,2,10,43,378.4,908.7,362.8,1025,394.1,792.4
46099000N11,SD,Minnehaha County,000N11,3303,54,3134,6,24,11,0,10,64,2391,23,2298,6,13,10,0,3,38,236.2,564.2,228,622.8,244.5,505.8
46099000N13,SD,Minnehaha County,000N13,1871,18,1804,10,9,1,0,3,26,1364,10,1333,7,3,1,0,3,7,233.6,576.5,223.5,654,243.6,499
46099000N15,SD,Minnehaha County,000N15,6093,130,5566,81,39,26,2,17,232,4246,71,3990,42,19,13,2,10,99,466.1,929.2,436.5,1054,495.6,804.5
46099000N21,SD,Minnehaha County,000N21,1260,13,1190,0,2,1,0,4,50,915,4,880,0,0,1,0,3,27,308.1,748,284.5,842.8,331.6,653.2
4609900N1-3,SD,Minnehaha County,00N1-3,1667,130,1339,78,43,23,1,8,45,1378,86,1163,54,21,18,1,6,29,420.2,544.4,419,646.8,421.4,442
4609900N1-4,SD,Minnehaha County,00N1-4,2611,332,1813,234,73,36,2,0,121,2206,212,1666,160,44,34,2,0,88,359.8,432.1,383.8,536.1,335.8,328.1
4609900N1-5,SD,Minnehaha County,00N1-5,1805,151,1328,145,30,52,1,2,96,1551,102,1208,106,23,47,1,2,62,307.5,370.6,326.9,457.6,288.2,283.7
4609900N1-6,SD,Minnehaha County,00N1-6,3076,151,2523,136,84,32,0,3,147,2557,99,2179,106,64,20,0,1,88,495,622.3,502.9,724.1,487.1,520.4
4609900N1-9,SD,Minnehaha County,00N1-9,2708,149,2185,130,86,27,0,9,122,2041,78,1766,70,39,19,0,7,62,450.9,637.9,425.5,723.5,476.2,552.2
4609900N2-1,SD,Minnehaha County,00N2-1,1918,42,1798,12,12,10,1,3,40,1519,24,1459,7,7,7,1,1,13,449.3,650,423.9,729.8,474.7,570.2
4609900N2-2,SD,Minnehaha County,00N2-2,2456,45,2272,28,6,26,1,8,70,1823,15,1734,17,5,21,1,6,24,608.8,975.4,556.1,1099.8,661.6,850.9
4609900N2-3,SD,Minnehaha County,00N2-3,2609,107,2066,219,45,40,2,6,124,1941,70,1628,132,36,28,2,4,41,478.8,653.1,451.2,747.8,506.4,558.5
4609900N2-6,SD,Minnehaha County,00N2-6,2420,105,2065,66,6,56,0,10,112,1825,61,1609,39,4,44,0,4,64,479.9,721.3,451.8,828.5,508.1,614.1
4609900N2-7,SD,Minnehaha County,00N2-7,5065,150,4340,195,31,157,0,24,168,3582,90,3166,114,16,112,0,9,75,629.1,1187.4,572.8,1290.3,685.5,1084.5
4609900N2-8,SD,Minnehaha County,00N2-8,2372,50,2131,53,23,44,0,8,63,1739,19,1615,27,12,30,0,5,31,416.8,779.6,376.5,856,457,703.2
4609900N2-9,SD,Minnehaha County,00N2-9,1989,49,1828,29,11,16,1,1,54,1441,29,1362,17,2,8,1,0,22,436.8,600.7,401.5,674.5,472.1,526.9
4609900N3-5,SD,Minnehaha County,00N3-5,2535,299,1550,328,137,91,2,6,122,1967,192,1312,223,101,71,2,6,60,434.1,480.5,438,583.6,430.2,377.3
4609900N3-6,SD,Minnehaha County,00N3-6,3366,295,2261,433,125,70,4,5,173,2647,190,1924,294,88,66,2,4,79,472.8,385.4,492.2,453.5,453.4,317.4
4609900N3-9,SD,Minnehaha County,00N3-9,4404,864,2850,141,176,154,4,4,211,3400,518,2458,88,97,118,4,1,116,692.7,865,708.8,1106.8,676.7,623.2
4609900N4-1,SD,Minnehaha County,00N4-1,4347,329,2491,493,793,91,0,7,143,3876,231,2341,417,728,77,0,3,79,283.4,230.8,289,275,277.9,186.6
4609900N4-2,SD,Minnehaha County,00N4-2,2025,208,1437,198,63,16,3,8,92,1557,150,1171,130,42,11,3,7,43,304.9,292.1,297.2,344.9,312.7,239.3
4609900N4-3,SD,Minnehaha County,00N4-3,1381,155,952,77,74,45,0,2,76,1060,103,791,40,45,30,0,2,49,221.4,207.1,225.6,250.5,217.2,163.7
4609900N4-4,SD,Minnehaha County,00N4-4,2871,378,1629,459,109,128,2,8,158,2144,258,1383,274,63,90,2,4,70,356.5,326.1,373,386.5,340,265.6
4609900N4-5,SD,Minnehaha County,00N4-5,3705,259,2676,362,112,84,6,17,189,2866,140,2263,193,73,70,6,13,108,423.2,496.4,404.2,565,442.1,427.7
4609900N4-6,SD,Minnehaha County,00N4-6,1233,226,767,102,26,56,1,5,50,928,132,625,63,21,46,1,3,37,157,141.8,149.4,158.8,164.5,124.7
4609900N4-7,SD,Minnehaha County,00N4-7,4756,560,2383,786,112,766,1,8,140,3421,340,1946,472,67,533,1,1,61,599.6,759.5,600.6,880.8,598.5,638.2
4609900N4-8,SD,Minnehaha County,00N4-8,1788,154,817,567,61,113,1,9,66,1235,88,696,317,35,70,1,1,27,184.7,215.5,220.6,276.4,148.9,154.6
4609900N4-9,SD,Minnehaha County,00N4-9,2609,241,1751,304,86,55,1,15,156,1952,128,1431,215,49,45,1,8,75,420.9,423.3,427.2,520.9,414.6,325.6
4609900N5-1,SD,Minnehaha County,00N5-1,2094,215,1257,234,228,29,0,7,124,1695,142,1091,172,180,27,0,4,79,348,232.3,339.4,279.8,356.6,184.9
4609900N5-2,SD,Minnehaha County,00N5-2,2176,134,1401,376,107,64,0,7,87,1857,96,1309,266,77,56,0,7,46,319.1,213,311.1,256.5,327,169.5
4609900N5-3,SD,Minnehaha County,00N5-3,1746,118,1306,86,93,16,0,38,89,1437,86,1133,75,55,8,0,38,42,191.9,177.5,193.2,213.2,190.6,141.8
4609900N5-4,SD,Minnehaha County,00N5-4,2091,165,1645,74,57,31,0,2,117,1740,113,1443,48,37,26,0,2,71,478.2,328.5,458.8,383,497.6,274
4609900N5-6,SD,Minnehaha County,00N5-6,2280,115,1897,88,37,23,5,9,106,1741,77,1510,42,25,20,5,5,57,377.3,418,357.7,493.4,396.9,342.6
4609900N5-7,SD,Minnehaha County,00N5-7,1030,38,912,10,8,7,0,2,53,763,19,713,5,6,5,0,0,15,282.7,292.8,262.8,332.5,302.6,253
4609900N5-8,SD,Minnehaha County,00N5-8,1656,59,1465,38,14,10,0,3,67,1223,35,1124,17,8,7,0,0,32,471.6,411.8,439.8,469.5,503.5,354.1
4609900N5-9,SD,Minnehaha County,00N5-9,1367,118,988,79,79,36,1,4,62,1138,80,874,64,51,35,1,3,30,229.9,219.2,229,271.5,230.8,166.9
4609900NVP9,SD,Minnehaha County,00NVP9,2771,49,2615,6,12,11,0,12,66,1993,26,1908,6,8,5,0,10,30,348.6,768.2,328.8,877.8,368.5,658.6
460990N1-10,SD,Minnehaha County,0N1-10,3267,184,2686,144,56,48,2,13,134,2324,92,2000,79,37,38,2,11,65,499.2,703.4,500.8,843.5,497.6,563.4
460990N1-17,SD,Minnehaha County,0N1-17,3731,175,3103,127,33,112,0,13,168,2596,109,2219,76,20,80,0,9,83,409.1,717.4,387.6,873.8,430.6,560.9
460990N2-14,SD,Minnehaha County,0N2-14,6631,256,5671,294,46,127,0,8,229,4892,143,4333,162,27,98,0,5,124,850.6,1393.3,756.7,1509.5,944.5,1277
460990N3-10,SD,Minnehaha County,0N3-10,2875,73,2556,63,8,65,0,5,105,2146,35,1970,35,7,45,0,3,51,497,954.3,467.2,1093.8,526.8,814.9
460990N3-11,SD,Minnehaha County,0N3-11,1642,46,1442,26,9,24,0,4,91,1236,19,1128,12,7,14,0,2,54,344,614.9,317.6,700.6,370.3,529.2
460990N3-12,SD,Minnehaha County,0N3-12,4620,670,3268,206,190,42,1,11,232,3275,382,2522,122,105,22,1,5,116,416.2,666.8,406.9,748.8,425.4,584.7
460990N3-13,SD,Minnehaha County,0N3-13,1555,51,1365,21,23,14,0,10,71,1155,30,1037,17,19,8,0,10,34,273.9,460.8,267.5,525.2,280.2,396.4
460990N3-14,SD,Minnehaha County,0N3-14,5996,386,4563,559,119,93,5,20,251,4496,230,3689,290,50,87,5,17,128,580.8,855.5,535.9,948.8,625.7,762.3
460990N3-15,SD,Minnehaha County,0N3-15,2508,99,2198,63,19,34,0,3,92,1929,73,1708,45,15,26,0,3,59,490.5,711.4,468.4,821.2,512.6,601.5
460990N3-16,SD,Minnehaha County,0N3-16,4901,162,4173,217,50,63,0,5,231,3275,104,2862,118,31,52,0,3,105,423.6,876.8,371.6,934.5,475.5,819
460990N3-17,SD,Minnehaha County,0N3-17,5387,222,4513,199,56,143,0,8,246,3803,114,3302,98,39,118,0,8,124,567.8,1065.4,515,1214.3,620.6,916.5
460990N4-10,SD,Minnehaha County,0N4-10,2814,194,1775,475,81,140,2,16,131,2108,118,1477,286,63,95,1,10,58,349.7,526.5,350.3,613.6,349.1,439.4
460990N4-11,SD,Minnehaha County,0N4-11,5631,276,3798,636,73,655,0,16,177,3918,153,2825,327,52,474,0,9,78,519,981.9,505.3,1095.2,532.7,868.6
460990N4-12,SD,Minnehaha County,0N4-12,3159,419,2340,139,46,71,0,5,139,2413,229,1940,77,28,58,0,4,77,443.8,582.2,410.5,663.8,477,500.6
460990N4-13,SD,Minnehaha County,0N4-13,2237,160,1451,329,96,78,2,3,118,1641,97,1217,172,45,56,2,0,52,373,362.1,369.5,432,376.4,292.2
460990N4-14,SD,Minnehaha County,0N4-14,1995,291,1240,161,153,52,2,3,93,1597,181,1108,103,106,39,2,2,56,239,194,243.7,231,234.3,157
460990N5-10,SD,Minnehaha County,0N5-10,1524,84,1278,49,24,25,0,3,61,1219,48,1081,24,12,22,0,1,31,302.2,301.6,302.8,356.2,301.8,246.9
460990N5-11,SD,Minnehaha County,0N5-11,2412,165,1802,132,112,59,1,11,130,1980,118,1551,93,92,53,1,7,65,280.6,337.6,278.2,376.8,283,298.5
460990N5-12,SD,Minnehaha County,0N5-12,1432,76,1185,52,16,9,0,11,83,1137,49,980,38,11,8,0,6,45,332.2,398.2,315.6,460.9,348.9,335.5
460990N5-13,SD,Minnehaha County,0N5-13,1200,33,1076,32,4,15,0,1,39,896,22,813,21,3,15,0,0,22,296,341.7,279.5,393.5,312.5,289.9
460990N5-14,SD,Minnehaha County,0N5-14,2114,142,1733,60,41,15,1,7,115,1598,87,1362,37,24,14,1,4,69,420.4,383.8,423.2,449.2,417.5,318.2
460990N5-17,SD,Minnehaha County,0N5-17,1176,70,1008,24,15,9,0,6,44,881,40,793,10,5,6,0,3,24,248.8,316.6,239,361,258.5,272.2
460990N5-18,SD,Minnehaha County,0N5-18,3205,312,2195,229,231,41,2,16,179,2560,190,1916,164,157,27,2,11,93,508.9,420.8,501,490.5,516.9,351.1
460990N5-19,SD,Minnehaha County,0N5-19,980,26,870,18,8,10,1,3,44,744,11,673,10,6,6,1,3,34,223.4,300.5,200.5,329,246.4,272
460990N5-20,SD,Minnehaha County,0N5-20,2814,220,2028,334,67,35,1,7,122,2185,138,1710,194,49,26,0,6,62,425.7,466.2,428.2,539.1,423.3,393.3
460990N5-21,SD,Minnehaha County,0N5-21,822,46,667,28,26,8,0,1,46,654,23,575,13,10,4,0,1,28,183.1,238.5,171.8,272.2,194.5,204.8
460990NVP-6,SD,Minnehaha County,0NVP-6,1055,31,947,11,7,8,3,1,47,807,23,746,7,5,7,3,0,16,151.9,332.8,143.2,376.9,160.5,288.7
460990NVP01,SD,Minnehaha County,0NVP01,1673,24,1566,5,11,6,2,7,52,1225,13,1166,3,10,6,2,6,19,184.1,493.3,181.2,564.6,187.1,422
460990NVP02,SD,Minnehaha County,0NVP02,3110,37,2922,12,12,26,0,13,88,2361,20,2254,9,7,21,0,9,41,486,1252.1,462,1357.8,510,1146.3
460990NVP10,SD,Minnehaha County,0NVP10,2467,72,2262,7,33,2,0,2,89,1792,37,1686,7,15,1,0,2,44,360.4,682.4,345.5,752.2,375.2,612.6
460990NVP12,SD,Minnehaha County,0NVP12,273,15,243,0,0,1,0,4,10,197,9,175,0,0,0,0,3,10,29.2,96.3,28.2,101.8,30.1,90.9
460990NVP16,SD,Minnehaha County,0NVP16,2024,40,1898,9,9,5,2,3,58,1467,32,1375,4,4,4,2,2,44,249.4,568,230.3,629.3,268.5,506.7
460990NVP17,SD,Minnehaha County,0NVP17,1248,23,1159,11,28,3,0,0,24,927,14,893,0,0,1,0,0,19,174.3,425.1,172.2,450.8,176.4,399.5
46099NVP-07,SD,Minnehaha County,NVP-07,4222,59,3986,21,22,5,0,4,125,2940,39,2800,14,14,2,0,4,67,507.4,1011.8,496.5,1119.2,518.2,904.2
46099NVP-08,SD,Minnehaha County,NVP-08,1397,15,1287,3,16,8,0,0,68,1031,6,978,1,9,6,0,0,31,201.3,434.4,195.4,476.8,207.2,392
46101000V-1,SD,Moody County,000V-1,1331,175,723,5,299,31,0,3,95,973,109,598,4,189,25,0,3,45,273.4,225.5,258.5,250.5,288.4,200.5
46101000V-2,SD,Moody County,000V-2,1251,77,659,4,368,48,0,1,94,893,45,520,2,244,38,0,1,43,277.6,217.2,272.8,238,282.5,196.4
46101000V-3,SD,Moody County,000V-3,984,12,936,3,9,0,0,4,20,746,6,720,0,6,0,0,2,12,157.2,351.5,148.5,387,165.9,316
46101000V-4,SD,Moody County,000V-4,739,17,673,2,17,1,0,1,28,540,10,506,0,9,1,0,0,14,108.4,237.6,99.8,262.5,117,212.8
46101000V-5,SD,Moody County,000V-5,1380,27,1277,5,8,0,0,7,56,1006,18,959,0,4,0,0,3,22,179.5,439.1,168.2,478.5,190.8,399.8
46101V-3/4B,SD,Moody County,V-3/4B,651,6,560,0,39,6,0,9,31,473,4,409,0,29,5,0,8,18,113.5,206.1,108.8,219,118.2,193.2
46102VTD-BA,SD,Oglala Lakota County,VTD-BA,481,8,33,2,421,2,0,1,14,335,4,30,2,284,2,0,1,12,107.5,42.4,97.8,47.8,117.2,37.1
46102VTD-CN,SD,Oglala Lakota County,VTD-CN,290,9,12,1,247,2,0,1,18,184,7,12,1,158,2,0,1,3,42.3,18.4,39,16.5,45.6,20.4
46102VTD-KY,SD,Oglala Lakota County,VTD-KY,1781,80,43,0,1624,3,0,2,29,1119,41,40,0,1024,3,0,1,10,432.8,56.7,409.5,73.2,456.1,40.1
46102VTD-MA,SD,Oglala Lakota County,VTD-MA,599,12,5,2,571,0,0,0,9,350,9,5,2,331,0,0,0,3,142.4,21,139.6,29.8,145.2,12.1
46102VTD-OG,SD,Oglala Lakota County,VTD-OG,2027,63,50,0,1857,12,0,0,45,1237,24,50,0,1134,5,0,0,24,364.3,48.6,357.9,61,370.8,36.3
46102VTD-P1,SD,Oglala Lakota County,VTD-P1,2532,75,143,15,2254,12,0,1,32,1714,50,138,15,1478,10,0,1,22,565.5,48.8,550.2,66.5,580.8,31
46102VTD-P3,SD,Oglala Lakota County,VTD-P3,2704,75,60,4,2519,6,0,0,40,1681,44,54,4,1552,6,0,0,21,416.8,46.1,398.8,55.1,434.8,37.1
46102VTD-PO,SD,Oglala Lakota County,VTD-PO,2662,60,59,0,2512,1,0,0,30,1619,34,52,0,1516,1,0,0,16,382.3,38.2,345,50.3,419.6,26.1
46102VTD-RF,SD,Oglala Lakota County,VTD-RF,596,20,33,0,525,1,0,0,17,366,13,19,0,324,1,0,0,9,92.7,19.1,83.7,19.3,101.7,19
461030VTD-6,SD,Pennington County,0VTD-6,724,17,643,1,15,7,1,3,37,612,13,551,1,15,4,0,3,25,149.5,303.1,144.8,326.7,154.3,279.5
461030VTD-9,SD,Pennington County,0VTD-9,841,13,740,8,11,8,0,0,61,583,5,532,4,3,6,0,0,33,27.4,96.9,27,106.8,27.8,86.9
46103VTD-10,SD,Pennington County,VTD-10,1354,28,1208,1,39,8,0,3,67,1005,10,917,1,34,6,0,3,34,108.8,402.4,111,431.2,106.5,373.5
46103VTD-11,SD,Pennington County,VTD-11,123,1,106,1,3,0,0,0,12,104,0,92,1,3,0,0,0,8,42.3,205.8,40.8,229.3,43.8,182.3
46103VTD-12,SD,Pennington County,VTD-12,137,5,117,0,1,1,0,1,12,110,3,96,0,1,1,0,0,9,7.2,68.9,5,76,9.4,61.9
46103VTD-14,SD,Pennington County,VTD-14,109,1,103,0,0,0,0,0,5,71,0,67,0,0,0,0,0,4,7,46.5,6.6,53.3,7.4,39.8
46103VTD-15,SD,Pennington County,VTD-15,775,17,633,12,54,7,0,1,51,583,8,502,8,33,7,0,1,24,64.8,286.7,56.3,318.6,73.4,254.8
46103VTD-17,SD,Pennington County,VTD-17,334,6,291,0,9,1,0,0,27,250,2,229,0,6,1,0,0,12,23.1,177.4,22.2,182.6,24,172.3
46103VTD-18,SD,Pennington County,VTD-18,905,36,683,9,85,13,2,6,71,669,19,541,7,51,9,2,1,39,85,181.9,85.7,211.1,84.4,152.7
46103VTD-19,SD,Pennington County,VTD-19,1219,63,938,8,86,10,2,6,106,908,26,748,5,54,7,2,6,60,48,234.9,46.2,261.7,49.9,208.1
46103VTD-23,SD,Pennington County,VTD-23,2056,72,1857,4,28,10,1,3,81,1577,44,1453,1,20,6,1,3,49,321.7,857,303.8,946,339.7,768.1
46103VTD-24,SD,Pennington County,VTD-24,2042,113,1721,6,58,8,3,11,122,1609,49,1418,6,46,6,3,7,74,224.2,685.2,214.2,750.7,234.2,619.6
46103VTD-AW,SD,Pennington County,VTD-AW,645,8,596,1,1,0,0,12,27,636,8,589,1,1,0,0,12,25,0,0,0,0,0,0
46103VTD-E1,SD,Pennington County,VTD-E1,117,7,87,2,9,0,0,1,11,95,1,79,2,7,0,0,1,5,120.5,413.6,118.3,456.2,122.7,370.9
46103VTD-F1,SD,Pennington County,VTD-F1,2438,99,2017,13,102,22,3,10,172,1840,60,1579,7,68,17,3,9,97,305.2,694.6,316.5,861.9,294,527.4
46103VTD-F2,SD,Pennington County,VTD-F2,4339,182,3500,34,275,35,5,16,292,3248,109,2732,21,178,32,4,16,156,377.2,987.4,349.1,1123.7,405.2,851.1
46103VTD-K3,SD,Pennington County,VTD-K3,911,28,813,2,13,5,1,5,44,766,23,698,0,13,4,1,5,22,137.8,350.7,126.8,389.4,148.8,312
46103VTD1-1,SD,Pennington County,VTD1-1,4140,169,3201,63,399,88,4,10,206,3217,113,2579,57,250,83,4,10,121,402.9,891.5,379,978.9,426.9,804.2
46103VTD1-2,SD,Pennington County,VTD1-2,4644,219,3520,52,450,76,1,13,313,3547,135,2889,38,277,62,0,12,134,612.9,1111.8,578.2,1265.2,647.6,958.2
46103VTD1-3,SD,Pennington County,VTD1-3,4843,197,4090,70,224,60,2,11,189,3857,131,3373,44,134,39,2,11,123,719.4,1575.9,675,1763,763.8,1388.9
46103VTD1-4,SD,Pennington County,VTD1-4,3059,150,2330,52,326,25,1,7,168,2476,102,1930,46,257,25,1,7,108,279,612.5,264.7,675.4,293.2,549.6
46103VTD2-1,SD,Pennington County,VTD2-1,409,20,208,16,116,10,3,2,34,367,15,203,16,92,9,3,0,29,47.1,56,51,64.8,43.1,47.2
46103VTD2-2,SD,Pennington County,VTD2-2,517,54,307,14,60,15,1,8,58,382,37,237,12,41,14,1,6,34,23.5,39.9,22.8,53.2,24.2,26.5
46103VTD2-3,SD,Pennington County,VTD2-3,5973,391,4210,118,648,168,14,12,412,4679,260,3494,90,417,143,12,8,255,461.6,834.5,443.2,938.7,480,730.4
46103VTD2-4,SD,Pennington County,VTD2-4,6474,476,4252,100,1039,69,4,25,509,5004,304,3586,76,648,65,1,19,305,873.2,1094.8,847.5,1300.5,898.9,889
46103VTD2-5,SD,Pennington County,VTD2-5,1335,102,679,47,436,19,0,8,44,1241,90,638,43,416,16,0,7,31,92.6,84.8,94.2,95,91,74.5
46103VTD3-1,SD,Pennington County,VTD3-1,1238,49,1028,5,68,11,0,5,72,1009,19,874,4,57,10,0,4,41,234.1,394.4,229.7,442.1,238.4,346.7
46103VTD3-2,SD,Pennington County,VTD3-2,5348,145,4672,51,148,123,0,34,175,4066,83,3678,37,73,82,0,18,95,743.2,1972,695.5,2163.2,790.8,1780.7
46103VTD3-3,SD,Pennington County,VTD3-3,2241,97,1879,43,37,64,0,4,117,1828,62,1551,37,35,54,0,4,85,286.7,606.5,251.7,654.2,321.8,558.8
46103VTD3-4,SD,Pennington County,VTD3-4,5267,203,4513,38,178,64,0,26,245,4101,133,3599,28,112,53,0,21,155,1009,1715.8,956.5,1923.6,1061.6,1508.1
46103VTD3-5,SD,Pennington County,VTD3-5,648,23,576,0,4,17,0,1,27,462,13,425,0,3,8,0,0,13,68.1,154.4,64.2,173,71.9,135.8
46103VTD333,SD,Pennington County,VTD333,1668,145,1103,50,220,14,4,13,119,1140,88,827,31,96,14,3,9,72,121.7,280.5,101,321.2,142.4,239.8
46103VTD4-1,SD,Pennington County,VTD4-1,2019,113,935,50,764,41,0,2,114,1725,70,815,48,684,29,0,2,77,162,222.4,159.2,244.3,164.7,200.4
46103VTD4-2,SD,Pennington County,VTD4-2,4236,363,2268,63,1145,77,2,10,308,3240,246,1967,61,707,56,2,7,194,455.4,629.1,470,739.5,440.8,518.6
46103VTD4-3,SD,Pennington County,VTD4-3,2616,171,1374,39,763,37,3,5,224,1904,107,1167,34,423,34,3,5,131,331.8,534.9,318.6,618.4,344.9,451.5
46103VTD4-4,SD,Pennington County,VTD4-4,3879,290,1874,53,1297,53,5,8,299,2840,171,1632,30,774,43,5,8,177,433.9,429.3,436,491.4,431.7,367.2
46103VTD4-5,SD,Pennington County,VTD4-5,2230,132,1650,19,217,48,1,11,152,1622,61,1288,16,122,35,1,5,94,229.7,432.7,219,499.1,240.4,366.2
46103VTD5-1,SD,Pennington County,VTD5-1,1565,88,1035,49,250,28,0,7,108,1272,44,936,41,156,24,0,6,65,209.7,285,208.4,320.2,210.9,249.8
46103VTD5-2,SD,Pennington County,VTD5-2,4259,227,3287,62,328,41,1,9,304,3317,142,2708,47,213,36,1,5,165,644.4,929.3,636.6,1059.9,652.2,798.7
46103VTD5-3,SD,Pennington County,VTD5-3,4093,153,3456,44,151,11,3,10,265,3079,91,2707,30,92,10,3,7,139,701.2,1241.7,681.9,1393.2,720.4,1090.1
46103VTD5-4,SD,Pennington County,VTD5-4,2854,114,2366,29,158,32,0,16,139,2372,72,2054,20,108,30,0,14,74,728.5,696.6,702.3,794.1,754.8,599.2
46103VTD5-5,SD,Pennington County,VTD5-5,750,13,691,2,9,8,0,5,22,705,8,658,2,8,8,0,5,16,123,228.7,109,243.4,137,214
46103VTDDG7,SD,Pennington County,VTDDG7,5162,314,3839,101,401,69,9,16,413,3656,208,2842,82,230,58,9,16,211,318.7,843.3,308.6,1003.9,328.8,682.7
46103VTDHC1,SD,Pennington County,VTDHC1,2242,221,1812,10,68,15,0,18,98,1816,126,1554,10,42,7,0,14,63,323.1,806.4,308.6,885.1,337.6,727.7
46103VTDJS5,SD,Pennington County,VTDJS5,1979,68,1756,2,49,18,0,18,68,1747,58,1580,2,35,15,0,16,41,345.2,862.2,331.9,928.8,358.5,795.5
46103VTDN34,SD,Pennington County,VTDN34,2738,153,2156,17,146,26,1,16,223,2025,105,1665,15,99,20,0,10,111,266.8,622.5,263,715.5,270.5,529.5
46103VTDRK4,SD,Pennington County,VTDRK4,1727,19,1623,2,39,1,1,3,39,1420,12,1359,1,14,1,0,3,30,224.4,791.7,221.3,872.8,227.5,710.6
461050VTD-2,SD,Perkins County,0VTD-2,155,1,153,0,1,0,0,0,0,125,1,123,0,1,0,0,0,0,15.6,77.1,14.9,89.7,16.4,64.5
461050VTD-3,SD,Perkins County,0VTD-3,45,0,45,0,0,0,0,0,0,37,0,37,0,0,0,0,0,0,15.2,69.8,14,77.8,16.3,61.8
461050VTD-4,SD,Perkins County,0VTD-4,112,0,109,0,0,0,0,0,3,85,0,82,0,0,0,0,0,3,9.7,42.9,9.8,47.5,9.6,38.4
461050VTD-5,SD,Perkins County,0VTD-5,232,1,222,0,2,0,0,1,6,185,1,177,0,1,0,0,0,6,16.3,106.6,19.5,119.2,13.1,94
461050VTD-6,SD,Perkins County,0VTD-6,200,2,190,0,2,0,0,0,6,159,1,153,0,1,0,0,0,4,17.9,91.9,16,104,19.9,79.9
461050VTD-7,SD,Perkins County,0VTD-7,198,3,187,0,3,1,0,2,2,138,1,132,0,1,1,0,2,1,7.5,105.6,5.7,122.1,9.3,89.2
461050VTD-8,SD,Perkins County,0VTD-8,107,0,101,1,1,0,0,1,3,73,0,68,0,1,0,0,1,3,3.9,52.5,2.5,61.8,5.4,43.2
461050VTD-9,SD,Perkins County,0VTD-9,131,0,118,0,1,0,0,0,12,101,0,91,0,1,0,0,0,9,7.7,65.7,5.8,72,9.6,59.4
46105VTD-12,SD,Perkins County,VTD-12,497,3,478,0,6,1,1,1,7,394,2,384,0,2,0,1,1,4,54,244.3,46.5,273.2,61.5,215.4
46105VTD-L1,SD,Perkins County,VTD-L1,573,16,504,1,34,2,2,2,12,445,7,398,0,27,1,2,2,8,57.7,182.7,50.8,231.2,64.6,134.1
46105VTD-L3,SD,Perkins County,VTD-L3,585,12,544,0,14,1,0,1,13,502,10,470,0,8,1,0,1,12,31.9,146.7,29.5,163.7,34.3,129.8
46107VTD-01,SD,Potter County,VTD-01,392,6,379,1,3,1,0,0,2,321,3,315,1,1,0,0,0,1,63.8,276.5,61,301.6,66.7,251.4
46107VTD-02,SD,Potter County,VTD-02,420,4,406,0,2,0,0,0,8,322,1,314,0,1,0,0,0,6,41.3,156.5,38.2,172.1,44.4,140.8
46107VTD-03,SD,Potter County,VTD-03,746,10,705,0,22,3,0,0,6,614,2,594,0,12,2,0,0,4,47.8,218.3,46.1,239.9,49.4,196.6
46107VTD-04,SD,Potter County,VTD-04,446,11,404,0,16,3,0,0,12,361,7,330,0,12,3,0,0,9,44.3,198.2,41.7,219.8,46.8,176.7
46107VTD-05,SD,Potter County,VTD-05,468,8,420,5,12,7,0,3,13,371,1,345,5,7,5,0,0,8,29.8,152.3,31.6,166.6,28,138
46107VTD-36,SD,Potter County,VTD-36,0,0,0,0,0,0,0,0,0,0,0,0,0,0,0,0,0,0,0,0,0,0,0,0
461090VTD-1,SD,Roberts County,0VTD-1,299,1,254,0,31,0,0,1,12,214,0,191,0,14,0,0,1,8,48.3,101.5,43.2,124,53.4,79
461090VTD-2,SD,Roberts County,0VTD-2,857,15,811,0,3,1,0,0,27,712,13,684,0,0,1,0,0,14,118.1,297,108.8,323.2,127.5,270.8
461090VTD-3,SD,Roberts County,0VTD-3,462,7,315,1,107,2,0,3,27,350,3,261,1,72,1,0,3,9,71.9,99.3,61.5,116,82.2,82.6
461090VTD-4,SD,Roberts County,0VTD-4,211,2,153,2,48,1,0,0,5,156,0,115,2,34,1,0,0,4,33.3,40.6,30.2,50,36.4,31.2
461090VTD-5,SD,Roberts County,0VTD-5,1055,7,398,1,609,3,0,0,37,751,4,330,1,389,2,0,0,25,216,149.6,200.2,177.5,231.8,121.6
461090VTD-6,SD,Roberts County,0VTD-6,157,8,124,0,22,0,0,0,3,112,2,94,0,13,0,0,0,3,45.8,95.2,38.9,107.4,52.8,83.1
461090VTD-7,SD,Roberts County,0VTD-7,1016,14,794,0,175,0,0,0,33,779,6,644,0,104,0,0,0,25,117.2,243.7,99.4,274.9,135,212.6
461090VTD-8,SD,Roberts County,0VTD-8,316,12,209,2,74,0,0,0,19,219,9,160,2,41,0,0,0,7,47.7,53.6,45.8,64,49.6,43.1
461090VTD-9,SD,Roberts County,0VTD-9,866,19,795,0,20,1,0,0,31,703,15,653,0,18,1,0,0,16,143.2,270.4,131,308,155.5,232.9
461090VTD12,SD,Roberts County,0VTD12,557,33,208,3,240,3,0,2,68,393,23,174,3,160,2,0,2,29,127.8,113.7,125.2,133.8,130.5,93.6
461090VTD13,SD,Roberts County,0VTD13,889,19,368,4,426,8,0,3,61,620,12,317,4,249,6,0,3,29,145.2,125.1,137.2,146,153.1,104.2
461090VTD14,SD,Roberts County,0VTD14,410,32,143,2,215,0,0,0,18,278,17,124,2,130,0,0,0,5,28.2,25,27.6,29.5,28.8,20.6
46109VTD-10,SD,Roberts County,VTD-10,994,19,143,2,780,1,0,5,44,571,9,99,0,434,1,0,5,23,137.4,74,129,78.8,145.9,69.2
46109VTD-11,SD,Roberts County,VTD-11,2191,27,862,15,1182,7,0,4,94,1537,18,742,8,720,5,0,4,40,334.1,365.1,299.2,423.2,368.9,307
461110VTD-1,SD,Sanborn County,0VTD-1,449,9,423,0,4,0,0,0,13,338,6,318,0,3,0,0,0,11,54.8,180.2,55.2,206.8,54.2,153.6
461110VTD-2,SD,Sanborn County,0VTD-2,797,18,749,0,6,3,0,0,21,578,14,545,0,6,2,0,0,11,77.2,217.9,63.8,242,90.6,193.8
461110VTD-4,SD,Sanborn County,0VTD-4,559,17,526,0,1,4,0,0,11,439,11,420,0,0,0,0,0,8,69.6,194.8,69,217.5,70.1,172.1
461110VTD-5,SD,Sanborn County,0VTD-5,525,13,484,0,9,2,0,0,17,412,9,386,0,4,0,0,0,13,64.4,172.8,57.5,192.8,71.2,152.9
461150VTD-1,SD,Spink County,0VTD-1,915,23,870,0,2,0,0,0,20,690,17,661,0,2,0,0,0,10,99.7,287.2,88.5,307.5,110.9,266.9
461150VTD-3,SD,Spink County,0VTD-3,594,4,577,0,3,0,0,0,10,447,3,437,0,1,0,0,0,6,90.2,221.6,77,244.8,103.4,198.5
461150VTD-4,SD,Spink County,0VTD-4,747,9,691,2,27,0,0,0,18,579,4,534,2,27,0,0,0,12,74.7,201.5,63.5,232.2,85.9,170.9
461150VTD-5,SD,Spink County,0VTD-5,658,8,629,0,3,0,0,0,18,489,4,473,0,3,0,0,0,9,71.8,124.2,65.2,133,78.4,115.5
461150VTD-6,SD,Spink County,0VTD-6,229,3,223,0,1,0,0,0,2,178,2,174,0,0,0,0,0,2,36.5,69.7,32.2,83.2,40.8,56.1
461150VTD-7,SD,Spink County,0VTD-7,806,12,775,1,1,0,0,0,17,614,8,594,1,0,0,0,0,11,145.8,281.6,134.5,315,157,248.1
461150VTD-8,SD,Spink County,0VTD-8,284,2,280,0,0,0,0,0,2,220,1,218,0,0,0,0,0,1,50.9,88.5,45.8,96.2,56,80.8
461150VTD-9,SD,Spink County,0VTD-9,1049,51,944,12,10,2,0,1,29,824,42,748,8,7,1,0,0,18,192.8,297.9,169.8,353.5,215.8,242.4
46115VTD-10,SD,Spink County,VTD-10,1079,31,1006,8,14,0,0,0,20,840,20,803,2,6,0,0,0,9,181.8,277.7,173.7,301.4,189.8,254
461170VTD-1,SD,Stanley County,0VTD-1,2620,26,2237,11,176,5,9,5,151,1972,16,1735,10,95,5,9,5,97,366.4,949.9,304.1,1058,428.7,841.9
461170VTD-2,SD,Stanley County,0VTD-2,144,1,130,0,7,0,0,0,6,117,1,108,0,4,0,0,0,4,12.8,65.5,11.7,70.7,14,60.3
461170VTD-3,SD,Stanley County,0VTD-3,216,4,186,1,10,0,0,0,15,155,0,141,1,3,0,0,0,10,16.1,70.9,12.5,79.2,19.7,62.6
461190VTD-1,SD,Sully County,0VTD-1,263,9,253,0,0,0,0,0,1,221,8,212,0,0,0,0,0,1,28.7,124.8,24.4,131.2,33.1,118.3
461190VTD-2,SD,Sully County,0VTD-2,152,2,145,1,1,1,0,0,2,105,2,100,1,1,0,0,0,1,17.1,93.3,14.6,103,19.6,83.6
461190VTD-5,SD,Sully County,0VTD-5,148,7,130,0,0,0,0,0,11,134,6,118,0,0,0,0,0,10,20.4,91.5,17.9,99.3,22.9,83.8
461190VTD-6,SD,Sully County,0VTD-6,250,4,233,3,3,0,0,0,7,214,3,199,3,3,0,0,0,6,28.8,76.5,25.2,83.4,32.5,69.6
46119VTD2-1,SD,Sully County,VTD2-1,224,3,209,0,1,1,0,0,10,166,3,154,0,0,0,0,0,9,25.3,102.1,21.9,113.6,28.6,90.5
46119VTD2-2,SD,Sully County,VTD2-2,209,10,178,1,5,2,0,0,13,156,7,142,1,0,0,0,0,6,32.5,110.2,28,116.8,37,103.7
46119VTD3-2,SD,Sully County,VTD3-2,200,7,186,0,0,2,0,0,5,144,2,141,0,0,0,0,0,1,12.6,47.9,10.9,52.4,14.3,43.3
46121VTD-BO,SD,Todd County,VTD-BO,286,10,8,0,264,0,0,0,4,167,3,5,0,157,0,0,0,2,45.1,12.4,41.2,14.2,48.9,10.7
46121VTD-JE,SD,Todd County,VTD-JE,137,2,86,0,43,0,0,0,6,103,2,74,0,23,0,0,0,4,12.5,60.9,10.4,63.2,14.6,58.5
46121VTD-LA,SD,Todd County,VTD-LA,516,24,121,1,346,1,0,0,23,292,8,87,1,184,1,0,0,11,16.3,82.2,10.8,89.2,21.7,75.3
46121VTD-OK,SD,Todd County,VTD-OK,274,4,61,0,205,1,0,0,3,202,3,50,0,146,1,0,0,2,75.1,41.1,77.3,44.2,72.9,37.9
46121VTD-PA,SD,Todd County,VTD-PA,1527,16,40,0,1451,2,0,0,18,932,3,37,0,881,1,0,0,10,228.3,32.2,220,35.9,236.6,28.5
46121VTD-RO,SD,Todd County,VTD-RO,1888,47,60,1,1746,3,0,0,31,1181,23,53,1,1083,2,0,0,19,363.9,56,338.6,64.4,389.3,47.6
46121VTD-SA,SD,Todd County,VTD-SA,1038,36,94,3,847,10,0,0,48,635,15,87,1,503,8,0,0,21,186.2,59.9,171.8,66.3,200.7,53.6
46121VTD-SF,SD,Todd County,VTD-SF,1651,11,61,2,1522,19,0,0,36,996,8,57,2,902,9,0,0,18,266.1,61.5,262.8,72.3,269.3,50.6
46121VTDMNA,SD,Todd County,VTDMNA,2002,72,154,3,1698,9,0,0,66,1107,36,121,1,910,4,0,0,35,405.2,104.6,371.5,115.2,438.9,94
46123VTD-CF,SD,Tripp County,VTD-CF,250,0,234,2,6,0,0,0,8,189,0,181,1,2,0,0,0,5,33.8,100.9,30,108,37.6,93.8
46123VTD-CL,SD,Tripp County,VTD-CL,783,1,686,0,62,0,0,0,34,592,1,528,0,47,0,0,0,16,75.2,274.8,66,303,84.5,246.6
46123VTD-E2,SD,Tripp County,VTD-E2,404,10,349,0,20,0,0,0,25,303,6,270,0,15,0,0,0,12,53.2,177.1,46.3,193.9,60.2,160.3
46123VTD-E3,SD,Tripp County,VTD-E3,753,8,587,1,130,3,0,0,24,577,7,480,1,70,3,0,0,16,60.8,214.8,50.3,236.4,71.2,193.1
46123VTD-HM,SD,Tripp County,VTD-HM,167,1,147,0,11,0,0,0,8,139,1,120,0,10,0,0,0,8,11.9,77.2,9.6,87.2,14.2,67.2
46123VTD-ID,SD,Tripp County,VTD-ID,190,2,94,2,87,0,0,0,5,124,2,68,2,50,0,0,0,2,14.7,62.9,14.7,68.6,14.7,57.2
46123VTD-LK,SD,Tripp County,VTD-LK,232,0,220,0,10,0,0,1,1,189,0,185,0,2,0,0,1,1,22.9,123.4,14,138.5,31.9,108.2
46123VTD-LM,SD,Tripp County,VTD-LM,781,10,495,0,244,2,0,0,30,569,9,416,0,130,1,0,0,13,74.3,243.1,64.7,258.8,83.9,227.3
46123VTD-SU,SD,Tripp County,VTD-SU,172,0,141,0,14,0,0,0,17,136,0,116,0,7,0,0,0,13,27.9,69.7,25.2,71,30.6,68.4
46123VTD-W2,SD,Tripp County,VTD-W2,863,3,621,4,174,0,0,2,59,644,2,517,4,97,0,0,2,22,82.4,244.6,72.2,276.5,92.5,212.8
46123VTD-W3,SD,Tripp County,VTD-W3,531,14,304,0,180,0,0,0,33,416,8,254,0,129,0,0,0,25,57.5,135.4,54.2,153.1,60.8,117.8
46123VTD-WT,SD,Tripp County,VTD-WT,184,4,153,1,12,0,0,1,13,147,2,127,1,10,0,0,1,6,26.4,73.6,21.9,80.6,30.9,66.5
46123VTDSE1,SD,Tripp County,VTDSE1,314,1,281,0,22,0,0,0,10,259,1,233,0,19,0,0,0,6,30.2,111.5,24.5,126,36,97
461250VTD-1,SD,Turner County,0VTD-1,1688,47,1560,6,8,1,1,3,62,1292,25,1222,4,4,1,1,3,32,191.7,574.5,171.9,648,211.6,501
461250VTD-2,SD,Turner County,0VTD-2,2009,79,1823,5,11,4,0,3,84,1428,53,1320,1,10,4,0,0,40,226.5,636.5,200.8,719,252.1,554
461250VTD-3,SD,Turner County,0VTD-3,636,10,592,0,7,0,1,0,26,456,6,434,0,3,0,1,0,12,69.9,222.9,61.2,256.5,78.5,189.4
461250VTD-4,SD,Turner County,0VTD-4,560,5,544,1,2,0,0,1,7,427,2,417,0,2,0,0,1,5,70.8,205.6,58.5,214.2,83.1,196.9
461250VTD-5,SD,Turner County,0VTD-5,1006,34,929,5,5,3,0,3,27,759,11,719,4,3,3,0,2,17,143.4,369.5,130.8,407.5,156.1,331.5
461250VTD-6,SD,Turner County,0VTD-6,1078,36,986,7,20,2,0,2,25,825,21,774,3,9,1,0,2,15,135.4,324.9,133.4,356.5,137.4,293.2
461250VTD-7,SD,Turner County,0VTD-7,411,9,396,1,0,0,0,0,5,295,7,286,1,0,0,0,0,1,56.4,101.6,44.8,116.5,68,86.7
461250VTD-8,SD,Turner County,0VTD-8,1285,29,1213,12,1,2,0,1,27,931,13,897,2,1,2,0,1,15,139.8,387.1,130.8,423.2,148.9,351
461270VTD-1,SD,Union County,0VTD-1,525,6,503,0,2,1,0,0,13,383,2,375,0,0,1,0,0,5,83.2,226.3,77.8,257,88.6,195.6
461270VTD-3,SD,Union County,0VTD-3,437,8,410,0,1,1,0,0,17,319,2,310,0,0,1,0,0,6,229.1,435.1,221.8,512.8,236.4,357.5
461270VTD-4,SD,Union County,0VTD-4,346,5,315,6,3,1,0,0,16,262,2,242,2,0,1,0,0,15,114.8,218.7,117.5,255.8,112,181.6
461270VTD-5,SD,Union County,0VTD-5,262,5,249,0,1,1,0,0,6,208,5,203,0,0,0,0,0,0,150.4,294.2,137.2,331.3,163.7,257.1
461270VTD-7,SD,Union County,0VTD-7,701,19,655,0,5,4,0,0,18,517,8,490,0,1,2,0,0,16,113.2,390.9,107.8,443.2,118.5,338.5
461270VTD-8,SD,Union County,0VTD-8,2286,90,2080,10,13,14,1,4,74,1665,56,1537,4,10,13,1,4,40,111.8,300.9,102.2,354.5,121.2,247.4
461270VTD-9,SD,Union County,0VTD-9,1193,40,1088,3,4,9,0,2,47,864,19,808,1,1,7,0,2,26,132.2,255.2,126,307,138.5,203.5
46127VTD-10,SD,Union County,VTD-10,713,14,662,5,1,1,0,7,23,557,10,520,1,0,0,0,7,19,193.6,352.9,201,424,186.1,281.8
46127VTD-11,SD,Union County,VTD-11,2442,166,2038,54,47,17,2,6,112,1892,99,1636,33,30,12,2,6,74,188.3,416.9,199.5,499.8,177.1,334.1
46127VTD-12,SD,Union County,VTD-12,1279,51,1114,23,8,18,22,0,43,1030,39,898,22,6,14,22,0,29,157.2,653.3,135.5,731.5,178.8,575
46127VTD-13,SD,Union County,VTD-13,4004,155,3473,66,15,166,2,8,119,2987,88,2657,44,10,118,2,8,60,262.4,849.8,248.2,918,276.5,781.6
46127VTD-A1,SD,Union County,VTD-A1,254,2,237,0,0,1,0,1,13,206,2,196,0,0,1,0,1,6,58.5,104.2,53.3,119.6,63.6,88.9
46127VTD-A2,SD,Union County,VTD-A2,261,6,242,0,7,0,0,1,5,197,6,181,0,4,0,0,1,5,62.5,111.5,57,127.8,68,95.1
46127VTD-A3,SD,Union County,VTD-A3,296,10,272,0,4,8,0,0,2,258,4,240,0,4,8,0,0,2,7.9,14.1,7.2,16.1,8.6,12
46127VTD-B1,SD,Union County,VTD-B1,500,42,430,0,1,1,0,0,26,351,18,319,0,0,1,0,0,13,100.7,213.6,87.4,242.9,114,184.2
46127VTD-B2,SD,Union County,VTD-B2,671,18,634,0,4,2,0,0,13,487,8,465,0,4,2,0,0,8,48.6,103,42.1,117.2,55,88.9
46127VTD-B3,SD,Union County,VTD-B3,641,24,592,2,4,2,0,0,17,474,19,440,2,4,1,0,0,8,35.4,75.1,30.7,85.4,40.1,64.8
46129VTD-01,SD,Walworth County,VTD-01,198,1,187,0,3,0,0,0,7,152,0,149,0,1,0,0,0,2,22.3,115.4,21.2,121.5,23.4,109.4
46129VTD-02,SD,Walworth County,VTD-02,283,1,271,1,2,0,0,0,8,216,0,213,1,0,0,0,0,2,29.6,118.1,27,121.8,32.2,114.4
46129VTD-03,SD,Walworth County,VTD-03,767,10,704,2,30,3,0,3,15,631,9,583,2,24,2,0,3,8,59.8,331.1,49.5,356.2,70,306
46129VTD-04,SD,Walworth County,VTD-04,522,8,319,0,160,1,0,1,33,435,3,285,0,120,1,0,1,25,39.7,104.6,40,119.4,39.4,89.8
46129VTD-05,SD,Walworth County,VTD-05,895,26,599,1,203,1,0,2,63,613,18,467,1,98,0,0,2,27,95,209.4,84.4,233.6,105.5,185.3
46129VTD-06,SD,Walworth County,VTD-06,1067,19,737,4,222,3,0,2,80,830,12,622,2,151,0,0,2,41,115.6,335.8,101,374.1,130.3,297.5
46129VTD-07,SD,Walworth County,VTD-07,1033,18,805,0,154,3,0,0,53,779,8,643,0,98,2,0,0,28,107.3,310.6,104.2,346.3,110.4,274.9
46129VTD-08,SD,Walworth County,VTD-08,150,4,142,0,0,0,0,1,3,117,3,111,0,0,0,0,1,2,11.5,66.4,7.8,72.8,15.2,60.1
46129VTD-09,SD,Walworth County,VTD-09,133,4,112,0,5,0,0,0,12,109,3,94,0,5,0,0,0,7,13.8,60,13.3,70.4,14.2,49.5
46129VTD-10,SD,Walworth County,VTD-10,267,8,240,0,7,0,0,0,12,215,3,201,0,7,0,0,0,4,20.1,122.2,17,135.6,23.1,108.8
461350VTD-1,SD,Yankton County,0VTD-1,23310,1234,20195,312,638,129,9,41,752,18382,853,16274,268,446,107,4,29,401,3303.9,5552.1,3126.8,6230,3481,4874.2
46137VTD-BR,SD,Ziebach County,VTD-BR,188,3,20,0,163,0,0,0,2,118,1,20,0,97,0,0,0,0,25.4,6.9,23.8,6.5,27.1,7.2
46137VTD-CC,SD,Ziebach County,VTD-CC,352,3,37,0,297,0,1,2,12,239,3,35,0,194,0,0,2,5,43.4,9.3,43.9,9.7,42.9,8.9
46137VTD-DV,SD,Ziebach County,VTD-DV,714,8,51,0,632,1,1,0,21,406,5,34,0,354,0,0,0,13,132.1,77.1,106.9,83.3,157.4,70.9
46137VTD-GV,SD,Ziebach County,VTD-GV,86,0,54,0,27,0,0,0,5,60,0,44,0,11,0,0,0,5,15.6,48.5,12.5,56.2,18.8,40.8
46137VTD-ND,SD,Ziebach County,VTD-ND,98,3,39,0,51,0,0,0,5,51,1,28,0,18,0,0,0,4,19.1,25.4,16.9,28.2,21.3,22.5
46137VTD-RD,SD,Ziebach County,VTD-RD,260,3,73,0,170,2,1,0,11,198,1,73,0,120,0,0,0,4,74.6,99.3,65.9,110.4,83.2,88.1
46137VTD-RS,SD,Ziebach County,VTD-RS,164,2,19,0,143,0,0,0,0,110,0,19,0,91,0,0,0,0,55.1,19.4,51.5,21,58.6,17.7
46137VTD-SD,SD,Ziebach County,VTD-SD,551,12,111,0,416,0,0,0,12,388,11,108,0,263,0,0,0,6,53.2,70.5,47,78.4,59.3,62.5
