GEOID20,state,county,vtd,pop,pop_hisp,pop_white,pop_black,pop_aian,pop_asian,pop_nhpi,pop_other,pop_two,vap,vap_hisp,vap_white,vap_black,vap_aian,vap_asian,vap_nhpi,vap_other,vap_two,pre_16_dem_cli,pre_16_rep_tru,uss_16_dem_lea,uss_16_rep_mil,gov_16_dem_min,gov_16_rep_sco,atg_16_dem_don,atg_16_rep_buc,uss_18_rep_zup,gov_18_dem_hal,gov_18_rep_sco,atg_18_dem_don,atg_18_rep_wil,sos_18_dem_con,sos_18_rep_pai,pre_20_dem_bid,pre_20_rep_tru,gov_20_dem_zuc,gov_20_rep_sco,atg_20_dem_don,atg_20_rep_pai,sos_20_dem_con,sos_20_rep_pai,arv_16,adv_16,arv_18,adv_18,arv_20,adv_20,nrv,ndv
50001500101,VT,Addison County,500101,1365,64,1240,1,3,6,0,3,48,1140,47,1044,1,3,4,0,3,38,318.2,331,348.7,384,192.5,567.6,426.3,301.5,261.2,151.3,456.7,363.4,240.6,318.2,276.9,437.1,372.2,142.4,667.8,491.1,311.3,416.5,350.6,396,321.4,308.9,277.7,425.5,371.8,376.8,327.8
50001500102,VT,Addison County,500102,1225,51,1127,10,1,2,0,5,29,1015,45,933,9,0,2,0,3,23,285,271.4,300.7,313.4,199.1,431.5,354.4,244,224.5,135.7,418.8,335.8,201.1,305.5,227.4,382.6,313.4,131.8,563.2,400.2,261.6,350.4,288,315.1,284.8,268,259,356.5,316.3,313.2,289.2
50001500103,VT,Addison County,500103,3782,78,3476,13,2,27,0,12,174,3046,52,2819,8,0,24,0,12,131,1077.5,559.4,1142.6,667.7,859.7,1024.8,1269.9,526.3,446.2,695.4,951.5,1203.7,417.1,1139.5,483.2,1485,692.6,626,1545.8,1493.1,557.4,1309.7,605.5,694.5,1087.4,574.5,1012.9,850.3,1228.5,706.5,1118.4
50001500104,VT,Addison County,500104,1207,28,1114,6,1,10,0,1,47,951,23,883,4,0,9,0,0,32,520.1,149,540.4,189.2,385.1,350.6,533.7,162.8,136.6,337.5,349.4,546.4,124.4,526.1,145.7,667.2,147.8,269.7,571.4,650.5,147.1,623,160.4,212.9,494.8,189,470,256.6,552.6,219.5,509.1
50001500105,VT,Addison County,500105,2646,79,2450,8,7,12,0,7,83,2239,69,2080,8,7,9,0,7,59,900.8,505.9,982.1,600,619,971.7,1087.3,479.6,446.1,501.1,896.8,986.9,405.8,914.1,470.3,1212.8,566.9,452.4,1339.4,1256.9,476.9,1153.6,527.5,639.3,897.3,554.7,800.7,727.7,1018.9,640.6,915.2
50001500106,VT,Addison County,500106,172,2,157,0,1,1,0,3,8,149,0,138,0,0,1,0,3,7,78,31,75,41,66,53,75,36,19,57,51,82,22,77,28,90,34,48,76,86,31,80,34,40.2,73.5,30,72,43.8,76,38,74
50001500107,VT,Addison County,500107,301,6,275,2,0,0,0,6,12,251,4,229,1,0,0,0,5,12,82,29,98,36,82,61,103,24,20,62,58,99,18,99,21,136,30,57,106,127,26,116,26,37.5,91.2,29.2,86.7,47,109,37.9,96.5
50001500108,VT,Addison County,500108,359,3,336,0,1,1,0,1,17,289,2,274,0,1,1,0,1,10,75,54,84,64,58,97,102,44,36,43,86,92,39,82,46,102,57,49,119,110,48,95,51,64.8,79.8,51.8,72.3,68.8,89,61.8,81.1
50001500109,VT,Addison County,500109,990,4,937,2,6,1,2,1,37,834,4,796,0,4,0,2,1,27,199.1,189.9,236.7,193.6,139.4,304.6,250.4,163.3,145.9,91.7,247.7,208.2,131.2,193.6,152.3,271.6,211,95.4,368.8,296.3,167.9,249.5,189,212.8,206.4,169.3,164.5,234.2,228.2,205.4,202.9
50001500110,VT,Addison County,500110,1323,25,1205,7,4,8,0,6,68,1053,12,976,7,3,4,0,6,45,494,188,531,210,430,330,558,168,163,396,340,570,152,560,172,723,211,350,573,702,167,645,202,224,503.2,206.8,508.7,288.2,605,239.7,541.7
50001500111,VT,Addison County,500111,9152,468,7528,209,21,434,5,21,466,7945,397,6557,188,16,413,4,19,351,2682,595,2663,800,2212,1351,2690,659,526,1944,1453,2792,505,2757,569,3479,732,1625,2545,3249,657,3114,686,851.2,2561.8,763.2,2497.7,1155,2866.8,923.2,2655.2
50001500112,VT,Addison County,500112,2079,43,1891,10,3,10,0,6,116,1676,28,1546,4,2,9,0,6,81,671,360,753,405,480,704,794,337,281,425,641,780,268,750,300,960,395,358,1010,962,329,879,361,451.5,674.5,372.5,651.7,523.8,789.8,449.2,710.2
50001500113,VT,Addison County,500113,1683,50,1541,7,1,13,0,4,67,1436,50,1311,7,1,9,0,4,54,575.9,326.7,600.1,397.5,385.9,643.8,682.5,302.5,274.4,321.9,578.8,638,253.1,582.7,287,709.7,383.9,224.9,873.5,721.3,324.8,638,358.7,417.6,561.1,348.3,514.2,485.2,573.5,417.1,552.8
50001500114,VT,Addison County,500114,1239,24,1131,13,4,9,0,8,50,983,16,903,11,4,9,0,8,32,270,284,307,318,172,465,346,267,264,150,410,333,250,308,274,367,351,111,593,401,289,351,297,333.5,273.8,299.5,263.7,382.5,307.5,338.5,283.3
50001500115,VT,Addison County,500115,646,10,600,0,1,1,0,0,34,538,7,508,0,1,1,0,0,21,170.2,125.4,177.1,149.2,113.4,225.9,214.9,117.4,94.5,109.4,184.1,185.1,85.6,186.1,100.5,269.6,136.3,95.5,305.5,272.6,113.4,238.8,124.4,154.5,168.9,116.2,160.2,169.9,219.2,146.8,184.8
50001500116,VT,Addison County,500116,739,28,639,8,2,17,0,0,45,636,26,550,4,2,15,0,0,39,228,58,251,62,201,124,251,49,39,183,105,248,38,247,39,280,76,165,189,271,57,252,62,73.2,232.8,55.2,226,96,242,74.8,234.3
50001500117,VT,Addison County,500117,1221,22,1132,0,0,7,2,5,53,960,9,914,0,0,2,2,5,28,292.9,187,317.6,203.8,195.9,337.4,344.3,166.2,145.4,141.5,312.6,317.6,130.6,289.9,159.3,388.8,255.2,156.3,496.6,421.5,196.9,367,219.6,223.6,287.7,187,249.6,292.1,333.4,234.2,293.9
50001500118,VT,Addison County,500118,1260,40,1140,2,6,8,0,4,60,1022,34,935,2,4,5,0,3,39,356,211,390,236,262,373,401,184,173,192,353,379,163,351,180,445,263,185,527,453,205,400,219,251,352.2,217.2,307.3,303.5,370.8,257.2,346.7
50001500119,VT,Addison County,500119,1756,40,1633,2,2,6,0,4,69,1405,32,1315,1,2,1,0,4,50,539.9,257.7,558.7,311.9,450.2,462.7,629.2,248.4,229.5,361.2,420.8,568.4,207.3,542.3,233.5,643.8,335.2,292.3,704.8,668.9,284.7,619.2,300.9,320.2,544.5,272.8,490.6,406.4,556.1,333.1,534
50001500120,VT,Addison County,500120,2553,54,2336,30,10,15,1,7,100,2072,34,1907,25,10,13,1,7,75,715.4,328.1,789.7,393.4,545.2,663.9,874,302.1,282.8,478.9,627.6,835.7,256.7,801.4,296.9,1020.6,430.3,421.7,1039.2,1028.8,349.8,956.4,366.1,421.9,731.1,366,705.3,546.4,856.9,444.7,769.8
50001500121,VT,Addison County,500121,446,9,415,0,0,2,0,1,19,380,8,355,0,0,2,0,1,14,159.2,91.6,180.7,108.2,114.3,180.3,178.1,106.6,85.8,98.1,172.6,194.2,79.2,175.1,90.2,229.1,111.7,89.1,254.8,228.3,78.3,219.1,97.2,121.7,158.1,107,155.8,135.5,191.4,121.4,169.6
50001500122,VT,Addison County,500122,814,17,767,9,3,3,0,2,13,674,14,635,9,3,2,0,2,9,421.9,80.6,426.3,127.6,342.8,227.5,431.6,108.9,87.5,283.3,252.2,443.1,68.9,421.4,84.5,526.2,85.6,224.2,393.7,490.7,85.4,479.5,87,136.2,405.6,123.3,382.6,162.9,430.1,140.8,408.3
50001500123,VT,Addison County,500123,405,8,370,3,1,1,0,3,19,315,5,292,2,1,1,0,1,13,112.9,85.1,135.3,84.4,75.6,154.4,152.6,63.7,59.1,48.3,151.3,133.8,55.8,120.4,71.7,148.4,103,51.6,178.2,153.7,84.1,141.5,85,96.9,119.1,84.5,100.8,112.6,123.8,98,115.8
50003500301,VT,Bennington County,500301,2457,39,2268,9,2,8,0,14,117,1981,25,1849,6,2,8,0,12,79,662,435,732,432,543,666,647,465,306,451,550,642,325,663,343,929,511,385,922,853,465,792,464,499.5,646,381,585.3,590.5,739.7,490.3,663.5
50003500302,VT,Bennington County,500302,7795,252,6817,124,17,141,0,27,417,6264,168,5581,89,14,124,0,22,266,1760.4,968,1932.1,826.3,1623.7,1277.4,1581.8,842.3,583.8,1207.6,1093.8,1535.9,627.7,1627.7,665.6,2221.5,1190.6,1135.7,1865.2,1989,1021.9,1885.2,1003,978.5,1724.5,742.7,1457.1,1270.2,1807.8,997.2,1681.9
50003500303,VT,Bennington County,500303,7538,182,6799,124,12,57,4,27,333,6033,116,5503,97,10,52,4,24,227,1600.6,981,1818.9,827.7,1493.3,1368.6,1462.2,867.7,588.2,1051.4,1149.2,1391.1,642.3,1508.3,716.4,2147.5,1282.4,1021.3,1919.8,1962,1097.1,1822.8,1064,1011.2,1593.7,774,1316.9,1340.8,1738.4,1042,1570.9
50003500304,VT,Bennington County,500304,2133,37,1985,7,0,22,0,11,71,1768,28,1649,6,0,21,0,10,54,740,334,715,409,506,662,590,447,273,392,610,680,297,682,316,997,377,402,928,834,389,814,402,463,637.8,374,584.7,524,761.8,453.7,668.4
50003500305,VT,Bennington County,500305,9,1,5,2,0,0,0,0,1,8,1,5,2,0,0,0,0,0,3,2,3,2,2,3,3,2,1,2,2,2,1,2,1,3,2,1,3,3,2,3,2,2.2,2.8,1.2,2,2.2,2.5,1.9,2.5
50003500306,VT,Bennington County,500306,177,1,172,0,0,1,0,0,3,139,0,135,0,0,1,0,0,3,78.3,22.8,69.7,43.6,54.6,62.7,56.2,50.7,22.6,43.5,65.5,79,24.7,79.9,28.9,124.2,23.6,40.6,109.7,106.3,26.9,105.7,23.2,45,64.7,35.4,67.5,45.9,94.2,42.1,76.2
50003500307,VT,Bennington County,500307,4484,172,3988,73,7,77,1,21,145,3695,112,3355,57,5,47,1,11,107,1452,706,1404,827,1084,1231,1214,866,604,880,1122,1306,590,1305,636,1985,732,787,1809,1670,722,1624,709,907.5,1288.5,738,1163.7,993,1516.5,879.5,1337.4
50003500308,VT,Bennington County,500308,531,20,488,3,0,7,0,1,12,434,15,398,3,0,5,0,1,12,167.7,54.4,146.4,69.9,130.1,104.3,138.1,72.1,44.4,97.9,104.4,141.7,51.5,146.7,46.6,220.7,71.4,116.8,170.3,188.3,77.5,183.3,77.4,75.2,145.6,61.7,128.8,99.2,177.3,78.7,152.5
50003500309,VT,Bennington County,500309,3258,55,3043,23,15,11,0,2,109,2610,46,2455,13,12,10,0,2,72,761,681,915,510,742,785,715,541,409,492,635,612,465,687,507,892,831,457,999,837,744,790,707,629.2,783.2,504,597,820.2,744,651.2,718.2
50003500310,VT,Bennington County,500310,702,2,676,2,0,1,0,0,21,599,2,580,2,0,1,0,0,14,166,173,191,127,159,193,164,141,74,130,143,151,127,162,127,203,212,123,249,187,185,188,179,158.5,170,117.8,147.7,206.2,175.2,160.8,165.8
50003500311,VT,Bennington County,500311,698,24,641,3,0,4,0,5,21,576,13,541,2,0,4,0,5,11,213,138,240,130,175,204,192,156,105,127,199,203,110,204,115,269,154,136,266,235,148,231,149,157,205,132.2,178,179.2,217.8,156.2,202.3
50003500312,VT,Bennington County,500312,387,10,342,1,0,5,0,3,26,309,7,280,1,0,5,0,2,14,99,95,108,85,96,115,101,94,69,77,99,102,65,110,72,147,96,84,136,137,89,112,101,97.2,101,76.2,96.3,105.5,120,93,106.6
50003500313,VT,Bennington County,500313,126,2,114,0,1,0,0,0,9,97,2,88,0,1,0,0,0,6,19,36,20,29,14,38,15,27,15,12,19,15,18,18,19,28,36,14,47,23,34,25,33,32.5,17,17.8,15,37.5,22.5,29.2,18.5
50003500314,VT,Bennington County,500314,3598,76,3330,19,6,22,0,5,140,2896,59,2702,12,6,14,0,2,101,949,659,1023,640,815,941,850,656,408,631,815,868,509,940,535,1343,816,647,1333,1225,754,1192,710,724,909.2,566.8,813,903.2,1101.8,731.3,953
50003500315,VT,Bennington County,500315,861,10,817,7,0,4,0,0,23,703,9,668,6,0,3,0,0,17,203,238,227,182,192,251,175,207,131,127,209,165,165,175,156,254,267,102,329,224,224,207,228,219.5,199.2,165.2,155.7,262,196.8,215.6,186.5
50003500316,VT,Bennington County,500316,1056,27,975,7,0,18,0,2,27,850,20,791,4,0,13,0,2,20,281,183,296,176,214,292,252,186,131,191,240,278,139,285,143,386,240,159,423,364,222,358,228,209.2,260.8,163.2,251.3,278.2,316.8,216.9,278.5
50003500317,VT,Bennington County,500317,1182,28,1097,1,3,16,0,0,37,923,15,865,1,3,10,0,0,29,298.9,158.6,299.6,167.8,219.9,281.5,263.8,194.6,121.6,183.8,237,270.4,138.7,279.3,142.5,473.4,183.2,189.6,448.3,387.9,195.1,382.9,186,200.6,270.6,159.9,244.5,253.2,358.4,204.6,295.4
50003500318,VT,Bennington County,500318,355,1,340,0,0,3,0,1,10,300,1,289,0,0,3,0,0,7,94,66,114,49,83,85,88,50,28,61,67,87,39,89,33,95,96,51,110,95,81,87,78,62.5,94.8,41.8,79,91.2,82,65.2,85.8
50005050050,VT,Caledonia County,050050,5491,90,5005,49,23,59,7,25,233,4498,60,4159,36,18,44,5,21,155,831.7,886.6,991.2,930.8,575.3,1416,966.8,932.2,723.7,441.8,1176.8,870.6,756.9,865.8,728.8,1213.5,1139.9,424.6,1872.4,1290.3,909.4,1136.9,978.5,1041.4,841.2,846.5,726.1,1225.1,1016.3,1037.7,873.5
50005050501,VT,Caledonia County,050501,1663,32,1556,5,3,6,2,0,59,1324,15,1254,5,3,3,2,0,42,482,352.8,530.7,364.8,364.8,549.6,496,391.6,277.3,301.1,470.1,470.1,295.2,472.1,292.2,620.2,434.3,252.4,764.3,613.2,378.7,558.6,380.7,414.7,468.4,333.7,414.5,489.5,511.1,412.6,469.2
50005500501,VT,Caledonia County,500501,1651,34,1522,2,4,9,0,6,74,1297,23,1203,2,1,9,0,5,54,383.4,337.8,426.8,357,257.8,549.1,404,370.8,240.7,239.8,431.9,386.9,280.8,401.8,262.8,537.7,368.6,182.6,699.7,518.7,306.2,487.7,319.1,403.7,368,304,342.8,423.4,431.7,377,384.3
50005500503,VT,Caledonia County,500503,2335,29,2164,9,8,13,2,8,102,1901,21,1786,4,8,9,2,8,63,640.8,489.7,708.1,570.3,408.5,889.7,704,536.8,412.5,349.1,745.8,664.6,408.5,685.5,400.6,849.2,554.2,277.2,1126.2,850.8,465,796.3,489,621.6,615.4,491.9,566.4,658.6,693.4,590.7,630.4
50005500504,VT,Caledonia County,500504,984,13,900,4,3,0,0,2,62,772,8,708,4,3,0,0,2,47,159,234,199,257,123,345,217,224,176,96,289,197,184,182,201,248,272,97,411,269,227,235,243,265,174.5,212.5,158.3,288.2,212.2,255.2,183.8
50005500505,VT,Caledonia County,500505,2920,58,2657,19,5,23,2,11,145,2375,42,2173,14,5,21,2,7,111,645.3,496.6,777.2,509.5,457,871.4,754.4,516.5,354.9,411.4,674.1,721.7,359.9,723.7,361.8,923.9,571,393.6,1098.4,940.8,477.8,842.6,496.6,598.5,658.5,437.7,618.9,661,775.2,565.7,690.1
50005500506,VT,Caledonia County,500506,575,5,538,1,0,5,0,4,22,428,5,397,0,0,5,0,4,17,122.1,93.8,138.7,103.6,88.9,158.3,145.6,93.8,84,89.9,143.6,141.7,87.9,137.8,87.9,185.6,126,75.2,235.4,181.7,107.5,181.7,105.5,112.4,123.8,100.9,123.1,143.6,156.1,118.9,135.3
50005500508,VT,Caledonia County,500508,584,1,551,0,5,0,0,8,19,482,1,457,0,4,0,0,6,14,130.8,116.9,142.6,126,79.5,217.9,140.7,143.8,100.5,88.3,151.8,124.9,112.3,120.9,111.3,169.9,159.6,55.5,260,173.3,130.2,147.1,143.3,151.1,123.4,119,111.4,173.3,136.4,147.8,124.9
50005500509,VT,Caledonia County,500509,715,6,679,2,0,4,0,1,23,590,4,564,2,0,4,0,1,15,288,111.8,288,166.3,201.9,257.3,275.1,174.2,111.8,196.9,206.8,296.9,104.9,301.9,103.9,353.3,139.6,129.7,361.2,322.6,112.8,309.8,141.5,177.4,263.3,131.9,265.2,188.8,278.9,166,269.5
50005500510,VT,Caledonia County,500510,1165,9,1081,6,5,3,0,1,60,932,8,860,6,4,3,0,1,50,252,238.9,275,241.9,169,375.9,293,240.9,166,109,310.9,246,169,237,181,329,297.9,109,491.9,325,267.9,306,268.9,274.4,247.2,206.7,197.3,331.7,267.2,270.9,240.9
50005500511,VT,Caledonia County,500511,682,6,647,1,0,0,0,1,27,549,4,518,1,0,0,0,0,26,113.6,135.8,148.5,129.6,82.3,217.3,159.2,126.9,99.1,66.8,174.5,136.8,105.3,127,108.2,202.3,168.9,84.1,264.5,195.8,140.5,161.1,157.7,152.4,125.9,121.8,110.2,182.9,160.8,152.3,134.3
50005500512,VT,Caledonia County,500512,7364,269,6381,91,27,231,3,31,331,5711,199,5047,59,27,141,2,22,214,1481,1125.8,1635.6,1192.4,1041.2,1893.3,1525.3,1339.3,843.7,890.8,1505.3,1454,923.3,1495.8,878.9,2051.6,1236,842.5,2340.7,2002.3,1085.3,1861.6,1095.5,1387.7,1420.8,1037.8,1280.2,1439.4,1689.5,1288.3,1480.2
50005500513,VT,Caledonia County,500513,208,1,171,1,0,0,0,3,32,171,1,150,1,0,0,0,3,16,58.5,22.4,68.7,25.4,45.4,49.7,66.6,25.5,14.3,56.3,30.6,70.6,13.3,63.5,16.4,82.8,28.4,39.3,70.8,77.8,25.4,74.7,24.4,30.7,59.8,18.6,63.5,37.3,68.6,28.9,64
50005500514,VT,Caledonia County,500514,913,10,855,1,1,0,0,1,45,710,5,670,1,1,0,0,0,33,165.7,216.3,206.8,208.6,106.4,332.8,191.2,221.5,141.9,80.2,249.9,171.5,151.8,181.2,144.9,241.4,270.5,97.4,386,265.8,205.7,230.3,212.7,244.8,167.5,172.1,144.3,268.8,208.7,228.6,176.2
50005500515,VT,Caledonia County,500515,956,10,882,9,1,3,0,2,49,770,3,723,4,1,3,0,1,35,241.3,164.9,296.3,182.5,181.5,314,263,214.8,151.1,155,255.1,259,152,252.2,160.8,344.4,203.1,155,387.6,346.3,180.5,312,180.5,219,245.5,179.8,222.1,237.9,289.4,212.2,255.1
50005500516,VT,Caledonia County,500516,1268,23,1185,12,3,4,1,1,39,1012,15,957,9,3,3,1,1,23,278.7,324.2,296,372.4,175.1,507.7,320.4,344.3,258.6,143.5,403.3,276.8,255.8,275.8,263.4,401.4,368.1,135.7,604.4,393.8,314.9,358.5,317.8,387.1,267.5,295.3,232,401.3,322.3,361.2,277.8
50005500517,VT,Caledonia County,500517,759,9,691,2,6,3,0,14,34,603,8,550,1,6,3,0,10,25,156,175,201,160,126,256,183,174,131,125,191,178,131,179,128,236,200,112,301,251,157,224,172,191.2,166.5,145.2,160.7,207.5,205.7,181.3,179.2
50007500701,VT,Chittenden County,500701,1301,22,1187,1,0,11,0,2,78,1003,12,938,1,0,6,0,2,44,418.6,218.4,442,238.1,332.8,384.6,510.1,177.6,167.1,287,360.7,483.8,140.8,468.4,181.3,581.2,234.6,224.3,598.1,578,185.8,544.7,195.9,254.7,425.9,212.5,413.1,303.6,482.1,256.9,442.8
50007500702,VT,Chittenden County,500702,29,0,23,0,0,0,0,1,5,21,0,18,0,0,0,0,1,2,12,3.2,13.6,4.4,10.6,7.6,13.9,3,4,10.8,9.6,16.4,3.9,16.3,4.1,21.3,6.6,9.3,18.6,21.4,5.2,19.9,5.3,4.5,12.5,5.4,14.5,8.9,17.9,6.3,15
50007500703,VT,Chittenden County,500703,6247,232,5110,290,7,316,0,22,270,5661,197,4753,189,7,280,0,21,214,1697.6,133.1,1616.2,179.2,1526.6,374.6,1573.7,159.5,127.6,1685.5,508,1985,133.5,1965.7,152.4,2365.1,168.3,1374.8,1064.7,1958.8,152.6,1853.6,159.2,211.6,1603.5,230.4,1878.7,386.2,1888,276.1,1782
50007500704,VT,Chittenden County,500704,5321,235,4000,389,4,381,0,32,280,4666,204,3708,228,4,279,0,24,219,1569.9,139.1,1558.1,160.9,1491.4,350.9,1537.6,145.5,110.8,1474.6,417.5,1704.3,113.5,1691.2,136.4,2124.4,168.4,1373.2,862.4,1796.9,139.8,1680.5,142.5,199.1,1539.2,194.6,1623.4,328.3,1743.8,240.7,1636.6
50007500705,VT,Chittenden County,500705,5377,252,4054,252,25,458,0,22,314,4740,200,3708,193,21,349,0,20,249,1581.6,185.7,1602.4,218.2,1503.2,442.3,1613.6,181.6,154.1,1411.4,511,1700.4,141.5,1687.1,169,2217.2,217.8,1393.9,1015.9,1935.5,182.5,1811.2,197.6,257,1575.2,243.9,1599.7,403.4,1839.4,301.4,1678
50007500706,VT,Chittenden County,500706,5635,146,4689,300,12,202,1,34,251,4605,110,3985,162,9,159,1,26,153,1293.4,316.3,1360.8,371.1,1100.5,687.4,1457.7,250.8,264.1,913.8,742.8,1400.3,208.6,1356.8,255.8,1741.2,346.7,842.5,1235.7,1668.5,263.2,1567.7,292.1,406.4,1303.1,367.8,1223.6,534.4,1455,436.2,1336.6
50007500707,VT,Chittenden County,500707,5428,192,4359,350,1,240,0,27,259,4420,116,3737,210,0,173,0,22,162,3598.6,420.2,3628.8,538.9,3209.1,1122.9,3686.9,418.3,386.9,2782.1,1324.1,3671.6,299.1,3586.8,374.4,4494.2,419.9,2387.6,2449.1,4068.3,357.7,3810.3,395,625.1,3530.9,596.1,3346.9,905.4,3690.1,708.9,3538.6
50007500708,VT,Chittenden County,500708,7055,270,6143,148,19,160,0,37,278,6492,239,5706,125,15,147,0,33,227,1356.4,144.4,1346.5,190.4,1205.2,397.4,1350.7,155.3,139,1108.6,476.8,1427.8,112.7,1394,137.8,1720.2,148.8,945,880.5,1519.5,129.1,1421.6,139.7,221.9,1314.7,216.5,1310.1,324.5,1401.6,254.3,1345
50007500709,VT,Chittenden County,500709,5051,137,3981,259,9,385,1,18,261,4032,92,3347,142,8,291,1,15,136,2569.9,679.7,2719.4,790.2,2147.1,1460.4,2933.2,526.6,563.3,1741,1556.4,2774.3,440.9,2673.2,543.7,3406.6,745.5,1584.1,2537.8,3304.3,555.6,3095.6,612.3,864.2,2592.4,776.1,2396.2,1112.8,2847.7,917.7,2631.7
50007500710,VT,Chittenden County,500710,4629,195,3899,109,4,264,0,17,141,4530,186,3830,102,4,257,0,16,135,707.2,56.3,670.8,79.1,629.6,164,648.8,74,59,688.7,212.2,820.2,59,805.6,67,947.1,66.5,570.6,402.2,778.8,60.8,733.9,61.9,93.3,664.1,99.3,771.5,147.8,757.6,113.5,727.4
50007500711,VT,Chittenden County,500711,3912,94,3541,25,4,26,0,36,186,3069,57,2832,15,0,24,0,28,113,1794,512,1826,679,1346,1207,1890,515,494,1056,1237,1814,410,1753,467,2285,511,838,1979,2136,465,2019,520,728.2,1714,652,1541,868.8,1819.5,749.7,1705.2
50007500712,VT,Chittenden County,500712,17524,446,15227,420,26,573,12,46,774,14318,342,12663,306,25,426,12,29,515,4577.6,2448.4,5034.5,2585.7,3267.8,4528.2,5633.2,1820.6,2031.7,2357.2,4241,4891.9,1629.3,4628.2,1886.4,6580.3,2878.8,2167.4,7273.2,6683,2223.8,6171.6,2378.6,2845.7,4628.3,2447.1,3959.1,3688.6,5400.6,2993.8,4726.6
50007500713,VT,Chittenden County,500713,9402,262,8045,202,31,408,4,31,419,7369,160,6475,133,24,313,4,21,239,2629.7,1170.2,2855.4,1369.5,1873.8,2426.6,3109.8,1029.4,1065.1,1322.7,2358,2748,877.3,2586,1032.8,3677.5,1391.9,1175.8,3903.2,3650.9,1146.4,3362.9,1253.6,1498.9,2617.2,1333.3,2218.9,1923.8,2966.8,1585.3,2635.7
50007500714,VT,Chittenden County,500714,2362,46,2118,20,0,51,0,12,115,1860,31,1703,11,0,39,0,11,65,849,425,890,466,582,816,985,352,395,458,764,905,316,842,365,1127,452,342,1230,1125,398,1043,425,514.8,826.5,460,735,626.2,909.2,533.7,831.6
50007500715,VT,Chittenden County,500715,10330,269,8576,240,7,732,3,32,471,8290,198,7018,185,4,570,3,23,289,3240.7,1412.5,3492.4,1667.4,2387.8,2879.8,3761.3,1285.9,1200.9,1936.2,2663.1,3511.7,1025.7,3379.6,1140.4,4722,1543,1563.6,4668.4,4600.4,1327.6,4253.2,1409,1811.4,3220.5,1507.5,2942.5,2237,3784.8,1852,3349.9
50007500717,VT,Chittenden County,500717,4698,103,4262,19,10,28,3,43,230,3634,84,3336,14,9,17,3,32,139,1726.8,623.3,1823.8,736.4,1359.6,1246.6,1978.9,512.3,559.3,1051.5,1244.6,1784.8,465.2,1726.8,533.3,2255,749.4,989.4,2017,2251,568.3,2054.9,631.3,779.6,1722.3,700.6,1521.1,991.5,1887.6,823.9,1727.5
50007500718,VT,Chittenden County,500718,1934,38,1777,8,5,10,0,19,77,1574,32,1453,4,5,10,0,12,58,777.7,227,877.4,264.5,685.9,491.5,942.5,193.4,199.4,545.8,499.4,842.9,180.6,823.1,208.2,1017.5,303,436.2,895.2,1030.4,230,944.5,260.6,294.1,820.9,271.9,737.3,422.2,857.2,329.4,811.3
50007500719,VT,Chittenden County,500719,5104,119,4623,45,6,35,0,25,251,3991,75,3672,28,6,29,0,21,160,2017.6,889.9,2115.6,1061.7,1548.2,1702.2,2247.5,856.9,781,1180.3,1632.5,2065.6,683.3,1992.7,770.2,2657.9,905.1,903.8,2663.4,2578.6,799.2,2442.7,851.1,1127.7,1982.2,966.7,1746.2,1304.7,2145.8,1133.1,1977.3
50007500720,VT,Chittenden County,500720,10723,179,9759,112,36,95,4,37,501,8543,126,7867,70,31,71,4,23,351,2241.9,2067.4,2642,2150.7,1472.4,3462.7,3211.9,1536.5,1780.4,1077.7,3238.8,2770.2,1485.1,2433.4,1771.9,3318.3,2589.6,1003.5,4835.2,3649.4,1959.7,3093.9,2135.1,2304.3,2392.1,2069,2093.8,2879.9,2766.3,2417.7,2446.8
50007500721,VT,Chittenden County,500721,4167,83,3833,19,0,22,0,21,189,3269,57,3050,19,0,16,0,14,113,1692.2,514.4,1761.1,659.3,1300.6,1171.7,1853,500.5,494.5,1101.8,1175.7,1797.1,423.5,1766.1,479.5,2284.5,571.4,894,1976.9,2200.6,469.5,2096.7,536.4,711.5,1651.7,643.3,1555,888.5,1869,747.8,1704.3
50007500722,VT,Chittenden County,500722,794,18,707,4,4,12,1,7,41,621,14,554,4,4,9,1,6,29,200,110,219,113,134,207,250,79,102,107,196,217,83,206,93,310,131,112,322,300,105,278,120,127.2,200.8,118.5,176.7,169.5,250,138.4,212.1
50007500724,VT,Chittenden County,500724,7717,173,6946,59,9,149,6,36,339,6161,112,5652,49,9,115,6,32,186,3619,993.2,3692.7,1281.6,2718.2,2306.8,3849.9,968.8,968.8,1966.2,2504.9,3611.2,759.2,3482.1,894.2,4661.1,1006.5,1598.5,4041,4419.8,873.6,4211.4,935.8,1387.6,3470,1281.8,3019.8,1714.2,3722.7,1461.2,3439.1
50007500725,VT,Chittenden County,500725,4627,124,3938,89,2,264,1,24,185,3795,80,3297,69,2,210,1,14,122,1670.3,380.9,1704.7,492.6,1300,946.4,1808.4,341.3,370.3,1008,990.4,1701.1,256.8,1649.2,314.9,2210.4,389.7,849.7,1742.5,2127.7,317.5,2009,355.4,540.3,1620.9,483.1,1452.8,701.3,1799.2,574.9,1639.9
50007500726,VT,Chittenden County,500726,5467,165,4504,101,4,422,2,31,238,4222,98,3581,61,4,324,2,12,140,2063.7,651.9,2090.6,805.9,1442.8,1481.8,2241.6,579.9,644.9,1101.8,1611.7,2207.6,460.9,2054.7,589.9,2883.5,705.9,823.9,2774.5,2815.5,577.9,2558.6,666.9,879.9,1959.7,826.9,1788,1181.3,2270.4,962.7,2025.8
50007500727,VT,Chittenden County,500727,5572,228,4500,249,6,365,1,26,197,4822,169,4020,178,6,294,1,18,136,1903.5,431.6,1916.5,537.9,1592,967.3,2029.2,383,403.2,1307.1,1078.3,2016.4,337.6,1951.4,402.9,2687.8,514.7,1184,1976.7,2532.9,397.3,2353.4,446.6,580,1860.3,555.5,1758.3,833.8,2189.6,656.4,1952.2
50007500728,VT,Chittenden County,500728,4626,170,3715,174,5,309,3,24,226,3839,127,3160,121,5,248,3,20,155,1374.3,517.2,1406.1,618.1,1076.5,1039.3,1603.3,434.6,421.2,814.3,1011.4,1462.5,347.8,1399.6,407.1,1952.5,580,806.5,1693.5,1930,453.4,1748.2,498.4,652.3,1365,546.9,1225.5,806.3,1609.3,668.5,1415.8
50007500729,VT,Chittenden County,500729,3129,50,2900,10,2,22,0,10,135,2477,39,2315,9,2,16,0,10,86,1239.2,504.8,1309.2,574.1,937,991.3,1364.4,489.7,450.6,750.5,990,1261.2,442.2,1241,474.4,1634.5,526.7,643,1540.2,1539.8,494.4,1469.6,506.6,640,1212.4,589.3,1084.3,767,1321.7,665.4,1217.2
50007500730,VT,Chittenden County,500730,2062,33,1890,13,5,11,1,8,101,1704,27,1578,6,4,9,1,8,71,696.3,371.1,782.3,420.1,494.2,732.2,832.3,344.1,306.1,402.2,658.2,756.3,260.1,725.3,299.1,964.3,413.1,325.1,1068.3,943.3,355.1,848.3,362.1,466.9,701.2,380.9,627.9,549.7,770.3,465.8,706.3
50007500731,VT,Chittenden County,500731,10103,223,8941,143,12,354,3,47,380,8123,174,7306,93,11,272,3,25,239,3582.7,1515.3,3752.3,1794,2426.8,3222.6,4014.3,1384.8,1408.2,1827.7,3158,3786.4,1137.6,3576.2,1330.6,5066,1739.7,1587.2,5268.9,4958.6,1467.5,4716.2,1551.2,1979.2,3444,1758.6,3063.4,2506.8,4082,2081.5,3572.2
50007500732,VT,Chittenden County,500732,7997,247,5633,707,36,898,3,35,438,6749,186,5075,413,19,695,3,27,331,2136.4,550.2,2212.2,623.1,1906.9,1085.7,2346,458.2,398.1,1658.2,1094.9,2337.3,354.4,2285.6,412,3083.7,605.8,1605.1,2016.4,2838.1,471.5,2668.2,496.1,679.3,2150.4,564.9,2093.7,897.4,2548.8,713.9,2279.8
50009500901,VT,Essex County,500901,21,0,16,1,0,0,0,0,4,19,0,16,0,0,0,0,0,3,4.2,5.2,5.2,4.2,3.1,6.3,4.2,4.2,3.1,2.1,6.2,5.2,3.1,4.2,4.1,7.2,7.2,3,11.3,8.2,5.1,6.2,6.2,5,4.2,4.1,3.8,7.4,6.1,5.5,4.8
50009500902,VT,Essex County,500902,0,0,0,0,0,0,0,0,0,0,0,0,0,0,0,0,0,0,0,0,0,0,0,0,0,0,0,0,0,0,0,0,0,0,0,0,0,0,0,0,0,0,0,0,0,0,0,0,0
50009500903,VT,Essex County,500903,217,2,199,0,0,0,0,0,16,180,0,175,0,0,0,0,0,5,30.1,52.1,54.1,44.1,36,70.2,54.1,43.1,36.1,20,48.2,29.1,38.1,26.1,40.1,55.1,73.2,29,92.3,46.2,62.1,50.1,60.1,52.4,43.6,40.6,25.1,71.9,45.1,55,39.1
50009500904,VT,Essex County,500904,1157,22,1091,0,1,1,2,4,36,953,11,908,0,1,1,0,4,28,227.9,274.7,273.1,238.7,136.6,386.2,276.3,220.4,182.3,118.4,305.9,225.1,209.2,214,211.2,253.5,335.9,96.4,401.9,269.6,233.4,238.5,275.6,280,228.5,227.1,185.9,311.7,214.5,272.9,211.8
50009500905,VT,Essex County,500905,88,1,80,0,0,1,0,0,6,78,1,71,0,0,1,0,0,5,20.7,27.6,26.6,24.7,9.9,46.4,28.6,23.7,18.8,7.9,36.5,24.7,17.8,22.7,20.7,26.6,34.5,5.9,58.2,33.6,25.7,22.7,25.7,30.6,21.5,23.4,18.4,36,22.2,30,20.9
50009500906,VT,Essex County,500906,896,8,845,3,0,4,0,0,36,740,7,696,1,0,4,0,0,32,174.2,201.1,207,167.2,123.4,269.7,192.1,169.2,113.5,81.6,211,184.1,120.4,160.2,136.4,230.9,232.9,80.6,362.3,245.8,165.2,190.1,202.1,201.8,174.2,145.3,142,240.6,186.9,195.9,170
50009500907,VT,Essex County,500907,1141,16,1069,9,11,2,2,1,31,931,9,878,8,10,2,0,1,23,181,292,221,298,130,408,252,269,192,83,293,192,202,181,209,262,343,100,479,280,287,232,294,316.8,196,224,152,350.8,218.5,297.2,192.2
50009500908,VT,Essex County,500908,270,2,251,0,0,1,0,0,16,214,1,198,0,0,1,0,0,14,51,70.1,75.1,60,34,106.1,65.1,64,51,26,76.1,57,48,57,47,69,65.1,33,96.1,73,54,62,56.1,75.1,56.3,55.6,46.7,67.8,59.3,66.1,54.8
50009500909,VT,Essex County,500909,16,0,16,0,0,0,0,0,0,12,0,12,0,0,0,0,0,0,2,3,3,2,1,4,3,2,1,0,1,1,1,1,1,5.9,7.9,2,9.9,6.9,5.9,5.9,6.9,2.7,2.2,1,0.7,7.7,5.2,3.8,2.9
50009500910,VT,Essex County,500910,81,0,77,0,0,0,0,0,4,74,0,70,0,0,0,0,0,4,12,21.9,26.9,13,10,32.9,20.9,18,14,6,27.9,18,18,15,19,19.9,22.9,13,26.9,19,12,15,20.9,21.4,17.5,19.7,13,20.7,16.7,20.6,16
50009500911,VT,Essex County,500911,262,5,238,0,1,1,0,0,17,224,4,206,0,1,1,0,0,12,30,57,48,54,38.2,69,48.8,51.8,34.5,21,56.2,36.8,38.2,33.8,39,59.2,67.5,25.5,97.5,56.2,68.2,51.8,65.2,57.9,41.2,42,30.5,74.6,48.2,58.2,40.8
50009500912,VT,Essex County,500912,87,0,84,0,0,0,0,0,3,71,0,68,0,0,0,0,0,3,18.4,28.5,24.5,26.4,12.3,43.7,20.5,29.4,15.3,7.2,32.5,22.5,13.3,20.4,16.3,25.6,23.6,9.2,39.9,22.6,20.4,19.5,13.5,32,18.9,19.4,16.7,24.3,19.2,25.2,18.4
50009500913,VT,Essex County,500913,2,1,0,0,0,0,0,0,1,2,1,0,0,0,0,0,0,1,0,0,0,0,0,0,0,0,0,0,0,0,0,0,0,0,0,0,0,0,0,0,0,0,0,0,0,0,0,0,0
50009500914,VT,Essex County,500914,1246,5,1166,2,1,6,0,0,66,1003,4,941,0,1,6,0,0,51,171,311,232,277,121,403,213,296,188,85,286,175,195,162,208,243,366,110,451,253,300,208,304,321.8,184.2,219.2,140.7,355.2,203.5,298.8,179.4
50009500915,VT,Essex County,500915,211,1,201,0,0,0,1,0,8,184,1,175,0,0,0,0,0,8,39.2,60.2,56.2,52.2,33.1,77.4,42.2,66.2,48.2,24.1,77.3,46.2,49.1,42.2,52.2,67.2,74.3,12.1,121.5,66.3,63.2,61.2,63.2,64,42.7,56.7,37.5,80.6,51.7,67.1,44.6
50009500916,VT,Essex County,500916,153,1,147,0,0,0,0,0,5,141,0,136,0,0,0,0,0,5,29.8,45.6,34.7,41.6,18.9,63.4,39.6,37.6,38.6,11.9,55.5,34.7,33.7,24.8,40.6,43.7,61.5,17.9,82.3,43.7,57.4,39.7,52.5,47,30.7,42.1,23.8,63.4,36.3,50.9,30.9
50009500917,VT,Essex County,500917,70,3,63,0,0,0,0,0,4,63,1,59,0,0,0,0,0,3,18,38,21,36,16,48,32,31,29,5,42,18,26,13,28,17,36,5,47,24,29,14,32,38.2,21.8,31.2,12,36,15,35.2,16.6
50009500918,VT,Essex County,500918,0,0,0,0,0,0,0,0,0,0,0,0,0,0,0,0,0,0,0,0,0,0,0,0,0,0,0,0,0,0,0,0,0,0,0,0,0,0,0,0,0,0,0,0,0,0,0,0,0
50009500919,VT,Essex County,500919,2,0,1,0,0,0,0,0,1,2,0,1,0,0,0,0,0,1,0.4,0.6,0.4,0.5,0.2,0.8,0.5,0.5,0.5,0.1,0.7,0.4,0.4,0.3,0.5,0.5,0.8,0.2,1,0.5,0.7,0.5,0.6,0.6,0.4,0.5,0.3,0.8,0.4,0.6,0.4
50011050113,VT,Franklin County,050113,1052,18,943,5,12,16,0,4,54,832,12,754,2,8,10,0,3,43,120.2,75.4,148,72.2,91.2,137.2,158.2,63.2,55.7,70.4,118,136.3,49.3,127.8,57.4,185.2,88.4,66.6,200.3,187.6,73.5,143.9,69,87,129.4,70.1,111.5,107.8,145.8,88.3,130.5
50011501101,VT,Franklin County,501101,1273,28,1198,1,2,1,0,3,40,1013,23,959,1,1,1,0,3,25,294.7,208.8,363.7,201.8,185.8,385.7,368.7,179.8,149.9,165.8,322.8,361.7,125.9,325.7,164.9,394.6,271.8,127.9,538.5,415.6,222.8,349.6,230.8,244,303.2,190.9,284.4,316,321.9,250.3,304.9
50011501102,VT,Franklin County,501102,1547,25,1449,5,13,11,0,3,41,1157,8,1113,0,8,2,0,3,23,210.4,309.6,320,273.3,149.1,446.3,347.1,239.2,211,97.8,384.8,274.7,204.9,238.4,237.1,285.8,404,107.7,551.9,346.2,309.4,275.6,309.5,317.1,256.6,259.5,203.6,393.7,253.8,323.4,241.2
50011501103,VT,Franklin County,501103,2810,73,2544,10,26,15,3,9,130,2157,48,1974,4,16,8,1,9,97,501.5,428.6,714.3,400.6,374.6,786.2,771.2,350.6,359.6,261.7,750.3,689.3,310.7,579.4,410.6,639.4,589.4,197.8,1003,768.2,421.6,574.4,464.5,491.5,590.4,457.8,510.2,619.6,545,523,552
50011501104,VT,Franklin County,501104,5014,112,4602,28,11,46,1,21,193,3761,69,3491,23,7,38,0,10,123,1070.7,952.3,1295.5,1028.5,781,1580.6,1474.4,795.7,778.4,653.1,1371,1293,719,1171.3,798.6,1659.2,1235.4,511.3,2380.7,1744.4,1033.6,1477.8,1040.8,1089.3,1155.4,916.7,1039.1,1422.6,1348.2,1142.9,1193.8
50011501105,VT,Franklin County,501105,2044,40,1884,3,14,3,1,0,99,1581,33,1458,0,12,0,1,0,77,495.1,345,593.1,326.6,281.1,659.7,649.4,254.4,303,248.5,602.2,610.2,234.4,549.3,290.2,633.8,483,191.4,905,735,345.2,602.6,354.4,396.4,504.7,357.4,469.4,521.9,540.7,425.3,508.1
50011501106,VT,Franklin County,501106,1346,13,1214,3,6,6,0,8,96,1044,9,952,3,4,4,0,7,65,328.3,234.7,404.5,242.5,255,418.4,443.6,205.3,191.7,216.9,349,385,175,353.7,200.4,482.8,284.6,181.7,599.4,490.6,249.4,423.2,255.2,275.2,357.8,229,318.5,347.1,394.6,283.8,360.5
50011501107,VT,Franklin County,501107,1363,17,1291,5,5,2,0,2,41,1069,14,1019,5,5,1,0,2,23,229,296,305,304,145,470,344,253,248,147,373,302,213,274,241,318,407,84,621,379,326,308,335,330.8,255.8,268.8,241,422.2,272.2,340.6,257.7
50011501108,VT,Franklin County,501108,4845,74,4457,17,13,32,5,6,241,3709,47,3447,13,11,26,4,6,155,1028.3,1031.5,1235.5,1094,645.9,1743.2,1495.9,824.4,852.8,499.7,1509.8,1233.6,762,1134.4,850,1530.5,1305.5,394.7,2405.6,1653.4,1057.4,1377.3,1071.4,1173.3,1101.4,993.6,955.9,1460,1239,1209,1111.8
50011501109,VT,Franklin County,501109,3472,53,3118,10,86,8,0,5,192,2730,31,2459,8,69,7,0,3,153,473,697.2,664.5,649.4,302.4,1044.5,797.2,511.7,532.6,200.6,860,595.8,477.7,492,574.5,696.5,974.5,213.5,1391.7,906.9,684.3,647.6,726.2,725.7,559.3,611.2,429.4,944.2,616.1,760.4,544.5
50011501110,VT,Franklin County,501110,1184,19,1103,8,8,6,0,1,39,947,12,887,4,7,6,0,0,31,301.9,230.9,384.9,210,266.9,338.9,398.9,192,168,278.9,289.9,389.9,167,361.9,179,448.9,277.9,243.9,456.9,417.9,227.9,382.9,222.9,242.9,338.2,201,343.6,296.4,373.4,246.8,352.5
50011501111,VT,Franklin County,501111,2346,37,2164,8,39,4,1,3,90,1822,27,1677,8,31,4,1,3,71,322.3,385.9,464.5,320.3,250.7,552,488.4,294.4,236.7,178.1,415.8,377,206.9,328.2,248.7,431.7,475.5,171.1,670.4,509.3,353.1,376,367,388.2,381.5,277,294.4,466.5,372,377.2,354.3
50011501112,VT,Franklin County,501112,2136,46,1934,7,22,4,1,10,112,1607,35,1472,6,13,3,1,7,70,306.4,379.2,424,361.1,187.9,620.3,512.4,265.7,263.8,121.6,514.7,411.8,221.6,342.5,284.9,437.1,535.1,113.7,823.4,534.8,393.2,406,411.3,406.6,357.7,321.2,292,540.7,372.9,422.8,345.3
50011501114,VT,Franklin County,501114,1270,29,1114,28,22,7,0,3,67,988,17,882,23,19,6,0,1,40,506.4,317.6,623.3,304.2,384,578,666.2,266.4,234.5,296.7,497,574.1,207.8,538.3,241.6,779.9,372.2,280.6,843.6,790.1,309.7,606.4,290.8,366.5,545,295.2,469.7,454.1,614.2,371.9,549.6
50011501115,VT,Franklin County,501115,1144,34,966,21,14,37,0,4,68,891,23,747,18,13,33,0,4,53,142,89,174.8,85.3,107.7,162.1,186.8,74.7,65.8,83.2,139.4,161,58.3,151,67.8,218.7,104.4,78.7,236.6,221.6,86.8,170.1,81.6,102.8,152.8,82.8,131.7,127.3,172.3,104.3,154.1
50011501116,VT,Franklin County,501116,925,40,786,16,6,11,1,7,58,704,28,615,11,3,10,1,4,32,65.3,40.9,80.3,39.2,49.5,74.5,85.8,34.3,30.2,38.2,64,74,26.8,69.4,31.1,100.5,48,36.2,108.7,101.8,39.9,78.2,37.5,47.2,70.2,38,60.5,58.5,79.2,47.9,70.8
50011501117,VT,Franklin County,501117,1377,26,1201,30,5,17,0,6,92,1100,20,981,24,4,14,0,4,53,193.5,121.3,238.2,116.2,146.8,220.9,254.6,101.8,89.6,113.4,189.9,219.4,79.4,205.7,92.3,298,142.2,107.2,322.4,301.9,118.3,231.7,111.1,140.1,208.2,112.8,179.5,173.5,234.7,142.1,210
50011501118,VT,Franklin County,501118,1109,33,952,15,5,15,0,3,86,844,17,748,8,5,11,0,3,52,256.5,160.8,315.7,154.1,194.5,292.8,337.4,134.9,118.8,150.3,251.7,290.8,105.2,272.6,122.4,395,188.5,142.1,427.3,400.2,156.8,307.1,147.3,185.6,276,149.5,237.9,230,311.1,188.4,278.4
50011501119,VT,Franklin County,501119,6988,129,6359,70,41,56,3,10,320,5659,99,5196,57,36,45,3,10,213,1410.3,1261.7,1769.9,1223.2,899.8,2144,1968.8,977.4,1032,698.3,1988.9,1788.6,906.5,1583.5,1085.7,2117.9,1549.2,577.2,3014.5,2265.1,1239.9,1762,1248.8,1401.6,1512.2,1253.3,1356.8,1763.1,1680.5,1472.7,1531
50011501120,VT,Franklin County,501120,6701,69,5960,31,133,15,0,12,481,5272,52,4739,27,102,15,0,6,331,1093.9,1184.1,1426.7,1118.5,725.2,1854.7,1644.2,906.9,859.3,470,1598.5,1299.6,753,1145.6,886.1,1555.8,1535.8,423.2,2591.8,1763.4,1204,1351.2,1243.7,1266.1,1222.5,1024.2,971.7,1643.8,1273.4,1311.4,1172.6
50013501203,VT,Grand Isle County,501203,488,6,458,4,3,0,0,1,16,420,4,393,4,3,0,0,0,16,136,140,148,133,92,204,189,98,101,84,188,181,85,160,102,191,147,76,258,208,126,179,120,143.8,141.2,119,141.7,162.8,163.5,141.8,149.5
50013501301,VT,Grand Isle County,501301,2106,38,1909,11,26,14,0,3,105,1693,18,1555,11,21,14,0,0,74,372,399,485,353,278,583,544,294,283,164,511,427,257,382,296,550,499,195,817,589,396,477,405,407.2,419.8,336.8,324.3,529.2,452.8,424.4,405.7
50013501302,VT,Grand Isle County,501302,2086,33,1920,12,5,4,0,6,106,1718,23,1606,8,5,3,0,3,70,594,431,676,457,387,773,805,334,356,312,716,743,291,671,354,831,538,254,1109,915,412,849,427,498.8,615.5,429.2,575.3,621.5,712.2,516.5,639.7
50013501304,VT,Grand Isle County,501304,939,17,855,9,5,0,0,2,51,793,11,723,7,5,0,0,0,47,320,216,338,256,201,414,417,180,193,182,364,386,162,351,193,430,250,135,556,453,211,409,217,266.5,319,228,306.3,308.5,356.8,267.7,329.3
50013501305,VT,Grand Isle County,501305,1674,33,1555,13,0,12,0,4,57,1399,20,1317,2,0,10,0,3,47,672,301,716,357,464,641,810,265,296,396,650,808,217,758,266,903,376,264,1015,922,297,863,327,391,665.5,357.2,654,503.8,738,417.3,688.7
50015501501,VT,Lamoille County,501501,358,5,311,0,2,3,0,2,35,282,1,258,0,1,3,0,2,17,53.2,85.1,73.2,80.1,40.1,115.2,80.2,69.1,56.1,38.1,87.2,62.2,60.1,58.2,66.1,79.2,93.1,28.1,139.3,86.2,77.1,73.2,76.1,87.4,61.7,67.3,52.8,96.4,66.7,83.7,61.1
50015501502,VT,Lamoille County,501502,3839,92,3537,20,9,7,0,18,156,3002,61,2809,14,3,5,0,13,97,1068.1,520.6,1206.3,580.7,808.9,1069.2,1320.4,472.6,444.6,739.8,966.1,1270.3,401.5,1181.2,493.6,1522.6,587.9,540.7,1583.7,1477.6,509.7,1330.4,517.8,660.8,1100.9,576.4,1063.8,799.8,1217.8,679,1133.3
50015501503,VT,Lamoille County,501503,1338,10,1261,1,10,4,0,3,49,1045,6,989,0,10,4,0,3,33,221,241,272,247,141,402,322,202,144,113,279,245,137,218,142,303,313,132,452,328,243,261,261,273,239,175.5,192,317.2,256,255.2,232.4
50015501504,VT,Lamoille County,501504,886,14,823,3,0,8,1,8,29,734,12,687,3,0,8,1,4,19,339,132,358,168,254,281,350,156,109,230,264,367,111,360,124,447,149,144,446,410,147,406,145,184.2,325.2,152,319,221.8,351.8,186,333.2
50015501505,VT,Lamoille County,501505,3020,57,2795,6,11,11,0,14,126,2408,35,2241,6,11,11,0,5,99,810.9,485.9,935,567.6,549.4,993.7,1021.4,454.3,375,507.3,829.9,932.8,361.2,874.7,430.2,1151.3,558.5,392.1,1315.2,1127.6,486.2,1053.6,507.5,625.4,829.2,499.1,771.6,716.9,931.2,613.8,850.6
50015501506,VT,Lamoille County,501506,3491,75,3124,50,22,17,0,14,189,2867,52,2584,50,17,17,0,13,134,687.4,392.9,770,417.8,532.2,720.2,829.7,340.2,338.2,493.4,643.6,778.9,306.4,712.3,379,988.8,525.2,448.6,1060.4,970.9,419.8,850.5,469.5,467.8,704.8,416.8,661.5,618.8,814.7,501.1,733
50015501507,VT,Lamoille County,501507,5434,201,4828,57,18,43,0,24,263,4424,145,3972,43,18,31,0,16,199,1529.6,731.5,1679.7,858.9,1080.5,1545.9,1774.6,699.9,597.2,938.5,1408.5,1729,550.9,1588.9,676.2,2226.2,822.4,779.5,2235.6,2108.9,745.3,1991.4,760.2,959.1,1516.1,808.2,1418.8,1140.9,1776.5,969.4,1584.3
50015501508,VT,Lamoille County,501508,5223,177,4694,67,9,42,0,27,207,4109,119,3756,52,6,36,0,16,124,1974,559,1950,791,1421,1372,1861,723,574,1097,1476,1885,551,1779,681,2706,599,875,2454,2294,711,2205,729,861.2,1801.5,820.5,1587,1123.2,2020,935,1822.5
50015501509,VT,Lamoille County,501509,686,4,642,1,5,0,0,9,25,562,1,531,0,5,0,0,9,16,161.5,146.4,185.6,168.3,120.3,246.7,223.6,123.3,124.3,113.3,243.6,227.6,104.2,176.6,154.3,227.7,209.5,75.2,347.9,248.7,164.4,205.6,190.4,171.2,172.8,156.6,172.5,228,189.3,185.3,178.7
50015501510,VT,Lamoille County,501510,1670,16,1570,12,2,6,0,2,62,1311,12,1242,10,2,6,0,1,38,397.4,276.3,473.5,284.3,295.3,477.6,499.5,240.3,169.2,278.3,374.4,468.4,181.2,431.5,212.2,589.6,306.4,224.2,662.7,578.6,261.3,527.5,278.3,319.6,416.4,234.3,392.7,377.2,480,310.4,433.1
50017501701,VT,Orange County,501701,2790,45,2535,15,8,17,1,20,149,2198,32,2014,14,7,15,1,18,97,624,409,692,433,514,660,730,376,294,384,618,669,311,625,346,893,549,371,1045,859,480,776,499,469.5,640,392.2,559.3,643.2,724.8,501.7,648.8
50017501702,VT,Orange County,501702,1207,15,1135,5,2,3,1,3,43,991,7,939,3,2,3,1,3,33,278,208.7,308.7,231.8,243.3,316.4,327,202,160.6,166.4,316.4,321.2,152.9,293.4,177,417.4,250.1,151,504.9,418.4,207.7,390.5,220.2,239.7,289.3,201.7,260.3,295.7,344.3,245.7,301.4
50017501703,VT,Orange County,501703,1244,21,1132,9,11,4,0,5,62,1024,14,929,3,11,4,0,5,58,380.2,232.9,398.4,326.2,288.8,445,456.9,257.5,219.5,208.5,411.7,420.9,213.3,388.7,239.6,509.4,309.4,204.4,608.4,510.6,278.7,467.2,293,315.4,381.1,271,339.4,372.4,422.9,319.6,384.9
50017501704,VT,Orange County,501704,1233,20,1140,0,6,1,0,11,55,980,16,911,0,6,1,0,9,37,304.6,273.3,295.7,336.4,200.5,457.5,331.8,269.3,211.3,159.4,381.6,339.7,198.3,301.6,235.3,404.8,284.4,143.4,552.8,422.8,236.4,377.7,259.4,334.1,283.1,256.6,266.9,333.3,337.2,308,298.3
50017501705,VT,Orange County,501705,1455,16,1327,8,6,3,0,3,92,1159,11,1061,8,6,2,0,1,70,300,257.7,346.4,275.9,257.6,385,369.6,236.8,206.8,193.7,359.9,360.6,194,324.4,238.9,446.9,341.3,198.4,563.5,450.9,284.6,400.3,308,288.9,318.4,249.9,292.9,374.3,374.1,304.4,331.7
50017501706,VT,Orange County,501706,988,25,906,6,0,2,1,1,47,812,18,753,4,0,2,1,0,34,315.6,134.4,312,166.8,257,237.2,331,129,92.9,184.9,217.3,289.5,106.4,277.8,113.6,398.6,144.3,148.8,399.5,356.2,147.9,339.1,147.9,166.8,303.9,132.6,250.7,209.9,310.7,169.8,291.9
50017501707,VT,Orange County,501707,1415,18,1335,1,11,6,0,3,41,1144,13,1094,1,9,0,0,3,24,365.5,279.1,412,281.3,308.8,418.4,416.9,262.5,198.2,218.8,339,344.5,215.4,326.4,228.7,472.5,339.6,172.7,617.2,471.8,294.5,406.1,316.6,310.3,375.8,245.3,296.6,392,380.8,315.9,356
50017501708,VT,Orange County,501708,447,5,414,4,4,0,0,2,18,368,4,351,4,1,0,0,2,6,64,48.8,72.1,49.2,54,73.2,72.9,45.9,34.6,38.3,59.2,60.2,37.7,57.1,40,82.6,59.4,30.2,108,82.5,51.5,71,55.4,54.3,65.8,42.9,51.9,68.5,66.6,55.2,62.3
50017501709,VT,Orange County,501709,1048,32,961,1,2,2,0,3,47,844,26,779,1,2,2,0,2,32,194.2,272,220.5,305.5,123,426.5,288.1,228.5,195.6,72.3,335.8,225.8,182.3,197.9,215.5,273.2,333.3,79.4,514.4,285.3,293.8,270.9,305.4,308.1,206.4,232.3,165.3,361.7,227.2,300.7,202.8
50017501710,VT,Orange County,501710,4774,99,4350,43,18,38,1,13,212,3939,79,3628,37,12,31,1,11,140,1161.2,737.9,1273.3,858,868,1338.4,1329.5,717.7,579.7,701.8,1219.4,1286.5,601.7,1214.5,671.8,1686.8,802.1,628.8,1868.1,1641.9,706.8,1515.7,707,913,1158,768.1,1067.6,1021,1368.3,900.7,1209.8
50017501711,VT,Orange County,501711,1094,12,998,5,6,6,0,9,58,865,8,798,3,6,6,0,9,35,500,105,492,158,439,233,523,120,80,332,232,498,84,502,82,656,118,331,444,595,103,589,95,154,488.5,119.5,444,190,542.7,154.5,496.1
50017501712,VT,Orange County,501712,2775,44,2540,15,8,26,0,17,125,2241,26,2080,10,8,25,0,9,83,1101,316.4,1130.4,378.7,969.8,568,1101.7,325.2,215.1,744.9,599.4,1087.9,222.1,1049.3,264.8,1392.2,396.7,652.4,1119.4,1270.3,358,1206.9,382.2,397.1,1075.7,325.3,960.7,564.1,1130.5,428.8,1064.2
50017501713,VT,Orange County,501713,1199,17,1096,10,3,4,0,1,68,950,12,886,8,3,2,0,0,39,226,274,244,307,146,418,285,235,188,108,304,232,186,208,212,273,356,105,494,320,272,271,300,308.5,225.2,222.5,182.7,355.5,242.2,295.5,219.8
50017501714,VT,Orange County,501714,1337,10,1249,1,0,2,1,3,71,1072,5,1017,0,0,2,1,2,45,345.3,239.4,368,294.8,283,403.7,431.4,206.8,204.8,235.5,381.9,432.4,191.9,414.6,216.7,508.5,310.7,222.6,599.6,529.3,234.5,476.9,277,286.2,356.9,248.8,360.8,355.4,434.3,296.8,386.1
50017501715,VT,Orange County,501715,672,9,592,6,7,2,0,1,55,546,2,490,4,7,2,0,0,41,188.7,117.8,215.6,117.8,164.7,186.6,218.6,104.8,84.8,135.8,173.6,220.6,82.8,212.6,87.8,263.5,133.7,154.7,248.5,248.5,113.8,237.6,123.7,131.7,196.9,107.3,189.6,154.9,226.1,131.3,205.5
50017501716,VT,Orange County,501716,1032,13,943,7,5,6,0,8,50,839,7,778,7,5,6,0,2,34,214.8,238.5,206.9,323.5,131.7,400.7,312.7,186.1,177.1,121.8,304.8,277.1,154.4,231.6,195.9,302.9,280.1,106.9,453.3,316.7,222.7,285.1,242.5,287.2,216.5,208.1,210.2,299.6,252.9,265,228
50017501717,VT,Orange County,501717,431,6,360,1,3,27,0,4,30,343,4,286,1,0,22,0,4,26,100.1,76.5,112.8,77,84.6,114.6,114.2,71.9,54.3,59.9,92.8,94.3,59,89.3,62.6,129.4,93,47.2,169.1,129.2,80.7,111.2,86.7,85,102.9,67.2,81.2,107.4,104.2,86.5,97.5
50017501718,VT,Orange County,501718,621,8,571,1,4,0,0,2,35,514,5,473,0,4,0,0,2,30,239.6,119.3,246.8,126.6,196.4,200.1,262.6,102,82.2,159.4,178.5,253.9,81.6,240.2,91.7,318.5,153.2,146.9,318.4,303.8,138.3,282.3,142.1,137,236.4,108.5,217.8,188,262.9,144.5,241
50017501719,VT,Orange County,501719,3515,62,3268,13,9,11,0,10,142,2863,47,2674,9,8,10,0,10,105,623.3,654.1,708.7,761.6,358.9,1157.1,918.5,520.9,501,235.7,948.3,748.6,433.4,649.1,530.9,852.9,917.5,229.7,1516.8,968.2,729.6,836,796.2,773.4,652.4,603.4,544.5,990,721.7,789,648.1
50019501901,VT,Orleans County,501901,976,17,901,4,7,5,0,4,38,761,8,715,1,4,5,0,4,24,207,182.7,224.9,195.7,114,319.6,260.8,157.8,141.8,140,245.7,244.8,129.8,228.9,147.8,285.9,234.6,106,392.6,300.8,183.7,274.8,188.7,213.9,201.7,166.2,204.6,249.9,241.9,210,217.1
50019501902,VT,Orleans County,501902,2872,35,2616,12,35,9,0,3,162,2292,14,2124,12,29,6,0,3,104,497.5,422.1,572,437.8,296.4,726.4,561.4,414.8,327.6,254.8,600.1,542.2,304.8,497.6,344.5,680.9,566.2,254.6,923.9,734.6,440,656.1,462.9,500.3,481.8,394.2,431.5,598.3,581.5,497.6,504.4
50019501903,VT,Orleans County,501903,1042,26,955,1,4,0,0,0,56,786,7,728,0,4,0,0,0,47,149.2,196.2,190.8,178.2,110.8,278.4,202.1,168.7,130.5,99.6,209.3,179.6,123.1,163.3,139.5,222,268.9,76.5,366.2,248.5,198,201,215.2,205.3,163.2,150.6,147.5,262.1,187,206,167.6
50019501904,VT,Orleans County,501904,1021,12,951,3,14,0,0,2,39,831,6,780,2,11,0,0,1,31,184.4,210.5,219.5,199.4,136.3,308.7,234.5,189.4,164.3,110.2,256.5,207.4,153.3,195.4,161.3,247.5,274.6,105.2,376.9,254.6,221.5,227.5,217.5,227,193.7,183.9,171,272.6,208.7,227.8,193
50019501905,VT,Orleans County,501905,1100,18,1032,0,13,4,0,3,30,856,7,808,0,13,3,0,1,24,192.4,239.5,250.3,211,132.5,359.2,298.3,163.9,176.7,106,264,227.7,139.4,187.5,176.7,240.5,288.6,95.2,420.1,291.5,220.8,257.1,236.6,243.4,218.4,189.2,173.7,291.5,221.1,241.4,207.2
50019501906,VT,Orleans County,501906,1343,50,1229,8,3,9,0,2,42,1117,38,1028,5,2,8,0,2,34,435,153.3,440.1,189.3,259,379.4,450.2,161.2,115.2,297,251.3,419.1,103.2,407.1,123.2,558.1,190.4,216,514.4,514.2,161.3,465.2,176.3,220.8,396.1,148.3,374.4,260.6,438.4,209.9,405.6
50019501907,VT,Orleans County,501907,4579,74,4280,14,17,7,0,4,183,3713,48,3496,13,14,7,0,4,131,868.7,985,1053,961.5,517.4,1560.9,1139.5,855.5,721.1,474.1,1227.5,1018.7,639.8,935.3,735.9,1145.7,1255.7,406.5,1887.9,1280.9,957.6,1099.4,1023.3,1090.7,894.7,831.1,809.4,1281.1,983.1,1067.7,903.6
50019501908,VT,Orleans County,501908,1114,15,1057,7,2,2,1,3,27,910,11,877,4,0,0,0,0,18,290,193,317,232,168,389,332,208,178,184,325,329,159,314,165,401,239,162,465,413,182,355,195,255.5,276.8,206.8,275.7,270.2,332.8,244.2,296.8
50019501909,VT,Orleans County,501909,811,8,754,3,0,3,0,4,39,666,8,625,3,0,3,0,2,25,275.8,99.7,296.8,120.8,185.4,232.5,262.6,139.9,70.7,169.1,180,275.4,72.7,274.4,74.7,371.9,110.3,163.9,320.2,350,96.6,338.3,101.7,148.2,255.2,99.5,239.6,157.2,306,135,269.4
50019501910,VT,Orleans County,501910,632,15,586,4,5,1,0,0,21,515,7,486,4,3,0,0,0,15,81.1,175.1,103.1,166.1,55,233.1,137.1,133.1,134.1,54,190.1,115.1,127.1,96,144.1,139.1,210.1,52,266.2,149.1,177.1,120.1,177.1,176.8,94.1,148.8,88.4,207.6,115.1,177.8,100.2
50019501911,VT,Orleans County,501911,1233,26,1145,6,5,4,0,4,43,967,20,902,2,5,4,0,4,30,198.4,287.2,249.9,295.3,111.6,450.7,293.6,231.4,216.5,102.2,339.9,233.7,212.3,215.3,233.6,263,409.2,80.3,543.4,315.4,318.2,269.8,345.4,316.1,213.4,250.6,183.8,404,232.1,323.6,212.1
50019501912,VT,Orleans County,501912,551,14,494,0,3,1,0,3,36,429,11,391,0,3,0,0,3,21,113.6,101.7,134.9,72.6,73.5,163,151.9,73.6,79.4,64.3,134.8,98.7,87.4,105.6,91.5,144.8,139.9,60.3,208.2,151.9,109.7,131.7,114.7,102.7,118.5,98.3,89.5,143.1,122.2,114.7,111.9
50019501913,VT,Orleans County,501913,887,18,804,5,1,15,0,4,40,707,14,640,5,0,15,0,4,29,123.2,250.2,183.2,215.2,75.1,333.3,204.2,200.2,162.2,76.1,224.3,140.2,158.2,128.2,175.2,201.3,273.3,102.1,330.4,212.3,231.2,174.3,241.2,249.7,146.4,179.9,114.9,269,172.5,232.9,147.3
50019501914,VT,Orleans County,501914,638,7,610,1,0,2,0,1,17,532,5,508,1,0,2,0,0,16,100.2,195.3,123.9,195.3,73.4,255.8,146.8,165.6,150.7,52.5,219.1,132.9,134.8,120,145.8,170.5,216.2,40.6,332.2,188.4,156.7,172.5,176.5,203,111.1,162.6,101.8,220.4,143,195.3,120.2
50019501915,VT,Orleans County,501915,4455,76,4012,43,47,38,0,13,226,3679,68,3350,29,37,30,0,13,152,715.2,613.4,792.2,632.4,483.8,969.1,886,549,470.9,386,843.8,756.7,461.7,716.4,507.1,1023,756.9,375.1,1303.9,1046.7,621.6,906.6,651.9,690.9,719.3,570.9,619.7,833.6,837.9,698.5,735.2
50019501916,VT,Orleans County,501916,1526,16,1408,7,4,6,0,4,81,1249,5,1170,6,4,5,0,2,57,281,361.3,340.6,364.5,172.1,554.4,393.5,299.9,245.5,154.5,408.5,329.9,212.7,284,257.8,376.4,443.9,131.2,658.7,440.2,333.4,366.1,352.8,395,296.8,281.1,256.1,447.2,328.5,374.4,297.2
50019501917,VT,Orleans County,501917,1722,19,1595,7,33,7,0,3,58,1371,12,1275,7,31,6,0,1,39,240.5,280.1,303.8,299.9,178.2,442.4,357.3,237.6,207,143.7,350.4,285.2,201,272.4,221.7,366.2,390,142.5,568.2,413.7,316.8,341.5,335.5,315,269.9,245,233.8,402.6,316,320.9,276.8
50019501918,VT,Orleans County,501918,534,14,485,2,4,6,0,2,21,447,9,413,2,4,6,0,2,11,133.7,122.7,147.6,129.7,97.8,193.5,165.6,110.7,92.8,84.8,161.6,158.6,90.8,152.6,95.8,189.5,145.6,74.8,247.4,180.5,121.7,176.5,119.7,139.1,136.1,110.2,132,158.6,155.3,136,142
50019501920,VT,Orleans County,501920,357,2,345,0,0,0,0,0,10,307,1,298,0,0,0,0,0,8,100.9,91.1,93.1,102.9,60.7,144,99.9,101.9,68.6,58.8,107.8,99.9,69.6,99.9,67.6,123.4,99.9,47,168.5,141.1,69.6,116.6,78.4,110,88.7,78.4,86.2,104.1,107,97.5,94.7
50021502101,VT,Rutland County,502101,974,8,907,4,0,0,0,2,53,794,7,737,4,0,0,0,2,44,214.8,230.7,246.6,222.7,165.1,327.1,263.5,187.9,177,104.4,274.4,212.8,177,181,207.8,256.5,303.3,98.4,411.6,256.5,266.5,212.8,273.4,242.1,222.5,209.1,166.1,313.7,206.1,255,201.1
50021502102,VT,Rutland County,502102,4129,55,3801,19,12,24,0,15,203,3265,38,3044,13,10,24,0,6,130,924,723,1056,740,671,1168,1100,643,524,524,959,973,511,929,571,1213,896,507,1544,1245,745,1095,784,818.5,937.8,641.2,808.7,992.2,1015,817.3,930.6
50021502103,VT,Rutland County,502103,4458,76,4109,83,7,47,0,12,124,3933,63,3640,80,2,38,0,12,98,795,808,893,759,543,1147,901,707,634,396,993,856,618,769,703,1056,1042,411,1584,1064,888,914,954,855.2,783,737,673.7,1117,861.2,903.1,781.6
50021502104,VT,Rutland County,502104,1237,24,1141,9,1,11,1,4,46,1016,16,946,4,1,9,1,4,35,345.6,306.3,373,327.9,241.5,470.2,369.1,299.4,253.3,193.4,400.5,325,251.3,327.9,257.2,464.4,336.7,175.8,620.4,448.7,303.3,411.4,321,350.9,332.3,290.6,282.1,395.4,375.1,345.6,334.2
50021502105,VT,Rutland County,502105,2412,17,2245,9,0,27,0,5,109,2026,11,1898,7,0,27,0,5,78,470,641,558,633,361,861,622,533,519,210,739,487,465,433,531,656,782,235,1143,693,649,578,724,667,502.8,563.5,376.7,824.5,540.5,685,482.1
50021502106,VT,Rutland County,502106,1284,23,1183,4,0,7,0,0,67,1034,19,955,4,0,7,0,0,49,255.4,294.2,299,302.1,208.4,419.7,294.8,285.6,237.3,150.1,318.6,262.3,227.3,242.4,247.7,329.2,409.3,155.6,549.3,329.2,349.8,274.8,374.1,325.4,264.4,257.7,218.3,420.6,272.2,334.6,254.7
50021502107,VT,Rutland County,502107,2736,35,2509,15,9,9,0,8,151,2139,21,1983,12,9,9,0,8,97,515.7,563.7,618.3,538.7,390.8,791.6,662.6,468.2,398.2,223.6,609.4,569.3,374.4,518.5,430,672.8,690.7,263.8,1016.3,714.2,571.9,600.2,613.1,590.6,546.9,453,437.1,723,562.8,588.9,522.7
50021502108,VT,Rutland County,502108,735,16,678,4,0,4,0,3,30,622,13,573,4,0,4,0,3,25,188,163,192,168,141,235,195,163,127,85,194,162,124,159,136,221,191,91,314,228,118,211,158,182.2,179,145.2,135.3,195.2,187.8,174.2,170.3
50021502109,VT,Rutland County,502109,368,3,345,0,0,0,0,0,20,315,3,295,0,0,0,0,0,17,101.3,102.3,110.3,122.2,67.6,159.9,116.2,104.3,81.4,44.7,138.1,99.3,68.5,85.4,92.4,129.1,129.1,44.7,203.6,129.1,113.2,113.2,126.2,122.2,98.9,95.1,76.5,143,104.1,120.1,94.7
50021502110,VT,Rutland County,502110,1407,35,1284,10,1,24,0,8,45,1187,24,1107,8,1,16,0,4,27,358.2,233.2,358.3,255.3,248.9,384.8,336.3,248.1,193.1,164.6,372.6,321.3,194.9,319.2,210,561.7,256.4,217.7,580.5,478.8,249.1,445.7,255.2,280.4,325.4,242.7,268.4,335.3,426,286.1,346.4
50021502111,VT,Rutland County,502111,1149,24,1068,3,0,14,0,1,39,950,22,884,2,0,13,0,0,29,300.3,266.5,320.2,299.3,219.8,405.7,313.2,261.5,237.7,153.1,371.9,306.3,214.8,289.4,233.7,442.5,312.2,175,573.7,438.5,258.5,405.7,273.4,308.2,288.4,264.5,249.6,354.5,365.4,309.1,305.8
50021502112,VT,Rutland County,502112,794,10,732,2,1,2,0,5,42,643,8,592,0,1,2,0,4,36,233.5,179.6,267.6,195.7,198.3,266.9,265.6,176.6,154.4,168.2,256.8,255.5,151.4,246.4,165.5,308.6,225.7,160.2,368.1,288.7,203.6,280.6,209.7,204.7,241.2,182,223.3,251.8,259.5,212.8,243
50021502113,VT,Rutland County,502113,1385,17,1294,3,3,10,0,3,55,1159,14,1096,3,2,3,0,1,40,336.8,324.8,383.8,315.8,284.9,446.8,382.8,289.9,248.9,208.9,377.8,361.8,253.9,351.8,265.9,451.8,374.8,205.9,583.7,422.8,323.8,385.8,341.8,344.3,347.1,286.6,307.5,406,366.6,345.7,343.4
50021502114,VT,Rutland County,502114,210,6,195,1,0,2,0,1,5,175,6,161,0,0,2,0,1,5,41.5,38.7,47.9,37.8,28.6,57.1,46.1,31.3,28.6,13.8,43.3,27.6,27.6,29.5,32.2,50.7,51.6,19.4,76.5,50.7,46.1,45.1,49.8,41.2,41,32.9,23.6,56,41.5,43.4,36.4
50021502115,VT,Rutland County,502115,1424,33,1306,13,0,4,0,1,67,1114,21,1044,8,0,4,0,1,36,368,311,413,282,316,413,389,292,245,230,396,405,239,387,265,496,369,270,571,465,323,425,326,324.5,371.5,286.2,340.7,397.2,414,336,378.5
50021502116,VT,Rutland County,502116,504,14,465,3,0,6,0,1,15,424,7,402,0,0,4,0,1,10,146.5,113.6,152.4,116.6,119.5,162.4,169.3,91.7,97.6,73.7,166.4,143.5,97.6,141.5,98.6,205.3,119.6,93.7,222.2,204.3,94.7,191.3,98.7,121.1,147,115.1,119.6,133.8,173.6,123.3,149.2
50021502117,VT,Rutland County,502117,2862,52,2540,10,11,12,0,7,230,2353,33,2135,5,9,7,0,4,160,701.5,698.5,786.8,749.8,454.4,1102.1,841.3,625,553.8,350.2,894,722.1,508.6,662.8,587.8,942.3,818,312.7,1367.3,959.4,671.1,822,715.7,793.9,696,636,578.4,893,759.1,774.3,686.9
50021502118,VT,Rutland County,502118,3020,60,2757,10,9,15,0,11,158,2451,45,2268,10,9,14,0,11,94,614.5,564.5,721,532.5,486.3,822.8,710.6,508.9,410,368.5,673.9,655.9,413.7,626.7,456.1,795.4,711.6,339.3,1113,753,633.3,688,653.1,607.2,633.1,488.4,550.4,777.8,643.9,624.5,614.5
50021502119,VT,Rutland County,502119,1763,19,1574,8,0,1,6,7,148,1396,12,1264,5,0,0,6,7,102,357,314.5,441.1,314.6,249.4,503.6,448.6,271.9,239.5,168.8,415.8,391.2,213.6,350.5,251.5,495,363.4,164.9,678.7,485.8,321.7,426.5,338.4,351.2,374.1,280.1,303.5,425.6,393.1,352.3,361.7
50021502120,VT,Rutland County,502120,4108,98,3692,52,6,67,3,9,181,3460,65,3158,43,6,56,3,6,123,1169.6,852.5,1255.5,890.9,793.2,1401.5,1344.8,730.9,698.1,557.4,1231.3,1161.7,611.9,1066.4,687.3,1512.8,901,522.7,1855.8,1497,745,1323.9,812.4,968.9,1140.8,807.2,928.5,1078.5,1214.1,951.6,1109.6
50021502121,VT,Rutland County,502121,3936,219,3419,46,13,36,1,18,184,3337,196,2924,30,12,32,1,7,135,906.7,700.7,1006.2,710.6,688.7,1075.9,1083.9,576.3,503.6,441.9,900.7,866.9,459.8,798.2,529.5,1198.3,762.4,415,1491.9,1198.3,608.1,1050,660.9,765.9,921.4,598.4,702.3,880.8,965.4,748.4,877.7
50021502122,VT,Rutland County,502122,3984,96,3413,76,19,39,1,11,329,3227,61,2813,59,17,34,1,7,235,590.4,560,717.2,503.8,483.7,796.2,748.4,455.1,346.4,303.3,584.8,550.9,338.1,506.8,371.3,869.5,601.1,371,1011,854.7,501.8,720.6,525.1,578.8,634.9,410.2,453.6,659.7,704,549.6,610.6
50021502123,VT,Rutland County,502123,3779,100,3393,34,20,24,2,7,199,3163,65,2891,26,20,19,2,7,133,831.3,626.2,931.8,599.7,645.6,925.7,985.5,512.9,489.8,415.9,817,825.5,425.2,766.9,492.8,1101,765.9,466.9,1319.7,1119.8,614.9,966.7,680.4,666.1,848.6,556.2,669.4,845.2,913.6,689.2,823.4
50021502124,VT,Rutland County,502124,3924,68,3637,22,24,43,0,4,126,3263,40,3065,14,16,32,0,4,92,1062,974.5,1177.5,1017.8,732.5,1511,1237.4,876.6,794.7,486.2,1348,1076,748.5,1022.6,808.8,1375,1035.6,410.1,1961.4,1390.5,891.3,1236,950.3,1095,1052.4,925,861.6,1209.7,1102.9,1076.5,1018.7
50021502125,VT,Rutland County,502125,1096,15,1029,6,1,4,0,1,40,930,12,880,6,1,3,0,1,27,325,269,357,276,279,356,375,243,182,194,314,318,177,305,203,395,268,181,464,380,237,347,247,286,334,219,272.3,304,325.7,269.7,314.2
50021502126,VT,Rutland County,502126,545,12,507,0,0,0,0,2,24,466,10,441,0,0,0,0,2,13,163,122,174,132,118,194,203,98,94,99,173,182,90,169,99,252,128,99,279,254,103,233,105,136.5,164.5,114,150,153.8,209.5,134.8,176.9
50021502127,VT,Rutland County,502127,553,12,502,4,2,6,0,5,22,442,6,403,0,2,6,0,4,21,139.1,123.1,160.1,118.1,125.1,161.2,161.1,115.1,86.1,86.1,132.1,140.1,84.1,138.1,91.1,170.1,163.1,81.1,242.2,164.1,140.1,157.1,150.1,129.4,146.3,98.4,121.4,173.9,143.1,133.9,138.4
50021502128,VT,Rutland County,502128,2129,31,1954,14,5,4,0,5,116,1724,20,1606,13,4,2,0,5,74,529,463,567.1,491,399,670.1,575.1,431,372,274,555.1,522,335,491,375,703.1,563.1,301,907.1,675.1,476,593.1,507.1,513.8,517.6,409.3,429,613.3,568.1,512.1,511.8
50021502129,VT,Rutland County,502129,1214,13,1148,7,1,5,0,8,32,1018,7,964,7,1,5,0,8,26,209.1,312,260.1,286,181.1,377,239.1,276,231,125,344,217.1,239,216.1,255,315.1,416,136,544.1,307.1,346,271.1,362,312.8,222.3,267.3,186.1,417,257.3,332.4,225.2
50021502130,VT,Rutland County,502130,239,8,221,0,0,0,0,4,6,197,7,184,0,0,0,0,2,4,57.1,57.2,69.2,65.1,35.8,101.6,75.3,49.9,42.9,25.5,76.4,67,42.9,62.9,35.1,79.3,71.5,25.5,106.1,82.3,60.4,75,66.4,68.5,59.4,49.3,51.8,76.1,65.5,64.6,59.5
50021502131,VT,Rutland County,502131,2214,26,2044,22,1,11,0,3,107,1789,21,1680,13,0,9,0,3,63,384,541,489,487,277,727,520,424,375,198,558,427,345,385,390,510,613,178,883,563,513,471,530,544.8,417.5,417,336.7,634.8,430.5,532.2,400.2
50023502301,VT,Washington County,502301,2822,133,2424,45,14,29,0,24,153,2328,96,2042,37,10,29,0,13,101,673.5,444.5,726.9,521.1,425,861.8,845,397.7,324.7,350.8,684.9,715.9,300.7,663.3,364.3,969.7,528.9,337.8,1140.4,979.9,438.4,903.7,462.9,556.3,667.6,418.7,576.7,642.6,797.8,539.2,690.1
50023502302,VT,Washington County,502302,2786,101,2431,43,16,17,0,11,167,2298,63,2044,33,10,17,0,10,121,322.4,213,348,249.7,203.4,412.8,404.6,190.5,155.6,167.9,328.2,342.8,144.1,317.6,174.6,464.3,253.4,161.6,546.3,469.2,210,432.7,221.8,266.5,319.6,200.6,276.1,307.9,381.9,258.3,330.4
50023502303,VT,Washington County,502303,2883,66,2560,47,10,30,1,26,143,2290,44,2043,39,8,30,1,19,106,664.3,441.2,716.9,517.4,418.4,854,834.8,394.1,322.7,345.1,679.4,707,298.8,654.6,361.9,956.4,524.4,332,1128.8,967.3,434.4,891.7,459.1,551.7,658.6,415.7,568.9,636.7,786.9,534.7,680.8
50023502304,VT,Washington County,502304,7923,217,7275,35,13,52,1,30,300,6315,160,5858,22,12,41,1,25,196,1756.4,1858.2,1871.4,2220.3,907.4,3275.2,2523,1513.8,1457.9,688.5,2761.2,2081.8,1354.9,1820.3,1628.4,2506.6,2089.8,588.9,3989.4,2758.3,1659.4,2440.8,1870,2216.9,1764.5,1800.6,1530.2,2402.1,2073.7,2139.9,1813
50023502305,VT,Washington County,502305,2849,70,2578,33,3,27,0,10,128,2355,56,2138,28,3,14,0,8,108,671.6,458.9,734.7,586.4,416.5,955.8,889.4,407.5,393.9,328.5,819.3,763.7,367.2,726.4,406.8,976.8,525.7,322.7,1191.8,994,429.8,939.5,464.8,602.1,678.1,496.8,606.2,653,808.3,584,705.8
50023502306,VT,Washington County,502306,1443,28,1285,7,6,6,0,9,102,1116,19,1016,5,5,6,0,5,60,405.3,260.6,467,294.8,340.8,447.7,473,267.7,201.5,282.9,394.3,443.1,212.2,442,220.3,573.3,306,208.8,676.5,545.7,269.4,530.3,272.9,317.7,421.5,257.1,389.3,381.2,464.5,318.7,428.4
50023502307,VT,Washington County,502307,1661,26,1540,10,1,11,0,4,69,1341,21,1270,5,1,4,0,1,39,688,195,716,247,552,443,737,203,149,491,388,687,158,696,173,886,221,436,663,824,199,798,223,272,673.2,217,624.7,326.5,736,271.8,682.8
50023502308,VT,Washington County,502308,1413,21,1296,6,6,8,3,3,70,1124,19,1041,1,4,6,0,2,51,411,183.8,430.9,262.2,289.1,435.9,500.4,186.6,152.9,236.6,382.2,454.7,134.2,435.7,169.7,612.2,227.2,212.4,623.3,582.6,175.4,550.6,204.9,267.1,407.8,209.8,375.7,307.7,489.5,261.5,428.7
50023502309,VT,Washington County,502309,2598,53,2381,16,1,19,0,7,121,2084,39,1947,12,0,18,0,2,66,1026,353.9,1090.6,426.5,789.4,791.4,1165.2,336,272.4,613.4,711.8,1045.8,248.5,1031.9,280.4,1307.3,388.7,549.8,1132.3,1249.7,313.2,1243.7,331,476.9,1017.8,378.3,897.1,541.3,1087.6,465.5,1010.2
50023502310,VT,Washington County,502310,1364,23,1274,10,0,6,0,7,44,1128,14,1066,7,0,5,0,7,29,586,142,584,201,423,384,567,174,140,318,402,570,129,544,160,796,150,293,649,711,158,700,159,225.2,540,207.8,477.3,279,625,237.3,553.8
50023502311,VT,Washington County,502311,1583,50,1436,11,4,4,0,6,72,1256,36,1151,4,4,4,0,6,51,411.3,280.1,475.4,312.7,362,469.5,525.7,262.4,221.9,315.6,367.9,463.6,211.1,448.8,225.9,578,331.4,283.1,632.3,566.2,277.2,542.5,295.9,331.2,443.6,256.7,409.3,384.2,492.4,324,452
50023502312,VT,Washington County,502312,1779,34,1640,10,1,5,0,16,73,1422,16,1324,5,1,5,0,10,61,730.9,230.1,792.2,286,591.5,521.4,817.5,205.3,191.8,476.4,494.3,768.3,174.6,764.4,204.8,992.5,233.1,404,829.5,913.9,216.9,920,232.7,310.7,733,266.3,669.7,378,807.6,318.4,742.9
50023502313,VT,Washington County,502313,3271,104,2806,38,7,103,1,24,188,2660,69,2311,31,7,82,0,21,139,1413.8,192,1440.7,283.2,1211,586.5,1454.2,217.7,178,1052.6,615.8,1435,156.8,1468.8,162.6,1751,183.6,864.6,1048.8,1546.2,186.4,1591.3,173.1,319.8,1379.9,278.3,1318.8,398,1438.3,332,1384.5
50023502314,VT,Washington County,502314,2880,95,2549,31,3,68,2,18,114,2320,49,2106,28,3,53,1,10,70,1183,157.8,1205.1,233.4,1014.5,485.4,1215.2,179.8,146.5,882.1,511.1,1200,128.9,1228.8,133.4,1464,150.2,724.1,872.1,1291.7,153.3,1330,141.8,264.1,1154.4,230,1103.6,329.3,1202.5,274.5,1158
50023502315,VT,Washington County,502315,1923,54,1683,18,2,40,3,26,97,1564,40,1407,4,2,22,3,19,67,1095.2,145.7,1115.6,215.6,939.4,448.7,1124.8,166.2,135.3,816.8,472.7,1110.9,119.1,1137.6,123.2,1355.2,138.6,670.5,806.7,1195.6,141.6,1231.1,130.9,244,1068.8,212.6,1021.8,304.4,1113.1,253.7,1072.1
50023502316,VT,Washington County,502316,1753,31,1600,7,1,29,0,15,70,1409,26,1300,6,0,14,0,11,52,646.7,215.2,693.5,278,460.8,548.5,725.4,203.2,175.4,386.7,498.9,693.4,154.5,679.4,188.4,922.4,222.2,336.8,827.5,866.5,190.4,840.6,191.6,311.2,631.6,254.3,586.5,357.9,741.6,307.8,659.3
50023502317,VT,Washington County,502317,5918,202,5149,164,13,59,2,14,315,5108,172,4473,152,13,51,2,9,236,1100.6,700.1,1221.3,827.7,710,1446.7,1410.2,619.1,587.4,557.7,1203.5,1185.7,513.2,1116.5,596.3,1491.2,827.7,468.8,1870,1513,681.4,1406.2,719,898.4,1110.5,725.1,953.3,1024.5,1219.8,882.7,1107.4
50023502318,VT,Washington County,502318,1236,20,1094,17,2,17,1,8,77,1029,19,923,14,2,14,1,7,49,425.1,129.4,445.1,180.4,383.8,278.8,486.2,133.3,112.3,369.6,254.7,502.1,93.3,489.1,115.3,607.4,166.4,341.6,444.2,586.3,140.3,563.3,146.3,180.5,435.1,143.9,453.6,224.3,524.6,182.9,472.7
50023502319,VT,Washington County,502319,678,15,601,1,3,1,1,2,54,543,13,494,0,3,0,1,2,30,186,118,208,139,149,219,242,108,90,119,187,225,82,217,95,281,134,107,308,277,108,262,122,146,196.2,113.5,187,168,231.8,142.5,206.6
50023502320,VT,Washington County,502320,1844,34,1723,7,2,17,1,0,60,1507,23,1429,7,2,13,0,0,33,740.6,207.3,773.2,271.4,564.9,520.2,761.6,224.9,183.5,442.8,521.9,755.5,172.6,743.7,197.3,1009,197.5,382.6,805.4,889,195.4,857.5,202.2,306,710.1,268.8,647.3,350.1,784.5,308.3,720
50023502321,VT,Washington County,502321,1977,46,1834,6,4,7,0,12,68,1638,38,1537,5,3,4,0,9,42,766.2,186,757.8,254.2,621.8,448,753.6,224.3,165.5,516.5,494,800.5,159.3,770.2,201.8,1058.3,182.8,465.3,776.4,946,192.7,882.4,209.9,278.1,724.8,255.1,695.7,340.4,838,291.2,758
50023502322,VT,Washington County,502322,5331,105,4839,41,20,66,7,34,219,4343,82,3996,35,16,47,7,17,143,2024.9,589.7,2109.5,777.1,1457.6,1545.5,2192.6,603.6,509.9,1127.4,1489.3,2098.8,451.2,1999.3,546.8,2764.7,618.9,932.6,2442,2573.7,573.7,2442.3,579,879,1946.1,749.3,1741.8,1053.4,2178.3,893.9,1974.9
50023502323,VT,Washington County,502323,928,26,847,2,3,2,0,2,46,755,15,706,0,3,0,0,0,31,277.1,172.9,283,179.4,209.2,311.7,365.1,140,151,190.3,271.9,308.7,139.2,306.7,149.3,380.6,200.6,162.1,406.2,372.2,176,360,186.1,201,283.6,177.9,268.5,242.2,318.7,207,292.3
50023502324,VT,Washington County,502324,964,15,859,7,0,9,0,11,63,784,12,705,7,0,5,0,7,48,374,117,408,145,305,277,433,120,97,255,239,391,88,383,105,464,125,239,362,457,99,429,123,164.8,380,132.2,343,177.2,397.2,158.1,376.2
50025502010,VT,Windham County,502010,771,16,691,6,2,1,1,12,42,627,10,566,6,0,1,1,12,31,200.4,181.5,208.3,160.7,203.3,190.4,193.4,167.6,104.2,160.7,158.7,209.3,118,200.4,124,270.8,191.4,155.7,277.7,243,178.6,236.1,160.7,175.1,201.4,126.2,190.1,202.1,226.4,167.8,207.4
50025502501,VT,Windham County,502501,380,6,354,0,1,3,0,6,10,302,6,280,0,1,3,0,6,6,69.7,61.1,92.6,48.1,71.5,79.2,76.6,62.1,46,60.5,73.1,79.6,47,82.6,46,120.7,84,67.4,128.3,100.7,69,94.6,70,62.6,77.6,53.1,74.2,87.8,95.9,67.8,83.3
50025502502,VT,Windham County,502502,4402,126,3820,64,17,63,0,21,291,3568,77,3160,45,17,58,0,16,195,1518,429.6,1545.9,426.2,1445.4,631.4,1412,494.4,286.6,1078.3,605.9,1346.7,322.9,1282.5,332.9,1868.5,504.4,1027.8,1219.2,1653.3,469.9,1607.3,463.8,495.4,1480.3,387.1,1235.8,664.3,1539.2,515.6,1435.1
50025502503,VT,Windham County,502503,3830,183,3229,100,11,97,0,19,191,3125,118,2705,75,11,79,0,17,120,1448.1,227.3,1463.7,220.7,1494.5,347.4,1421.2,252.6,156.3,1179.8,440.3,1371.6,192.7,1319,194.6,1862.6,302.1,1130.9,900.1,1612.3,275.4,1554.8,272.3,262,1456.9,246,1290.1,437.5,1540.2,315.2,1441.7
50025502504,VT,Windham County,502504,3952,124,3387,69,5,96,1,20,250,3324,95,2918,49,4,72,0,19,167,1362.3,198.7,1318.6,222.8,1327.1,337.1,1266.7,242.2,142.7,1118.1,355.6,1287.3,158.6,1230.8,157.7,1668,242.1,1091.2,723.3,1429.6,215.6,1382.9,212.9,250.2,1318.6,203.6,1212.1,348.5,1392.9,267.4,1316.6
50025502505,VT,Windham County,502505,540,1,505,3,1,1,0,5,24,439,1,410,3,1,1,0,4,19,175.3,70,182.7,80,172.2,116.9,181.2,83.2,62.4,117.9,99.9,150.2,65.6,139,68.6,225.2,98.4,131.6,194.5,205.3,89.1,183.1,97.1,87.5,177.9,74.1,135.7,119.8,186.3,93.8,169.4
50025502506,VT,Windham County,502506,1798,61,1659,9,2,22,1,6,38,1479,49,1376,8,2,19,1,2,22,409,279,431,276,357,394,368,304,205,258,363,366,236,375,242,613,296,261,630,530,306,534,285,313.2,391.2,261.5,333,379.2,484.5,318,409.3
50025502507,VT,Windham County,502507,1865,41,1717,11,0,9,0,10,77,1536,29,1442,6,0,5,0,10,44,798.7,213.3,823.7,232.3,755.6,349.5,766.6,266.4,154.1,637.5,337.4,797.6,176.2,749.6,176.2,1037,281.4,611.4,664,918.8,249.3,901.8,253.3,265.4,786.1,211,728.2,362,867.2,279.5,799.8
50025502508,VT,Windham County,502508,645,14,607,0,3,1,0,1,19,551,12,523,0,3,1,0,0,12,213.2,132.4,215.4,138.2,147,238,191.2,152.4,80.8,123,177.7,185.8,102.9,190.8,97.9,267.2,130.8,106,294.7,238.6,106.5,226.4,125.4,165.2,191.7,114.8,166.5,164.3,209.5,148.1,191.3
50025502509,VT,Windham County,502509,2120,52,1929,4,7,11,1,7,109,1768,36,1644,0,5,7,1,7,68,723,275.2,777.1,255.2,732.9,369.7,732.8,284.3,162.8,626.9,352.6,768.6,191.9,725.4,198.9,980,346.4,568.7,702.3,903.4,293.3,857.3,284.2,296.1,741.4,226.5,707,406.5,827.4,309.7,763.3
50025502511,VT,Windham County,502511,1005,23,900,7,2,4,0,2,67,821,8,763,0,2,4,0,2,42,310.7,132,308.7,141,256.7,226,305.7,143,91,189.8,165.1,267.8,93,253.9,98,405.7,149,210.7,342,356.7,150.9,351.6,148,160.5,295.4,111.8,237.2,197.5,331.2,156.6,292.6
50025502512,VT,Windham County,502512,1919,38,1785,10,7,11,0,10,58,1568,26,1469,10,7,7,0,10,39,507.3,297.3,519.1,312,379.7,511.2,472.9,327.7,231.6,305.2,445.4,493.5,237.4,488.6,252.2,730,340.5,307.1,737.9,602.5,307.1,566.2,319.9,362.1,469.8,291.6,429.1,426.3,551.4,360,488.4
50025502513,VT,Windham County,502513,1722,63,1492,53,3,38,0,12,61,1552,55,1348,52,0,38,0,12,47,421.3,87.8,425.2,86.8,400.9,134.6,405.7,92.7,35.1,377.4,112.2,407.7,55.6,411.6,55.6,515,91.7,358.9,248.7,453.5,86.8,456.4,76.1,100.5,413.3,64.6,398.9,125.8,446,97,421.2
50025502514,VT,Windham County,502514,1645,48,1488,8,3,6,0,17,75,1398,34,1272,6,3,6,0,13,64,647.2,207.3,678.9,216.3,638.2,312.5,640.2,230.1,149.7,493.5,301.5,623.3,168.6,601.5,174.6,835.6,258.9,467.7,576.4,745.3,226.2,716.6,226.2,241.6,651.1,198.6,572.7,321.9,691.3,254,644.3
50025502515,VT,Windham County,502515,2617,87,2297,36,6,37,1,21,132,2198,72,1972,31,5,22,1,15,80,994.5,175.9,991.6,196.8,952.4,293.2,922.5,205.9,126.6,865.1,281,978.5,124.6,894.4,132.7,1237.3,236.1,807,594.2,1090.9,192.9,1053.8,197.9,218,965.3,166.2,912.7,305.3,1047.2,229.8,980.7
50025502516,VT,Windham County,502516,4832,141,4322,52,6,36,1,13,261,3938,95,3560,40,5,31,1,9,197,1325.4,583.4,1413.6,510.5,1237.3,819.1,1336.4,563.4,352.6,841,705.1,1165.9,367.2,1135.6,384.9,1718.6,725.1,813.8,1524.2,1466.8,624.6,1419,606.3,619.1,1328.2,452.5,1047.5,870,1354.5,647.2,1261.2
50025502517,VT,Windham County,502517,6,0,4,1,1,0,0,0,0,6,0,4,1,1,0,0,0,0,0,0,0,0,0,0,0,0,0,0,0,0,0,0,0,0,0,0,0,0,0,0,0,0,0,0,0,0,0,0,0
50025502518,VT,Windham County,502518,440,12,405,0,0,4,1,0,18,333,8,310,0,0,4,0,0,11,66.2,49.8,61.4,55.7,46,77.3,54.2,58.9,41.7,38.8,77.6,70.5,47.6,71.6,44.8,120,66.3,54.1,134.8,107.3,67.5,106.3,64.5,60.4,57,52.9,60.3,83.3,96.9,65.5,72.4
50025502519,VT,Windham County,502519,1291,31,1178,5,3,6,0,15,53,1093,24,997,5,3,6,0,14,44,411.3,173.7,407.3,179.7,347.4,267.5,401.3,185.7,118.8,304.5,240.6,412.3,131.8,394.3,130.8,552,190.7,283.5,416.3,481.2,174.7,445.2,170.7,201.7,391.8,155.5,370.4,238.1,440.5,198.4,403.7
50025502520,VT,Windham County,502520,2192,58,2011,15,3,13,0,7,85,1781,40,1660,9,3,7,0,7,55,506.9,488.4,519.1,503.3,402.5,676.6,477.7,514.6,353.6,293.1,548.6,463.1,370,431.6,371,737.2,552.1,288.6,899.4,632.7,478.9,598.1,471.9,545.7,476.5,410.8,395.9,600.6,564.2,519,486.4
50025502521,VT,Windham County,502521,869,10,802,10,0,2,0,7,38,727,7,680,10,0,2,0,2,26,199,137,223,127,189,186,209,135,107,144,162,200,104,196,107,325,159,145,324,287,143,265,147,146.2,205,120,180,193.2,255.5,153.2,216.5
50025502522,VT,Windham County,502522,3016,88,2701,17,12,15,0,27,156,2412,32,2221,13,8,15,0,23,100,984.9,342.6,1029.5,334.6,942.3,488,980,365.6,225.2,835.8,406.5,979.8,242.4,924.4,253.7,1280.2,419.4,766.4,858.4,1138.9,365.3,1100.9,372.6,382.7,984.1,282,913.3,503.9,1071.6,389.5,996.6
50025502523,VT,Windham County,502523,1344,23,1249,3,0,2,0,0,67,1059,14,1000,3,0,0,0,0,42,284.6,286.5,312.7,262.3,254.7,361.6,270.6,276.4,172.8,204.3,263.3,266.7,197,257.6,206,399.2,341.6,191.3,486.3,354,314.4,323.9,314.3,296.7,280.6,209.8,242.9,364.1,317.1,290.2,283.6
50025502524,VT,Windham County,502524,2255,76,2060,8,4,15,1,4,87,1909,52,1758,8,4,15,1,4,67,598.2,339.5,613.3,327.5,536.9,472.3,535,339.6,217.6,372.5,389.9,480,245.9,496,247.9,797.8,342.6,387.1,698.3,680.8,335.5,647.8,315.3,369.7,570.8,275.4,449.5,422.9,628.4,356,558.7
50025502525,VT,Windham County,502525,449,11,418,4,0,0,0,1,15,379,10,359,4,0,0,0,0,6,159.4,81.1,152.6,92.3,77.8,198.3,150.6,99.1,45.6,78.8,124,147.1,48.6,139,54.8,191.4,85.5,70.8,196.9,163.1,77.2,155.7,78.3,117.7,135.1,68.3,121.6,109.5,145.3,98.5,135.1
50027502701,VT,Windsor County,502701,568,11,531,10,0,0,0,2,14,482,6,454,9,0,0,0,2,11,171.2,127,181.4,137.2,138.1,190.5,187.8,122.3,118.8,91.8,193.8,176.6,98.8,170.4,122.4,222.5,134.1,95.4,250.1,216.8,118,203.1,117.1,144.2,169.6,133.5,146.2,154.8,184.5,144.2,168.6
50027502702,VT,Windsor County,502702,229,4,223,1,0,0,0,0,1,189,3,185,0,0,0,0,0,1,50,60,57,54,44,81,65,54,47,25,66,51,44,47,52,63,72,28,101,62,56,55,59,62.2,54,52.2,41,72,52,62.2,49.7
50027502703,VT,Windsor County,502703,992,18,924,4,1,9,0,1,35,792,5,757,4,1,9,0,0,16,334.4,171.6,326.5,197.3,264.4,269.3,322.6,166.7,140.1,214.1,280.1,350.2,135.1,345.2,149.9,458.7,174.6,195.3,440.9,432,148.9,406.4,167.7,201.2,311.9,176.3,303.2,233,373.1,203.5,331.8
50027502704,VT,Windsor County,502704,1942,41,1779,14,1,3,0,15,89,1584,30,1450,12,1,3,0,15,73,554.1,307.4,615.4,361.3,432.8,567.7,646.1,297.1,248.4,336.7,548.7,612.9,253.1,579.8,292.1,744.7,391,322.1,792.2,720.8,324.3,670.6,343.8,383.3,562.1,335.6,509.8,462.8,614.5,393.9,566.9
50027502705,VT,Windsor County,502705,903,13,838,1,4,4,0,9,34,756,7,716,0,4,4,0,5,20,280,160,273,198,227,260,304,161,136,139,260,256,142,246,150,372,212,138,433,347,186,308,200,194.8,271,172,213.7,257.8,291.2,208.2,262.7
50027502706,VT,Windsor County,502706,1392,30,1256,9,6,7,0,8,76,1123,18,1030,5,6,5,0,8,51,304,260.3,342.8,269.3,267.3,384.5,347.8,260.3,202.7,170.9,317,317,204.7,310,212.6,463,295.1,175.9,561.4,413.3,268.3,376.6,272.2,293.6,315.5,234.2,265.9,349.2,357.2,292.4,317.1
50027502707,VT,Windsor County,502707,3005,69,2763,4,13,16,0,19,121,2473,37,2311,4,13,9,0,8,91,808.2,500.4,858.1,529.7,675.3,782.8,850.2,496.5,369.4,431,691.9,741.8,379.2,711.5,423.2,1064.3,605,418.3,1174.7,982.2,532.6,877.6,543.4,577.4,798,465.9,628.1,713.9,835.6,585.7,765.3
50027502708,VT,Windsor County,502708,2516,64,2272,28,12,16,0,10,114,2113,48,1932,16,6,15,0,6,90,734,354,723,458.5,604.7,584.8,688.2,412.7,258.6,419.7,599.7,706.1,280.4,687.2,303.3,1040.3,413.7,362,1068.1,922.9,413.7,876.2,405.8,452.5,687.5,360.5,604.3,575.3,800.3,462.8,705.8
50027502709,VT,Windsor County,502709,8170,196,7241,109,15,169,1,20,419,6698,127,6028,82,13,148,1,14,285,2425.3,937.1,2465.8,1138.1,2141.2,1546.6,2459.7,1008.5,645.2,1566.5,1514.1,2342.2,688.8,2284.8,756.1,3432.3,1145.8,1561.2,2856.7,3070.2,1057.9,2845.8,1085.5,1157.6,2373,901.1,2064.5,1536.4,2727.4,1198.4,2417.7
50027502710,VT,Windsor County,502710,3446,69,3172,15,15,23,4,12,136,2828,44,2635,15,15,14,1,7,97,1188.7,569.8,1220.2,630.4,985.1,929.6,1240.1,538.8,411.2,686.8,881.2,1116.6,419.7,1079.9,459.6,1554.4,645.5,641.7,1485.1,1396.8,584.4,1277,606.7,667.1,1158.5,542.9,961.1,830.4,1217.5,680.2,1126.1
50027502711,VT,Windsor County,502711,2172,44,1985,12,4,19,4,14,90,1875,30,1723,10,4,17,4,14,73,539.5,404.1,578.5,409.3,469.2,579.6,575.5,399.1,312.7,300.9,527.2,518.4,303.7,484.4,325.8,720.2,473.9,296.8,867.3,658,396,588.8,403.1,448,540.7,367.4,434.5,535.1,565.9,450.1,520.9
50027502712,VT,Windsor County,502712,3612,109,3192,25,7,78,0,29,172,2825,73,2553,20,1,63,0,28,87,1982,191,1928,297,1750,483,1782,297,175,1337,745,1806,194,1832,205,2316,211,1143,1307,2010,234,1995,244,317,1860.5,329.8,1658.3,499,1866,381.9,1807.4
50027502713,VT,Windsor County,502713,641,4,602,4,1,1,0,1,28,529,3,503,2,1,1,0,0,19,171.7,124.1,173.7,145.9,139.9,183.7,174.7,128.1,79.4,101.2,142,159.8,81.4,156.8,91.3,249.1,103.3,87.3,269,228.2,114.2,207.4,122.1,145.4,165,98.5,139.3,152.1,193,132,168.2
50027502714,VT,Windsor County,502714,916,20,844,4,2,3,0,3,40,777,12,724,2,2,3,0,3,31,395,130,351,219,313,261,403,156,95,217,283,393,103,383,119,509,146,188,469,482,135,437,140,191.5,365.5,150,331,222.5,404,188,370.1
50027502715,VT,Windsor County,502715,687,8,653,0,1,3,0,7,15,555,3,538,0,1,0,0,3,10,232.7,109.5,223.9,133.6,187.5,178.3,208,123.5,93.2,114,208.8,223.8,100.2,216.7,109.2,314.6,121.8,124,311.2,290.3,106.6,262.1,113.6,136.2,213,127.9,184.8,163.3,247.7,142.5,218
50027502716,VT,Windsor County,502716,1099,23,1016,3,1,11,1,10,34,943,16,886,0,1,9,1,5,25,393.7,162.6,411.8,186.6,341.6,288.8,431.8,151.5,129.5,257.4,316.9,416.7,141.5,409.7,148.5,527,183.6,239.5,458.1,479,155.5,455,164.5,197.4,394.7,184.1,361.2,240.4,425.1,207.3,396.6
50027502717,VT,Windsor County,502717,2750,40,2486,27,8,31,2,9,147,2285,27,2080,26,8,31,2,9,102,711.7,413,720.2,534,591.5,723.1,793.6,401.5,282.3,466.9,625.9,773.5,300.4,714.7,358,948.8,500.9,379.7,1034.9,918.8,409.5,789.9,460.9,517.9,704.3,391.6,651.7,601.6,759.3,503.7,709.9
50027502718,VT,Windsor County,502718,1560,40,1394,10,3,13,0,14,86,1217,22,1116,5,3,12,0,11,48,414.4,210.1,428.9,270.1,346.6,364.1,469.6,196.6,160.7,268.2,329.2,435.7,161.7,414.4,181.1,566.5,269.2,263.4,570.3,565.5,227.6,510.3,237.2,260.2,414.9,208.2,372.8,326.1,476.4,264.8,425.8
50027502719,VT,Windsor County,502719,9062,182,8225,108,35,82,3,38,389,7451,131,6852,73,26,62,2,26,279,1888.8,1519.8,2083.8,1465.4,1591.2,2176.3,2068.6,1492.7,1044.2,969.4,1674.5,1780.5,1013.4,1646.9,1094.3,2603.8,1779.8,1090.2,3055,2427.2,1532.4,2073.2,1589.6,1663.5,1908.1,1206.6,1465.6,1989.2,2048.6,1619.8,1838.5
50027502720,VT,Windsor County,502720,718,24,653,0,0,3,0,1,37,600,17,556,0,0,3,0,1,23,226.6,142.4,235.5,158.7,174.7,231.7,254.4,133.3,91.9,111,214.9,229.8,94.9,229.8,100.1,347.3,125.4,122.7,346.1,327,106.1,291.6,111.3,166.5,222.8,125.4,190.2,172.2,272.1,154.7,231.9
50027502721,VT,Windsor County,502721,2842,41,2628,10,3,9,0,8,143,2380,33,2213,9,0,9,0,5,111,764,656,824.9,647.5,626.9,918.4,821.8,625.1,472.3,371,791.7,721.7,469.9,674.3,523.5,1042.9,735.5,371.4,1358.1,952.5,633.1,844.6,666.9,711.8,759.4,564.3,589,848.4,802.9,708.2,728.7
50027502722,VT,Windsor County,502722,1344,28,1237,1,4,4,0,16,54,1125,18,1047,1,4,1,0,12,42,469.3,173.1,448.3,225.2,343.2,343.2,438.2,211.1,159.1,236.1,393.2,451.3,158.1,432.2,188.1,618.4,200.1,222.1,588.4,553.3,194.1,490.3,218.1,238.2,424.7,224.7,373.2,300.2,471,254.3,427.5
50027502723,VT,Windsor County,502723,623,11,589,2,0,5,1,2,13,518,8,490,2,0,5,1,2,10,261.5,103.8,270.4,115.6,205.7,179.3,244.9,120.5,95,138.1,195.9,233.1,95,221.4,75.4,325.2,111.7,123.4,309.5,291.9,102.8,260.6,106.8,129.8,245.6,115.3,197.5,157.7,250.3,134.3,234.2
50027502724,VT,Windsor County,502724,3559,60,3239,33,3,15,0,19,190,2897,51,2672,21,3,15,0,14,121,944.9,452.8,1040.9,475.4,841,719.4,1034.1,454.8,316.6,545,682.2,880.2,344,860.6,372.5,1240.9,526.3,514.6,1200.7,1122.3,502.8,1023.3,493,525.6,965.2,428.8,761.9,680.7,975.2,545,913.4
50027502725,VT,Windsor County,502725,3005,81,2795,17,5,15,0,11,81,2554,58,2393,16,5,15,0,6,61,1318.9,372,1260.9,564,1047.9,791.9,1224.9,483,323,751.9,853.9,1216.9,329,1175.9,387,1644.9,402,582,1445.9,1457.9,394,1364.9,422,552.7,1213.1,473.2,1048.2,665.9,1262.4,564,1186.1
