GEOID20,state,county,vtd,pop,pop_hisp,pop_white,pop_black,pop_aian,pop_asian,pop_nhpi,pop_other,pop_two,vap,vap_hisp,vap_white,vap_black,vap_aian,vap_asian,vap_nhpi,vap_other,vap_two
54001000001,WV,Barbour County,000001,681,8,652,0,0,1,0,0,20,501,3,479,0,0,1,0,0,18
54001000002,WV,Barbour County,000002,1715,16,1648,1,0,1,0,0,49,1339,6,1294,1,0,1,0,0,37
54001000003,WV,Barbour County,000003,1327,10,1248,5,5,1,0,0,58,1037,6,978,4,5,1,0,0,43
54001000004,WV,Barbour County,000004,1607,9,1533,4,9,2,0,0,50,1280,5,1228,3,9,2,0,0,33
54001000007,WV,Barbour County,000007,1308,32,1171,16,8,7,0,3,71,1090,25,987,13,8,6,0,3,48
54001000008,WV,Barbour County,000008,1245,11,1185,2,4,0,0,0,43,975,8,927,2,4,0,0,0,34
54001000009,WV,Barbour County,000009,521,3,494,0,2,0,0,0,22,428,2,409,0,2,0,0,0,15
54001000010,WV,Barbour County,000010,532,1,507,0,0,2,0,0,22,436,1,415,0,0,0,0,0,20
54001000011,WV,Barbour County,000011,1182,68,844,204,0,9,0,3,54,1040,61,734,203,0,8,0,1,33
54001000012,WV,Barbour County,000012,998,4,968,2,0,1,0,1,22,839,3,817,0,0,1,0,1,17
54001000013,WV,Barbour County,000013,1164,9,1095,10,3,6,0,3,38,912,8,871,10,3,3,0,2,15
54001000014,WV,Barbour County,000014,504,2,495,1,0,0,0,0,6,387,2,381,0,0,0,0,0,4
54001000015,WV,Barbour County,000015,330,0,305,6,2,0,0,0,17,247,0,228,6,0,0,0,0,13
54001000016,WV,Barbour County,000016,532,3,511,1,1,1,0,0,15,397,0,387,1,0,1,0,0,8
5400100005a,WV,Barbour County,00005a,1385,11,1302,7,2,1,0,0,62,1076,6,1027,1,1,0,0,0,41
5400100006A,WV,Barbour County,00006A,434,5,421,0,1,0,0,0,7,346,5,337,0,0,0,0,0,4
54003000001,WV,Berkeley County,000001,1328,99,925,173,1,10,0,6,114,1046,55,798,132,1,4,0,4,52
54003000002,WV,Berkeley County,000002,2206,165,1330,414,6,125,0,11,155,1642,113,1024,308,4,99,0,9,85
54003000005,WV,Berkeley County,000005,1219,117,873,113,3,22,0,2,89,947,66,733,84,2,15,0,0,47
54003000006,WV,Berkeley County,000006,1072,111,674,212,6,8,0,3,58,836,61,578,154,6,4,0,2,31
54003000007,WV,Berkeley County,000007,2293,205,1549,357,15,8,2,17,140,1795,125,1275,279,15,6,2,10,83
54003000008,WV,Berkeley County,000008,822,49,675,66,0,2,0,2,28,649,33,557,49,0,1,0,1,8
54003000009,WV,Berkeley County,000009,1687,57,1286,166,5,43,0,12,118,1345,28,1072,130,5,36,0,7,67
54003000010,WV,Berkeley County,000010,1704,135,1089,292,6,34,1,4,143,1311,88,909,214,4,28,1,0,67
54003000012,WV,Berkeley County,000012,1492,86,1164,115,6,14,0,3,104,1084,35,888,88,2,9,0,2,60
54003000013,WV,Berkeley County,000013,1922,61,1629,111,7,12,0,13,89,1459,43,1264,82,6,12,0,3,49
54003000014,WV,Berkeley County,000014,1397,88,854,307,3,18,0,6,121,1035,53,674,232,0,17,0,3,56
54003000015,WV,Berkeley County,000015,1459,128,901,259,4,13,1,6,147,1144,84,745,223,4,12,1,6,69
54003000016,WV,Berkeley County,000016,2704,149,1893,376,6,49,0,16,215,2006,79,1477,281,4,42,0,10,113
54003000017,WV,Berkeley County,000017,2601,186,1736,441,8,28,2,4,196,2022,112,1438,351,6,19,0,3,93
54003000018,WV,Berkeley County,000018,2651,230,1792,426,1,28,0,8,166,2189,144,1563,346,1,25,0,7,103
54003000019,WV,Berkeley County,000019,1413,27,1256,24,2,16,0,2,86,1087,10,996,20,2,13,0,2,44
54003000020,WV,Berkeley County,000020,1711,95,1412,52,10,24,2,8,108,1403,54,1194,42,10,20,2,6,75
54003000021,WV,Berkeley County,000021,2969,144,2530,110,8,30,0,2,145,2312,99,2015,91,6,21,0,1,79
54003000022,WV,Berkeley County,000022,640,17,564,16,0,16,0,1,26,521,5,468,14,0,16,0,1,17
54003000023,WV,Berkeley County,000023,2799,119,2166,276,2,44,1,8,183,2047,72,1619,209,2,39,1,3,102
54003000024,WV,Berkeley County,000024,2298,120,1771,239,9,13,0,13,133,1882,74,1491,211,5,11,0,10,80
54003000025,WV,Berkeley County,000025,440,7,397,17,0,6,0,1,12,360,3,334,12,0,6,0,1,4
54003000026,WV,Berkeley County,000026,1582,89,1316,64,2,13,0,14,84,1248,55,1061,56,1,12,0,8,55
54003000027,WV,Berkeley County,000027,1305,28,1168,28,3,8,2,3,65,1046,15,953,21,2,6,2,2,45
54003000028,WV,Berkeley County,000028,2582,167,1996,197,5,40,2,13,162,1959,94,1578,153,4,39,2,5,84
54003000029,WV,Berkeley County,000029,2807,151,2222,198,9,13,2,12,200,2208,91,1829,148,6,9,2,9,114
54003000030,WV,Berkeley County,000030,1464,68,1298,31,0,12,3,3,49,1179,43,1061,23,0,11,3,3,35
54003000032,WV,Berkeley County,000032,965,114,594,149,1,8,0,2,97,647,49,439,110,1,8,0,1,39
54003000034,WV,Berkeley County,000034,2622,206,2198,64,12,10,3,6,123,1997,145,1698,52,9,7,3,4,79
54003000035,WV,Berkeley County,000035,2261,109,1996,50,4,6,0,14,82,1705,66,1529,39,2,6,0,10,53
54003000036,WV,Berkeley County,000036,3476,164,2846,216,8,48,3,20,171,2567,117,2143,153,7,43,2,15,87
54003000038,WV,Berkeley County,000038,1026,30,904,34,0,24,0,0,34,787,20,702,26,0,21,0,0,18
54003000039,WV,Berkeley County,000039,1943,118,1533,99,2,44,2,2,143,1447,84,1161,88,0,37,2,1,74
54003000040,WV,Berkeley County,000040,1043,85,806,64,3,18,2,4,61,755,44,609,50,1,12,2,3,34
54003000041,WV,Berkeley County,000041,2448,73,2217,25,5,3,0,14,111,1862,41,1721,19,5,2,0,5,69
54003000042,WV,Berkeley County,000042,1460,27,1334,18,4,1,0,9,67,1147,12,1075,14,3,0,0,4,39
54003000043,WV,Berkeley County,000043,1900,93,1595,56,5,28,0,5,118,1468,66,1256,42,5,27,0,0,72
54003000044,WV,Berkeley County,000044,1127,49,932,37,4,13,1,3,88,838,33,717,25,4,7,1,2,49
54003000045,WV,Berkeley County,000045,1164,18,1064,17,1,9,0,4,51,926,10,853,17,1,9,0,4,32
54003000046,WV,Berkeley County,000046,1213,24,1104,6,0,7,0,2,70,962,8,902,3,0,7,0,2,40
54003000047,WV,Berkeley County,000047,1732,47,1596,13,7,1,0,7,61,1338,27,1243,13,5,1,0,7,42
54003000048,WV,Berkeley County,000048,2312,40,2108,33,9,11,2,13,96,1967,34,1803,25,9,8,2,10,76
54003000049,WV,Berkeley County,000049,661,18,567,6,11,9,0,3,47,536,15,466,4,6,8,0,2,35
54003000050,WV,Berkeley County,000050,2745,113,2165,242,5,59,1,20,140,2064,82,1665,168,5,44,0,15,85
54003000051,WV,Berkeley County,000051,2118,102,1791,81,4,28,1,4,107,1666,65,1441,63,3,23,1,3,67
54003000052,WV,Berkeley County,000052,2982,120,2478,180,5,37,0,17,145,2069,86,1763,119,5,20,0,8,68
54003000053,WV,Berkeley County,000053,2413,158,1790,252,7,6,0,10,190,1771,100,1343,205,7,5,0,5,106
54003000054,WV,Berkeley County,000054,1577,52,1421,47,3,3,0,3,48,1195,25,1095,32,3,3,0,0,37
54003000055,WV,Berkeley County,000055,2422,174,1945,123,0,39,0,5,136,1766,98,1466,94,0,29,0,3,76
54003000056,WV,Berkeley County,000056,907,93,620,131,7,8,0,8,40,698,54,506,99,2,7,0,6,24
54003000105,WV,Berkeley County,000105,2421,94,2019,150,6,12,1,12,127,1843,50,1594,116,4,10,1,11,57
54003000106,WV,Berkeley County,000106,1141,64,913,64,1,33,0,16,50,834,38,687,41,1,27,0,15,25
54003000107,WV,Berkeley County,000107,2510,280,1623,340,5,73,1,21,167,1907,172,1281,295,5,63,1,14,76
54003000108,WV,Berkeley County,000108,793,116,582,48,3,3,0,4,37,615,78,472,35,3,1,0,4,22
54003000110,WV,Berkeley County,000110,2288,167,1561,358,2,18,0,18,164,1717,112,1240,252,2,18,0,8,85
54003000111,WV,Berkeley County,000111,3401,177,2868,146,9,35,1,6,159,2567,103,2202,123,7,31,1,2,98
54003000112,WV,Berkeley County,000112,2499,210,1820,212,6,23,0,14,214,1881,132,1417,172,5,19,0,9,127
54003000113,WV,Berkeley County,000113,2195,117,1748,135,2,22,4,5,162,1620,70,1332,105,1,18,4,1,89
54003000114,WV,Berkeley County,000114,1884,137,1518,105,2,26,2,7,87,1440,98,1177,80,2,24,2,6,51
54003000115,WV,Berkeley County,000115,1313,87,1040,94,0,19,0,0,73,976,55,800,73,0,14,0,0,34
5400300011A,WV,Berkeley County,00011A,993,64,779,68,2,8,0,10,62,791,42,649,51,2,7,0,9,31
5400300018A,WV,Berkeley County,00018A,3270,262,2396,260,9,78,0,21,244,2307,147,1794,190,7,56,0,16,97
5400300022A,WV,Berkeley County,00022A,533,15,493,2,0,2,0,1,20,427,10,397,1,0,2,0,0,17
5400300043A,WV,Berkeley County,00043A,1760,42,1594,20,2,14,0,0,88,1394,29,1277,20,2,13,0,0,53
5400300046A,WV,Berkeley County,00046A,1926,36,1786,18,0,0,0,3,83,1514,17,1429,10,0,0,0,3,55
5400300051A,WV,Berkeley County,00051A,2065,100,1749,75,1,10,1,5,124,1578,49,1385,55,1,10,1,5,72
54005000001,WV,Boone County,000001,450,1,426,0,0,0,0,1,22,369,0,351,0,0,0,0,0,18
54005000002,WV,Boone County,000002,809,0,766,5,0,0,0,2,36,634,0,603,5,0,0,0,0,26
54005000003,WV,Boone County,000003,814,0,797,0,0,0,0,0,17,630,0,616,0,0,0,0,0,14
54005000004,WV,Boone County,000004,491,11,454,0,0,0,0,2,24,364,4,344,0,0,0,0,2,14
54005000005,WV,Boone County,000005,387,2,364,3,0,0,0,0,18,318,0,297,3,0,0,0,0,18
54005000007,WV,Boone County,000007,1340,9,1259,0,5,4,0,1,62,1026,7,975,0,5,3,0,0,36
54005000009,WV,Boone County,000009,592,0,578,2,0,0,0,0,12,459,0,449,2,0,0,0,0,8
54005000011,WV,Boone County,000011,307,0,305,0,0,1,0,0,1,252,0,251,0,0,1,0,0,0
54005000012,WV,Boone County,000012,1058,7,1007,19,0,3,0,2,20,861,7,817,19,0,2,0,0,16
54005000013,WV,Boone County,000013,824,5,741,27,0,6,0,0,45,633,4,571,27,0,4,0,0,27
54005000014,WV,Boone County,000014,1112,8,1052,2,6,0,0,3,41,896,6,854,1,6,0,0,1,28
54005000015,WV,Boone County,000015,1211,6,1170,4,2,0,0,0,29,993,5,956,4,2,0,0,0,26
54005000016,WV,Boone County,000016,239,5,214,0,0,1,0,0,19,190,5,173,0,0,0,0,0,12
54005000017,WV,Boone County,000017,705,4,670,14,0,0,0,0,17,551,4,536,0,0,0,0,0,11
54005000018,WV,Boone County,000018,299,3,284,0,0,1,0,0,11,245,1,234,0,0,1,0,0,9
54005000019,WV,Boone County,000019,676,0,632,5,3,15,0,0,21,536,0,501,5,3,7,0,0,20
54005000022,WV,Boone County,000022,931,4,907,0,1,0,0,0,19,697,4,680,0,1,0,0,0,12
54005000023,WV,Boone County,000023,838,10,788,0,0,0,1,1,38,649,10,606,0,0,0,1,1,31
54005000025,WV,Boone County,000025,1064,14,1012,4,2,1,0,0,31,850,6,814,2,2,0,0,0,26
54005000030,WV,Boone County,000030,950,6,907,10,0,1,1,0,25,770,5,739,2,0,1,1,0,22
54005000031,WV,Boone County,000031,625,9,601,3,0,0,0,1,11,469,4,452,2,0,0,0,1,10
54005000032,WV,Boone County,000032,665,1,649,0,7,1,0,0,7,499,1,486,0,6,1,0,0,5
54005000033,WV,Boone County,000033,469,0,456,1,0,0,0,0,12,391,0,380,1,0,0,0,0,10
54005000035,WV,Boone County,000035,189,0,179,0,2,0,0,0,8,163,0,154,0,1,0,0,0,8
54005000036,WV,Boone County,000036,404,2,387,4,1,0,0,0,10,322,1,308,2,1,0,0,0,10
54005000038,WV,Boone County,000038,283,7,265,0,2,0,0,0,9,227,2,218,0,2,0,0,0,5
54005000040,WV,Boone County,000040,311,2,302,0,0,0,0,0,7,241,2,233,0,0,0,0,0,6
54005000041,WV,Boone County,000041,361,1,339,4,2,1,0,0,14,297,1,281,4,2,1,0,0,8
54005000045,WV,Boone County,000045,908,4,851,3,3,0,0,3,44,745,3,703,3,3,0,0,3,30
54005000046,WV,Boone County,000046,504,5,470,3,0,0,0,0,26,409,2,383,3,0,0,0,0,21
54005000047,WV,Boone County,000047,176,1,169,1,0,0,0,0,5,135,1,133,1,0,0,0,0,0
54005000048,WV,Boone County,000048,169,0,155,0,1,0,0,2,11,120,0,114,0,1,0,0,0,5
54005000049,WV,Boone County,000049,345,3,330,0,0,0,0,0,12,273,2,265,0,0,0,0,0,6
54005000050,WV,Boone County,000050,252,0,235,0,0,0,0,0,17,199,0,183,0,0,0,0,0,16
54005000051,WV,Boone County,000051,302,2,290,2,0,0,0,0,8,255,2,245,2,0,0,0,0,6
54005000052,WV,Boone County,000052,385,0,369,0,2,0,0,0,14,311,0,295,0,2,0,0,0,14
54005000053,WV,Boone County,000053,364,1,332,19,0,1,0,0,11,287,0,262,19,0,1,0,0,5
54007000003,WV,Braxton County,000003,311,2,298,1,2,0,0,0,8,281,2,270,1,2,0,0,0,6
54007000006,WV,Braxton County,000006,337,1,322,2,0,0,0,0,12,255,0,246,2,0,0,0,0,7
54007000009,WV,Braxton County,000009,911,6,886,2,1,2,0,0,14,734,4,713,1,1,2,0,0,13
54007000013,WV,Braxton County,000013,481,1,464,2,1,0,0,0,13,369,1,357,2,1,0,0,0,8
54007000014,WV,Braxton County,000014,357,5,331,2,1,0,0,0,18,279,2,266,2,1,0,0,0,8
54007000015,WV,Braxton County,000015,543,5,518,0,2,0,2,0,16,452,0,438,0,2,0,2,0,10
54007000016,WV,Braxton County,000016,203,3,196,0,0,2,0,0,2,174,2,168,0,0,2,0,0,2
54007000019,WV,Braxton County,000019,2001,13,1918,26,0,2,3,7,32,1690,10,1626,26,0,2,3,6,17
54007000023,WV,Braxton County,000023,229,1,216,0,0,0,0,0,12,178,1,167,0,0,0,0,0,10
54007000024,WV,Braxton County,000024,537,5,493,6,1,3,0,1,28,441,1,410,5,1,3,0,1,20
54007000025,WV,Braxton County,000025,1000,8,960,0,1,3,0,0,28,777,5,753,0,1,3,0,0,15
54007000027,WV,Braxton County,000027,1653,7,1611,0,1,0,3,1,30,1373,7,1339,0,1,0,3,1,22
54007000028,WV,Braxton County,000028,735,1,714,2,0,3,1,4,10,566,1,550,2,0,3,1,4,5
54007000032,WV,Braxton County,000032,700,10,662,0,1,5,0,0,22,534,4,518,0,1,5,0,0,6
54007000036,WV,Braxton County,000036,536,6,513,1,0,1,0,0,15,442,6,422,1,0,1,0,0,12
54007000037,WV,Braxton County,000037,358,4,342,0,0,0,0,0,12,296,3,283,0,0,0,0,0,10
54007000038,WV,Braxton County,000038,696,2,671,3,5,0,0,0,15,554,2,534,2,5,0,0,0,11
54007000043,WV,Braxton County,000043,859,5,824,3,3,2,2,2,18,692,3,662,2,3,2,2,2,16
54009000000,WV,Brooke County,NA,22559,287,20792,365,36,55,0,70,954,18495,175,17276,303,32,50,0,43,616
54011000001,WV,Cabell County,000001,1965,29,1707,71,7,13,0,10,128,1516,19,1357,48,7,10,0,10,65
54011000002,WV,Cabell County,000002,964,26,797,56,4,2,0,5,74,716,13,618,34,4,2,0,3,42
54011000003,WV,Cabell County,000003,1747,29,1491,88,6,6,0,10,117,1400,23,1216,68,4,6,0,7,76
54011000004,WV,Cabell County,000004,785,3,741,16,0,0,0,0,25,626,3,596,12,0,0,0,0,15
54011000005,WV,Cabell County,000005,743,3,660,37,0,2,0,1,40,580,1,532,27,0,0,0,0,20
54011000006,WV,Cabell County,000006,1357,30,1125,103,3,12,1,4,79,1086,22,916,79,3,11,1,3,51
54011000007,WV,Cabell County,000007,2450,56,2043,165,7,61,1,11,106,2035,27,1751,121,6,56,1,6,67
54011000008,WV,Cabell County,000008,441,7,409,6,0,7,1,5,6,384,6,363,5,0,5,1,0,4
54011000009,WV,Cabell County,000009,1726,52,1386,150,8,30,0,4,96,1521,41,1238,133,8,25,0,4,72
54011000010,WV,Cabell County,000010,1157,35,844,162,3,19,0,11,83,974,27,743,131,3,14,0,9,47
54011000011,WV,Cabell County,000011,2625,80,1986,276,5,161,1,10,106,2511,71,1916,267,4,154,1,4,94
54011000012,WV,Cabell County,000012,1242,34,637,450,0,23,4,5,89,1003,21,551,353,0,16,4,5,53
54011000013,WV,Cabell County,000013,1375,42,1103,113,0,25,1,12,79,1148,30,942,86,0,24,1,9,56
54011000014,WV,Cabell County,000014,1738,31,1553,71,1,23,2,8,49,1452,25,1314,64,1,16,2,4,26
54011000016,WV,Cabell County,000016,905,17,292,509,4,2,0,11,70,698,12,218,424,4,2,0,5,33
54011000017,WV,Cabell County,000017,1070,7,767,220,4,4,0,2,66,888,7,655,185,4,4,0,1,32
54011000018,WV,Cabell County,000018,529,6,463,21,0,9,0,0,30,434,5,391,14,0,9,0,0,15
54011000019,WV,Cabell County,000019,2206,37,1861,173,10,28,2,2,93,2062,31,1756,165,10,27,2,2,69
54011000020,WV,Cabell County,000020,2061,78,1493,212,12,115,0,7,144,1814,62,1347,168,12,108,0,7,110
54011000021,WV,Cabell County,000021,1055,26,695,256,7,1,0,4,66,832,19,572,193,4,1,0,0,43
54011000022,WV,Cabell County,000022,1265,36,1074,51,2,24,0,3,75,966,30,832,37,2,20,0,2,43
54011000023,WV,Cabell County,000023,1380,32,1074,151,3,5,0,14,101,1069,22,875,110,3,5,0,5,49
54011000024,WV,Cabell County,000024,943,16,782,91,1,3,0,3,47,736,5,631,64,1,3,0,3,29
54011000025,WV,Cabell County,000025,804,9,718,38,0,3,0,3,33,645,8,584,32,0,0,0,1,20
54011000026,WV,Cabell County,000026,1313,20,1109,90,8,26,0,2,58,1121,20,963,73,5,23,0,2,35
54011000027,WV,Cabell County,000027,1007,26,857,48,7,7,2,4,56,828,17,706,42,7,7,2,4,43
54011000028,WV,Cabell County,000028,1613,29,1257,202,5,4,0,14,102,1248,17,1037,125,5,4,0,11,49
54011000029,WV,Cabell County,000029,827,17,755,6,3,8,0,3,35,651,15,595,5,3,4,0,2,27
54011000030,WV,Cabell County,000030,834,17,729,37,0,13,0,2,36,663,12,603,24,0,10,0,1,13
54011000031,WV,Cabell County,000031,1435,35,1253,40,1,28,0,5,73,1147,21,1014,30,1,23,0,3,55
54011000032,WV,Cabell County,000032,1108,25,1004,35,5,0,1,0,38,917,22,839,29,5,0,1,0,21
54011000033,WV,Cabell County,000033,1035,13,919,32,5,0,0,0,66,812,7,742,22,5,0,0,0,36
54011000035,WV,Cabell County,000035,1340,14,1212,29,4,11,1,3,66,1073,10,985,28,3,10,1,1,35
54011000036,WV,Cabell County,000036,1756,9,1688,8,0,2,0,5,44,1410,6,1363,7,0,2,0,4,28
54011000037,WV,Cabell County,000037,1209,18,1090,38,2,20,0,2,39,908,13,832,30,2,18,0,1,12
54011000038,WV,Cabell County,000038,902,37,699,89,0,13,0,8,56,695,28,577,59,0,10,0,1,20
54011000039,WV,Cabell County,000039,1544,24,1376,40,1,19,0,2,82,1243,12,1140,31,1,15,0,2,42
54011000040,WV,Cabell County,000040,1335,21,1159,45,1,66,0,2,41,1143,15,1006,30,1,58,0,2,31
54011000041,WV,Cabell County,000041,2578,45,2230,83,2,86,1,13,118,2032,32,1783,61,2,72,1,13,68
54011000042,WV,Cabell County,000042,1665,23,1478,39,0,60,0,11,54,1336,16,1205,33,0,51,0,8,23
54011000043,WV,Cabell County,000043,1275,12,1164,24,5,20,0,0,50,1084,5,994,17,5,20,0,0,43
54011000044,WV,Cabell County,000044,1066,50,868,34,1,39,0,1,73,848,33,709,25,1,33,0,0,47
54011000045,WV,Cabell County,000045,1303,8,1212,13,0,21,0,0,49,1062,3,1011,10,0,18,0,0,20
54011000046,WV,Cabell County,000046,2358,28,2069,42,4,92,0,10,113,1889,18,1701,28,0,69,0,10,63
54011000047,WV,Cabell County,000047,1024,29,922,10,2,13,0,0,48,797,23,728,6,2,13,0,0,25
54011000048,WV,Cabell County,000048,778,8,710,1,0,6,0,2,51,614,4,564,1,0,6,0,2,37
54011000049,WV,Cabell County,000049,2102,17,1998,7,4,2,0,0,74,1677,17,1599,7,3,1,0,0,50
54011000050,WV,Cabell County,000050,2684,20,2594,7,10,7,0,5,41,2056,15,1997,2,7,4,0,5,26
54011000051,WV,Cabell County,000051,1339,7,1290,6,0,0,0,0,36,1037,4,1003,5,0,0,0,0,25
54011000052,WV,Cabell County,000052,1371,24,1256,21,0,20,0,1,49,1104,14,1024,20,0,13,0,1,32
54011000053,WV,Cabell County,000053,1031,4,975,6,0,30,0,2,14,812,0,783,3,0,16,0,0,10
54011000054,WV,Cabell County,000054,2263,35,1978,129,1,10,0,13,97,1873,23,1675,112,1,6,0,11,45
54011000055,WV,Cabell County,000055,1730,7,1665,7,1,4,0,1,45,1408,4,1362,4,1,4,0,0,33
54011000056,WV,Cabell County,000056,870,8,830,4,4,4,0,0,20,691,6,660,4,4,0,0,0,17
54011000057,WV,Cabell County,000057,1002,13,957,0,3,4,0,0,25,810,12,771,0,2,0,0,0,25
54011000058,WV,Cabell County,000058,2377,28,2236,8,1,13,2,5,84,1877,18,1777,8,1,12,2,4,55
54011000059,WV,Cabell County,000059,1699,12,1631,8,3,18,0,2,25,1315,5,1277,3,2,13,0,2,13
54011000060,WV,Cabell County,000060,3461,22,3257,15,6,49,0,5,107,2688,20,2559,8,6,31,0,2,62
54011000061,WV,Cabell County,000061,2009,18,1891,4,2,6,0,2,86,1591,15,1503,2,2,6,0,2,61
54011000062,WV,Cabell County,000062,1820,12,1731,7,1,4,0,2,63,1462,7,1394,4,1,4,0,2,50
54011000063,WV,Cabell County,000063,1491,14,1411,10,1,5,0,4,46,1207,8,1154,8,1,5,0,2,29
54011000064,WV,Cabell County,000064,1048,22,978,8,1,5,0,5,29,816,13,770,7,1,5,0,3,17
54011000065,WV,Cabell County,000065,1135,10,1092,5,1,3,0,1,23,922,7,893,4,1,1,0,1,15
54011000066,WV,Cabell County,000066,1463,34,1378,3,3,11,0,4,30,1168,28,1105,2,3,11,0,1,18
54011007-02,WV,Cabell County,007-02,0,0,0,0,0,0,0,0,0,0,0,0,0,0,0,0,0,0
54011034-01,WV,Cabell County,034-01,1184,18,1091,20,0,1,0,8,46,949,10,892,11,0,0,0,6,30
54011034-02,WV,Cabell County,034-02,433,8,395,5,0,0,0,4,21,333,3,308,2,0,0,0,4,16
54013000001,WV,Calhoun County,000001,630,10,609,1,1,1,0,0,8,525,8,513,0,1,1,0,0,2
54013000004,WV,Calhoun County,000004,694,4,671,1,2,0,0,0,16,552,2,534,0,2,0,0,0,14
54013000005,WV,Calhoun County,000005,601,4,568,4,0,4,0,0,21,477,4,450,2,0,4,0,0,17
54013000006,WV,Calhoun County,000006,494,8,465,3,2,2,0,0,14,374,3,355,2,2,2,0,0,10
54013000007,WV,Calhoun County,000007,548,7,520,1,2,1,0,0,17,447,4,426,1,2,1,0,0,13
54013000008,WV,Calhoun County,000008,499,2,489,0,0,0,0,0,8,421,2,411,0,0,0,0,0,8
54013000010,WV,Calhoun County,000010,876,4,847,0,1,2,0,1,21,708,4,686,0,1,2,0,0,15
54013000011,WV,Calhoun County,000011,517,4,476,0,4,1,0,1,31,430,3,402,0,4,1,0,0,20
54013000015,WV,Calhoun County,000015,651,2,621,2,0,1,2,0,23,500,0,484,2,0,1,0,0,13
54013000019,WV,Calhoun County,000019,719,3,710,1,0,0,0,0,5,575,1,568,1,0,0,0,0,5
54015000001,WV,Clay County,000001,384,2,370,1,1,0,0,0,10,321,1,309,0,1,0,0,0,10
54015000004,WV,Clay County,000004,489,2,463,0,0,3,0,0,21,375,1,356,0,0,1,0,0,17
54015000012,WV,Clay County,000012,396,5,367,0,0,4,0,0,20,283,3,265,0,0,4,0,0,11
54015000015,WV,Clay County,000015,408,3,385,0,0,1,0,0,19,310,2,292,0,0,1,0,0,15
54015000016,WV,Clay County,000016,763,2,731,0,1,0,0,0,29,583,1,567,0,1,0,0,0,14
54015000017,WV,Clay County,000017,934,7,887,2,2,1,0,1,34,725,1,696,0,2,0,0,0,26
54015000024,WV,Clay County,000024,641,7,619,1,4,1,0,0,9,515,3,501,1,4,1,0,0,5
54015000025,WV,Clay County,000025,750,4,711,0,4,0,0,0,31,610,4,579,0,4,0,0,0,23
54015000029,WV,Clay County,000029,565,1,551,1,0,0,0,0,12,446,0,434,0,0,0,0,0,12
54015000030,WV,Clay County,000030,579,2,544,4,7,0,0,0,22,467,1,440,2,7,0,0,0,17
54015000033,WV,Clay County,000033,742,10,700,0,8,0,0,0,24,588,7,555,0,8,0,0,0,18
54015000036,WV,Clay County,000036,820,5,775,2,0,2,0,0,36,640,5,608,1,0,2,0,0,24
54015000037,WV,Clay County,000037,580,2,548,0,2,1,0,0,27,457,2,430,0,2,1,0,0,22
54017000002,WV,Doddridge County,000002,1627,11,1468,110,2,2,0,8,26,1455,4,1313,110,2,2,0,5,19
54017000004,WV,Doddridge County,000004,190,1,183,0,0,0,0,0,6,156,1,150,0,0,0,0,0,5
54017000006,WV,Doddridge County,000006,606,8,573,2,1,3,0,0,19,489,4,465,1,1,2,0,0,16
54017000009,WV,Doddridge County,000009,979,12,888,57,1,1,0,2,18,860,12,774,56,1,1,0,1,15
54017000010,WV,Doddridge County,000010,686,14,650,0,1,1,0,2,18,532,10,507,0,1,1,0,0,13
54017000013,WV,Doddridge County,000013,686,2,654,0,8,3,0,0,19,518,0,497,0,8,2,0,0,11
54017000014,WV,Doddridge County,000014,307,6,289,0,0,0,0,0,12,255,5,239,0,0,0,0,0,11
54017000017,WV,Doddridge County,000017,618,5,597,2,0,0,0,0,14,510,3,494,0,0,0,0,0,13
54017000018,WV,Doddridge County,000018,272,0,261,0,1,2,0,0,8,215,0,207,0,1,2,0,0,5
54017000020,WV,Doddridge County,000020,794,11,739,1,0,1,0,3,39,605,6,566,0,0,1,0,0,32
54017000022,WV,Doddridge County,000022,415,2,394,0,1,2,0,0,16,334,1,321,0,1,2,0,0,9
54017000024,WV,Doddridge County,000024,628,5,594,2,0,0,0,0,27,495,3,473,1,0,0,0,0,18
54019000001,WV,Fayette County,000001,1746,16,1475,158,12,7,0,1,77,1323,10,1123,130,10,7,0,1,42
54019000004,WV,Fayette County,000004,1465,15,1378,18,4,3,0,0,47,1141,11,1073,15,4,2,0,0,36
54019000005,WV,Fayette County,000005,1003,11,850,67,3,1,0,5,66,780,6,662,61,3,1,0,3,44
54019000008,WV,Fayette County,000008,1229,17,1069,65,7,1,0,1,69,953,13,848,51,5,1,0,0,35
54019000009,WV,Fayette County,000009,1180,13,1021,62,4,12,0,9,59,912,9,801,55,4,11,0,1,31
54019000010,WV,Fayette County,000010,1421,41,1249,47,3,7,0,6,68,1103,30,984,34,3,4,0,6,42
54019000011,WV,Fayette County,000011,871,16,782,20,5,4,0,0,44,688,11,629,16,1,4,0,0,27
54019000012,WV,Fayette County,000012,1811,42,1604,56,2,7,0,1,99,1399,30,1246,47,1,7,0,0,68
54019000013,WV,Fayette County,000013,1234,13,1105,39,2,5,0,0,70,937,9,840,26,2,5,0,0,55
54019000015,WV,Fayette County,000015,1346,30,1138,91,4,4,0,2,77,1058,19,911,70,4,3,0,1,50
54019000017,WV,Fayette County,000017,967,5,910,11,1,2,0,1,37,769,4,724,7,1,2,0,1,30
54019000018,WV,Fayette County,000018,562,6,528,7,0,0,0,6,15,426,3,399,7,0,0,0,4,13
54019000019,WV,Fayette County,000019,1587,46,1328,124,7,2,1,4,75,1229,31,1030,105,7,2,1,3,50
54019000023,WV,Fayette County,000023,1308,24,964,222,2,1,0,7,88,994,14,746,163,2,1,0,4,64
54019000024,WV,Fayette County,000024,276,5,211,35,0,1,0,6,18,239,2,188,35,0,1,0,3,10
54019000026,WV,Fayette County,000026,1380,14,1178,165,0,1,0,7,15,1331,14,1138,158,0,1,0,7,13
54019000028,WV,Fayette County,000028,545,8,475,22,0,0,0,0,40,437,4,391,16,0,0,0,0,26
54019000029,WV,Fayette County,000029,791,7,719,18,8,2,0,2,35,639,5,595,7,8,2,0,2,20
54019000031,WV,Fayette County,000031,351,2,337,0,1,2,0,0,9,276,1,263,0,1,2,0,0,9
54019000032,WV,Fayette County,000032,401,1,379,3,3,0,0,1,14,309,0,295,1,3,0,0,1,9
54019000037,WV,Fayette County,000037,810,5,684,59,0,0,0,8,54,649,1,552,50,0,0,0,7,39
54019000038,WV,Fayette County,000038,655,3,606,4,5,0,0,1,36,513,3,481,4,5,0,0,1,19
54019000041,WV,Fayette County,000041,849,7,785,22,0,3,0,1,31,678,6,628,19,0,2,0,1,22
54019000042,WV,Fayette County,000042,402,7,311,53,1,1,0,2,27,330,3,257,47,1,1,0,2,19
54019000045,WV,Fayette County,000045,582,2,519,32,0,2,0,1,26,459,0,416,30,0,0,0,1,12
54019000046,WV,Fayette County,000046,1039,12,889,95,2,2,0,6,33,846,9,728,85,2,1,0,5,16
54019000047,WV,Fayette County,000047,710,12,563,88,2,16,0,6,23,608,4,497,74,2,12,0,3,16
54019000051,WV,Fayette County,000051,425,6,408,1,1,2,0,1,6,312,6,301,0,1,0,0,1,3
54019000052,WV,Fayette County,000052,1330,12,1268,7,1,3,0,3,36,1053,7,1014,5,1,3,0,0,23
54019000055,WV,Fayette County,000055,1550,69,1377,42,4,2,0,1,55,1230,56,1097,40,1,2,0,0,34
54019000056,WV,Fayette County,000056,1438,18,1353,8,3,4,0,3,49,1158,11,1097,7,2,3,0,2,36
54019000058,WV,Fayette County,000058,1565,6,1523,0,2,0,0,8,26,1242,6,1208,0,2,0,0,7,19
54019000059,WV,Fayette County,000059,894,8,835,6,1,2,0,1,41,677,0,634,6,1,2,0,0,34
54019000060,WV,Fayette County,000060,1124,8,1074,4,2,0,0,3,33,908,6,866,4,2,0,0,2,28
54019000065,WV,Fayette County,000065,609,3,574,0,2,0,0,2,28,506,1,478,0,2,0,0,1,24
54019000067,WV,Fayette County,000067,884,4,864,0,1,1,0,0,14,671,4,662,0,1,1,0,0,3
54019000068,WV,Fayette County,000068,1311,3,1268,1,3,2,0,2,32,1044,1,1018,1,2,0,0,2,20
54019000072,WV,Fayette County,000072,1905,4,1839,8,2,3,0,1,48,1500,4,1447,5,1,2,0,1,40
54019000074,WV,Fayette County,000074,932,4,868,2,0,0,0,5,53,755,3,705,1,0,0,0,4,42
54021000001,WV,Gilmer County,000001,682,5,664,0,1,1,0,0,11,555,1,542,0,1,1,0,0,10
54021000005,WV,Gilmer County,000005,455,2,440,1,0,0,0,0,12,356,2,346,1,0,0,0,0,7
54021000006,WV,Gilmer County,000006,373,0,361,0,0,2,0,0,10,305,0,293,0,0,2,0,0,10
54021000012,WV,Gilmer County,000012,528,8,496,0,4,1,0,0,19,431,6,404,0,4,1,0,0,16
54021000013,WV,Gilmer County,000013,265,1,258,0,1,0,0,0,5,216,0,211,0,1,0,0,0,4
54021000016,WV,Gilmer County,000016,502,11,461,5,0,6,0,0,19,404,6,372,5,0,6,0,0,15
54021000017,WV,Gilmer County,000017,673,7,638,2,0,0,0,0,26,562,5,533,1,0,0,0,0,23
54021000018,WV,Gilmer County,000018,274,2,269,0,0,1,0,0,2,228,1,224,0,0,1,0,0,2
54021000020,WV,Gilmer County,000020,2249,192,1122,888,1,16,0,1,29,2098,188,983,888,1,16,0,1,21
54021000024,WV,Gilmer County,000024,684,8,638,26,2,2,0,0,8,549,4,511,26,2,0,0,0,6
54021000027,WV,Gilmer County,000027,450,6,428,0,1,1,0,0,14,343,3,325,0,1,1,0,0,13
54021000031,WV,Gilmer County,000031,273,2,251,1,1,0,0,0,18,229,2,213,1,1,0,0,0,12
54023000001,WV,Grant County,000001,1037,23,962,8,1,3,0,6,34,836,13,773,8,1,3,0,6,32
54023000002,WV,Grant County,000002,1232,22,1130,39,2,7,0,0,32,1031,18,955,29,0,7,0,0,22
54023000003,WV,Grant County,000003,264,2,247,0,0,4,0,0,11,214,1,203,0,0,4,0,0,6
54023000004,WV,Grant County,000004,648,7,618,2,4,1,0,0,16,524,7,500,2,4,1,0,0,10
54023000005,WV,Grant County,000005,377,2,360,0,1,0,0,0,14,319,2,303,0,1,0,0,0,13
54023000006,WV,Grant County,000006,1197,6,1143,8,5,3,0,2,30,984,6,941,7,2,3,0,0,25
54023000007,WV,Grant County,000007,896,8,864,2,1,1,0,1,19,711,6,687,1,1,1,0,1,14
54023000008,WV,Grant County,000008,490,3,475,0,0,0,0,0,12,416,1,406,0,0,0,0,0,9
54023000009,WV,Grant County,000009,183,0,175,2,0,0,0,2,4,147,0,139,2,0,0,0,2,4
54023000010,WV,Grant County,000010,391,0,374,0,3,1,0,1,12,335,0,319,0,3,1,0,1,11
54023000011,WV,Grant County,000011,825,4,795,4,2,0,0,3,17,639,3,619,0,0,0,0,3,14
54023000012,WV,Grant County,000012,1116,11,1066,10,0,2,0,1,26,912,7,874,7,0,2,0,0,22
54023000013,WV,Grant County,000013,595,0,581,4,0,0,0,0,10,469,0,455,4,0,0,0,0,10
54023000014,WV,Grant County,000014,411,1,398,0,2,0,0,1,9,317,1,307,0,1,0,0,0,8
54023000015,WV,Grant County,000015,748,2,723,3,0,2,0,3,15,630,1,614,0,0,2,0,3,10
5402300011A,WV,Grant County,00011A,566,0,552,1,0,0,0,0,13,438,0,427,1,0,0,0,0,10
54025000001,WV,Greenbrier County,000001,810,7,773,8,0,0,0,1,21,662,6,633,2,0,0,0,0,21
54025000007,WV,Greenbrier County,000007,804,5,770,5,2,5,0,1,16,657,3,630,3,2,5,0,1,13
54025000008,WV,Greenbrier County,000008,1588,32,1430,29,4,7,0,8,78,1265,19,1154,21,4,7,0,7,53
54025000014,WV,Greenbrier County,000014,875,8,811,1,2,7,0,0,46,736,8,690,0,2,6,0,0,30
54025000021,WV,Greenbrier County,000021,1281,31,1118,75,0,8,0,5,44,986,21,867,66,0,8,0,0,24
54025000023,WV,Greenbrier County,000023,2648,59,2414,42,3,31,0,23,76,2208,41,2044,32,3,26,0,11,51
54025000024,WV,Greenbrier County,000024,1100,34,990,32,2,2,0,2,38,900,24,822,23,2,2,0,1,26
54025000029,WV,Greenbrier County,000029,1039,15,1004,3,0,0,1,0,16,850,4,837,1,0,0,0,0,8
54025000031,WV,Greenbrier County,000031,1299,11,1243,5,5,3,0,1,31,1024,3,990,5,5,0,0,0,21
54025000034,WV,Greenbrier County,000034,1824,20,1730,13,1,0,0,3,57,1449,12,1380,13,1,0,0,3,40
54025000041,WV,Greenbrier County,000041,1611,41,1328,138,3,22,0,0,79,1382,29,1154,127,3,18,0,0,51
54025000042,WV,Greenbrier County,000042,458,4,441,5,0,0,0,2,6,370,4,359,4,0,0,0,0,3
54025000043,WV,Greenbrier County,000043,1934,36,1791,28,1,10,0,1,67,1513,18,1423,21,1,8,0,0,42
54025000045,WV,Greenbrier County,000045,790,27,699,11,3,19,0,4,27,681,16,618,10,3,17,0,4,13
54025000046,WV,Greenbrier County,000046,2045,40,1854,49,2,39,0,5,56,1635,31,1498,34,2,32,0,5,33
54025000047,WV,Greenbrier County,000047,1511,12,1436,2,2,2,1,1,55,1210,8,1153,0,1,2,1,0,45
54025000050,WV,Greenbrier County,000050,282,5,269,3,0,0,0,0,5,221,4,216,0,0,0,0,0,1
54025000051,WV,Greenbrier County,000051,387,5,373,2,0,0,0,0,7,298,4,289,1,0,0,0,0,4
54025000052,WV,Greenbrier County,000052,422,43,366,0,0,1,0,1,11,344,43,293,0,0,1,0,0,7
54025000056,WV,Greenbrier County,000056,857,10,811,10,3,0,1,0,22,693,7,659,10,2,0,0,0,15
54025000063,WV,Greenbrier County,000063,592,2,564,3,3,0,0,0,20,466,1,445,2,3,0,0,0,15
54025000064,WV,Greenbrier County,000064,1860,25,1727,23,6,2,1,6,70,1400,20,1313,17,5,2,0,0,43
54025000065,WV,Greenbrier County,000065,1907,15,1794,22,6,4,1,8,57,1510,13,1431,21,6,4,0,0,35
54025000072,WV,Greenbrier County,000072,1007,28,863,44,0,9,0,4,59,798,25,694,33,0,9,0,3,34
54025000073,WV,Greenbrier County,000073,483,13,349,75,2,11,0,3,30,428,13,307,67,2,11,0,3,25
54025000074,WV,Greenbrier County,000074,656,18,567,34,0,2,0,3,32,543,13,483,28,0,0,0,3,16
54025000075,WV,Greenbrier County,000075,1581,13,1440,94,1,5,0,3,25,1315,6,1192,90,1,5,0,1,20
54025000078,WV,Greenbrier County,000078,279,2,259,0,1,1,0,2,14,211,2,203,0,1,1,0,2,2
54025000079,WV,Greenbrier County,000079,1047,10,985,10,3,2,0,1,36,859,7,812,6,3,2,0,1,28
54027000000,WV,Hampshire County,NA,23093,337,21655,178,30,61,4,74,754,18579,213,17565,135,27,52,1,54,532
54029000001,WV,Hancock County,000001,1299,16,1223,5,0,5,0,2,48,1041,9,996,4,0,2,0,0,30
54029000002,WV,Hancock County,000002,905,11,859,7,1,8,1,0,18,749,9,713,4,1,8,0,0,14
54029000003,WV,Hancock County,000003,932,23,861,7,3,1,0,1,36,727,14,683,5,3,1,0,1,20
54029000004,WV,Hancock County,000004,633,14,598,1,0,2,0,3,15,514,12,488,1,0,2,0,0,11
54029000005,WV,Hancock County,000005,908,6,855,10,0,3,0,4,30,733,5,706,6,0,3,0,0,13
54029000006,WV,Hancock County,000006,1497,15,1433,1,2,5,1,2,38,1225,10,1177,0,2,5,0,0,31
54029000007,WV,Hancock County,000007,577,0,543,1,0,2,0,2,29,472,0,447,0,0,2,0,2,21
54029000008,WV,Hancock County,000008,1418,13,1337,3,1,3,0,4,57,1167,8,1111,1,1,3,0,3,40
54029000009,WV,Hancock County,000009,1249,9,1160,4,2,3,1,0,70,1018,7,956,4,2,2,0,0,47
54029000010,WV,Hancock County,000010,1020,23,941,4,1,0,0,3,48,824,12,776,4,1,0,0,3,28
54029000011,WV,Hancock County,000011,812,3,774,4,1,0,1,1,28,655,3,628,4,1,0,0,1,18
54029000012,WV,Hancock County,000012,1337,12,1270,7,0,1,1,6,40,1125,10,1076,7,0,1,0,4,27
54029000013,WV,Hancock County,000013,1236,19,1106,13,1,1,1,2,93,1008,13,919,11,1,0,0,0,64
54029000014,WV,Hancock County,000014,892,10,748,85,0,0,0,2,47,742,8,615,83,0,0,0,0,36
54029000016,WV,Hancock County,000016,1566,24,1189,199,4,8,0,5,137,1160,16,908,156,4,8,0,5,63
54029000017,WV,Hancock County,000017,994,27,910,14,1,0,0,1,41,780,17,723,6,1,0,0,1,32
54029000018,WV,Hancock County,000018,681,9,633,13,1,1,0,1,23,533,6,502,6,1,1,0,1,16
54029000019,WV,Hancock County,000019,1126,13,1016,38,0,1,0,0,58,923,10,846,29,0,1,0,0,37
54029000020,WV,Hancock County,000020,1460,20,1302,72,4,2,1,5,54,1201,12,1087,52,4,2,0,2,42
54029000021,WV,Hancock County,000021,1462,16,1348,17,2,14,0,2,63,1238,10,1155,17,2,14,0,0,40
54029000022,WV,Hancock County,000022,1268,36,1081,50,2,8,0,1,90,1007,26,890,48,0,2,0,1,40
54029000023,WV,Hancock County,000023,1119,16,1026,25,1,5,0,2,44,936,8,864,21,0,5,0,1,37
54029000024,WV,Hancock County,000024,1026,32,859,44,2,8,0,17,64,830,25,723,28,1,6,0,11,36
54029000025,WV,Hancock County,000025,1039,29,935,26,1,5,0,4,39,878,17,813,24,0,5,0,0,19
54029000027,WV,Hancock County,000027,862,7,831,5,0,5,0,0,14,739,5,713,5,0,5,0,0,11
54029000028,WV,Hancock County,000028,1777,21,1646,40,1,19,1,4,45,1463,14,1372,30,0,19,0,4,24
54031000001,WV,Hardy County,000001,472,10,444,0,0,3,0,2,13,378,6,358,0,0,3,0,2,9
54031000002,WV,Hardy County,000002,1433,23,1324,28,1,5,0,3,49,1174,18,1094,21,1,2,0,3,35
54031000003,WV,Hardy County,000003,601,8,562,1,0,3,0,1,26,492,4,466,1,0,3,0,1,17
54031000005,WV,Hardy County,000005,1039,4,1004,6,2,2,0,3,18,874,2,847,5,2,2,0,1,15
54031000006,WV,Hardy County,000006,859,19,804,3,0,0,0,4,29,683,3,660,3,0,0,0,0,17
54031000007,WV,Hardy County,000007,884,10,853,0,0,0,0,1,20,700,8,675,0,0,0,0,1,16
54031000012,WV,Hardy County,000012,1373,150,1034,132,2,12,0,2,41,1089,105,840,111,2,10,0,1,20
54031000013,WV,Hardy County,000013,726,36,641,28,2,4,0,1,14,560,10,520,18,2,3,0,0,7
54031000014,WV,Hardy County,000014,1958,308,1391,157,4,17,0,13,68,1494,203,1105,116,4,15,0,6,45
54031000015,WV,Hardy County,000015,538,11,502,5,0,2,0,0,18,443,8,414,5,0,2,0,0,14
54031000016,WV,Hardy County,000016,1600,23,1485,19,0,4,0,0,69,1232,16,1160,15,0,3,0,0,38
54031000018,WV,Hardy County,000018,1066,17,1008,7,1,1,0,0,32,862,13,819,4,1,1,0,0,24
54031000019,WV,Hardy County,000019,1419,29,1329,14,1,0,0,1,45,1033,16,979,10,1,0,0,0,27
54031000020,WV,Hardy County,000020,331,11,304,3,3,0,0,0,10,261,9,237,3,3,0,0,0,9
54033000000,WV,Harrison County,NA,65921,1403,59862,1104,135,489,28,152,2748,52001,972,47809,878,110,386,21,100,1725
54035000001,WV,Jackson County,000001,464,0,453,0,1,0,0,0,10,378,0,369,0,1,0,0,0,8
54035000004,WV,Jackson County,000004,1186,11,1138,0,2,0,0,1,34,919,3,886,0,2,0,0,0,28
54035000005,WV,Jackson County,000005,613,6,572,1,2,0,0,1,31,477,2,458,0,2,0,0,0,15
54035000006,WV,Jackson County,000006,689,13,658,3,2,1,0,1,11,506,7,486,0,2,1,0,0,10
54035000007,WV,Jackson County,000007,737,2,706,1,0,4,0,0,24,560,2,538,1,0,4,0,0,15
54035000008,WV,Jackson County,000008,1112,29,1011,8,6,4,0,4,50,864,21,794,6,4,2,0,0,37
54035000009,WV,Jackson County,000009,840,14,770,5,3,2,0,4,42,673,5,631,3,0,2,0,1,31
54035000010,WV,Jackson County,000010,272,0,258,3,2,0,0,0,9,215,0,203,2,1,0,0,0,9
54035000011,WV,Jackson County,000011,1174,5,1144,2,1,5,0,0,17,945,1,924,2,0,5,0,0,13
54035000014,WV,Jackson County,000014,980,0,943,9,0,4,0,2,22,781,0,758,7,0,4,0,1,11
54035000015,WV,Jackson County,000015,616,16,548,6,1,5,0,2,38,464,7,432,4,1,5,0,0,15
54035000016,WV,Jackson County,000016,415,4,395,4,0,2,0,0,10,326,1,313,4,0,2,0,0,6
54035000017,WV,Jackson County,000017,882,9,829,5,0,6,1,0,32,711,4,684,3,0,6,0,0,14
54035000018,WV,Jackson County,000018,881,12,816,8,1,7,0,9,28,690,10,646,2,1,7,0,6,18
54035000019,WV,Jackson County,000019,405,5,386,0,3,1,0,2,8,313,4,302,0,3,0,0,0,4
54035000020,WV,Jackson County,000020,536,0,529,0,0,3,0,0,4,456,0,451,0,0,1,0,0,4
54035000021,WV,Jackson County,000021,1267,1,1239,3,3,2,0,0,19,947,1,927,3,3,1,0,0,12
54035000022,WV,Jackson County,000022,1325,8,1276,0,1,5,0,1,34,1064,5,1028,0,1,2,0,1,27
54035000023,WV,Jackson County,000023,1164,10,1097,7,5,6,0,5,34,933,6,885,5,5,5,0,5,22
54035000024,WV,Jackson County,000024,405,4,378,7,0,1,0,2,13,314,2,295,6,0,0,0,2,9
54035000026,WV,Jackson County,000026,1766,4,1682,2,5,5,0,1,67,1360,4,1303,1,3,0,0,0,49
54035000027,WV,Jackson County,000027,1261,7,1207,2,0,11,0,2,32,1019,4,990,0,0,8,0,0,17
54035000028,WV,Jackson County,000028,2211,21,2122,7,1,1,0,8,51,1736,20,1673,5,1,1,0,3,33
54035000029,WV,Jackson County,000029,349,1,330,0,2,3,0,0,13,276,1,259,0,2,3,0,0,11
54035000030,WV,Jackson County,000030,1738,12,1614,5,1,8,0,10,88,1365,7,1277,3,1,5,0,5,67
54035000032,WV,Jackson County,000032,1260,14,1196,2,0,2,0,7,39,986,8,956,2,0,1,0,0,19
54035000033,WV,Jackson County,000033,1034,3,1004,2,0,2,0,0,23,809,1,788,0,0,2,0,0,18
54035000037,WV,Jackson County,000037,502,7,486,2,1,0,0,0,6,403,7,390,2,1,0,0,0,3
54035000038,WV,Jackson County,000038,357,0,334,0,0,0,0,0,23,289,0,274,0,0,0,0,0,15
54035000039,WV,Jackson County,000039,537,6,504,2,0,0,1,0,24,444,6,415,2,0,0,1,0,20
54035000043,WV,Jackson County,000043,813,6,786,4,0,1,0,0,16,631,6,614,2,0,1,0,0,8
54037000002,WV,Jefferson County,000002,1695,154,1064,313,2,18,0,11,133,1395,112,914,274,2,16,0,9,68
54037000003,WV,Jefferson County,000003,1877,188,1359,212,0,25,0,8,85,1525,123,1169,160,0,16,0,6,51
54037000004,WV,Jefferson County,000004,4272,443,3125,320,5,104,0,25,250,3185,288,2410,245,5,91,0,12,134
54037000006,WV,Jefferson County,000006,557,48,392,69,0,15,0,2,31,449,29,326,61,0,13,0,0,20
54037000007,WV,Jefferson County,000007,3049,506,1869,315,8,83,0,19,249,2331,342,1506,273,6,65,0,9,130
54037000012,WV,Jefferson County,000012,1365,129,1068,104,2,9,0,1,52,1019,74,812,100,2,3,0,0,28
54037000013,WV,Jefferson County,000013,2278,154,1873,76,1,50,0,14,110,1703,100,1432,55,1,44,0,13,58
54037000014,WV,Jefferson County,000014,269,11,244,9,0,2,0,2,1,221,7,201,9,0,2,0,1,1
54037000015,WV,Jefferson County,000015,1036,33,870,52,4,8,0,5,64,865,20,736,42,4,8,0,3,52
54037000016,WV,Jefferson County,000016,1173,136,876,59,3,16,3,9,71,881,78,688,44,3,14,3,5,46
54037000017,WV,Jefferson County,000017,2840,174,2478,25,7,7,1,6,142,2256,109,1999,24,5,7,1,5,106
54037000019,WV,Jefferson County,000019,2424,277,1700,211,7,87,0,4,138,1799,203,1301,164,6,68,0,1,56
54037000020,WV,Jefferson County,000020,2312,103,1949,82,0,36,2,30,110,1802,75,1555,58,0,32,2,17,63
54037000021,WV,Jefferson County,000021,4173,169,3700,36,6,20,0,30,212,3314,105,3002,23,6,18,0,21,139
54037000022,WV,Jefferson County,000022,2143,127,1771,97,8,31,2,17,90,1631,69,1376,84,5,25,2,17,53
54037000023,WV,Jefferson County,000023,2970,169,2527,102,5,28,1,9,129,2328,106,2018,87,5,25,1,8,78
54037000024,WV,Jefferson County,000024,2021,285,1361,179,2,48,0,2,144,1363,160,947,150,2,40,0,0,64
54037000025,WV,Jefferson County,000025,2664,95,2346,93,1,18,0,7,104,2097,61,1892,67,0,17,0,2,58
54037000026,WV,Jefferson County,000026,2469,111,2184,52,2,7,0,6,107,1980,68,1800,38,1,7,0,4,62
54037000027,WV,Jefferson County,000027,2107,144,1621,133,14,28,0,18,149,1560,85,1240,105,14,21,0,13,82
54037000028,WV,Jefferson County,000028,2088,181,1456,221,9,37,0,17,167,1577,98,1172,174,5,23,0,16,89
54037000029,WV,Jefferson County,000029,1340,84,1085,72,2,8,0,10,79,1012,33,866,57,2,8,0,1,45
54037000031,WV,Jefferson County,000031,1784,64,1565,42,2,19,0,5,87,1479,43,1323,40,2,17,0,3,51
54037000032,WV,Jefferson County,000032,2061,86,1787,34,1,24,0,14,115,1631,45,1451,28,1,24,0,10,72
54037000033,WV,Jefferson County,000033,1269,48,1026,128,3,11,1,1,51,1179,42,962,125,3,11,1,1,34
54037000034,WV,Jefferson County,000034,2484,108,1999,150,10,38,0,22,157,1961,68,1620,130,10,31,0,14,88
54037000035,WV,Jefferson County,000035,2981,110,2489,193,0,40,0,10,139,2422,69,2052,159,0,34,0,5,103
54039000000,WV,Kanawha County,NA,180745,2720,152735,13416,357,2138,47,733,8599,145391,1826,125400,10419,310,1744,32,431,5229
54041000001,WV,Lewis County,000001,442,1,426,0,2,0,0,0,13,354,1,340,0,2,0,0,0,11
54041000002,WV,Lewis County,000002,707,3,664,0,0,0,1,0,39,529,3,493,0,0,0,1,0,32
54041000003,WV,Lewis County,000003,592,5,553,0,1,0,0,0,33,480,3,452,0,1,0,0,0,24
54041000004,WV,Lewis County,000004,824,13,781,1,0,1,0,0,28,670,9,640,0,0,1,0,0,20
54041000005,WV,Lewis County,000005,486,18,456,0,0,0,0,2,10,388,12,367,0,0,0,0,1,8
54041000006,WV,Lewis County,000006,545,10,494,14,0,6,0,5,16,421,8,381,14,0,4,0,3,11
54041000007,WV,Lewis County,000007,1162,9,1096,15,2,3,0,1,36,969,4,916,15,2,3,0,1,28
54041000008,WV,Lewis County,000008,574,7,549,0,2,1,0,0,15,457,1,441,0,2,1,0,0,12
54041000009,WV,Lewis County,000009,356,8,329,0,0,4,0,0,15,299,6,279,0,0,4,0,0,10
54041000010,WV,Lewis County,000010,672,16,605,4,1,9,0,5,32,517,9,473,4,1,9,0,5,16
54041000011,WV,Lewis County,000011,492,3,481,0,0,0,0,0,8,400,0,393,0,0,0,0,0,7
54041000012,WV,Lewis County,000012,408,8,385,1,1,0,0,0,13,329,5,315,1,1,0,0,0,7
54041000013,WV,Lewis County,000013,1839,24,1749,6,4,3,0,0,53,1413,11,1370,1,4,0,0,0,27
54041000014,WV,Lewis County,000014,797,8,754,2,2,1,0,0,30,616,5,597,0,2,1,0,0,11
54041000015,WV,Lewis County,000015,1233,4,1168,1,0,7,0,2,51,995,2,957,1,0,7,0,0,28
54041000016,WV,Lewis County,000016,495,6,458,5,0,6,1,2,17,392,5,366,4,0,3,1,0,13
54041000017,WV,Lewis County,000017,576,11,526,2,0,1,2,5,29,435,9,393,2,0,1,2,4,24
54041000018,WV,Lewis County,000018,419,0,401,6,0,2,0,1,9,315,0,300,4,0,2,0,1,8
54041000019,WV,Lewis County,000019,393,5,363,5,0,3,0,0,17,329,1,314,4,0,2,0,0,8
54041000020,WV,Lewis County,000020,1134,16,1076,1,1,7,0,0,33,897,12,848,1,1,7,0,0,28
54041000021,WV,Lewis County,000021,631,6,602,1,0,0,0,0,22,486,6,465,0,0,0,0,0,15
54041000022,WV,Lewis County,000022,362,1,350,0,0,0,0,0,11,282,0,272,0,0,0,0,0,10
54041000023,WV,Lewis County,000023,861,2,821,2,2,1,3,0,30,692,0,659,2,2,1,3,0,25
54041000024,WV,Lewis County,000024,1033,7,1001,0,1,3,0,0,21,835,6,806,0,1,2,0,0,20
54043000001,WV,Lincoln County,000001,528,1,516,0,0,0,0,0,11,402,1,393,0,0,0,0,0,8
54043000002,WV,Lincoln County,000002,443,4,427,2,0,0,0,0,10,345,2,336,1,0,0,0,0,6
54043000003,WV,Lincoln County,000003,1189,6,1139,5,1,0,0,1,37,935,4,899,5,1,0,0,1,25
54043000004,WV,Lincoln County,000004,318,0,311,1,0,0,0,0,6,236,0,229,1,0,0,0,0,6
54043000005,WV,Lincoln County,000005,972,4,937,0,0,0,0,0,31,803,2,782,0,0,0,0,0,19
54043000007,WV,Lincoln County,000007,802,3,779,2,2,1,0,4,11,621,0,604,0,2,1,0,3,11
54043000008,WV,Lincoln County,000008,1181,19,1123,0,1,4,0,1,33,898,11,854,0,1,2,0,0,30
54043000009,WV,Lincoln County,000009,557,2,536,2,0,1,0,0,16,444,2,427,0,0,1,0,0,14
54043000010,WV,Lincoln County,000010,549,9,520,4,4,0,0,2,10,421,7,398,4,4,0,0,2,6
54043000012,WV,Lincoln County,000012,398,7,382,0,0,4,0,0,5,306,5,296,0,0,4,0,0,1
54043000013,WV,Lincoln County,000013,823,7,796,0,0,0,0,0,20,646,2,627,0,0,0,0,0,17
54043000014,WV,Lincoln County,000014,671,1,660,0,0,0,0,3,7,517,1,512,0,0,0,0,0,4
54043000015,WV,Lincoln County,000015,530,11,507,1,0,4,0,0,7,425,7,409,0,0,4,0,0,5
54043000016,WV,Lincoln County,000016,519,2,512,0,0,0,0,0,5,410,2,405,0,0,0,0,0,3
54043000017,WV,Lincoln County,000017,840,4,797,4,2,2,0,1,30,651,3,619,4,2,0,0,0,23
54043000020,WV,Lincoln County,000020,234,6,222,3,0,1,0,0,2,211,5,202,1,0,1,0,0,2
54043000021,WV,Lincoln County,000021,871,18,833,1,0,0,0,0,19,688,15,656,0,0,0,0,0,17
54043000022,WV,Lincoln County,000022,298,2,279,2,0,0,0,1,14,242,2,225,2,0,0,0,0,13
54043000023,WV,Lincoln County,000023,837,3,820,4,0,0,0,0,10,655,2,643,2,0,0,0,0,8
54043000024,WV,Lincoln County,000024,1195,8,1147,1,6,3,0,0,30,940,7,903,1,6,1,0,0,22
54043000025,WV,Lincoln County,000025,1022,4,985,0,2,2,0,0,29,830,0,800,0,2,2,0,0,26
54043000026,WV,Lincoln County,000026,840,3,827,2,2,0,0,0,6,619,3,607,2,2,0,0,0,5
54043000028,WV,Lincoln County,000028,1307,9,1264,7,0,1,0,1,25,956,5,932,3,0,1,0,0,15
54043000029,WV,Lincoln County,000029,510,1,489,0,0,0,0,0,20,404,1,387,0,0,0,0,0,16
54043000031,WV,Lincoln County,000031,1807,27,1719,2,1,1,0,6,51,1411,19,1347,0,1,1,0,0,43
54043000032,WV,Lincoln County,000032,661,4,633,1,1,2,0,1,19,491,4,472,1,1,1,0,0,12
54043000033,WV,Lincoln County,000033,561,6,542,0,0,0,0,0,13,411,3,403,0,0,0,0,0,5
54045000001,WV,Logan County,000001,1508,8,1472,1,0,3,0,1,23,1181,7,1150,1,0,3,0,1,19
54045000002,WV,Logan County,000002,2149,23,2065,6,0,1,0,2,52,1705,14,1661,1,0,0,0,1,28
54045000004,WV,Logan County,000004,1683,7,1635,2,2,5,0,1,31,1286,5,1249,0,2,5,0,1,24
54045000005,WV,Logan County,000005,1386,10,1325,8,3,0,0,2,38,1134,8,1100,4,1,0,0,2,19
54045000006,WV,Logan County,000006,1293,12,1245,4,3,13,0,2,14,997,10,962,4,3,7,0,2,9
54045000007,WV,Logan County,000007,1315,13,1251,2,2,6,0,1,40,1077,10,1021,2,2,6,0,1,35
54045000008,WV,Logan County,000008,877,6,855,2,0,1,0,4,9,687,4,670,2,0,1,0,4,6
54045000010,WV,Logan County,000010,516,7,474,4,0,6,0,0,25,414,3,393,1,0,3,0,0,14
54045000011,WV,Logan County,000011,579,5,560,2,0,3,0,0,9,457,2,447,2,0,3,0,0,3
54045000013,WV,Logan County,000013,499,1,452,19,0,0,0,0,27,422,1,380,19,0,0,0,0,22
54045000014,WV,Logan County,000014,366,2,356,1,0,2,0,0,5,291,1,285,1,0,2,0,0,2
54045000015,WV,Logan County,000015,1425,5,1387,7,0,4,0,2,20,1191,3,1163,7,0,1,0,1,16
54045000020,WV,Logan County,000020,1560,11,1437,53,8,0,0,5,46,1185,11,1091,46,6,0,0,2,29
54045000021,WV,Logan County,000021,835,7,781,14,1,0,0,0,32,674,3,640,13,0,0,0,0,18
54045000022,WV,Logan County,000022,518,4,501,4,0,0,0,0,9,413,4,400,2,0,0,0,0,7
54045000025,WV,Logan County,000025,1130,2,1085,5,0,1,0,2,35,854,1,821,3,0,1,0,0,28
54045000026,WV,Logan County,000026,772,5,729,15,1,5,0,1,16,619,5,583,15,1,5,0,0,10
54045000027,WV,Logan County,000027,1699,11,1632,14,0,1,0,0,41,1332,8,1283,10,0,1,0,0,30
54045000028,WV,Logan County,000028,272,1,263,2,1,0,0,0,5,213,0,206,1,1,0,0,0,5
54045000031,WV,Logan County,000031,343,5,316,13,1,0,0,1,7,299,5,274,13,1,0,0,1,5
54045000036,WV,Logan County,000036,824,6,713,55,0,0,0,0,50,640,5,563,43,0,0,0,0,29
54045000037,WV,Logan County,000037,561,1,525,11,1,0,0,1,22,487,1,463,8,1,0,0,1,13
54045000039,WV,Logan County,000039,646,11,563,26,4,1,0,1,40,530,11,470,20,4,1,0,0,24
54045000040,WV,Logan County,000040,649,2,630,2,0,0,0,0,15,503,2,490,1,0,0,0,0,10
54045000041,WV,Logan County,000041,616,1,591,7,0,0,0,0,17,505,1,490,6,0,0,0,0,8
54045000043,WV,Logan County,000043,1349,14,1237,73,0,1,0,1,23,1172,11,1069,71,0,1,0,1,19
54045000045,WV,Logan County,000045,1294,12,1223,33,2,2,1,0,21,1048,6,993,27,2,2,0,0,18
54045000046,WV,Logan County,000046,865,5,808,23,3,1,0,0,25,695,4,642,21,3,1,0,0,24
54045000047,WV,Logan County,000047,484,3,451,12,0,1,0,2,15,396,3,367,10,0,1,0,1,14
54045000049,WV,Logan County,000049,1168,6,1065,47,5,1,0,2,42,964,5,882,40,5,1,0,0,31
54045000050,WV,Logan County,000050,738,1,694,22,0,1,0,3,17,587,1,558,17,0,1,0,1,9
54045000053,WV,Logan County,000053,1013,4,993,1,0,0,0,0,15,840,4,822,1,0,0,0,0,13
54045000054,WV,Logan County,000054,706,9,584,76,4,1,0,0,32,576,6,478,63,4,1,0,0,24
54045000055,WV,Logan County,000055,596,4,581,2,0,0,0,0,9,500,3,486,2,0,0,0,0,9
54045000056,WV,Logan County,000056,333,0,306,12,0,3,0,0,12,255,0,243,7,0,3,0,0,2
54047000000,WV,McDowell County,NA,19111,390,15871,2139,20,20,4,45,622,15723,365,12966,1900,14,20,4,35,419
54049000000,WV,Marion County,NA,56205,875,50223,1844,119,256,43,116,2729,44894,619,40630,1427,110,202,34,72,1800
54051000000,WV,Marshall County,NA,30591,354,28669,260,34,108,7,64,1095,24723,258,23341,221,28,89,7,46,733
54053000001,WV,Mason County,000001,967,2,925,37,0,0,0,0,3,898,2,857,37,0,0,0,0,2
54053000002,WV,Mason County,000002,280,5,265,0,1,0,0,2,7,226,5,213,0,1,0,0,2,5
54053000003,WV,Mason County,000003,672,3,648,2,0,3,0,5,11,526,2,509,1,0,2,0,4,8
54053000004,WV,Mason County,000004,876,9,802,2,3,7,0,4,49,701,8,656,0,3,7,0,4,23
54053000005,WV,Mason County,000005,361,3,341,1,0,4,0,0,12,274,2,268,0,0,1,0,0,3
54053000006,WV,Mason County,000006,503,2,468,2,0,0,0,2,29,405,1,378,1,0,0,0,2,23
54053000007,WV,Mason County,000007,773,10,730,9,5,0,0,0,19,613,6,585,6,5,0,0,0,11
54053000008,WV,Mason County,000008,700,2,689,2,2,1,0,0,4,550,2,545,0,2,0,0,0,1
54053000009,WV,Mason County,000009,703,2,684,3,0,3,0,0,11,528,2,521,2,0,0,0,0,3
54053000010,WV,Mason County,000010,998,6,926,22,0,2,2,0,40,751,5,716,13,0,2,0,0,15
54053000011,WV,Mason County,000011,647,3,622,3,0,1,0,0,18,517,1,501,0,0,1,0,0,14
54053000012,WV,Mason County,000012,1003,11,956,7,0,7,0,5,17,797,5,766,5,0,5,0,5,11
54053000013,WV,Mason County,000013,233,1,231,0,0,0,0,0,1,189,1,187,0,0,0,0,0,1
54053000014,WV,Mason County,000014,831,10,790,6,1,2,1,0,21,678,7,647,6,1,1,0,0,16
54053000015,WV,Mason County,000015,892,2,863,3,3,0,0,0,21,677,2,653,3,3,0,0,0,16
54053000016,WV,Mason County,000016,1067,2,1037,3,1,2,0,0,22,857,2,836,3,1,1,0,0,14
54053000017,WV,Mason County,000017,937,5,906,2,1,1,0,0,22,744,5,721,2,1,0,0,0,15
54053000018,WV,Mason County,000018,686,2,677,1,0,1,0,0,5,552,2,548,0,0,1,0,0,1
54053000019,WV,Mason County,000019,541,2,521,5,0,2,0,0,11,422,1,410,3,0,2,0,0,6
54053000020,WV,Mason County,000020,342,0,328,1,0,2,0,0,11,279,0,269,0,0,2,0,0,8
54053000021,WV,Mason County,000021,382,1,367,4,0,0,0,1,9,319,0,311,4,0,0,0,1,3
54053000022,WV,Mason County,000022,677,6,640,5,3,3,1,0,19,524,6,498,1,3,0,0,0,16
54053000023,WV,Mason County,000023,807,6,763,3,4,3,0,0,28,631,4,597,3,4,2,0,0,21
54053000024,WV,Mason County,000024,463,5,440,6,0,3,0,0,9,377,3,356,6,0,3,0,0,9
54053000025,WV,Mason County,000025,480,5,453,3,0,3,0,0,16,370,3,361,1,0,3,0,0,2
54053000026,WV,Mason County,000026,655,4,611,14,0,7,1,0,18,471,1,448,8,0,7,0,0,7
54053000027,WV,Mason County,000027,318,1,278,17,1,5,0,0,16,240,0,211,14,1,1,0,0,13
54053000028,WV,Mason County,000028,482,5,447,7,3,4,0,1,15,412,2,390,5,3,4,0,1,7
54053000029,WV,Mason County,000029,228,1,221,1,0,0,0,0,5,180,1,174,1,0,0,0,0,4
54053000030,WV,Mason County,000030,867,7,842,3,2,1,0,0,12,707,6,686,3,2,0,0,0,10
54053000031,WV,Mason County,000031,577,4,556,5,0,4,0,0,8,467,2,454,2,0,1,0,0,8
54053000032,WV,Mason County,000032,606,4,576,2,0,0,0,0,24,491,4,473,0,0,0,0,0,14
54053000033,WV,Mason County,000033,782,4,749,2,0,2,0,0,25,630,4,607,2,0,1,0,0,16
54053000034,WV,Mason County,000034,520,2,503,0,0,0,0,0,15,407,2,395,0,0,0,0,0,10
54053000035,WV,Mason County,000035,909,4,893,2,0,1,0,0,9,724,2,714,0,0,1,0,0,7
54053000036,WV,Mason County,000036,823,8,799,0,0,0,0,0,16,611,5,592,0,0,0,0,0,14
54053000037,WV,Mason County,000037,477,7,449,2,2,0,0,0,17,374,3,357,0,2,0,0,0,12
54053000038,WV,Mason County,000038,1388,14,1326,6,0,0,0,0,42,1096,9,1054,1,0,0,0,0,32
54055000000,WV,Mercer County,NA,59664,705,52264,3694,159,292,6,139,2405,47634,476,42457,2796,129,250,6,70,1450
54057000001,WV,Mineral County,000001,1047,15,973,6,1,3,1,0,48,815,10,766,6,1,2,1,0,29
54057000002,WV,Mineral County,000002,1039,13,984,6,1,4,0,0,31,811,9,776,6,1,3,0,0,16
54057000003,WV,Mineral County,000003,152,0,148,0,0,0,0,0,4,118,0,118,0,0,0,0,0,0
54057000004,WV,Mineral County,000004,829,3,805,0,3,1,0,0,17,663,2,643,0,3,0,0,0,15
54057000005,WV,Mineral County,000005,1404,20,1313,12,2,9,0,5,43,1091,7,1048,6,2,5,0,0,23
54057000006,WV,Mineral County,000006,337,2,328,1,0,0,0,0,6,272,1,265,0,0,0,0,0,6
54057000007,WV,Mineral County,000007,1573,13,1515,2,2,4,0,3,34,1228,7,1193,0,2,4,0,0,22
54057000008,WV,Mineral County,000008,605,12,569,4,0,1,0,1,18,460,3,440,1,0,1,0,1,14
54057000009,WV,Mineral County,000009,1147,18,1061,5,0,1,0,0,62,898,15,831,3,0,0,0,0,49
54057000010,WV,Mineral County,000010,1055,7,1002,7,2,3,0,0,34,821,4,786,6,2,3,0,0,20
54057000011,WV,Mineral County,000011,783,9,735,1,2,9,0,2,25,651,7,615,0,2,8,0,0,19
54057000012,WV,Mineral County,000012,549,3,506,8,0,4,0,0,28,465,3,430,4,0,4,0,0,24
54057000013,WV,Mineral County,000013,363,6,327,10,2,0,0,0,18,294,1,268,10,2,0,0,0,13
54057000014,WV,Mineral County,000014,228,5,195,4,0,2,0,0,22,166,4,152,1,0,2,0,0,7
54057000015,WV,Mineral County,000015,1502,6,1443,12,1,2,0,10,28,1191,5,1152,12,1,1,0,2,18
54057000016,WV,Mineral County,000016,497,6,398,54,2,3,0,0,34,382,5,310,41,2,2,0,0,22
54057000017,WV,Mineral County,000017,284,3,253,14,1,1,0,2,10,220,2,198,6,1,1,0,2,10
54057000018,WV,Mineral County,000018,253,9,192,29,0,1,0,2,20,193,8,145,27,0,1,0,0,12
54057000019,WV,Mineral County,000019,778,8,658,53,2,3,0,2,52,607,8,529,42,2,3,0,0,23
54057000020,WV,Mineral County,000020,936,15,737,116,2,1,0,0,65,802,12,633,106,2,1,0,0,48
54057000021,WV,Mineral County,000021,591,14,458,48,2,4,1,1,63,504,9,405,48,1,3,1,1,36
54057000022,WV,Mineral County,000022,296,5,248,10,0,7,0,2,24,219,3,183,10,0,3,0,2,18
54057000023,WV,Mineral County,000023,799,16,695,42,4,6,0,0,36,621,6,557,32,4,4,0,0,18
54057000024,WV,Mineral County,000024,513,7,447,24,0,4,0,0,31,422,5,382,17,0,4,0,0,14
54057000025,WV,Mineral County,000025,1824,28,1634,54,3,12,3,3,87,1485,19,1352,44,3,10,3,3,51
54057000026,WV,Mineral County,000026,1157,10,1065,8,1,3,0,12,58,908,10,854,5,1,1,0,7,30
54057000027,WV,Mineral County,000027,1078,17,999,25,0,15,0,1,21,878,13,817,24,0,15,0,1,8
54057000028,WV,Mineral County,000028,870,2,842,4,0,2,0,0,20,709,1,685,3,0,2,0,0,18
54057000029,WV,Mineral County,000029,718,13,496,133,1,1,0,3,71,551,9,387,118,1,0,0,2,34
54057000030,WV,Mineral County,000030,46,0,45,0,0,0,0,0,1,35,0,35,0,0,0,0,0,0
54057000031,WV,Mineral County,000031,1347,8,1276,6,2,3,0,1,51,1094,2,1053,4,2,3,0,1,29
54057000032,WV,Mineral County,000032,926,4,886,1,0,2,0,0,33,724,2,697,0,0,2,0,0,23
54057000033,WV,Mineral County,000033,49,0,49,0,0,0,0,0,0,30,0,30,0,0,0,0,0,0
54057000034,WV,Mineral County,000034,906,8,875,12,0,2,0,0,9,740,6,713,12,0,2,0,0,7
54057000035,WV,Mineral County,000035,457,4,446,0,0,0,0,0,7,365,3,360,0,0,0,0,0,2
54059000001,WV,Mingo County,000001,508,5,443,30,4,5,0,0,21,393,4,354,14,4,4,0,0,13
54059000003,WV,Mingo County,000003,157,2,138,7,0,0,0,0,10,115,0,101,6,0,0,0,0,8
54059000005,WV,Mingo County,000005,40,1,27,7,0,0,0,0,5,30,1,17,7,0,0,0,0,5
54059000006,WV,Mingo County,000006,650,10,541,64,2,3,0,3,27,529,9,439,55,1,2,0,2,21
54059000007,WV,Mingo County,000007,379,7,327,28,0,7,0,1,9,331,2,292,28,0,7,0,1,1
54059000009,WV,Mingo County,000009,1349,7,1105,138,9,8,0,4,78,1072,5,894,113,7,8,0,1,44
54059000022,WV,Mingo County,000022,1011,3,980,5,0,0,0,3,20,791,3,771,2,0,0,0,3,12
54059000023,WV,Mingo County,000023,502,1,492,0,2,0,0,0,7,400,0,392,0,2,0,0,0,6
54059000026,WV,Mingo County,000026,540,4,495,13,0,0,0,1,27,437,3,408,10,0,0,0,1,15
54059000027,WV,Mingo County,000027,422,2,411,0,2,1,0,0,6,346,1,338,0,2,1,0,0,4
54059000028,WV,Mingo County,000028,1427,5,1383,2,2,0,0,1,34,1120,1,1084,2,2,0,0,0,31
54059000030,WV,Mingo County,000030,874,10,814,4,0,1,0,1,44,683,6,646,4,0,1,0,0,26
54059000041,WV,Mingo County,000041,849,7,829,2,0,0,0,2,9,662,7,646,2,0,0,0,1,6
54059000043,WV,Mingo County,000043,833,5,808,0,2,0,0,0,18,641,2,623,0,2,0,0,0,14
54059000044,WV,Mingo County,000044,908,15,873,6,0,1,0,0,13,718,9,697,3,0,0,0,0,9
54059000045,WV,Mingo County,000045,896,10,842,5,0,1,0,0,38,704,6,661,4,0,0,0,0,33
54059000046,WV,Mingo County,000046,1231,3,1210,3,1,0,0,3,11,954,2,935,3,1,0,0,3,10
54059000047,WV,Mingo County,000047,266,3,258,0,0,0,0,0,5,207,0,203,0,0,0,0,0,4
54059000048,WV,Mingo County,000048,1490,12,1444,2,2,0,0,4,26,1166,11,1129,0,2,0,0,2,22
54059000050,WV,Mingo County,000050,411,6,376,14,2,0,0,1,12,346,6,313,14,2,0,0,1,10
54059000051,WV,Mingo County,000051,129,0,119,6,0,0,0,0,4,102,0,98,3,0,0,0,0,1
54059000054,WV,Mingo County,000054,200,3,190,5,0,0,0,1,1,158,1,151,5,0,0,0,0,1
54059000055,WV,Mingo County,000055,2111,11,1994,40,3,2,0,2,59,1673,9,1584,36,3,0,0,1,40
54059000056,WV,Mingo County,000056,388,3,370,4,1,0,0,2,8,270,3,255,3,1,0,0,2,6
54059000057,WV,Mingo County,000057,660,4,619,8,1,2,0,1,25,493,2,476,5,1,2,0,0,7
54059000059,WV,Mingo County,000059,701,0,676,1,0,0,0,1,23,564,0,547,1,0,0,0,1,15
54059000072,WV,Mingo County,000072,494,4,485,0,0,0,0,0,5,411,3,407,0,0,0,0,0,1
54059000073,WV,Mingo County,000073,1220,4,1179,9,0,1,0,0,27,920,2,889,9,0,1,0,0,19
54059000074,WV,Mingo County,000074,1483,11,1462,1,0,0,0,0,9,1217,8,1202,1,0,0,0,0,6
54059000075,WV,Mingo County,000075,684,0,677,0,0,0,0,0,7,551,0,545,0,0,0,0,0,6
54059000076,WV,Mingo County,000076,333,3,325,0,0,0,0,0,5,291,2,285,0,0,0,0,0,4
54059000077,WV,Mingo County,000077,422,3,401,1,0,0,0,2,15,337,1,326,0,0,0,0,0,10
54061000001,WV,Monongalia County,000001,1219,31,1040,44,1,25,1,4,73,1013,23,879,34,1,25,0,4,47
54061000002,WV,Monongalia County,000002,5628,229,4690,251,21,91,4,33,309,4695,164,4009,193,20,84,0,26,199
54061000010,WV,Monongalia County,000010,10678,476,8504,519,13,490,13,53,610,10404,434,8343,507,11,468,10,52,579
54061000013,WV,Monongalia County,000013,5354,220,4415,279,12,122,3,19,284,5041,198,4203,244,11,109,3,19,254
54061000016,WV,Monongalia County,000016,1913,100,1530,71,3,98,0,4,107,1669,87,1361,54,2,94,0,4,67
54061000023,WV,Monongalia County,000023,2542,77,2108,48,0,187,14,14,94,2045,48,1747,31,0,156,9,11,43
54061000025,WV,Monongalia County,000025,1774,49,1398,127,2,74,0,0,124,1528,40,1231,103,2,65,0,0,87
54061000026,WV,Monongalia County,000026,909,35,734,29,1,62,5,7,36,774,23,637,24,1,52,4,5,28
54061000030,WV,Monongalia County,000030,2175,103,1712,131,4,43,0,11,171,1765,80,1432,110,3,32,0,7,101
54061000032,WV,Monongalia County,000032,9304,363,7129,468,14,880,4,45,401,8209,286,6460,396,14,709,3,39,302
54061000033,WV,Monongalia County,000033,1660,29,1509,34,0,21,0,2,65,1250,16,1153,26,0,19,0,2,34
54061000035,WV,Monongalia County,000035,2379,142,1627,432,6,58,0,10,104,2000,125,1361,394,4,53,0,10,53
54061000036,WV,Monongalia County,000036,2554,72,1873,148,3,331,2,21,104,2220,65,1692,132,3,244,2,18,64
54061000038,WV,Monongalia County,000038,5312,105,4798,68,3,76,3,2,257,4061,62,3737,53,0,53,3,1,152
54061000040,WV,Monongalia County,000040,952,6,922,1,1,0,0,0,22,810,1,794,0,1,0,0,0,14
54061000041,WV,Monongalia County,000041,357,1,355,0,0,0,0,0,1,291,0,290,0,0,0,0,0,1
54061000044,WV,Monongalia County,000044,1576,23,1445,26,0,2,0,12,68,1259,19,1165,20,0,2,0,10,43
54061000047,WV,Monongalia County,000047,2012,35,1819,42,0,18,0,2,96,1574,22,1444,29,0,13,0,1,65
54061000048,WV,Monongalia County,000048,415,6,323,34,0,0,1,0,51,322,5,251,31,0,0,1,0,34
54061000051,WV,Monongalia County,000051,876,2,852,3,0,0,0,0,19,705,1,687,3,0,0,0,0,14
54061000052,WV,Monongalia County,000052,2409,20,2289,11,7,2,1,2,77,1919,11,1838,7,7,1,1,2,52
54061000058,WV,Monongalia County,000058,464,0,431,5,0,0,0,0,28,380,0,360,5,0,0,0,0,15
54061000059,WV,Monongalia County,000059,2384,41,2208,14,0,22,0,5,94,1850,26,1724,13,0,21,0,4,62
54061000061,WV,Monongalia County,000061,4445,85,4031,80,3,52,3,12,179,3314,60,3048,56,2,40,3,7,98
54061000062,WV,Monongalia County,000062,2058,63,1829,26,2,17,0,12,109,1596,40,1439,20,0,14,0,6,77
54061000063,WV,Monongalia County,000063,2108,17,2006,6,0,16,0,5,58,1648,6,1584,5,0,11,0,2,40
54061000064,WV,Monongalia County,000064,2295,39,2036,35,7,34,2,2,140,1796,28,1628,22,7,21,2,2,86
54061000067,WV,Monongalia County,000067,1213,15,1128,7,1,1,0,2,59,968,10,904,7,1,0,0,2,44
54061000068,WV,Monongalia County,000068,1148,16,1072,11,1,2,0,0,46,906,11,858,10,1,0,0,0,26
54061000071,WV,Monongalia County,000071,3787,119,3196,183,10,31,1,16,231,3133,69,2727,141,7,29,1,6,153
54061000074,WV,Monongalia County,000074,1355,45,1126,86,3,5,0,6,84,1193,38,1006,72,2,5,0,2,68
54061000076,WV,Monongalia County,000076,487,25,365,50,2,28,2,0,15,411,22,316,40,2,21,2,0,8
54061000077,WV,Monongalia County,000077,2796,73,2504,33,4,47,2,8,125,2187,50,1988,27,3,41,2,5,71
54061000078,WV,Monongalia County,000078,2910,69,2584,37,3,86,1,13,117,2155,43,1942,33,3,62,0,7,65
54061000079,WV,Monongalia County,000079,2707,78,2334,61,4,85,0,7,138,2062,56,1798,44,1,70,0,6,87
54061000081,WV,Monongalia County,000081,6181,208,4888,363,11,390,0,32,289,4878,132,3969,269,11,290,0,13,194
54061000082,WV,Monongalia County,000082,1776,55,1562,36,0,37,0,4,82,1379,31,1259,22,0,27,0,3,37
54061000083,WV,Monongalia County,000083,3443,90,2971,119,3,70,0,9,181,2784,72,2419,94,3,64,0,7,125
54061000086,WV,Monongalia County,000086,2149,145,1507,150,2,226,1,7,111,1773,100,1294,110,2,177,1,6,83
5406100051M,WV,Monongalia County,00051M,118,1,109,0,0,0,0,1,7,96,0,90,0,0,0,0,1,5
54063000000,WV,Monroe County,NA,12376,94,11739,113,26,11,0,30,363,9895,77,9445,82,17,7,0,13,254
54065000000,WV,Morgan County,NA,17063,236,15896,108,30,83,0,53,657,13950,154,13147,84,24,73,0,39,429
54067000001,WV,Nicholas County,000001,1112,10,1064,2,1,0,0,1,34,924,8,884,1,1,0,0,1,29
54067000002,WV,Nicholas County,000002,1165,6,1113,5,6,3,0,0,32,910,4,871,1,6,3,0,0,25
54067000003,WV,Nicholas County,000003,529,1,526,0,0,0,0,0,2,428,0,428,0,0,0,0,0,0
54067000005,WV,Nicholas County,000005,701,2,668,4,0,2,0,0,25,616,2,586,4,0,2,0,0,22
54067000007,WV,Nicholas County,000007,729,0,705,5,0,1,0,1,17,590,0,570,3,0,1,0,1,15
54067000008,WV,Nicholas County,000008,503,1,496,0,1,0,0,0,5,417,0,412,0,1,0,0,0,4
54067000009,WV,Nicholas County,000009,383,1,371,0,1,1,0,0,9,293,1,282,0,1,1,0,0,8
54067000013,WV,Nicholas County,000013,633,11,592,2,1,4,0,0,23,478,7,453,1,1,4,0,0,12
54067000014,WV,Nicholas County,000014,1260,13,1196,2,3,4,1,1,40,1034,9,989,1,3,4,1,1,26
54067000015,WV,Nicholas County,000015,880,5,844,0,0,0,3,0,28,708,5,673,0,0,0,3,0,27
54067000016,WV,Nicholas County,000016,1342,4,1293,2,5,0,0,0,38,1050,4,1009,2,5,0,0,0,30
54067000017,WV,Nicholas County,000017,1078,4,1022,6,0,0,0,2,44,835,4,794,6,0,0,0,2,29
54067000018,WV,Nicholas County,000018,1758,22,1657,11,3,16,0,3,46,1403,13,1328,10,2,15,0,3,32
54067000019,WV,Nicholas County,000019,764,10,720,1,3,7,1,0,22,604,9,565,0,3,6,0,0,21
54067000020,WV,Nicholas County,000020,1325,12,1253,4,4,10,1,0,41,1085,12,1030,4,4,9,1,0,25
54067000021,WV,Nicholas County,000021,1535,7,1474,1,0,6,1,0,46,1236,6,1188,0,0,5,1,0,36
54067000023,WV,Nicholas County,000023,455,3,424,1,2,0,0,0,25,385,3,355,0,2,0,0,0,25
54067000025,WV,Nicholas County,000025,439,8,418,0,2,0,0,0,11,353,5,339,0,2,0,0,0,7
54067000027,WV,Nicholas County,000027,382,1,373,0,1,0,0,0,7,308,1,299,0,1,0,0,0,7
54067000028,WV,Nicholas County,000028,1404,6,1360,2,3,4,0,0,29,1125,3,1096,2,3,3,0,0,18
54067000029,WV,Nicholas County,000029,1185,8,1139,0,2,4,0,1,31,946,4,915,0,2,1,0,1,23
54067000030,WV,Nicholas County,000030,973,16,928,2,2,0,0,0,25,803,10,770,2,2,0,0,0,19
54067000031,WV,Nicholas County,000031,468,11,420,1,1,2,0,0,33,377,11,344,1,1,0,0,0,20
54067000032,WV,Nicholas County,000032,548,2,530,0,2,1,0,2,11,447,2,431,0,2,0,0,2,10
54067000033,WV,Nicholas County,000033,1754,2,1691,3,0,5,0,4,49,1366,1,1317,1,0,3,0,4,40
54067000035,WV,Nicholas County,000035,1299,7,1248,2,1,2,0,0,39,1056,7,1014,2,1,2,0,0,30
54069000004,WV,Ohio County,000004,2044,44,1844,36,0,5,0,7,108,1629,33,1496,26,0,5,0,4,65
54069000005,WV,Ohio County,000005,1213,28,1070,35,0,6,0,3,71,1004,20,917,22,0,5,0,3,37
54069000010,WV,Ohio County,000010,576,5,547,4,3,0,1,4,12,467,5,448,0,3,0,1,4,6
54069000011,WV,Ohio County,000011,1532,9,1435,25,0,6,1,0,56,1198,6,1136,16,0,2,1,0,37
54069000012,WV,Ohio County,000012,755,11,686,16,0,4,4,0,34,615,9,571,11,0,3,1,0,20
54069000013,WV,Ohio County,000013,936,7,902,1,0,2,1,0,23,746,0,726,0,0,2,1,0,17
54069000016,WV,Ohio County,000016,1009,16,934,9,1,13,0,3,33,747,8,706,4,1,9,0,2,17
54069000020,WV,Ohio County,000020,1038,20,849,100,0,7,0,4,58,824,9,690,84,0,5,0,4,32
54069000024,WV,Ohio County,000024,778,14,612,99,5,1,0,2,45,676,9,564,70,2,1,0,2,28
54069000028,WV,Ohio County,000028,1582,42,1129,288,5,21,1,11,85,1276,25,961,230,5,17,0,2,36
54069000031,WV,Ohio County,000031,418,5,351,26,2,6,0,4,24,338,3,300,14,2,5,0,4,10
54069000036,WV,Ohio County,000036,471,15,392,35,3,7,0,0,19,423,10,358,27,3,7,0,0,18
54069000060,WV,Ohio County,000060,1030,15,846,66,0,7,0,11,85,819,14,699,47,0,7,0,5,47
54069000064,WV,Ohio County,000064,564,13,390,87,1,2,0,3,68,406,13,308,54,1,1,0,0,29
54069000069,WV,Ohio County,000069,790,18,614,82,0,14,0,4,58,575,5,486,54,0,10,0,0,20
54069000077,WV,Ohio County,000077,487,7,425,14,2,2,0,1,36,403,4,359,8,2,1,0,1,28
54069000103,WV,Ohio County,000103,1058,9,967,15,0,4,0,2,61,848,7,787,11,0,3,0,2,38
54069000104,WV,Ohio County,000104,1607,20,1343,91,4,9,0,4,136,1258,8,1099,64,3,8,0,1,75
54069000107,WV,Ohio County,000107,1134,15,1052,13,5,3,0,0,46,935,8,890,11,1,3,0,0,22
54069000108,WV,Ohio County,000108,1747,27,1618,17,5,22,0,5,53,1390,21,1303,11,4,16,0,0,35
54069000113,WV,Ohio County,000113,902,4,816,17,2,14,0,1,48,720,4,653,12,1,14,0,1,35
54069000115,WV,Ohio County,000115,610,27,500,39,4,7,0,0,33,493,16,422,33,4,6,0,0,12
54069000116,WV,Ohio County,000116,1379,24,1238,34,0,24,1,0,58,1107,22,1008,21,0,21,1,0,34
54069000120,WV,Ohio County,000120,990,20,889,26,4,4,0,1,46,777,12,719,20,1,3,0,0,22
54069000124,WV,Ohio County,000124,1269,12,1169,20,1,17,5,10,35,1103,8,1029,18,0,11,3,8,26
54069000125,WV,Ohio County,000125,1337,13,1243,26,1,31,1,0,22,1119,10,1039,26,0,27,1,0,16
54069000127,WV,Ohio County,000127,1618,28,1378,118,0,15,0,10,69,1396,25,1190,115,0,12,0,7,47
54069000129,WV,Ohio County,000129,1061,6,992,4,0,21,0,1,37,881,6,829,3,0,17,0,1,25
54069000130,WV,Ohio County,000130,1476,26,1254,83,1,22,1,9,80,1095,10,987,46,1,17,1,2,31
54069000135,WV,Ohio County,000135,1333,22,1165,65,2,18,1,2,58,1053,10,967,34,2,12,1,1,26
54069000137,WV,Ohio County,000137,989,11,924,4,0,0,0,1,49,776,3,736,0,0,0,0,1,36
54069000141,WV,Ohio County,000141,691,19,592,28,0,10,0,2,40,580,15,502,27,0,9,0,0,27
54069000143,WV,Ohio County,000143,1327,23,1241,11,2,4,0,5,41,1084,14,1025,8,2,4,0,5,26
54069000146,WV,Ohio County,000146,1731,22,1581,28,4,28,1,2,65,1352,14,1239,18,4,24,1,2,50
54069000148,WV,Ohio County,000148,1157,5,1088,25,1,8,1,1,28,996,1,944,18,1,7,1,0,24
54069000158,WV,Ohio County,000158,1847,25,1658,66,5,20,0,14,59,1692,21,1527,61,4,20,0,14,45
54069000161,WV,Ohio County,000161,1939,20,1825,3,4,3,1,7,76,1506,17,1423,3,3,1,1,7,51
54071000001,WV,Pendleton County,000001,150,6,142,0,0,0,0,2,0,128,5,121,0,0,0,0,2,0
54071000002,WV,Pendleton County,000002,464,1,447,1,0,0,0,1,14,384,0,373,0,0,0,0,1,10
54071000003,WV,Pendleton County,000003,617,5,602,1,2,0,0,0,7,511,2,503,1,2,0,0,0,3
54071000005,WV,Pendleton County,000005,481,5,443,8,0,0,0,2,23,405,5,378,7,0,0,0,2,13
54071000006,WV,Pendleton County,000006,1050,7,980,37,1,0,0,6,19,874,6,815,32,1,0,0,6,14
54071000007,WV,Pendleton County,000007,648,3,628,7,1,0,0,1,8,539,3,520,7,1,0,0,1,7
54071000008,WV,Pendleton County,000008,662,1,622,6,2,0,0,1,30,562,0,530,4,2,0,0,1,25
54071000009,WV,Pendleton County,000009,289,8,273,0,1,0,0,0,7,229,6,219,0,1,0,0,0,3
54071000011,WV,Pendleton County,000011,546,8,511,12,0,0,0,0,15,465,7,435,11,0,0,0,0,12
54071000012,WV,Pendleton County,000012,439,5,417,5,0,0,0,0,12,351,4,331,5,0,0,0,0,11
54071000013,WV,Pendleton County,000013,188,2,180,1,0,0,0,0,5,154,1,150,0,0,0,0,0,3
54071000014,WV,Pendleton County,000014,458,4,446,2,0,0,0,0,6,383,1,374,2,0,0,0,0,6
54071000015,WV,Pendleton County,000015,151,2,144,1,0,0,2,0,2,117,2,115,0,0,0,0,0,0
54073000001,WV,Pleasants County,000001,804,1,780,3,0,0,0,0,20,650,1,632,3,0,0,0,0,14
54073000002,WV,Pleasants County,000002,875,15,811,4,3,4,0,0,38,710,7,670,3,3,3,0,0,24
54073000003,WV,Pleasants County,000003,356,0,347,0,0,0,0,0,9,275,0,270,0,0,0,0,0,5
54073000004,WV,Pleasants County,000004,415,0,388,1,4,2,0,1,19,324,0,305,0,3,0,0,1,15
54073000005,WV,Pleasants County,000005,583,5,547,3,0,0,0,0,28,475,3,450,1,0,0,0,0,21
54073000006,WV,Pleasants County,000006,1669,9,1555,70,2,5,0,4,24,1492,5,1396,69,2,0,0,4,16
54073000007,WV,Pleasants County,000007,330,1,309,2,1,0,0,0,17,262,0,246,0,1,0,0,0,15
54073000008,WV,Pleasants County,000008,421,5,393,3,2,2,0,1,15,317,2,297,3,2,1,0,1,11
54073000009,WV,Pleasants County,000009,1624,15,1535,6,10,4,0,3,51,1263,11,1192,5,10,4,0,2,39
54073000011,WV,Pleasants County,000011,576,12,550,3,0,0,0,1,10,447,8,427,1,0,0,0,1,10
54075000001,WV,Pocahontas County,000001,435,6,422,0,0,0,0,1,6,360,4,350,0,0,0,0,0,6
54075000002,WV,Pocahontas County,000002,472,1,458,1,0,0,0,1,11,382,1,370,1,0,0,0,0,10
54075000003,WV,Pocahontas County,000003,1195,15,1128,1,4,2,0,6,39,992,13,945,1,3,2,0,4,24
54075000004,WV,Pocahontas County,000004,231,5,207,3,2,0,0,0,14,183,2,167,3,1,0,0,0,10
54075000010,WV,Pocahontas County,000010,986,20,921,4,4,1,0,9,27,782,10,742,1,4,1,0,5,19
54075000012,WV,Pocahontas County,000012,657,13,629,3,2,3,0,1,6,563,8,541,3,2,3,0,1,5
54075000013,WV,Pocahontas County,000013,504,5,488,0,0,0,0,0,11,424,3,413,0,0,0,0,0,8
54075000015,WV,Pocahontas County,000015,400,6,369,3,0,3,0,2,17,336,5,314,1,0,3,0,2,11
54075000018,WV,Pocahontas County,000018,495,1,483,2,2,0,0,0,7,407,1,396,2,1,0,0,0,7
54075000021,WV,Pocahontas County,000021,297,7,284,0,0,0,0,0,6,238,3,232,0,0,0,0,0,3
54075000023,WV,Pocahontas County,000023,797,9,756,4,2,0,0,0,26,652,5,629,3,1,0,0,0,14
54075000026,WV,Pocahontas County,000026,189,2,185,0,0,0,0,0,2,164,1,161,0,0,0,0,0,2
54075000027,WV,Pocahontas County,000027,889,13,826,28,7,0,0,3,12,774,11,727,25,4,0,0,3,4
54075000029,WV,Pocahontas County,000029,322,4,299,2,0,0,0,2,15,266,1,248,2,0,0,0,2,13
54077000000,WV,Preston County,NA,34216,695,30348,2001,69,53,5,37,1008,27778,586,24396,1981,66,42,4,22,681
54079000001,WV,Putnam County,000001,1181,9,1122,5,3,1,0,4,37,938,7,889,5,3,0,0,4,30
54079000002,WV,Putnam County,000002,1248,25,1154,2,4,0,0,1,62,994,16,930,2,4,0,0,0,42
54079000004,WV,Putnam County,000004,1035,13,977,2,0,10,0,0,33,763,10,728,2,0,10,0,0,13
54079000006,WV,Putnam County,000006,3217,47,3005,27,5,22,0,6,105,2430,25,2292,20,5,14,0,3,71
54079000007,WV,Putnam County,000007,1193,34,1081,14,2,10,0,2,50,878,22,809,11,2,10,0,1,23
54079000008,WV,Putnam County,000008,1799,17,1673,34,3,9,0,9,54,1379,15,1295,26,3,8,0,6,26
54079000009,WV,Putnam County,000009,1379,32,1268,10,1,12,4,1,51,1051,20,976,6,1,10,4,1,33
54079000010,WV,Putnam County,000010,2867,33,2703,13,9,6,0,6,97,2254,16,2155,8,9,3,0,4,59
54079000011,WV,Putnam County,000011,989,10,867,18,2,24,0,4,64,765,6,679,15,2,23,0,1,39
54079000014,WV,Putnam County,000014,1275,4,1205,22,1,3,0,1,39,962,2,907,17,1,3,0,0,32
54079000015,WV,Putnam County,000015,961,12,926,7,0,0,0,1,15,745,9,722,2,0,0,0,0,12
54079000016,WV,Putnam County,000016,959,6,923,6,2,0,0,1,21,782,2,755,5,2,0,0,1,17
54079000017,WV,Putnam County,000017,1132,2,1094,0,1,0,0,5,30,935,1,906,0,0,0,0,0,28
54079000018,WV,Putnam County,000018,660,5,639,3,1,2,0,1,9,533,4,516,3,1,2,0,0,7
54079000019,WV,Putnam County,000019,325,1,313,4,0,0,0,1,6,246,1,239,1,0,0,0,1,4
54079000021,WV,Putnam County,000021,531,7,482,6,5,0,0,0,31,454,4,418,5,5,0,0,0,22
54079000022,WV,Putnam County,000022,873,42,755,15,6,0,0,3,52,705,27,623,15,6,0,0,0,34
54079000023,WV,Putnam County,000023,2077,35,1936,29,3,2,0,7,65,1606,20,1526,20,3,2,0,2,33
54079000025,WV,Putnam County,000025,2876,58,2652,23,4,43,0,3,93,2255,32,2109,21,4,35,0,3,51
54079000026,WV,Putnam County,000026,2459,34,2274,37,2,22,0,3,87,1857,23,1735,24,2,22,0,3,48
54079000027,WV,Putnam County,000027,3208,72,2891,27,7,84,0,9,118,2554,40,2332,21,4,69,0,4,84
54079000028,WV,Putnam County,000028,2620,35,2440,38,4,7,1,9,86,2015,23,1891,23,4,5,1,9,59
54079000029,WV,Putnam County,000029,4529,72,3989,141,2,84,1,26,214,3381,52,3041,85,1,66,1,17,118
54079000030,WV,Putnam County,000030,1647,16,1561,9,1,4,0,4,52,1242,10,1186,6,0,0,0,3,37
54079000031,WV,Putnam County,000031,1107,3,1066,10,1,1,0,0,26,895,3,863,5,1,1,0,0,22
54079000032,WV,Putnam County,000032,1334,23,1249,10,2,9,0,3,38,995,13,945,6,2,6,0,3,20
54079000033,WV,Putnam County,000033,1762,24,1629,15,0,20,0,3,71,1375,19,1283,13,0,12,0,3,45
54079000034,WV,Putnam County,000034,672,4,646,1,3,2,0,3,13,566,4,549,1,3,1,0,0,8
54079000035,WV,Putnam County,000035,308,2,286,1,0,2,0,0,17,261,1,244,1,0,2,0,0,13
54079000037,WV,Putnam County,000037,556,4,523,0,0,2,0,1,26,458,2,433,0,0,2,0,0,21
54079000038,WV,Putnam County,000038,869,4,844,0,0,0,0,1,20,681,4,660,0,0,0,0,0,17
54079000040,WV,Putnam County,000040,1542,16,1471,2,3,11,0,0,39,1192,10,1136,2,3,11,0,0,30
54079000041,WV,Putnam County,000041,1162,11,1066,17,1,26,0,7,34,891,8,821,14,1,21,0,4,22
54079000042,WV,Putnam County,000042,1787,29,1608,33,0,44,0,2,71,1295,19,1185,22,0,32,0,2,35
54079000043,WV,Putnam County,000043,3748,53,3383,49,1,92,1,17,152,2890,34,2636,41,0,66,1,16,96
54079000047,WV,Putnam County,000047,1300,13,1201,16,2,19,0,5,44,1029,10,965,13,1,13,0,4,23
54079000048,WV,Putnam County,000048,253,4,237,0,0,4,0,3,5,215,3,205,0,0,4,0,0,3
54081000000,WV,Raleigh County,NA,74591,1197,63510,5790,132,819,16,156,2971,59099,828,50805,4728,117,679,15,88,1839
54083000023,WV,Randolph County,000023,1558,19,1419,21,3,18,0,1,77,1274,9,1182,16,2,14,0,0,51
54083000024,WV,Randolph County,000024,502,12,424,10,4,6,0,4,42,398,10,343,10,0,4,0,3,28
54083000025,WV,Randolph County,000025,752,7,704,7,1,8,0,3,22,597,7,558,3,1,8,0,3,17
54083000027,WV,Randolph County,000027,809,5,729,41,4,3,0,0,27,653,3,602,21,3,2,0,0,22
54083000028,WV,Randolph County,000028,894,11,779,29,6,17,0,0,52,706,7,626,17,5,15,0,0,36
54083000030,WV,Randolph County,000030,946,15,860,27,4,1,0,5,34,765,11,701,22,4,0,0,5,22
54083000031,WV,Randolph County,000031,1043,36,922,42,2,10,1,2,28,911,28,810,37,2,10,1,1,22
54083000075,WV,Randolph County,000075,297,7,276,0,0,0,0,0,14,278,5,265,0,0,0,0,0,8
54083000080,WV,Randolph County,000080,1090,19,1012,4,1,3,0,11,40,870,11,812,4,1,0,0,10,32
54083000085,WV,Randolph County,000085,1667,14,1575,6,0,8,0,4,60,1345,6,1282,5,0,8,0,2,42
54083000150,WV,Randolph County,000150,2610,29,2449,18,0,7,0,11,96,2140,26,2025,12,0,4,0,10,63
54083000155,WV,Randolph County,000155,1801,14,1726,10,1,8,0,4,38,1424,6,1377,7,1,6,0,2,25
54083000160,WV,Randolph County,000160,886,9,820,9,0,2,0,4,42,709,7,659,5,0,2,0,3,33
54083000165,WV,Randolph County,000165,1439,20,1362,0,3,1,0,2,51,1157,8,1110,0,3,1,0,2,33
54083000170,WV,Randolph County,000170,1038,10,964,15,1,0,0,1,47,845,4,792,15,1,0,0,1,32
54083000180,WV,Randolph County,000180,776,8,725,2,1,0,0,0,40,611,6,571,0,1,0,0,0,33
54083000185,WV,Randolph County,000185,697,8,667,0,2,0,0,3,17,558,3,546,0,2,0,0,1,6
54083000190,WV,Randolph County,000190,289,1,277,0,2,0,0,3,6,243,0,232,0,2,0,0,3,6
54083000200,WV,Randolph County,000200,950,5,916,1,5,0,0,2,21,797,4,768,1,5,0,0,2,17
54083000205,WV,Randolph County,000205,5303,41,4957,177,12,3,0,13,100,4388,25,4098,173,11,1,0,12,68
54083000215,WV,Randolph County,000215,666,1,648,1,0,0,0,6,10,565,1,550,1,0,0,0,6,7
54083000220,WV,Randolph County,000220,254,3,233,1,1,1,0,0,15,210,3,196,1,1,1,0,0,8
54083000225,WV,Randolph County,000225,1396,16,1323,3,3,0,0,6,45,1074,10,1026,2,3,0,0,1,32
5408300028A,WV,Randolph County,00028A,269,2,266,0,0,0,0,0,1,228,0,227,0,0,0,0,0,1
54085000001,WV,Ritchie County,000001,731,4,709,0,0,1,0,0,17,580,2,571,0,0,1,0,0,6
54085000002,WV,Ritchie County,000002,639,5,611,1,0,2,2,0,18,504,1,483,1,0,2,2,0,15
54085000003,WV,Ritchie County,000003,616,0,595,1,0,0,0,0,20,482,0,464,1,0,0,0,0,17
54085000004,WV,Ritchie County,000004,812,11,775,1,0,2,0,3,20,628,8,599,1,0,2,0,3,15
54085000005,WV,Ritchie County,000005,593,4,569,1,4,1,1,0,13,490,3,468,1,4,1,1,0,12
54085000006,WV,Ritchie County,000006,599,5,580,0,1,1,0,0,12,491,4,474,0,1,1,0,0,11
54085000007,WV,Ritchie County,000007,367,3,354,0,0,0,0,0,10,306,2,294,0,0,0,0,0,10
54085000008,WV,Ritchie County,000008,710,5,689,3,0,0,0,0,13,601,3,585,3,0,0,0,0,10
54085000009,WV,Ritchie County,000009,329,3,322,0,0,0,0,0,4,263,2,257,0,0,0,0,0,4
54085000010,WV,Ritchie County,000010,903,8,852,3,0,8,2,3,27,733,6,693,3,0,5,2,3,21
54085000011,WV,Ritchie County,000011,427,11,393,1,1,0,1,1,19,353,2,333,1,1,0,1,1,14
54085000012,WV,Ritchie County,000012,734,10,712,1,0,2,1,0,8,577,9,560,1,0,2,1,0,4
54085000013,WV,Ritchie County,000013,298,1,292,1,0,2,0,0,2,238,1,234,1,0,2,0,0,0
54085000014,WV,Ritchie County,000014,456,8,442,3,0,0,0,1,2,370,0,364,3,0,0,0,1,2
54085000015,WV,Ritchie County,000015,230,2,221,0,0,0,0,0,7,197,1,191,0,0,0,0,0,5
54087000001,WV,Roane County,000001,730,4,687,0,1,0,0,0,38,595,3,567,0,1,0,0,0,24
54087000004,WV,Roane County,000004,466,4,443,0,2,0,0,0,17,394,1,377,0,2,0,0,0,14
54087000005,WV,Roane County,000005,1700,16,1611,2,8,2,0,0,61,1346,4,1286,2,7,2,0,0,45
54087000007,WV,Roane County,000007,502,2,476,1,2,0,0,0,21,401,0,382,1,2,0,0,0,16
54087000010,WV,Roane County,000010,623,4,597,6,1,0,0,0,15,491,0,474,4,1,0,0,0,12
54087000012,WV,Roane County,000012,906,9,851,0,2,5,0,0,39,742,9,700,0,1,5,0,0,27
54087000015,WV,Roane County,000015,313,7,297,1,2,0,0,0,6,242,4,229,1,2,0,0,0,6
54087000016,WV,Roane County,000016,549,6,519,1,1,0,0,0,22,440,6,415,1,1,0,0,0,17
54087000019,WV,Roane County,000019,474,5,438,0,1,4,0,1,25,361,4,331,0,1,4,0,1,20
54087000020,WV,Roane County,000020,573,12,526,5,1,6,0,0,23,490,9,456,3,1,4,0,0,17
54087000021,WV,Roane County,000021,1005,10,948,2,0,2,0,8,35,789,6,750,1,0,1,0,6,25
54087000022,WV,Roane County,000022,1321,16,1251,3,5,0,0,0,46,1040,13,987,0,4,0,0,0,36
54087000023,WV,Roane County,000023,935,18,885,5,2,5,0,0,20,762,6,730,4,2,5,0,0,15
54087000025,WV,Roane County,000025,1097,16,1034,4,0,1,0,0,42,845,5,814,1,0,1,0,0,24
54087000028,WV,Roane County,000028,926,12,869,1,0,10,0,0,34,731,10,692,0,0,6,0,0,23
54087000029,WV,Roane County,000029,241,0,230,0,0,0,0,0,11,180,0,176,0,0,0,0,0,4
54087000030,WV,Roane County,000030,853,4,802,0,0,2,0,0,45,649,3,607,0,0,2,0,0,37
54087000032,WV,Roane County,000032,814,7,767,4,0,1,0,0,35,639,1,606,2,0,1,0,0,29
54089000001,WV,Summers County,000001,864,9,813,8,1,2,0,2,29,672,2,636,6,1,1,0,1,25
54089000004,WV,Summers County,000004,850,6,773,26,3,0,0,1,41,650,4,592,24,3,0,0,0,27
54089000007,WV,Summers County,000007,348,13,292,19,1,0,0,2,21,275,10,235,15,1,0,0,0,14
54089000009,WV,Summers County,000009,223,7,171,16,0,3,0,2,24,191,7,147,15,0,3,0,1,18
54089000011,WV,Summers County,000011,941,6,871,13,2,5,0,2,42,785,4,738,11,2,5,0,0,25
54089000012,WV,Summers County,000012,669,4,649,0,3,0,0,2,11,553,0,541,0,2,0,0,0,10
54089000013,WV,Summers County,000013,568,6,524,6,0,1,0,0,31,465,3,428,6,0,1,0,0,27
54089000015,WV,Summers County,000015,829,6,793,1,1,0,0,1,27,683,6,656,1,0,0,0,0,20
54089000017,WV,Summers County,000017,379,6,359,0,1,0,0,2,11,313,6,296,0,1,0,0,0,10
54089000022,WV,Summers County,000022,802,0,779,3,4,0,0,0,16,646,0,626,3,4,0,0,0,13
54089000023,WV,Summers County,000023,896,12,831,1,2,3,0,1,46,717,5,673,0,1,0,0,0,38
54089000026,WV,Summers County,000026,548,3,498,10,3,2,0,0,32,453,0,425,6,3,2,0,0,17
54089000027,WV,Summers County,000027,1053,20,981,0,5,0,0,1,46,851,15,807,0,3,0,0,0,26
54089000030,WV,Summers County,000030,2125,73,1696,287,5,16,0,5,43,1931,72,1524,285,5,16,0,4,25
54089000032,WV,Summers County,000032,864,14,793,10,2,1,0,0,44,692,10,639,10,2,0,0,0,31
54091000001,WV,Taylor County,000001,2390,34,2224,9,2,8,0,0,113,1905,21,1780,9,2,8,0,0,85
54091000002,WV,Taylor County,000002,1333,18,1252,6,1,0,0,0,56,1025,13,960,6,1,0,0,0,45
54091000003,WV,Taylor County,000003,1119,16,1034,4,1,5,0,0,59,914,15,841,4,1,5,0,0,48
54091000004,WV,Taylor County,000004,933,10,863,40,4,1,0,1,14,789,8,728,40,4,0,0,1,8
54091000006,WV,Taylor County,000006,356,2,332,3,1,0,0,3,15,300,2,286,0,1,0,0,2,9
54091000009,WV,Taylor County,000009,523,4,500,0,0,0,0,4,15,409,3,391,0,0,0,0,4,11
54091000010,WV,Taylor County,000010,1566,8,1486,1,0,7,0,3,61,1267,5,1211,1,0,7,0,1,42
54091000011,WV,Taylor County,000011,250,2,242,1,0,0,0,1,4,188,2,184,0,0,0,0,0,2
54091000012,WV,Taylor County,000012,956,5,913,3,0,3,0,0,32,793,3,757,3,0,3,0,0,27
54091000014,WV,Taylor County,000014,1003,12,922,7,0,2,0,6,54,749,5,702,3,0,2,0,6,31
54091000017,WV,Taylor County,000017,1031,4,986,3,3,2,0,1,32,794,4,756,1,2,2,0,1,28
54091000019,WV,Taylor County,000019,1133,9,1063,8,4,0,0,1,48,893,7,840,6,2,0,0,1,37
54091000023,WV,Taylor County,000023,419,8,372,11,1,2,0,1,24,317,5,288,9,1,2,0,0,12
54091000025,WV,Taylor County,000025,701,6,646,3,0,4,0,0,42,542,5,502,3,0,4,0,0,28
54091000026,WV,Taylor County,000026,436,12,400,5,0,0,0,0,19,330,6,317,1,0,0,0,0,6
54091000029,WV,Taylor County,000029,310,10,281,1,0,0,0,0,18,267,6,251,1,0,0,0,0,9
54091000031,WV,Taylor County,000031,950,13,879,5,2,4,0,1,46,732,6,690,2,2,4,0,0,28
54091000036,WV,Taylor County,000036,1296,6,1241,2,0,3,0,0,44,1049,4,1004,2,0,3,0,0,36
54093000001,WV,Tucker County,000001,87,0,83,0,0,1,0,0,3,71,0,68,0,0,1,0,0,2
54093000002,WV,Tucker County,000002,1034,4,997,1,1,0,1,0,30,830,3,807,1,1,0,1,0,17
54093000003,WV,Tucker County,000003,761,6,710,3,0,1,0,5,36,603,5,571,0,0,1,0,2,24
54093000004,WV,Tucker County,000004,584,9,544,3,2,0,0,4,22,463,9,438,0,1,0,0,2,13
54093000005,WV,Tucker County,000005,925,10,878,3,0,0,0,1,33,742,7,717,0,0,0,0,0,18
54093000010,WV,Tucker County,000010,231,0,224,0,0,0,0,0,7,184,0,178,0,0,0,0,0,6
54093000012,WV,Tucker County,000012,710,7,676,3,0,0,0,0,24,575,5,552,1,0,0,0,0,17
54093000014,WV,Tucker County,000014,227,0,215,2,0,0,0,0,10,189,0,183,1,0,0,0,0,5
54093000015,WV,Tucker County,000015,711,13,668,4,0,4,0,0,22,619,8,591,1,0,4,0,0,15
54093000016,WV,Tucker County,000016,806,5,776,0,0,0,0,0,25,670,3,645,0,0,0,0,0,22
54093000024,WV,Tucker County,000024,686,2,661,1,1,0,0,0,21,544,1,527,0,1,0,0,0,15
54095000001,WV,Tyler County,000001,503,7,483,0,0,0,0,0,13,440,7,424,0,0,0,0,0,9
54095000002,WV,Tyler County,000002,431,0,422,0,0,1,0,0,8,361,0,354,0,0,1,0,0,6
54095000003,WV,Tyler County,000003,717,0,698,0,2,0,0,0,17,544,0,531,0,2,0,0,0,11
54095000004,WV,Tyler County,000004,1315,0,1289,2,6,0,0,2,16,1088,0,1069,0,6,0,0,2,11
54095000005,WV,Tyler County,000005,1180,20,1111,0,0,2,0,9,38,903,14,854,0,0,2,0,8,25
54095000006,WV,Tyler County,000006,857,1,815,1,1,0,0,0,39,691,0,667,1,1,0,0,0,22
54095000007,WV,Tyler County,000007,284,2,270,0,3,0,0,0,9,229,2,215,0,3,0,0,0,9
54095000008,WV,Tyler County,000008,1020,11,963,0,1,0,0,1,44,777,7,746,0,1,0,0,1,22
54095000009,WV,Tyler County,000009,434,2,419,0,1,0,0,0,12,327,2,315,0,1,0,0,0,9
54095000010,WV,Tyler County,000010,400,1,390,0,1,0,0,0,8,306,1,300,0,1,0,0,0,4
54095000011,WV,Tyler County,000011,895,8,833,1,0,0,0,1,52,739,7,686,0,0,0,0,1,45
54095000012,WV,Tyler County,000012,277,1,271,0,0,0,0,0,5,234,1,228,0,0,0,0,0,5
54097000004,WV,Upshur County,000004,865,4,840,0,0,0,0,3,18,701,4,676,0,0,0,0,3,18
54097000006,WV,Upshur County,000006,986,11,948,1,0,0,0,1,25,782,4,755,1,0,0,0,1,21
54097000007,WV,Upshur County,000007,265,0,264,0,0,0,0,0,1,208,0,207,0,0,0,0,0,1
54097000008,WV,Upshur County,000008,626,10,588,10,1,6,0,1,10,533,6,503,8,1,6,0,1,8
54097000009,WV,Upshur County,000009,904,21,826,9,4,9,1,0,34,724,10,671,6,4,9,1,0,23
54097000012,WV,Upshur County,000012,758,13,689,12,0,2,0,0,42,622,9,573,10,0,2,0,0,28
54097000014,WV,Upshur County,000014,2902,92,2523,124,15,34,2,3,109,2427,68,2128,121,15,26,2,3,64
54097000016,WV,Upshur County,000016,1049,12,984,6,0,1,0,0,46,809,10,770,5,0,1,0,0,23
54097000018,WV,Upshur County,000018,1116,22,1050,7,2,2,0,1,32,886,14,840,6,2,2,0,1,21
54097000019,WV,Upshur County,000019,941,11,871,11,0,4,1,3,40,752,9,700,8,0,4,1,3,27
54097000020,WV,Upshur County,000020,1328,10,1260,3,2,4,0,0,49,1048,6,997,2,0,4,0,0,39
54097000025,WV,Upshur County,000025,902,4,862,1,0,3,1,3,28,680,3,648,1,0,3,1,3,21
54097000027,WV,Upshur County,000027,1847,15,1745,2,6,1,0,5,73,1404,7,1323,1,6,1,0,5,61
54097000033,WV,Upshur County,000033,1529,13,1422,5,3,2,0,0,84,1171,9,1108,0,1,2,0,0,51
54097000035,WV,Upshur County,000035,589,7,570,0,0,3,0,0,9,480,7,466,0,0,3,0,0,4
54097000037,WV,Upshur County,000037,1890,18,1809,9,0,1,0,1,52,1449,12,1397,7,0,1,0,1,31
54097000038,WV,Upshur County,000038,908,12,862,6,0,3,0,4,21,702,7,667,2,0,3,0,4,19
54097000039,WV,Upshur County,000039,1220,22,1134,4,1,8,0,1,50,975,17,910,3,1,8,0,1,35
54097000044,WV,Upshur County,000044,994,6,972,1,0,0,0,0,15,787,6,767,1,0,0,0,0,13
54097000047,WV,Upshur County,000047,1572,6,1537,0,2,4,0,0,23,1211,4,1183,0,2,4,0,0,18
54097054073,WV,Upshur County,054073,625,7,593,0,1,0,0,2,22,498,5,471,0,1,0,0,2,19
54099000001,WV,Wayne County,000001,1608,2,1562,3,1,0,0,2,38,1223,1,1195,0,1,0,0,0,26
54099000003,WV,Wayne County,000003,1269,7,1232,2,0,0,0,1,27,962,4,932,2,0,0,0,1,23
54099000005,WV,Wayne County,000005,1256,8,1210,0,0,5,0,0,33,915,5,887,0,0,2,0,0,21
54099000006,WV,Wayne County,000006,675,0,662,1,0,0,0,1,11,516,0,504,1,0,0,0,1,10
54099000011,WV,Wayne County,000011,715,24,655,8,1,1,0,3,23,560,11,523,7,1,1,0,3,14
54099000012,WV,Wayne County,000012,788,18,738,4,0,0,1,0,27,610,7,588,4,0,0,0,0,11
54099000013,WV,Wayne County,000013,1291,11,1226,6,3,1,0,4,40,1003,8,967,3,3,1,0,4,17
54099000014,WV,Wayne County,000014,1848,14,1787,3,4,2,0,4,34,1392,7,1349,2,4,2,0,3,25
54099000016,WV,Wayne County,000016,658,2,624,2,2,1,0,0,27,517,1,493,0,2,1,0,0,20
54099000017,WV,Wayne County,000017,1112,6,1065,3,1,3,0,1,33,868,6,833,3,1,2,0,0,23
54099000018,WV,Wayne County,000018,893,3,860,1,0,3,0,0,26,698,3,674,0,0,3,0,0,18
54099000019,WV,Wayne County,000019,1480,10,1412,11,1,1,0,3,42,1169,4,1128,6,1,0,0,3,27
54099000020,WV,Wayne County,000020,972,13,938,2,0,3,0,0,16,773,12,742,2,0,3,0,0,14
54099000021,WV,Wayne County,000021,724,3,696,4,2,1,0,0,18,598,3,576,4,2,1,0,0,12
54099000022,WV,Wayne County,000022,915,6,883,3,1,4,0,0,18,741,4,714,3,1,4,0,0,15
54099000030,WV,Wayne County,000030,772,6,739,1,0,0,2,1,23,604,3,576,1,0,0,2,1,21
54099000031,WV,Wayne County,000031,1231,12,1201,3,0,0,0,4,11,872,4,856,3,0,0,0,1,8
54099000034,WV,Wayne County,000034,666,4,653,1,0,0,0,3,5,500,2,494,1,0,0,0,0,3
54099000036,WV,Wayne County,000036,878,0,857,0,0,1,0,1,19,722,0,707,0,0,0,0,1,14
54099000037,WV,Wayne County,000037,886,1,861,0,0,0,0,1,23,688,1,670,0,0,0,0,0,17
54099000038,WV,Wayne County,000038,164,0,160,0,0,2,0,0,2,129,0,126,0,0,2,0,0,1
54099000041,WV,Wayne County,000041,833,5,795,4,3,1,0,1,24,645,2,615,2,3,1,0,0,22
54099000042,WV,Wayne County,000042,514,1,496,0,0,0,1,1,15,419,1,409,0,0,0,1,1,7
54099000045,WV,Wayne County,000045,899,9,865,3,1,0,0,1,20,693,7,663,2,1,0,0,1,19
54099000048,WV,Wayne County,000048,1363,10,1303,1,0,0,0,0,49,1097,9,1052,1,0,0,0,0,35
54099000049,WV,Wayne County,000049,1511,12,1420,8,6,7,0,0,58,1229,11,1170,2,6,5,0,0,35
54099000050,WV,Wayne County,000050,1475,6,1446,1,0,0,0,2,20,1190,5,1173,0,0,0,0,2,10
54099000051,WV,Wayne County,000051,1019,4,962,7,0,1,0,2,43,800,3,758,3,0,0,0,2,34
54099000052,WV,Wayne County,000052,702,2,659,0,4,6,3,0,28,562,2,530,0,4,6,0,0,20
54099000053,WV,Wayne County,000053,1117,8,1070,4,0,3,0,6,26,886,6,856,0,0,3,0,4,17
54099000054,WV,Wayne County,000054,799,8,773,3,2,2,0,0,11,600,3,583,3,2,2,0,0,7
54099000056,WV,Wayne County,000056,1502,22,1388,20,6,5,1,2,58,1196,17,1115,15,6,3,1,2,37
54099000057,WV,Wayne County,000057,1195,15,1115,12,0,7,0,0,46,939,10,886,3,0,5,0,0,35
54099000059,WV,Wayne County,000059,1085,17,998,7,0,2,1,3,57,855,11,806,3,0,2,0,0,33
54099000060,WV,Wayne County,000060,1067,20,985,15,1,11,1,4,30,881,9,820,8,1,10,1,2,30
54099000061,WV,Wayne County,000061,901,10,843,2,1,0,0,5,40,713,9,674,1,1,0,0,5,23
54099000062,WV,Wayne County,000062,1417,19,1346,10,3,10,0,0,29,1106,11,1056,8,3,3,0,0,25
54099000063,WV,Wayne County,000063,782,1,714,13,10,0,0,0,44,638,1,598,9,10,0,0,0,20
54101000002,WV,Webster County,000002,711,2,678,3,5,3,0,0,20,571,1,546,3,4,3,0,0,14
54101000003,WV,Webster County,000003,689,5,664,0,1,1,0,0,18,537,4,520,0,0,1,0,0,12
54101000004,WV,Webster County,000004,583,6,562,1,1,0,0,0,13,465,1,450,1,1,0,0,0,12
54101000005,WV,Webster County,000005,441,1,419,0,1,0,0,0,20,377,1,361,0,1,0,0,0,14
54101000008,WV,Webster County,000008,838,3,808,1,5,0,0,0,21,697,1,679,1,3,0,0,0,13
54101000010,WV,Webster County,000010,108,1,104,0,0,0,0,0,3,97,0,94,0,0,0,0,0,3
54101000015,WV,Webster County,000015,974,7,952,1,0,0,1,1,12,778,2,764,1,0,0,0,1,10
54101000018,WV,Webster County,000018,432,2,417,1,0,0,0,1,11,337,2,324,1,0,0,0,1,9
54101000021,WV,Webster County,000021,767,6,740,0,0,0,0,5,16,587,1,571,0,0,0,0,3,12
54101000022,WV,Webster County,000022,877,4,847,1,0,0,0,0,25,697,3,675,1,0,0,0,0,18
54101000023,WV,Webster County,000023,745,4,717,2,1,0,0,0,21,567,1,549,2,1,0,0,0,14
54101000024,WV,Webster County,000024,612,3,597,0,0,0,1,0,11,487,0,480,0,0,0,0,0,7
54101000027,WV,Webster County,000027,371,6,362,0,0,0,0,0,3,322,6,316,0,0,0,0,0,0
54101000029,WV,Webster County,000029,230,0,219,0,0,0,0,0,11,195,0,187,0,0,0,0,0,8
54103000004,WV,Wetzel County,000004,542,0,522,2,0,0,0,0,18,452,0,436,2,0,0,0,0,14
54103000005,WV,Wetzel County,000005,371,7,331,2,1,1,0,0,29,283,5,253,2,1,1,0,0,21
54103000010,WV,Wetzel County,000010,945,7,895,0,1,0,0,1,41,773,4,738,0,1,0,0,0,30
54103000015,WV,Wetzel County,000015,193,0,191,0,0,0,0,0,2,171,0,170,0,0,0,0,0,1
54103000016,WV,Wetzel County,000016,526,6,495,0,0,0,0,0,25,434,5,411,0,0,0,0,0,18
54103000018,WV,Wetzel County,000018,274,2,260,0,0,0,0,0,12,230,0,222,0,0,0,0,0,8
54103000021,WV,Wetzel County,000021,927,2,901,0,0,0,0,0,24,733,1,714,0,0,0,0,0,18
54103000024,WV,Wetzel County,000024,365,6,334,0,0,0,0,1,24,294,5,274,0,0,0,0,0,15
54103000027,WV,Wetzel County,000027,305,3,290,1,0,0,0,0,11,251,2,238,1,0,0,0,0,10
54103000029,WV,Wetzel County,000029,587,2,574,1,0,0,0,1,9,472,0,463,1,0,0,0,1,7
54103000033,WV,Wetzel County,000033,674,22,628,4,2,2,0,0,16,548,17,513,2,2,1,0,0,13
54103000036,WV,Wetzel County,000036,554,13,516,1,0,1,0,0,23,407,9,386,0,0,0,0,0,12
54103000038,WV,Wetzel County,000038,922,8,863,1,3,5,0,0,42,748,4,708,0,3,5,0,0,28
54103000039,WV,Wetzel County,000039,786,5,752,2,3,0,0,0,24,625,5,603,0,3,0,0,0,14
54103000040,WV,Wetzel County,000040,310,2,302,2,0,0,0,0,4,253,1,248,2,0,0,0,0,2
54103000042,WV,Wetzel County,000042,1698,20,1601,8,5,13,0,3,48,1402,16,1334,8,5,9,0,3,27
54103000043,WV,Wetzel County,000043,1001,7,959,6,1,3,0,4,21,832,5,801,6,1,1,0,4,14
54103000044,WV,Wetzel County,000044,739,17,687,2,1,12,0,0,20,588,9,548,2,1,12,0,0,16
54103000045,WV,Wetzel County,000045,349,4,333,0,0,0,0,0,12,266,4,254,0,0,0,0,0,8
54103000046,WV,Wetzel County,000046,827,7,792,0,0,1,0,1,26,638,5,607,0,0,1,0,1,24
54103000048,WV,Wetzel County,000048,538,4,501,1,0,8,0,0,24,432,4,405,1,0,4,0,0,18
54103000050,WV,Wetzel County,000050,1009,4,977,1,1,4,0,0,22,807,4,781,0,1,3,0,0,18
54105000001,WV,Wirt County,000001,417,0,411,0,0,0,0,0,6,344,0,340,0,0,0,0,0,4
54105000002,WV,Wirt County,000002,241,1,233,1,3,0,0,2,1,208,0,205,0,1,0,0,2,0
54105000008,WV,Wirt County,000008,714,0,698,0,0,0,0,0,16,561,0,554,0,0,0,0,0,7
54105000011,WV,Wirt County,000011,1214,6,1158,0,1,0,1,2,46,977,2,935,0,1,0,1,2,36
54105000012,WV,Wirt County,000012,378,3,372,0,0,0,0,0,3,285,1,282,0,0,0,0,0,2
54105000017,WV,Wirt County,000017,425,4,408,3,0,0,1,0,9,347,4,334,0,0,0,1,0,8
5410500007A,WV,Wirt County,00007A,1578,5,1498,2,0,0,2,4,67,1210,3,1154,0,0,0,2,4,47
5410500011A,WV,Wirt County,00011A,227,3,221,0,0,0,0,0,3,179,3,173,0,0,0,0,0,3
54107000000,WV,Wood County,NA,84296,1174,77718,1016,148,564,17,209,3450,66918,795,62411,772,135,458,14,137,2196
54109000001,WV,Wyoming County,000001,909,3,895,2,2,0,0,0,7,719,3,707,1,2,0,0,0,6
54109000002,WV,Wyoming County,000002,555,3,544,0,1,2,0,0,5,431,2,424,0,0,2,0,0,3
54109000004,WV,Wyoming County,000004,242,1,231,0,0,0,0,0,10,202,1,196,0,0,0,0,0,5
54109000006,WV,Wyoming County,000006,599,10,559,5,1,0,0,0,24,477,4,451,5,1,0,0,0,16
54109000007,WV,Wyoming County,000007,395,4,371,4,0,2,0,3,11,299,4,278,3,0,2,0,3,9
54109000009,WV,Wyoming County,000009,537,3,503,9,0,1,0,4,17,410,1,383,9,0,1,0,4,12
54109000010,WV,Wyoming County,000010,425,1,410,0,0,1,0,2,11,354,1,344,0,0,1,0,0,8
54109000012,WV,Wyoming County,000012,376,3,344,4,0,0,0,4,21,312,2,284,4,0,0,0,4,18
54109000013,WV,Wyoming County,000013,482,0,472,0,0,0,0,0,10,377,0,374,0,0,0,0,0,3
54109000014,WV,Wyoming County,000014,598,3,572,0,1,1,0,0,21,471,0,456,0,0,1,0,0,14
54109000015,WV,Wyoming County,000015,364,2,351,0,0,0,0,0,11,285,2,281,0,0,0,0,0,2
54109000016,WV,Wyoming County,000016,685,3,658,1,0,1,0,0,22,565,3,542,1,0,1,0,0,18
54109000017,WV,Wyoming County,000017,482,4,464,4,0,0,0,0,10,387,2,373,4,0,0,0,0,8
54109000018,WV,Wyoming County,000018,378,1,360,4,0,0,0,0,13,320,0,306,4,0,0,0,0,10
54109000019,WV,Wyoming County,000019,485,1,463,4,1,0,0,0,16,408,1,389,4,0,0,0,0,14
54109000020,WV,Wyoming County,000020,1312,14,1267,4,1,0,0,0,26,1047,12,1008,1,0,0,0,0,26
54109000021,WV,Wyoming County,000021,558,2,550,0,0,0,0,0,6,440,2,435,0,0,0,0,0,3
54109000022,WV,Wyoming County,000022,113,0,111,2,0,0,0,0,0,82,0,80,2,0,0,0,0,0
54109000023,WV,Wyoming County,000023,469,1,463,0,1,0,0,0,4,358,1,353,0,1,0,0,0,3
54109000024,WV,Wyoming County,000024,1457,7,1435,0,3,0,0,1,11,1155,1,1140,0,3,0,0,1,10
54109000026,WV,Wyoming County,000026,873,5,840,2,3,0,0,0,23,724,5,696,2,2,0,0,0,19
54109000027,WV,Wyoming County,000027,1001,6,960,2,0,2,0,0,31,752,5,723,1,0,2,0,0,21
54109000028,WV,Wyoming County,000028,1305,11,1256,2,1,0,0,1,34,965,7,938,2,0,0,0,1,17
54109000029,WV,Wyoming County,000029,1001,11,962,5,0,0,1,0,22,788,8,763,3,0,0,1,0,13
54109000031,WV,Wyoming County,000031,767,1,745,3,3,0,0,0,15,598,0,584,3,2,0,0,0,9
54109000032,WV,Wyoming County,000032,881,3,863,2,2,0,0,0,11,722,2,714,0,0,0,0,0,6
54109000033,WV,Wyoming County,000033,583,4,567,3,0,0,0,0,9,456,4,440,3,0,0,0,0,9
54109000034,WV,Wyoming County,000034,250,1,233,6,2,0,0,0,8,213,1,199,4,2,0,0,0,7
54109000037,WV,Wyoming County,000037,639,7,575,20,2,1,0,1,33,492,2,450,19,2,1,0,1,17
54109000038,WV,Wyoming County,000038,289,3,272,6,0,0,0,1,7,226,2,213,4,0,0,0,1,6
54109000039,WV,Wyoming County,000039,282,0,267,3,0,0,0,1,11,217,0,211,1,0,0,0,1,4
54109000043,WV,Wyoming County,000043,805,6,782,2,2,0,0,2,11,652,4,634,2,0,0,0,2,10
54109000044,WV,Wyoming County,000044,672,6,646,2,2,0,0,0,16,530,3,513,2,2,0,0,0,10
54109000045,WV,Wyoming County,000045,613,40,548,6,2,0,0,0,17,474,36,419,6,2,0,0,0,11
