GEOID20,state,county,vtd,pop,pop_hisp,pop_white,pop_black,pop_aian,pop_asian,pop_nhpi,pop_other,pop_two,vap,vap_hisp,vap_white,vap_black,vap_aian,vap_asian,vap_nhpi,vap_other,vap_two,pre_16_rep_tru,pre_16_dem_cli,uss_18_rep_bar,uss_18_dem_tra,gov_18_rep_gor,gov_18_dem_thr,sos_18_rep_buc,sos_18_dem_byr,pre_20_rep_tru,pre_20_dem_bid,uss_20_rep_lum,uss_20_dem_dav,arv_16,adv_16,arv_18,adv_18,arv_20,adv_20,nrv,ndv
56001000103,WY,Albany County,000103,385,16,343,1,3,1,0,3,18,332,15,294,1,1,0,0,3,18,178,93,155,98,161,89,152,88,178,120,190,120,178,93,156,91.7,184,120,169,101.3
56001000104,WY,Albany County,000104,242,11,211,1,2,2,0,0,15,204,10,179,1,1,0,0,0,13,123,12,94,19,95,19,94,19,130,20,129,20,123,12,94.3,19,129.5,20,110.8,18.2
56001000111,WY,Albany County,000111,17,0,15,1,0,0,0,0,1,13,0,13,0,0,0,0,0,0,21.7,7.8,20.6,9.6,20,9,21.3,8.3,26.3,11.2,27.1,10.4,21.7,7.8,20.6,9,26.7,10.8,22.8,9.4
56001000112,WY,Albany County,000112,49,2,44,1,0,0,0,2,0,42,2,37,1,0,0,0,2,0,65.6,23.6,62.4,29,60.5,27.3,64.6,25.3,79.7,33.9,81.9,31.5,65.6,23.6,62.5,27.2,80.8,32.7,69.1,28.4
56001000113,WY,Albany County,000113,43,1,39,0,0,0,0,1,2,32,0,31,0,0,0,0,1,0,114.8,41.3,109.2,50.8,106,47.8,113,44.3,139.6,59.3,143.4,55.2,114.8,41.3,109.4,47.6,141.5,57.3,121,49.8
56001000114,WY,Albany County,000114,69,4,63,0,0,1,0,0,1,62,4,56,0,0,1,0,0,1,15.4,5.5,14.6,6.8,14.2,6.4,15.1,5.9,18.7,7.9,19.2,7.4,15.4,5.5,14.6,6.4,18.9,7.7,16.2,6.7
56001000115,WY,Albany County,000115,915,62,778,11,7,6,1,6,44,711,33,624,9,4,5,0,5,31,209.8,99.4,196.7,118.4,192.9,111.5,203.9,102.7,248.4,141.8,259.2,133.8,209.8,99.4,197.8,110.8,253.8,137.8,218.5,117.9
56001000121,WY,Albany County,000121,3302,338,2756,11,21,20,1,8,147,2651,234,2268,10,15,13,1,5,105,1270.5,610.9,1113.4,672.5,1092.3,645.1,1148.8,586.1,1583.7,810.3,1636.9,819.3,1270.5,610.9,1118.2,634.6,1610.3,814.8,1307.6,690.7
56001000122,WY,Albany County,000122,656,23,594,2,1,2,0,2,32,576,14,526,1,1,2,0,2,30,289.4,88.5,246,94.6,243.9,90.6,239.1,84.4,347.2,112.9,356.3,111.9,289.4,88.5,243,89.9,351.7,112.4,286.9,97.1
56001000301,WY,Albany County,000301,175,24,139,3,0,1,0,0,8,153,19,125,2,0,1,0,0,6,59.1,74.7,46.3,82.2,48.4,77,49.6,72.1,66.6,97.2,73.1,97.4,59.1,74.7,48.1,77.1,69.8,97.3,57.2,83.4
56001000312,WY,Albany County,000312,3926,416,3129,35,46,84,4,30,182,3298,319,2686,30,31,75,4,22,131,698.7,680,552.2,771.2,570.9,721.4,588.8,666.9,782.5,922.4,858.6,922.3,698.7,680,570.6,719.8,820.5,922.4,675.3,780.7
56001000313,WY,Albany County,000313,2184,194,1735,30,12,103,0,7,103,1942,149,1582,30,8,88,0,6,79,430.1,746.1,323,795,354.2,738.9,350.3,707.8,460.1,893.8,503.7,906.4,430.1,746.1,342.5,747.2,481.9,900.1,403.6,798
56001000314,WY,Albany County,000314,1210,105,1010,5,17,12,2,3,56,936,73,801,2,11,11,2,3,33,109.3,175.2,79.7,182.4,85.2,171.3,84.2,164.7,115.4,205.4,125.9,207,109.3,175.2,83,172.8,120.6,206.2,99.9,184.3
56001000402,WY,Albany County,000402,1822,134,1521,9,10,55,1,15,77,1386,86,1189,3,6,50,1,9,42,445.3,430,399,484.9,410.6,457,414.9,416.4,461,610.1,520.2,585.9,445.3,430,408.2,452.8,490.6,598,441.8,497.4
56001000501,WY,Albany County,000501,1974,193,1604,21,5,51,3,10,87,1710,152,1406,20,5,45,3,10,69,297.8,525.5,225.8,555.7,241.4,521.5,242.2,497.9,331.5,641.6,363.3,645.8,297.8,525.5,236.5,525,347.4,643.7,283.7,564.7
56001000511,WY,Albany County,000511,235,23,171,3,2,8,0,0,28,220,17,166,3,2,6,0,0,26,51.4,95,39.8,101.2,42.5,94.9,43,90.3,58.8,118.1,64.5,118.8,51.4,95,41.7,95.5,61.6,118.4,50,103
56001000512,WY,Albany County,000512,1180,72,915,17,15,108,0,8,45,1097,59,864,17,13,102,0,7,35,73.6,147.7,58.7,161.6,65.7,149.3,65.8,141.8,83.8,185.4,92.4,188.5,73.6,147.7,63.4,150.9,88.1,187,73.3,162.4
56001000514,WY,Albany County,000514,186,32,145,0,1,0,0,2,6,141,15,120,0,1,0,0,2,3,27.1,13.6,22.7,15.8,22.4,15.2,23.4,13.9,32,18.8,33,19,27.1,13.6,22.8,15,32.5,18.9,26.8,16.1
56001000515,WY,Albany County,000515,4380,762,3314,42,31,12,2,16,201,3427,500,2710,33,14,12,0,14,144,877.1,456.9,719.5,541.8,709,521.7,741.4,480.6,1010.1,651.2,1046.9,659.1,877.1,456.9,723.3,514.7,1028.5,655.2,850.7,551.9
56001000516,WY,Albany County,000516,914,250,560,12,21,13,2,11,45,747,195,481,8,17,8,0,5,33,86.3,159.5,66.7,169.8,71.3,159.3,72.1,151.6,98.6,198.2,108.3,199.4,86.3,159.5,70.1,160.3,103.5,198.8,83.9,173
56001000601,WY,Albany County,000601,2975,299,2347,43,38,93,1,15,139,2431,207,1965,41,32,76,1,12,97,414.2,477.3,338.8,510.1,351.9,482.1,367,448,469.2,636.6,514.4,636.5,414.2,477.3,352.6,480,491.8,636.5,409.3,531.8
56001000602,WY,Albany County,000602,2542,251,2069,28,17,65,4,5,103,2004,189,1645,22,17,52,4,5,70,530.8,709.9,410.1,748,430,700.5,449.1,650.8,571.9,886.4,631.5,884.8,530.8,709.9,429.7,699.7,601.7,885.6,503.9,763.4
56001000614,WY,Albany County,000614,787,108,587,8,7,30,4,11,32,614,69,475,6,4,25,4,5,26,240.8,277.8,200.6,298.9,208.2,283.4,216.1,264.7,279.4,377.4,305.2,378.2,240.8,277.8,208.3,282.3,292.3,377.8,241.7,313.4
560010041-1,WY,Albany County,0041-1,2818,217,2284,39,5,128,4,3,138,2417,169,2000,28,1,99,3,3,114,684.6,661,613.4,745.5,631.3,702.5,637.9,640.2,708.7,938,799.7,900.7,684.6,661,627.5,696.1,754.2,919.3,679.3,764.7
560010041-2,WY,Albany County,0041-2,869,78,671,5,3,72,0,8,32,622,47,487,0,3,57,0,8,20,124.2,119.9,111.3,135.2,114.5,127.4,115.7,116.2,128.6,170.2,145.1,163.4,124.2,119.9,113.8,126.3,136.8,166.8,123.2,138.7
560010041-4,WY,Albany County,0041-4,1884,165,1556,21,14,41,1,10,76,1862,162,1546,20,13,41,1,10,69,0,0,0,0,0,0,0,0,0,0,0,0,0,0,0,0,0,0,0,0
56001004131,WY,Albany County,004131,1327,130,984,35,4,120,0,12,42,1222,123,914,33,4,110,0,11,27,163.6,157.9,146.6,178.1,150.8,167.9,152.4,153,169.3,224.1,191.1,215.2,163.6,157.9,149.9,166.3,180.2,219.7,162.3,182.7
56003000101,WY,Big Horn County,000101,1703,117,1493,6,27,9,1,4,46,1377,82,1227,6,24,8,1,2,27,624,102,544,110,513,100,537,98,709,132,711,133,624,102,531.3,102.7,710,132.5,606.3,112.5
56003000201,WY,Big Horn County,000201,666,80,562,0,3,1,0,4,16,428,49,364,0,3,1,0,3,8,209,13,223,9,212,8,209,8,292,17,294,16,209,13,214.7,8.3,293,16.5,239.8,11.8
56003000301,WY,Big Horn County,000301,258,7,243,0,0,0,0,5,3,179,6,170,0,0,0,0,2,1,69,2,73,2,56,7,65,4,100,7,100,6,69,2,64.7,4.3,100,6.5,77.2,4.7
56003000501,WY,Big Horn County,000501,150,36,112,0,2,0,0,0,0,114,25,87,0,2,0,0,0,0,51,3,53,3,48,2,51,2,58,3,56,3,51,3,50.7,2.3,57,3,52.8,2.7
56003000601,WY,Big Horn County,000601,155,4,138,0,3,0,0,1,9,137,1,127,0,3,0,0,0,6,82,13,72,8,61,9,72,8,91,13,94,11,82,13,68.3,8.3,92.5,12,78.7,10.3
56003000801,WY,Big Horn County,000801,322,33,275,0,1,0,0,0,13,250,20,221,0,1,0,0,0,8,132,15,103,15,92,17,101,12,170,14,174,11,132,15,98.7,14.7,172,12.5,128.7,14
56003001101,WY,Big Horn County,001101,2196,258,1844,4,5,11,2,8,64,1710,142,1503,1,3,9,2,4,46,784.7,185.8,668.9,216.7,662.7,200.7,665.9,197.6,867.8,256,878,249.9,784.7,185.8,665.8,205,872.9,252.9,754.7,217.8
56003001601,WY,Big Horn County,001601,401,30,347,2,6,1,0,2,13,346,20,309,1,4,1,0,2,9,208,38,189,42,182,35,185,40,219,56,228,50,208,38,185.3,39,223.5,53,201.8,43.5
56003002001,WY,Big Horn County,002001,3444,337,2934,7,20,15,2,13,116,2522,209,2185,2,12,10,2,9,93,1110.9,154.6,955.3,144.7,921.2,134.8,956.2,125.7,1342,187.7,1372,171.8,1110.9,154.6,944.2,135,1357,179.7,1109.6,153.2
56003002201,WY,Big Horn County,002201,1043,50,940,1,14,5,0,2,31,713,22,662,0,9,2,0,2,16,379,25,335,29,321,29,330,21,493,36,508,33,379,25,328.7,26.3,500.5,34.5,394.3,28.8
56003002301,WY,Big Horn County,002301,717,82,596,2,6,1,0,1,29,504,47,431,0,6,1,0,1,18,257.3,28.8,218.6,30.8,197.7,35.8,207.6,26.8,274.2,32.8,281.1,34.8,257.3,28.8,208,31.1,277.7,33.8,239.4,31.6
56003002501,WY,Big Horn County,002501,230,19,205,0,1,1,0,0,4,177,12,161,0,0,1,0,0,3,82,14,56,16,55,16,59,12,88,20,86,24,82,14,56.7,14.7,87,22,71,17
56003002601,WY,Big Horn County,002601,236,16,195,0,10,0,1,4,10,170,7,149,0,5,0,1,1,7,79,10,74,13,70,14,72,14,103,14,106,13,79,10,72,13.7,104.5,13.5,84,13
56005001-01,WY,Campbell County,001-01,1172,111,977,15,20,8,2,4,35,870,57,760,10,14,5,2,2,20,314,44,232,51,220,54,235,36,357,59,362,63,314,44,229,47,359.5,61,286.7,51.2
56005001-03,WY,Campbell County,001-03,1035,88,862,4,16,10,4,4,47,823,46,716,1,14,10,2,4,30,292,71,211,77,195,85,209,73,312,93,327,80,292,71,205,78.3,319.5,86.5,257.7,79.8
56005001-05,WY,Campbell County,001-05,2278,171,1913,17,51,23,1,8,94,1693,116,1436,11,40,20,1,7,62,620.3,71.3,387,81,378,83,384,74,684,93,679,91,620.3,71.3,383,79.3,681.5,92,522,82.2
56005001-07,WY,Campbell County,001-07,1765,196,1412,11,27,15,0,6,98,1343,113,1132,9,16,12,0,5,56,636,53,476,73,441,85,474,59,638,89,642,83,636,53,463.7,72.3,640,86,551.2,73.7
56005001-09,WY,Campbell County,001-09,2526,495,1831,27,41,17,3,12,100,1832,315,1385,20,21,11,3,11,66,638,63,410,81,394,79,411,61,621,86,617,85,638,63,405,73.7,619,85.5,515.2,75.8
56005001-11,WY,Campbell County,001-11,924,122,705,4,27,7,1,2,56,689,83,537,4,18,7,1,2,37,251,29,185,33,168,43,175,30,258,38,250,46,251,29,176,35.3,254,42,214.5,36.5
56005001-12,WY,Campbell County,001-12,2292,351,1794,12,29,17,1,3,85,1595,179,1319,7,18,17,1,3,51,650.5,70.3,381.8,91.3,363.5,98.5,376.6,81.2,632.3,108.3,626.2,107.4,650.5,70.3,374,90.3,629.3,107.9,505.2,92.8
56005001-14,WY,Campbell County,001-14,836,86,713,0,7,6,0,2,22,578,36,515,0,5,4,0,2,16,231.3,37.6,171.8,44.9,174.5,44.5,168.5,43.9,285.3,52.1,289.3,49.7,231.3,37.6,171.6,44.4,287.3,50.9,220.1,45.4
56005001-15,WY,Campbell County,001-15,2514,159,2205,14,15,29,0,9,83,1881,102,1684,10,12,22,0,7,44,811,120.8,592.2,123.8,540.3,150.8,584.2,107.9,840.9,145.8,870.9,127.8,811,120.8,572.3,127.5,855.9,136.8,706.6,129.5
56005001-16,WY,Campbell County,001-16,2603,165,2294,16,17,13,3,11,84,1741,86,1558,13,10,8,3,3,60,758,68,507,94,496,92,489,74,846,129,862,125,758,68,497.3,86.7,854,127,659.7,97
56005001-17,WY,Campbell County,001-17,1928,209,1569,5,26,7,3,7,102,1392,122,1167,5,21,6,3,6,62,566,34,346,40,319,56,339,34,637,51,623,59,566,34,334.7,43.3,630,55,471.7,45.7
56005001-18,WY,Campbell County,001-18,1697,166,1420,24,23,11,0,11,42,1133,86,985,17,12,9,0,4,20,479.2,57,325.1,58.9,307.9,69.7,320.3,53.9,533.2,96.8,542.8,91.1,479.2,57,317.8,60.8,538,94,418.1,71.2
56005001-19,WY,Campbell County,001-19,1571,104,1342,7,15,13,0,13,77,1089,60,939,5,13,13,0,10,49,599,73,473,61,438,76,458,51,647,82,656,72,599,73,456.3,62.7,651.5,77,545.2,69.2
56005001-20,WY,Campbell County,001-20,811,90,649,6,14,1,0,10,41,531,53,447,3,3,0,0,5,20,223,12,155,39,151,41,156,30,246,35,247,39,223,12,154,36.7,246.5,37,196.3,32.7
56005001-21,WY,Campbell County,001-21,1039,113,889,2,6,4,0,0,25,766,68,673,0,6,3,0,0,16,309.9,22,185.9,26,179.9,25,188.9,16,382.9,24,371.9,31,309.9,22,184.9,22.3,377.4,27.5,269.9,24
56005001-22,WY,Campbell County,001-22,792,158,584,0,15,5,0,2,28,577,88,463,0,7,3,0,2,14,273,17,190,19,186,19,185,17,289,27,286,26,273,17,187,18.3,287.5,26.5,234.8,20.8
56005001-23,WY,Campbell County,001-23,2657,288,2143,14,36,26,1,8,141,1776,165,1484,13,25,21,0,5,63,800.7,51.1,495.6,86.1,463.7,102.3,492.6,69,864.5,110.5,864.5,102.6,800.7,51.1,483.9,85.8,864.5,106.5,663.6,86.9
56005001-24,WY,Campbell County,001-24,1374,116,1171,0,12,11,0,7,57,917,66,797,0,12,9,0,1,32,378,34,245,46,229,54,248,38,405,45,403,55,378,34,240.7,46,404,50,318,45.3
56005001-25,WY,Campbell County,001-25,1335,74,1168,4,6,43,0,3,37,913,38,813,0,4,25,0,3,30,545,69,434,75,420,82,441,54,593,90,609,79,545,69,431.7,70.3,601,84.5,507,74.8
56005001-26,WY,Campbell County,001-26,763,68,644,2,13,6,1,4,25,503,42,427,2,7,5,1,4,15,278,24,218,31,208,38,214,28,320,39,328,35,278,24,213.3,32.3,324,37,261,32.5
56005001-27,WY,Campbell County,001-27,1081,93,921,11,9,3,0,2,42,803,44,707,9,9,3,0,2,29,223.6,10.8,415,36,398,40,398,32,622,47,613,62,223.6,10.8,403.7,36,617.5,54.5,444.9,38
56005002-01,WY,Campbell County,002-01,831,72,731,0,2,3,0,6,17,650,41,586,0,1,2,0,4,16,344.5,9,238.9,12.9,229,15.9,231,10.9,368.4,16.9,355.4,22.9,344.5,9,233,13.3,361.9,19.9,294.5,14.8
56005003-01,WY,Campbell County,003-01,1940,66,1762,4,8,5,0,10,85,1370,35,1267,3,5,5,0,6,49,788,43,548,47,518,59,543,46,844,48,828,53,788,43,536.3,50.7,836,50.5,678.2,49.3
56005004-01,WY,Campbell County,004-01,1834,71,1661,1,15,3,0,6,77,1325,43,1214,1,12,3,0,6,46,757.5,43,546,60.1,517,68.1,542,47,875.6,51.1,854.6,64.1,757.5,43,535,58.4,865.1,57.6,682.1,55.6
56005006-01,WY,Campbell County,006-01,575,44,501,2,5,1,0,2,20,430,26,385,2,2,1,0,1,13,214.4,12.7,177.2,13.7,164.5,22.5,171.4,10.8,250.7,16.6,247.8,17.6,214.4,12.7,171,15.7,249.2,17.1,204.3,15.7
56005007-01,WY,Campbell County,007-01,322,1,310,1,0,0,1,1,8,251,0,243,0,0,0,1,1,6,162,13,126,14,121,18,119,15,164,14,161,14,162,13,122,15.7,162.5,14,142.2,14.7
56005008-01,WY,Campbell County,008-01,218,21,186,0,1,0,2,0,8,149,13,129,0,1,0,0,0,6,109.7,4,85.7,4,85.7,4,84.7,4,107.7,8,109.7,7,109.7,4,85.4,4,108.7,7.5,97.2,5.2
56005009-01,WY,Campbell County,009-01,224,21,192,0,1,0,0,0,10,164,11,149,0,1,0,0,0,3,78.8,2.5,62,3.3,57.2,5.7,57.3,3.3,100.8,4.1,100.9,6.4,78.8,2.5,58.9,4.1,100.8,5.3,76.2,4.2
56005013-01,WY,Campbell County,013-01,375,21,323,0,3,2,0,0,26,284,12,254,0,1,2,0,0,15,193,5,160,7,137,12,156,3,223,7,223,9,193,5,151,7.3,223,8,182,7.2
56005014-01,WY,Campbell County,014-01,1548,151,1325,0,18,0,0,3,51,1175,109,1024,0,11,0,0,0,31,608,29,372,44,366,48,376,38,565,48,567,48,608,29,371.3,43.3,566,48,475.7,42.5
56005014-02,WY,Campbell County,014-02,716,61,607,1,0,1,0,0,46,533,49,457,1,0,1,0,0,25,338,5,246,4,222,6,231,5,349,9,338,14,338,5,233,5,343.5,11.5,287.3,7.2
56005018-01,WY,Campbell County,018-01,1120,87,965,4,8,7,2,9,38,849,63,741,4,4,3,0,9,25,435.1,20,309,26,281,35,300,26,472.1,31,469.1,32,435.1,20,296.7,29,470.6,31.5,377.7,28.3
56005019-01,WY,Campbell County,019-01,725,29,660,0,2,0,0,0,34,569,23,520,0,2,0,0,0,24,304.2,12.6,203,20,193,21,202,15,341,23,329,28,304.2,12.6,199.3,18.7,335,25.5,262,19.9
56005022-01,WY,Campbell County,022-01,564,38,481,1,1,4,0,9,30,417,23,364,0,1,4,0,6,19,222,19,152,32,144,29,154,22,207,32,209,30,222,19,150,27.7,208,31,181.3,27.3
56005023-01,WY,Campbell County,023-01,1257,40,1173,1,4,2,0,4,33,935,22,882,0,4,1,0,2,24,598,30,472,40,426,58,447,35,642,43,650,37,598,30,448.3,44.3,646,40,539.2,40.5
56005024-01,WY,Campbell County,024-01,1695,117,1450,9,16,17,0,10,76,1235,83,1071,6,11,13,0,7,44,722,40.5,266.1,29.9,245.2,34.9,265.9,26,418.9,39.7,418.3,41.3,722,40.5,259.1,30.3,418.6,40.5,389.4,35.4
56005026-01,WY,Campbell County,026-01,89,20,68,0,0,0,0,0,1,66,8,58,0,0,0,0,0,0,25.1,3.8,19.2,2,20.2,1,18.2,2,31.4,3,29.4,4,25.1,3.8,19.2,1.7,30.4,3.5,23.9,2.7
560070001-1,WY,Carbon County,0001-1,2268,878,1197,54,73,10,2,13,41,1793,639,1003,47,64,8,1,10,21,245,188,190,189,173,189,169,186,300,173,298,175,245,188,177.3,188,299,174,229.2,183.3
560070002-1,WY,Carbon County,0002-1,1531,389,1041,11,8,27,1,2,52,1088,246,775,7,6,22,1,2,29,411,129,307,132,297,119,280,122,465,142,465,144,411,129,294.7,124.3,465,143,370.8,131.3
560070002-2,WY,Carbon County,0002-2,1501,312,1099,12,20,10,0,2,46,1122,201,855,9,17,9,0,1,30,436,135,350,165,342,157,332,151,500,175,505,171,436,135,341.3,157.7,502.5,173,410.8,159
560070003-1,WY,Carbon County,0003-1,1225,198,939,17,9,11,2,6,43,934,137,733,15,6,11,0,4,28,292.4,136.7,231.2,124.9,217,131.9,210,122.7,314.4,161.8,320.6,158.8,292.4,136.7,219.4,126.5,317.5,160.3,264.3,139.5
560070003-2,WY,Carbon County,0003-2,1372,228,1053,7,5,16,3,8,52,1069,165,838,6,5,13,2,3,37,378.6,145.3,352.9,161.1,337,165.1,344,145.3,461.6,152.2,476.4,152.2,378.6,145.3,344.6,157.2,469,152.2,391.7,153.5
560070004-1,WY,Carbon County,0004-1,51,0,50,0,1,0,0,0,0,45,0,45,0,0,0,0,0,0,12.1,3,11,3,9.1,3,9.1,2,20,0,20,0,12.1,3,9.7,2.7,20,0,13.5,1.9
560070005-1,WY,Carbon County,0005-1,442,53,358,7,9,1,0,1,13,347,35,288,5,5,0,0,1,13,162.9,29.9,144.9,30.9,127.1,35.8,125.2,32.8,173,26,172,33.9,162.9,29.9,132.4,33.2,172.5,30,150.9,31.6
560070006-1,WY,Carbon County,0006-1,42,6,30,0,0,0,0,3,3,35,5,25,0,0,0,0,3,2,19.4,0,10.7,3.9,8.8,2,10.7,2,18.4,1,19.3,1,19.4,0,10.1,2.6,18.9,1,14.5,1.6
560070007-1,WY,Carbon County,0007-1,272,12,240,1,0,0,1,1,17,230,7,212,1,0,0,1,0,9,86.9,7.2,73.8,16.3,70.6,16.3,73.2,14.3,81.9,9.2,85.2,7.9,86.9,7.2,72.5,15.6,83.6,8.5,78.6,11.9
560070008-1,WY,Carbon County,0008-1,702,55,608,3,4,1,3,1,27,540,43,470,2,4,1,0,1,19,248.6,51.2,211.3,44.3,193.4,45.2,209.3,39.2,270.8,48.4,272.8,53.4,248.6,51.2,204.7,42.9,271.8,50.9,234.4,47
560070009-1,WY,Carbon County,0009-1,237,12,219,0,0,0,0,0,6,192,7,180,0,0,0,0,0,5,119.9,11.7,106.3,19.5,110.1,18.5,116.9,10.8,136.5,12.7,139.4,15.7,119.9,11.7,111.1,16.3,137.9,14.2,121.5,14.8
560070010-1,WY,Carbon County,0010-1,102,5,92,0,0,0,1,1,3,72,3,66,0,0,0,1,0,2,48.7,4.3,45.4,3.4,44.5,4.4,44.6,3.2,55.1,5.3,58.1,3.4,48.7,4.3,44.8,3.7,56.6,4.3,49.4,4
560070011-1,WY,Carbon County,0011-1,1702,133,1473,4,9,6,0,14,63,1392,84,1243,2,9,6,0,9,39,596,211,522,217,525,207,508,207,689,247,702,240,596,211,518.3,210.3,695.5,243.5,590.3,221.5
560070011-2,WY,Carbon County,0011-2,542,19,511,1,1,0,0,1,9,408,15,388,1,1,0,0,1,2,261.7,45.5,222.3,51.2,223.2,36.8,220,40.8,292.5,64.6,300.5,66.2,261.7,45.5,221.8,42.9,296.5,65.4,253.4,50.8
560070012-1,WY,Carbon County,0012-1,36,4,28,0,0,0,0,2,2,33,3,26,0,0,0,0,2,2,133.1,30.7,128.4,34.1,127.3,29.3,124.6,33.9,160.7,36,163.4,39.8,133.1,30.7,126.8,32.5,162,37.9,139.6,34
560070013-1,WY,Carbon County,0013-1,309,14,284,0,0,0,0,1,10,267,10,251,0,0,0,0,1,5,168.3,42,130,50.8,139.7,39.2,134.4,41,184.5,47.4,189.9,45.6,168.3,42,134.7,43.7,187.2,46.5,157.8,44.3
560070014-1,WY,Carbon County,0014-1,231,34,184,0,1,1,0,0,11,170,26,133,0,1,0,0,0,10,89.9,10.1,87.2,6.3,76.9,11,82.6,9,116.4,12.9,123.8,10.2,89.9,10.1,82.2,8.8,120.1,11.6,96.1,9.9
560070015-1,WY,Carbon County,0015-1,671,126,503,2,4,1,1,0,34,482,67,385,2,0,0,1,0,27,303.3,15.6,222.4,20.3,223.2,19.4,227.1,16.5,334.4,15.6,333.5,18.5,303.3,15.6,224.2,18.7,333.9,17,274,17.6
5600701-2-0,WY,Carbon County,01-2-0,319,64,219,6,8,4,0,0,18,245,48,168,6,5,4,0,0,14,11.1,2.9,8.5,2.5,7.9,2.8,8.4,2.5,12.4,3.2,12.4,3.5,11.1,2.9,8.3,2.6,12.4,3.4,10.1,2.9
5600701-2-1,WY,Carbon County,01-2-1,272,28,236,1,0,0,1,1,5,177,10,159,1,0,0,1,1,5,156.7,39,120.4,34.1,112.6,38.3,119.3,33.4,176,43,176.4,47.7,156.7,39,117.5,35.3,176.2,45.4,143.6,39.3
5600701-2-2,WY,Carbon County,01-2-2,24,2,21,1,0,0,0,0,0,22,1,20,1,0,0,0,0,0,2.1,0.6,1.6,0.5,1.5,0.5,1.6,0.5,2.4,0.6,2.4,0.7,2.1,0.6,1.6,0.5,2.4,0.6,2,0.6
5600701-2-3,WY,Carbon County,01-2-3,0,0,0,0,0,0,0,0,0,0,0,0,0,0,0,0,0,0,3.4,0.9,2.6,0.8,2.4,0.8,2.5,0.7,3.8,1,3.8,1.1,3.4,0.9,2.5,0.8,3.8,1,3.1,0.9
5600701-2-4,WY,Carbon County,01-2-4,13,8,5,0,0,0,0,0,0,6,6,0,0,0,0,0,0,0,25.1,4.9,19.2,4.4,18.2,4.9,19.1,4.3,28.2,5.4,28.2,6,25.1,4.9,18.8,4.6,28.2,5.7,23,5
5600705-1-2,WY,Carbon County,05-1-2,5,0,3,0,0,0,0,0,2,0,0,0,0,0,0,0,0,0,1.4,0.2,1.2,0.3,1.1,0.3,1,0.3,1.4,0.2,1.4,0.3,1.4,0.2,1.1,0.3,1.4,0.2,1.3,0.3
5600706-1-1,WY,Carbon County,06-1-1,0,0,0,0,0,0,0,0,0,0,0,0,0,0,0,0,0,0,0.4,0,0.2,0.1,0.2,0,0.2,0,0.4,0,0.4,0,0.4,0,0.2,0.1,0.4,0,0.3,0
5600707-1-2,WY,Carbon County,07-1-2,18,0,18,0,0,0,0,0,0,14,0,14,0,0,0,0,0,0,47.3,3.9,40.1,8.9,38.4,8.9,39.8,7.8,44.5,5,46.2,4.3,47.3,3.9,39.4,8.5,45.4,4.6,42.7,6.5
5600711-2-1,WY,Carbon County,11-2-1,132,6,116,0,3,0,0,0,7,114,4,102,0,3,0,0,0,5,65.2,11.3,55.4,12.7,55.6,9.1,54.8,10.1,72.8,16.1,74.9,16.5,65.2,11.3,55.2,10.6,73.9,16.3,63.1,12.6
5600712-1-0,WY,Carbon County,12-1-0,452,10,425,2,0,0,0,0,15,362,4,352,2,0,0,0,0,4,67.8,15.6,65.8,17.3,65.1,14.9,63.7,17.3,82,18.3,83.4,20.3,67.8,15.6,64.9,16.5,82.7,19.3,71.3,17.3
5600713-1-0,WY,Carbon County,13-1-0,66,4,54,1,0,1,0,3,3,62,4,51,0,0,1,0,3,3,14.6,3.6,11.2,4.4,12.1,3.4,11.6,3.6,16,4.1,16.4,4,14.6,3.6,11.7,3.8,16.2,4,13.7,3.9
560090001-1,WY,Converse County,0001-1,252,13,216,0,3,1,0,1,18,215,11,189,0,3,1,0,1,10,156,8,116,4,104,7,112,6,177,11,175,12,156,8,110.7,5.7,176,11.5,140,8
560090002-2,WY,Converse County,0002-2,767,53,698,0,2,2,0,2,10,596,34,550,0,2,2,0,1,7,335.8,41.6,248,47.5,249.8,39,255.6,30.3,368.4,44.8,361.6,49.8,335.8,41.6,251.1,38.9,365,47.3,303.2,42.2
560090003-1,WY,Converse County,0003-1,282,15,255,1,2,0,0,0,9,209,10,190,1,2,0,0,0,6,167.1,8,109.4,24.9,114.4,17.9,121.4,13.9,162.1,17.9,160.2,16.9,167.1,8,115.1,18.9,161.1,17.4,139.1,16.6
560090004-4,WY,Converse County,0004-4,865,32,803,1,4,1,0,2,22,659,22,613,0,4,1,0,2,17,380.1,23.1,291.6,34.1,275.1,36.9,287,31.3,422.4,39.6,409.5,39.7,380.1,23.1,284.6,34.1,415.9,39.7,344.3,34.1
560090006-6,WY,Converse County,0006-6,541,22,493,1,2,2,0,0,21,435,14,405,0,1,2,0,0,13,314,19.7,232.1,32.1,235.6,25.1,232.3,26.2,348.9,25.1,336.2,37.6,314,19.7,233.3,27.8,342.5,31.4,283.2,27.6
560090007-7,WY,Converse County,0007-7,286,9,268,0,2,1,0,0,6,217,5,205,0,1,1,0,0,5,158.2,14.8,120,22.2,118.4,15.7,123.3,18.1,155.2,19,155.2,18.2,158.2,14.8,120.6,18.7,155.2,18.6,138.4,18
560090008-8,WY,Converse County,0008-8,546,39,491,0,1,1,0,0,14,426,27,384,0,1,1,0,0,13,244,17,190,17,185,17,190,18,287,22,276,35,244,17,188.3,17.3,281.5,28.5,228.7,21
560090009-1,WY,Converse County,0009-1,1350,68,1216,3,10,1,0,0,52,999,36,927,2,7,1,0,0,26,495.5,81.4,357.1,107.8,358.1,87.2,378.7,70.6,521,88.2,497.5,118.6,495.5,81.4,364.7,88.6,509.3,103.4,434.7,92.3
560090009-2,WY,Converse County,0009-2,1080,72,954,3,6,7,0,1,37,863,54,776,1,2,7,0,1,22,395.6,66.8,283,85.7,270.1,87.7,284,73.7,393.6,89.7,371.7,112.6,395.6,66.8,279,82.4,382.7,101.2,333,86
560090023-1,WY,Converse County,0023-1,784,72,661,8,3,2,0,4,34,622,49,538,8,3,2,0,0,22,272.4,43.5,169.3,55.7,175.2,42.5,172.4,43.3,277,55.9,267.7,67.2,272.4,43.5,172.3,47.2,272.3,61.6,222.3,51.4
560090023-2,WY,Converse County,0023-2,1230,131,1022,10,6,11,0,2,48,859,68,733,4,6,11,0,2,35,438.2,43.6,284.6,59.5,281.6,52.5,286.5,46.6,482.9,55.5,467,64.4,438.2,43.6,284.2,52.9,474.9,60,373.5,53.7
560090023-3,WY,Converse County,0023-3,1679,215,1354,8,14,10,0,16,62,1172,126,981,3,14,10,0,10,28,479.4,52.7,319.8,62.7,310.5,69.6,315.7,56,500.9,73,483.8,92.9,479.4,52.7,315.3,62.8,492.4,82.9,401.7,67.8
560090023-4,WY,Converse County,0023-4,1407,144,1183,1,1,13,0,6,59,1100,100,936,1,1,13,0,3,46,511.4,102.7,386,117.5,391,97.8,400.9,89.8,548,134.3,530.2,154,511.4,102.7,392.6,101.7,539.1,144.2,461.3,116
560090023-5,WY,Converse County,0023-5,771,83,649,1,11,0,0,3,24,541,50,472,0,5,0,0,1,13,265.6,34.7,189.1,37.8,171.2,40.6,176.3,39.4,291.1,54.7,287,53.8,265.6,34.7,178.9,39.3,289,54.2,230.1,43.5
560090023-6,WY,Converse County,0023-6,530,26,489,0,0,0,0,0,15,408,18,382,0,0,0,0,0,8,249,52,200,52,200,48,205,40,277,50,267,54,249,52,201.7,46.7,272,52,233,49.3
56009010-10,WY,Converse County,010-10,621,26,573,1,4,0,0,4,13,454,16,422,1,2,0,0,4,9,273.9,33.5,181.1,40.4,172.2,35.5,178.1,31.5,301.6,47.3,288.8,55.2,273.9,33.5,177.2,35.8,295.2,51.2,232.6,40.6
56009011-11,WY,Converse County,011-11,427,19,388,1,1,0,0,0,18,304,13,278,1,0,0,0,0,12,189,15,137,22,125,23,137,17,201,19,188,28,189,15,133,20.7,194.5,23.5,162.8,20.7
56009013-13,WY,Converse County,013-13,158,6,135,0,0,3,0,0,14,116,2,102,0,0,3,0,0,9,98.3,2.1,66.2,4.1,61.2,5.1,69.2,1.1,102.3,7.1,94.3,9.1,98.3,2.1,65.5,3.4,98.3,8.1,81.9,4.7
56009020-20,WY,Converse County,020-20,175,17,148,0,0,0,0,0,10,136,13,116,0,0,0,0,0,7,96.4,7.9,78.5,7,73.6,8.9,75.6,6,99.4,7,98.4,8.9,96.4,7.9,75.9,7.3,98.9,7.9,87,7.6
56011000101,WY,Crook County,000101,442,12,415,0,3,0,0,0,12,356,8,338,0,0,0,0,0,10,258,37,245,36,244,33,231,39,291,55,307,48,258,37,240,36,299,51.5,262.7,41.3
56011000102,WY,Crook County,000102,565,8,525,0,2,3,2,0,25,462,6,432,0,2,3,2,0,17,241,34,192,48,178,53,186,48,253,51,244,53,241,34,185.3,49.7,248.5,52,215.7,47.8
56011000202,WY,Crook County,000202,943,9,905,0,0,0,0,6,23,761,8,725,0,0,0,0,6,22,469,50,379,62,375,66,392,50,542,58,534,58,469,50,382,59.3,538,58,448.5,57.3
56011000303,WY,Crook County,000303,342,7,321,0,2,0,1,0,11,265,1,254,0,2,0,0,0,8,137,26,113,22,113,26,112,23,161,30,169,27,137,26,112.7,23.7,165,28.5,134.2,25.7
56011000707,WY,Crook County,000707,331,3,318,0,1,0,0,0,9,263,2,254,0,1,0,0,0,6,172,13,135,13,121,18,132,12,183,19,186,15,172,13,129.3,14.3,184.5,17,154.8,15
56011000909,WY,Crook County,000909,157,2,152,0,0,0,1,0,2,122,1,120,0,0,0,0,0,1,86,2,72,4,74,6,72,6,88,3,90,2,86,2,72.7,5.3,89,2.5,80.3,3.8
56011001111,WY,Crook County,001111,376,16,345,0,3,0,0,0,12,283,11,263,0,3,0,0,0,6,195.8,12.7,160.6,22.5,159.6,18.6,159.6,20.6,213.4,20.6,215.4,24.5,195.8,12.7,159.9,20.6,214.4,22.5,184,19.9
56011001212,WY,Crook County,001212,832,10,774,0,3,0,0,4,41,585,8,539,0,3,0,0,4,31,323.2,22.3,260.4,21.5,251.4,18.4,257.4,22.4,382.6,28.4,392.6,21.5,323.2,22.3,256.4,20.8,387.6,25,311.3,22.4
56011001313,WY,Crook County,001313,531,1,522,0,1,0,0,0,7,416,1,410,0,0,0,0,0,5,231,8,155,16,143,19,153,17,234,15,224,17,231,8,150.3,17.3,229,16,190,15.3
56011001414,WY,Crook County,001414,289,8,267,0,3,2,0,3,6,236,8,214,0,3,2,0,3,6,157,18,147,17,145,19,146,15,149,33,154,26,157,18,146,17,151.5,29.5,149.7,21.3
56011001515,WY,Crook County,001515,493,18,454,0,2,0,1,0,18,386,17,355,0,2,0,0,0,12,243,14,175,20,176,20,180,19,263,21,257,28,243,14,177,19.7,260,24.5,215.7,20.3
56011001616,WY,Crook County,001616,666,7,639,0,1,2,0,1,16,450,6,426,0,1,2,0,1,14,312,6,244,15,238,20,246,17,343,10,336,14,312,6,242.7,17.3,339.5,12,286.5,13.7
56011001801,WY,Crook County,001801,407,6,374,0,7,0,0,2,18,287,5,269,0,5,0,0,2,6,170,14,123,16,120,18,122,17,178,15,174,18,170,14,121.7,17,176,16.5,147.8,16.3
56011001802,WY,Crook County,001802,536,5,496,0,14,2,1,0,18,350,3,323,0,7,2,0,0,15,205,10,128,12,128,11,125,8,217,8,221,12,205,10,127,10.3,219,10,170.7,10.2
56011002323,WY,Crook County,002323,84,0,80,0,0,0,0,0,4,58,0,54,0,0,0,0,0,4,51.3,4,33.3,4,33.3,4,34.3,3,43.3,4,46.3,1,51.3,4,33.6,3.7,44.8,2.5,40.3,3.3
56011002424,WY,Crook County,002424,87,0,85,0,0,0,0,0,2,66,0,65,0,0,0,0,0,1,42,1,35,2,35,2,35,2,52,2,49,2,42,1,35,2,50.5,2,41.3,1.8
56011002626,WY,Crook County,002626,100,0,94,0,1,0,1,0,4,86,0,81,0,1,0,0,0,4,55,1,46,4,41,6,44,4,58,5,54,5,55,1,43.7,4.7,56,5,49.7,4.2
56013000101,WY,Fremont County,000101,1532,92,1254,5,87,14,0,2,78,1119,60,955,4,47,10,0,1,42,404,172.3,359.7,197.1,372.1,164.3,363.2,164.3,473.2,217.7,491,217.7,404,172.3,365,175.2,482.1,217.7,410.5,188.9
56013000102,WY,Fremont County,000102,1012,72,764,3,101,17,0,0,55,779,42,615,3,68,14,0,0,37,167.1,101.9,129.5,130.3,137,114.4,134.5,108.6,171.3,139.5,171.3,150.4,167.1,101.9,133.7,117.8,171.3,144.9,151.8,124.2
56013000103,WY,Fremont County,000103,1409,99,1080,12,86,30,0,14,88,1149,60,914,11,68,28,0,12,56,298,250.2,230.1,297.1,272.2,253,251.1,250.2,319.4,341.3,335.6,340.3,298,250.2,251.1,266.8,327.5,340.8,284.4,288.7
56013000104,WY,Fremont County,000104,916,46,751,13,56,1,0,7,42,705,30,585,7,49,1,0,5,28,233,177,213,198,225,185,203,185,254,234,277,228,233,177,213.7,189.3,265.5,231,234.2,201.2
56013000105,WY,Fremont County,000105,1421,94,1191,7,43,11,0,6,69,1018,46,890,6,25,11,0,6,34,401,241,353,293,389,241,370,244,424,339,451,340,401,241,370.7,259.3,437.5,339.5,398,283
56013000106,WY,Fremont County,000106,978,33,849,6,34,5,0,1,50,792,24,697,6,24,4,0,0,37,269.7,249.5,282.4,255.7,298.4,236.6,287.4,221.5,278.8,294.7,299.9,293.8,269.7,249.5,289.4,237.9,289.4,294.2,286.1,258.6
56013000201,WY,Fremont County,000201,611,37,492,2,36,1,0,1,42,466,14,399,0,27,1,0,1,24,207.2,43.9,160.8,64.2,155.9,57.5,155.9,54.5,213,55.6,216,57.5,207.2,43.9,157.5,58.8,214.5,56.5,184.8,55.5
56013000301,WY,Fremont County,000301,1873,210,1343,4,206,11,3,1,95,1380,135,1068,1,118,5,3,1,49,356.3,74.1,272.5,89,267.2,80.8,268,77.8,379.3,100.8,381.8,104.3,356.3,74.1,269.2,82.6,380.6,102.6,320.9,87.8
56013000302,WY,Fremont County,000302,1018,100,659,0,197,7,0,4,51,743,64,539,0,106,6,0,0,28,148.1,33.5,101.7,43.1,102.6,36.5,102.2,36.2,149.3,45.1,151.5,46.3,148.1,33.5,102.2,38.6,150.4,45.7,125.9,40.1
56013000303,WY,Fremont County,000303,2029,199,1468,27,220,13,0,1,101,1557,122,1183,26,134,13,0,1,78,620,133.2,485.9,167.7,486.7,154.2,484.2,139.2,663,182.3,657.4,191.2,620,133.2,485.6,153.7,660.2,186.8,566.2,161.3
56013000304,WY,Fremont County,000304,1204,102,829,4,223,2,0,5,39,916,74,671,4,140,2,0,3,22,291.4,87.5,220.4,96.5,212.3,90.7,213,84,297.8,106,303.6,105.2,291.4,87.5,215.2,90.4,300.7,105.6,256.4,95
56013000305,WY,Fremont County,000305,2592,218,1811,20,393,24,2,10,114,2013,141,1533,15,238,11,0,8,67,565.5,176.9,466.9,178.1,459.8,161.4,454.2,150.2,580.7,232.5,603,218.2,565.5,176.9,460.3,163.3,591.8,225.3,521.7,186.2
56013000306,WY,Fremont County,000306,1600,177,1242,6,96,2,1,6,70,1230,114,1002,5,64,1,0,6,38,601.3,161.6,487.3,167.2,488.1,152.6,487.1,143.5,627.9,183,655.5,179.3,601.3,161.6,487.5,154.4,641.7,181.2,557.9,164.5
56013000401,WY,Fremont County,000401,1957,73,108,2,1711,0,0,1,62,1281,52,88,2,1107,0,0,0,32,110.8,302.2,122.2,313.1,97.7,315.8,86,306.9,127.6,398.9,154.5,360.5,110.8,302.2,102,311.9,141,379.7,116.5,332.9
56013000501,WY,Fremont County,000501,2258,88,2016,3,46,11,0,3,91,1820,53,1660,2,30,10,0,3,62,485.9,214.3,435.6,254.3,459.3,210.8,435.8,213,557.4,297.8,566.1,304.2,485.9,214.3,443.6,226,561.8,301,490,249.1
56013000601,WY,Fremont County,000601,1008,22,924,0,10,6,0,3,43,805,16,736,0,3,6,0,3,41,755.4,289.8,671.8,348.6,696.9,290.6,669.3,289.6,859.9,408.3,876.7,420.6,755.4,289.8,679.4,309.6,868.3,414.4,755,341.2
56013000701,WY,Fremont County,000701,1856,35,1698,3,25,15,0,10,70,1604,23,1487,3,23,14,0,10,44,810.2,188.6,700.4,222.5,697.4,196.6,700.4,195.6,885,273.4,911,271.4,810.2,188.6,699.4,204.9,898,272.4,784.1,224.6
56013000801,WY,Fremont County,000801,1558,69,282,3,1137,2,0,1,64,1070,40,235,1,755,0,0,0,39,181.8,230.7,159.8,226.1,147.2,227.5,143,218.7,200.2,305.2,221.6,255.8,181.8,230.7,150,224.1,210.9,280.5,175.6,244
56013000901,WY,Fremont County,000901,739,44,589,0,50,2,0,16,38,532,21,449,0,28,1,0,11,22,326.5,17.8,260.2,15.8,254.3,16.8,260.2,16.8,357.1,21.8,361.1,18.8,326.5,17.8,258.2,16.5,359.1,20.3,303.2,18
56013001001,WY,Fremont County,001001,1540,86,1253,2,112,7,0,2,78,1161,64,985,1,61,7,0,2,41,602.2,74.5,428.9,74.6,422.5,63.6,435.6,53.5,624.2,82,622.3,78.1,602.2,74.5,429,63.9,623.2,80.1,522.6,71.1
56013001201,WY,Fremont County,001201,133,4,105,0,3,2,0,0,19,102,4,81,0,0,2,0,0,15,78.6,9.3,56.2,9.3,54.1,9.3,54.1,12.3,58.6,11.3,60.6,9.4,78.6,9.3,54.8,10.3,59.6,10.3,60.4,10.1
56013001301,WY,Fremont County,001301,2158,78,212,1,1756,3,0,1,107,1438,43,187,1,1137,1,0,1,68,131.6,406,136.1,433.3,110,447.1,102,428.2,138,506.7,183,425.4,131.6,406,116,436.2,160.5,466,133.5,441.1
56013001401,WY,Fremont County,001401,1006,47,839,0,25,4,0,10,81,784,32,671,0,13,4,0,10,54,403.5,43.8,315.3,59.1,300.5,50.5,319.8,46.1,426.3,56.8,422.7,64.8,403.5,43.8,311.9,51.9,424.5,60.8,364.7,53.5
56013001501,WY,Fremont County,001501,458,8,417,0,6,1,0,3,23,374,5,341,0,4,1,0,3,20,214.6,23,167.5,31.3,159.6,26.6,170.1,24.4,226.7,29.9,224.8,34.2,214.6,23,165.7,27.4,225.7,32.1,193.9,28.2
56013001601,WY,Fremont County,001601,421,12,242,0,129,1,0,0,37,300,4,203,0,75,1,0,0,17,189.1,61.3,155.2,65.6,148.3,62.6,146.8,58.7,199.6,77.3,202.2,74.3,189.1,61.3,150.1,62.3,200.9,75.8,173.5,66.6
56013001701,WY,Fremont County,001701,1119,34,558,1,483,0,0,0,43,758,19,441,1,261,0,0,0,36,465,107.6,386,112.9,372.2,104.2,381.3,98.6,521.1,157.3,521.1,154.3,465,107.6,379.8,105.2,521.1,155.8,441.1,122.5
56013001801,WY,Fremont County,001801,2595,163,1960,33,275,5,1,20,138,1966,114,1550,31,162,5,0,13,91,948.6,178.6,775.5,206.7,763,185.6,782.5,160.6,1021.9,245.8,1029.8,244.9,948.6,178.6,773.7,184.3,1025.9,245.4,886.9,203.7
56013001901,WY,Fremont County,001901,215,7,134,0,67,0,0,0,7,176,2,119,0,52,0,0,0,3,106.7,21.6,86.1,23.7,81.1,23.7,82,20.7,106,19.5,101.4,22.2,106.7,21.6,83.1,22.7,103.7,20.8,93.9,21.9
56013002001,WY,Fremont County,002001,622,42,536,3,12,0,0,5,24,490,24,432,3,8,0,0,3,20,253.8,26.1,237.1,38.5,222.7,29.9,225.6,36.6,295.4,25.1,295.4,31.8,253.8,26.1,228.4,35,295.4,28.5,255,31.4
56013002101,WY,Fremont County,002101,1212,107,845,6,166,4,0,2,82,919,79,696,5,85,3,0,1,50,452.2,77.9,336.5,92.7,326.8,87.2,328.5,86.8,474.2,102.1,472.3,109.7,452.2,77.9,330.6,88.9,473.3,105.9,398.4,92.7
56013002201,WY,Fremont County,002201,63,16,39,0,2,0,0,1,5,53,13,35,0,2,0,0,1,2,48.4,0.8,39.9,1.1,39.5,0.9,39.6,1.1,41.6,1.7,41.6,3.9,48.4,0.8,39.7,1,41.6,2.8,41.8,1.6
56013002401,WY,Fremont County,002401,121,7,96,0,5,4,0,0,9,97,6,77,0,5,4,0,0,5,39.4,23.6,28.6,27.6,31.5,21.7,29.5,23.6,54.2,26.6,51.2,28.6,39.4,23.6,29.9,24.3,52.7,27.6,39.1,25.3
56015000101,WY,Goshen County,000101,65,0,64,0,0,0,0,0,1,45,0,45,0,0,0,0,0,0,49,0,43,1,38,0,42,2,51,2,49,3,49,0,41,1,50,2.5,45.3,1.3
56015000201,WY,Goshen County,000201,83,1,79,1,0,0,0,0,2,75,1,71,1,0,0,0,0,2,73,7,65,12,56,10,65,7,80,11,77,11,73,7,62,9.7,78.5,11,69.3,9.7
56015000801,WY,Goshen County,000801,422,10,393,0,0,1,0,1,17,340,8,319,0,0,1,0,0,12,338,35.2,287.3,48.3,274,51.6,307.2,31.7,351.4,54.2,354.8,55,338,35.2,289.5,43.9,353.1,54.6,318.8,46
56015000802,WY,Goshen County,000802,403,25,363,0,2,2,0,0,11,329,17,300,0,2,2,0,0,8,72.3,7.5,61.5,10.3,58.6,11,65.7,6.8,75.2,11.6,75.9,11.7,72.3,7.5,61.9,9.4,75.5,11.6,68.2,9.8
56015000901,WY,Goshen County,000901,252,14,236,0,0,0,0,0,2,217,8,207,0,0,0,0,0,2,174.6,33.5,155.6,38.9,149.3,46.1,166.5,32.6,212.6,45.2,206.3,49.8,174.6,33.5,157.1,39.2,209.5,47.5,177.5,41
56015000902,WY,Goshen County,000902,206,6,192,2,0,0,0,0,6,166,4,154,2,0,0,0,0,6,18.4,3.5,16.4,4.1,15.7,4.8,17.5,3.4,22.4,4.8,21.7,5.2,18.4,3.5,16.5,4.1,22,5,18.7,4.3
56015001001,WY,Goshen County,001001,404,124,244,2,5,5,0,8,16,292,88,183,2,4,3,0,1,11,87.5,37.1,53.5,35.7,53.5,33.4,52.9,34.8,95.8,49.1,97.2,54.2,87.5,37.1,53.3,34.6,96.5,51.7,73.4,40.7
56015001002,WY,Goshen County,001002,900,127,726,6,5,5,0,4,27,655,65,563,3,5,5,0,2,12,231.9,64.7,181.1,63.8,179,52.8,202.7,42.3,256.6,79.7,254.9,84.5,231.9,64.7,187.6,53,255.7,82.1,217.7,64.6
56015001003,WY,Goshen County,001003,1049,138,854,19,6,8,0,2,22,847,89,712,19,5,5,0,2,15,234.5,61.5,173.6,70.1,181.4,58.5,196.4,48.8,252.6,81.7,256.6,83.9,234.5,61.5,183.8,59.1,254.6,82.8,215.8,67.4
56015001004,WY,Goshen County,001004,1107,105,963,4,3,5,0,0,27,887,79,783,3,2,4,0,0,16,389.3,127.5,363.1,128.4,367.2,114.3,411.6,84.8,431.8,157.7,446.5,141,389.3,127.5,380.6,109.2,439.1,149.3,401.6,125.6
56015001005,WY,Goshen County,001005,438,32,399,0,1,1,0,0,5,326,20,305,0,0,0,0,0,1,177.6,39.5,138,50,139.6,45.8,155.4,35.3,193.9,55.3,198.1,53.7,177.6,39.5,144.4,43.7,196,54.5,167.1,46.6
56015001006,WY,Goshen County,001006,806,89,674,4,8,0,0,1,30,645,52,558,4,7,0,0,1,23,247,97,217,101,212,101,252,67,304,123,313,111,247,97,227,89.7,308.5,117,257.5,100
56015001007,WY,Goshen County,001007,812,111,647,3,5,1,0,5,40,655,62,557,3,3,0,0,5,25,220,76,185,87,167,89,203,71,255,113,252,121,220,76,185,82.3,253.5,117,213.7,92.8
56015001008,WY,Goshen County,001008,2068,152,1806,27,29,14,0,7,33,1776,126,1553,27,26,12,0,7,25,598.8,114,488.5,115.9,472.2,111.7,519.2,82.4,638.1,143.1,655.5,141,598.8,114,493.3,103.3,646.8,142,562.1,118
56015001009,WY,Goshen County,001009,954,85,830,4,4,4,0,5,22,764,60,675,4,2,4,0,3,16,434.5,94.2,381.7,106.4,388.3,88.5,410.8,70.7,502.2,125.2,505,119.6,434.5,94.2,393.6,88.5,503.6,122.4,437.1,100.8
56015001010,WY,Goshen County,001010,525,113,382,0,4,0,0,5,21,425,105,296,0,4,0,0,5,15,122.2,41.6,83.9,42.8,85.4,38.2,90.1,36.4,131.1,49.1,129.2,50,122.2,41.6,86.5,39.2,130.1,49.6,107,43
56015001301,WY,Goshen County,001301,333,8,306,0,2,0,0,0,17,252,8,230,0,2,0,0,0,12,128.5,19,118.4,27.1,110.4,26.1,122.5,24,147.5,25.1,142.5,29.1,128.5,19,117.1,25.7,145,27.1,128.3,25.1
56015001501,WY,Goshen County,001501,271,9,255,0,0,0,0,0,7,214,4,209,0,0,0,0,0,1,193.3,21.7,158.2,28.4,155.5,27.1,165.8,22.4,204.6,25.4,199.8,31.7,193.3,21.7,159.8,26,202.2,28.5,179.5,26.1
56015001502,WY,Goshen County,001502,131,6,122,0,0,0,0,0,3,115,6,106,0,0,0,0,0,3,34.2,4.5,28.4,5.3,27.4,5.5,29.7,4.5,37.4,4.5,35.9,6.2,34.2,4.5,28.5,5.1,36.6,5.3,32.1,5.1
56015001601,WY,Goshen County,001601,492,32,437,0,3,0,0,0,20,373,22,334,0,1,0,0,0,16,190.1,16.2,155.6,19.6,154.5,16.6,160.8,14.4,204.3,20.1,208.9,21.6,190.1,16.2,157,16.9,206.6,20.9,179,18.1
56015001701,WY,Goshen County,001701,204,7,193,0,0,0,0,0,4,149,2,143,0,0,0,0,0,4,97,7,72,10,61,12,73,8,113,4,116,4,97,7,68.7,10,114.5,4,88.7,7.5
56015001801,WY,Goshen County,001801,185,5,177,0,0,0,0,0,3,143,5,135,0,0,0,0,0,3,203.3,9.9,154.6,9.2,148.4,8.2,153.9,6.2,216.4,9.9,212.7,11.6,203.3,9.9,152.3,7.9,214.5,10.8,181.5,9.2
56015001802,WY,Goshen County,001802,340,12,309,3,5,0,0,4,7,275,11,249,3,5,0,0,4,3,74.7,4.1,53.4,3.8,50.6,3.8,53.1,2.8,80.6,4.1,79.3,4.4,74.7,4.1,52.4,3.4,80,4.2,65.3,3.8
56015002001,WY,Goshen County,002001,48,1,44,1,1,0,0,0,1,40,0,38,1,0,0,0,0,1,28.2,1.7,23.1,0.8,23.1,0.8,23.1,0.8,20.5,4.3,22.2,1.7,28.2,1.7,23.1,0.8,21.4,3,23.4,1.7
56017000101,WY,Hot Springs County,000101,1420,49,1297,4,9,5,0,6,50,1114,32,1026,3,6,5,0,6,36,597,152,514,155,515,155,525,127,605,155,615,174,597,152,518,145.7,610,164.5,561.8,153
56017000102,WY,Hot Springs County,000102,1305,63,1151,5,13,9,0,9,55,1041,36,938,3,11,9,0,7,37,459.4,112.9,399.5,141.9,391.8,125.5,404.4,118.7,455.5,156.3,472.9,150.6,459.4,112.9,398.6,128.7,464.2,153.4,430.6,134.3
56017000204,WY,Hot Springs County,000204,284,12,241,0,6,1,0,0,24,219,4,190,0,6,1,0,0,18,139.6,19.8,118.8,29.7,106.9,25.7,112.9,25.7,114.8,25.7,110.9,34.6,139.6,19.8,112.9,27.1,112.9,30.2,117.3,26.9
56017000303,WY,Hot Springs County,000303,1612,53,1453,0,14,3,3,1,85,1279,26,1178,0,8,3,0,0,64,741.6,115.1,708.5,128.1,667.2,136.5,685.6,114.3,822.5,144.7,801.1,167.4,741.6,115.1,687.1,126.3,811.8,156.1,737.7,134.4
560190003-1,WY,Johnson County,0003-1,724,30,658,2,6,0,0,2,26,569,24,521,2,2,0,0,2,18,307,75,273,102,315,54,289,67,333,112,338,108,307,75,292.3,74.3,335.5,110,309.2,86.3
560190003-2,WY,Johnson County,0003-2,523,28,460,2,9,2,0,0,22,455,23,406,2,6,2,0,0,16,191,52,174,52,177,40,173,38,204,70,210,70,191,52,174.7,43.3,207,70,188.2,53.7
560190003-3,WY,Johnson County,0003-3,652,41,556,6,7,4,0,4,34,527,22,464,5,7,4,0,0,25,199,51.3,164.6,46.9,180.2,29.8,168.4,37.6,221.8,70.3,226.8,67.8,199,51.3,171.1,38.1,224.3,69,193.5,50.6
560190003-4,WY,Johnson County,0003-4,543,34,476,3,3,5,1,0,21,422,25,373,3,3,5,1,0,12,224,45,172,67,201,42,176,53,219,75,215,84,224,45,183,54,217,79.5,201.2,61
560190003-5,WY,Johnson County,0003-5,338,11,310,1,8,0,0,0,8,266,7,243,1,8,0,0,0,7,103.8,29.4,90.9,29.4,106.5,14.7,101,16.5,118.5,34.9,116.6,41.3,103.8,29.4,99.5,20.2,117.5,38.1,106.2,27.7
560190003-6,WY,Johnson County,0003-6,482,23,434,4,5,1,1,1,13,352,16,324,0,5,1,0,0,6,153.9,37,131.9,43,140.9,27,132.9,32,166.9,48,163.9,50,153.9,37,135.2,34,165.4,49,148.4,39.5
560190003-7,WY,Johnson County,0003-7,441,7,416,0,0,2,0,5,11,340,6,319,0,0,2,0,4,9,191.1,42,174.1,47,200.1,24,182.1,32,207.1,58,217.1,49,191.1,42,185.4,34.3,212.1,53.5,195.2,42
560190003-8,WY,Johnson County,0003-8,699,48,597,2,11,1,4,0,36,548,27,492,1,4,1,4,0,19,209.7,44.9,186.7,37.9,198.7,26,189.7,33,238.6,65.9,241.6,63.9,209.7,44.9,191.7,32.3,240.1,64.9,210.9,45.3
560190004-7,WY,Johnson County,0004-7,1258,35,1177,2,5,0,0,3,36,1017,23,957,1,4,0,0,3,29,618.1,92.3,546.3,98.8,555.1,74.5,539.4,81.9,707.5,128.8,717.4,129.9,618.1,92.3,547,85,712.5,129.4,614,101
560190004-8,WY,Johnson County,0004-8,1442,37,1334,4,5,0,0,3,59,1135,21,1065,0,4,0,0,3,42,622,104,550,126,579,87,560,91,679,160,700,154,622,104,563,101.3,689.5,157,615,120.3
560190005-9,WY,Johnson County,0005-9,116,7,98,0,0,0,0,0,11,91,4,77,0,0,0,0,0,10,72,10,82,12,80,13,82,11,86,15,91,16,72,10,81.3,12,88.5,15.5,82.2,12.8
56019002-14,WY,Johnson County,002-14,330,8,309,0,5,0,0,3,5,261,2,247,0,4,0,0,3,5,147,22,132,20,133,11,131,16,182,27,185,22,147,22,132,15.7,183.5,24.5,151.7,19.7
56019006-10,WY,Johnson County,006-10,247,7,223,0,0,0,0,2,15,186,3,168,0,0,0,0,2,13,79.8,10.2,74,14.7,68.8,15.4,74.7,11,91.6,11,87.9,16.1,79.8,10.2,72.5,13.7,89.7,13.6,79.5,13.1
56019008-11,WY,Johnson County,008-11,413,13,379,0,3,0,0,5,13,335,11,307,0,1,0,0,5,11,232.2,16.8,221,22.4,201.2,15.6,214.3,21,268.4,18,257.1,23.9,232.2,16.8,212.2,19.7,262.8,21,232.4,19.6
56019009-12,WY,Johnson County,009-12,149,17,128,0,0,0,0,0,4,115,8,104,0,0,0,0,0,3,82,6,68,3,67,3,67,2,99,3,97,8,82,6,67.3,2.7,98,5.5,80,4.2
56019010-15,WY,Johnson County,010-15,90,1,85,0,2,0,1,0,1,61,1,56,0,2,0,1,0,1,44.5,0.1,44.5,0.1,41.5,1.1,41.5,0.1,58.6,0.1,56.6,1.1,44.5,0.1,42.5,0.4,57.6,0.6,47.8,0.4
560210001-1,WY,Laramie County,0001-1,4453,1215,2686,193,36,61,6,11,245,3180,751,2026,143,32,56,4,7,161,799.8,439.6,509.9,422.4,520.6,394.4,494.2,407.8,841.3,557.5,871.2,588.2,799.8,439.6,508.2,408.2,856.3,572.8,672.8,468.3
560210001-2,WY,Laramie County,0001-2,2972,738,1873,130,30,41,5,13,142,2392,561,1550,114,20,31,5,13,98,389.6,321.4,229.4,305.6,239.3,290.7,228.4,299.6,452.9,390.6,464.8,428.2,389.6,321.4,232.4,298.6,458.8,409.4,334.1,339.4
560210001-3,WY,Laramie County,0001-3,2141,350,1544,75,15,17,2,13,125,1790,271,1320,70,8,16,2,8,95,355.2,316.8,255.6,312.6,264.3,294.7,241.8,315.4,435.9,414.1,452.9,423.8,355.2,316.8,253.9,307.6,444.4,418.9,334.3,346.2
560210001-4,WY,Laramie County,0001-4,1306,207,903,85,18,16,0,12,65,1125,155,801,83,12,13,0,9,52,187,203,136,218,160,197,165,177,204,257,220,248,187,203,153.7,197.3,212,252.5,178.7,216.7
560210001-5,WY,Laramie County,0001-5,1305,168,1058,9,7,13,0,6,44,1082,130,892,9,7,13,0,6,25,339,277,290,266,307,252,303,241,340,349,371,345,339,277,300,253,355.5,347,325,288.3
560210001-6,WY,Laramie County,0001-6,1452,154,1190,11,1,11,0,3,82,1173,104,997,11,1,11,0,3,46,345.6,383.3,281.3,359.5,303.1,342.7,311,311,381.3,432.8,430.8,406.1,345.6,383.3,298.4,337.7,406.1,419.4,342.2,372.6
560210001-7,WY,Laramie County,0001-7,768,118,565,7,6,1,4,13,54,607,81,468,7,3,1,4,8,35,180,130,123,130,139,118,124,126,188,159,200,165,180,130,128.7,124.7,194,162,159,138
560210001-8,WY,Laramie County,0001-8,2138,307,1620,46,28,27,5,8,97,1821,230,1420,36,24,27,3,8,73,390,322,294,339,300,334,294,323,420,432,463,431,390,322,296,332,441.5,431.5,360.2,363.5
560210001-9,WY,Laramie County,0001-9,1347,225,977,32,19,18,5,9,62,1103,161,831,27,14,17,4,6,43,275,173,207,175,218,166,199,163,289,202,317,200,275,173,208,168,303,201,250.8,179.8
560210002-1,WY,Laramie County,0002-1,1007,104,814,28,2,23,1,3,32,882,80,724,25,2,21,1,3,26,267.4,149.7,209.7,157.5,232.9,136.3,222,139,279.7,216.2,312.2,196.9,267.4,149.7,221.6,144.3,295.9,206.6,254,165.9
560210002-2,WY,Laramie County,0002-2,1403,109,1175,16,4,25,8,6,60,1060,73,889,12,4,19,8,5,50,449,244,373,239,381,226,405,191,452,291,501,276,449,244,386.3,218.7,476.5,283.5,426.8,244.5
560210002-3,WY,Laramie County,0002-3,1400,117,1173,9,3,32,2,6,58,1054,85,901,7,3,24,2,0,32,512.5,320.3,436.4,337,490.3,287,503.1,254.7,515.8,398.4,590.7,348.8,512.5,320.3,476.6,292.9,553.3,373.6,508.1,324.3
560210002-4,WY,Laramie County,0002-4,894,100,730,11,3,10,1,3,36,757,83,627,8,3,10,1,3,22,344,183,293,196,308,180,306,179,310,253,355,224,344,183,302.3,185,332.5,238.5,319.3,202.5
560210002-5,WY,Laramie County,0002-5,1671,209,1312,29,2,27,1,8,83,1275,131,1054,24,2,25,0,1,38,536,322,467,350,509,300,498,305,520,396,575,381,536,322,491.3,318.3,547.5,388.5,517.5,342.3
560210002-6,WY,Laramie County,0002-6,3478,283,2909,44,10,60,2,19,151,2642,202,2243,30,7,50,0,13,97,1060.5,524.3,974.4,575.2,1070.3,477.1,1054.1,473.1,1255.2,729.2,1409.4,630.8,1060.5,524.3,1032.9,508.5,1332.3,680,1137.3,568.3
560210002-7,WY,Laramie County,0002-7,2586,330,1968,57,11,45,7,23,145,2035,216,1616,46,11,33,6,19,88,678.1,400.9,523.6,436.3,566.1,389.3,547.1,396.3,685.9,495.8,742.3,473.4,678.1,400.9,545.6,407.3,714.1,484.6,623.9,432
560210002-8,WY,Laramie County,0002-8,532,52,440,4,1,12,1,1,21,478,34,416,0,1,9,1,0,17,95.5,60.8,72.5,68,81.7,54.9,68.8,62.7,114.7,67.3,123.9,59.4,95.5,60.8,74.3,61.9,119.3,63.3,92.8,62.2
560210002-9,WY,Laramie County,0002-9,1704,239,1262,53,17,43,1,9,80,1269,163,977,45,9,33,0,3,39,374.7,189.9,266.8,217,284,201.8,297.2,186.4,391.4,244.7,412.8,253.4,374.7,189.9,282.7,201.7,402.1,249.1,337.8,215.5
560210003-1,WY,Laramie County,0003-1,1449,205,1129,15,11,8,2,11,68,1144,145,930,10,4,8,2,4,41,432,234,320,245,333,230,313,235,399,296,425,299,432,234,322,236.7,412,297.5,370.3,256.5
560210003-2,WY,Laramie County,0003-2,1529,271,1089,58,12,16,2,0,81,1236,192,924,38,11,10,2,0,59,268,180,170,165,170,159,151,169,280,207,292,216,268,180,163.7,164.3,286,211.5,221.8,182.7
560210003-3,WY,Laramie County,0003-3,1290,243,906,30,8,13,2,5,83,1060,157,792,26,8,11,2,5,59,252,169,201,177,212,157,206,166,283,200,301,204,252,169,206.3,166.7,292,202,242.5,178.8
560210003-4,WY,Laramie County,0003-4,1474,214,1152,48,0,15,1,3,41,1235,154,990,45,0,14,1,3,28,351.5,246.2,266.4,242.3,270.4,224.2,268.4,219.2,356.5,293.3,386.6,277.3,351.5,246.2,268.4,228.6,371.5,285.3,316.6,250.4
560210003-5,WY,Laramie County,0003-5,2268,369,1690,48,15,10,6,8,122,1767,251,1364,40,13,8,6,6,79,538.5,302.2,408.8,337.3,401.8,338.3,409.5,326.1,564.3,382.2,592.2,380.1,538.5,302.2,406.7,333.9,578.2,381.2,485.8,344.4
560210003-6,WY,Laramie County,0003-6,2288,360,1713,43,30,20,3,8,111,1821,243,1409,37,28,17,1,8,78,488.8,251.7,352.4,249.6,360.3,234.7,331.2,255.7,538.2,306.1,548.2,317.1,488.8,251.7,348,246.7,543.2,311.6,436.5,269.1
560210003-7,WY,Laramie County,0003-7,1656,238,1220,67,10,30,6,4,81,1330,158,1021,53,7,29,6,3,53,367.8,175.5,271.9,186.9,281.2,179.3,281.2,175.5,375.4,251.2,405,239.7,367.8,175.5,278.1,180.6,390.1,245.5,330.4,201.4
560210003-8,WY,Laramie County,0003-8,2051,324,1497,37,8,37,5,18,125,1476,202,1117,28,5,33,5,14,72,417,226,307,219,311,198,332,190,478,293,504,299,417,226,316.7,202.3,491,296,391.5,237.5
560210003-9,WY,Laramie County,0003-9,3776,799,2604,102,24,37,1,18,191,2658,483,1934,75,17,34,1,10,104,765,371,566,366,568,358,557,360,820,512,869,495,765,371,563.7,361.3,844.5,503.5,690.8,410.3
560210004-1,WY,Laramie County,0004-1,272,30,220,0,4,2,0,0,16,207,24,166,0,4,0,0,0,13,76,19,71,21,73,20,74,18,108,29,108,29,76,19,72.7,19.7,108,29,85,22.7
560210004-2,WY,Laramie County,0004-2,1276,77,1105,2,6,7,0,10,69,1014,55,893,2,6,5,0,9,44,484,139.4,419.6,161.4,418.5,135.4,422.5,148.5,557.7,185.6,577.6,183.7,484,139.4,420.2,148.5,567.7,184.7,480,159
560210004-3,WY,Laramie County,0004-3,72,13,50,0,3,1,0,3,2,49,7,33,0,3,1,0,3,2,24.6,2,19.7,0,18.7,0,19.7,0,26.5,1,26.5,1,24.6,2,19.3,0,26.5,1,22.6,0.7
560210004-4,WY,Laramie County,0004-4,1322,69,1186,4,4,6,1,4,48,983,44,899,3,4,2,0,4,27,438,123,413,143,413,134,422,122,626,203,655,192,438,123,416,133,640.5,197.5,494.5,152.8
560210004-5,WY,Laramie County,0004-5,215,16,162,5,1,9,0,3,19,149,11,110,5,1,8,0,1,13,59,5,41,9,39,12,39,10,51,7,53,10,59,5,39.7,10.3,52,8.5,47,8.8
560210004-6,WY,Laramie County,0004-6,2589,149,2260,17,2,31,2,18,110,2026,99,1804,10,2,26,2,14,69,1062,276,903,322,907,285,932,275,1176,399,1214,383,1062,276,914,294,1195,391,1032.3,323.3
560210004-7,WY,Laramie County,0004-7,4049,640,2746,285,31,62,6,19,260,2925,409,2060,222,22,56,6,14,136,659.4,200,441.5,185,450.6,165.8,443.3,170,733.2,292.9,774.4,284,659.4,200,445.1,173.6,753.8,288.5,583.7,216.3
560210004-8,WY,Laramie County,0004-8,2738,542,1880,62,12,33,7,8,194,2065,329,1525,45,11,22,3,8,122,477.6,223.8,338.2,275.9,357.6,244.7,337.9,258.3,603.7,331.4,614.8,357.9,477.6,223.8,344.6,259.6,609.2,344.7,455,282
560210004-9,WY,Laramie County,0004-9,3808,920,2564,54,35,32,1,21,181,2848,578,2043,38,29,25,1,12,122,747,256.6,497.3,255.7,517.3,221.7,513.3,226.7,866.8,357.5,868.8,383.5,747,256.6,509.3,234.7,867.8,370.5,668.4,283.6
560210005-1,WY,Laramie County,0005-1,2355,600,1552,47,24,11,1,15,105,1727,369,1208,39,17,6,1,11,76,347.5,120.8,263.5,114.5,259.5,102.6,246.7,120.4,479.6,153,481.6,174.7,347.5,120.8,256.6,112.5,480.6,163.8,346.4,131
560210005-2,WY,Laramie County,0005-2,1614,143,1380,8,10,13,0,5,55,1285,90,1140,5,8,8,0,5,29,676.2,253.6,602.4,285.7,634.5,247.8,628.6,246.8,702.5,320.6,743.3,304.1,676.2,253.6,621.8,260.1,722.9,312.4,664.6,276.4
560210005-3,WY,Laramie County,0005-3,2269,163,1946,9,9,21,2,14,105,1787,119,1557,5,5,17,1,7,76,882.3,231.8,761.6,255.7,736.3,259,766.1,233,1009.5,332.9,1051.4,325.4,882.3,231.8,754.6,249.2,1030.4,329.1,867.8,273
560210005-4,WY,Laramie County,0005-4,3292,293,2815,28,10,11,4,20,111,2495,180,2186,18,6,10,3,17,75,1460.3,362.3,1185,410.7,1188.4,372.8,1188.8,384.2,1711.5,534.2,1758.8,552.9,1460.3,362.3,1187.4,389.2,1735.2,543.6,1415.5,436.2
560210005-5,WY,Laramie County,0005-5,483,81,351,6,1,10,0,4,30,387,55,293,6,0,6,0,3,24,119.4,41.7,94.2,47.7,87.7,48.4,87.5,50.4,115.7,62.6,119.8,63.6,119.4,41.7,89.8,48.8,117.8,63.1,104.1,52.4
560210006-1,WY,Laramie County,0006-1,2131,173,1834,2,9,17,0,9,87,1579,98,1402,1,9,12,0,4,53,691,70,533,101,525,91,522,93,861,129,865,156,691,70,526.7,95,863,142.5,666.2,106.7
560210006-2,WY,Laramie County,0006-2,1600,105,1395,7,12,1,0,11,69,1221,61,1098,7,11,1,0,9,34,640,89,486,118,482,101,476,114,694,104,693,135,640,89,481.3,111,693.5,119.5,578.5,110.2
560210006-3,WY,Laramie County,0006-3,1685,219,1370,9,3,10,1,7,66,1297,142,1089,8,3,8,0,3,44,631,104,491,113,486,112,472,129,712,145,738,140,631,104,483,118,725,142.5,588.3,123.8
560210006-4,WY,Laramie County,0006-4,206,10,176,0,1,5,0,3,11,159,5,141,0,1,5,0,0,7,86,8,74,7,72,7,71,9,117,8,112,10,86,8,72.3,7.7,114.5,9,88.7,8.2
560210006-5,WY,Laramie County,0006-5,462,113,308,2,1,0,0,6,32,340,77,238,2,1,0,0,5,17,147,13,154,18,151,19,159,12,165,15,171,14,147,13,154.7,16.3,168,14.5,157.8,15.2
560210007-1,WY,Laramie County,0007-1,503,125,299,29,6,6,2,10,26,373,83,233,23,6,5,2,7,14,45.2,34.9,36.3,32.2,34.5,31.1,37.5,30.8,61,38.4,63.2,47.3,45.2,34.9,36.1,31.4,62.1,42.8,46.3,35.8
560210007-2,WY,Laramie County,0007-2,42,11,28,0,0,0,0,0,3,31,5,24,0,0,0,0,0,2,6.9,2.1,6.4,2.7,6.9,2.7,5.9,3.7,9.1,3.2,10.7,1.6,6.9,2.1,6.4,3,9.9,2.4,7.6,2.7
560210007-3,WY,Laramie County,0007-3,397,63,298,6,2,1,0,6,21,306,37,239,6,1,1,0,6,16,100.5,40.1,78.3,38.9,73.4,42.1,71.7,41.9,113.5,47.6,113,52.6,100.5,40.1,74.4,41,113.2,50.1,91.7,43.9
560210007-4,WY,Laramie County,0007-4,1437,402,891,38,8,13,0,6,79,1076,234,727,31,8,10,0,6,60,213.3,91,142.6,77.8,139.8,78.7,137,88.9,245.3,124.1,233.3,139.8,213.3,91,139.8,81.8,239.3,131.9,185.2,100
56021001-10,WY,Laramie County,001-10,2145,677,1287,40,24,22,0,5,90,1646,473,1051,29,19,12,0,5,57,352.5,239.8,237.4,247.8,244.3,230.8,224,249.3,386.6,308.3,394.4,339.2,352.5,239.8,235.3,242.6,390.5,323.8,306.6,269.2
56021002-10,WY,Laramie County,002-10,565,68,425,6,3,9,1,8,45,421,38,350,4,2,5,1,2,19,133.9,58.4,139.7,78.4,154,64.1,150.2,63.1,242.8,103.2,261.9,92.7,133.9,58.4,147.9,68.5,252.4,98,180.4,76.7
56021002-11,WY,Laramie County,002-11,1521,210,1140,48,6,15,11,7,84,1153,124,907,35,5,15,6,5,56,408.4,204.3,306.6,212.3,309.4,203.4,306.5,208.4,407.3,254.3,426.2,264.3,408.4,204.3,307.5,208.1,416.7,259.3,360.7,224.5
56021002-12,WY,Laramie County,002-12,2345,391,1758,42,10,34,1,16,93,1816,288,1392,36,9,27,1,10,53,498,257.5,424.5,301.2,455.3,270.4,430.4,288.3,674,405.6,718.7,410.6,498,257.5,436.7,286.6,696.4,408.1,533.5,322.3
56021002-13,WY,Laramie County,002-13,1776,186,1446,29,5,30,3,0,77,1387,116,1171,24,2,26,2,0,46,491,334.9,437.4,360.7,455.9,335.1,477.5,306.7,598,415.5,633.6,403.8,491,334.9,457,334.2,615.8,409.6,515.6,359.4
56021003-10,WY,Laramie County,003-10,1868,348,1330,35,5,26,4,13,107,1327,194,996,25,5,22,4,7,74,442.5,212,305.8,198.7,301.8,197.6,301.7,190.9,431.3,250.5,459,267.4,442.5,212,303.1,195.7,445.1,259,373.7,219.5
56021003-11,WY,Laramie County,003-11,524,82,391,16,0,14,0,0,21,345,43,270,10,0,14,0,0,8,124.5,57.5,87.1,75.3,95.7,68.6,93.5,64.6,159.5,83.8,171.3,79.2,124.5,57.5,92.1,69.5,165.4,81.5,121.9,71.5
56021003-12,WY,Laramie County,003-12,1478,219,1091,21,6,30,4,4,103,1113,134,852,15,6,26,4,0,76,399,201,290,212,311,179,306,196,427,244,449,243,399,201,302.3,195.7,438,243.5,363.7,212.5
56021003-13,WY,Laramie County,003-13,2481,379,1818,53,11,76,4,18,122,1644,224,1253,38,7,54,4,12,52,265.6,117.9,208.8,123.2,205.2,122,215.8,105.6,387.6,206.4,401.7,209.9,265.6,117.9,209.9,116.9,394.7,208.2,280.8,147.5
56021004-10,WY,Laramie County,004-10,439,17,395,3,1,0,0,1,22,340,11,307,0,1,0,0,1,20,149.3,26.7,121.6,32.5,110.8,33.5,109.8,36.5,201.6,47.4,193.7,52.3,149.3,26.7,114.1,34.2,197.7,49.8,147.8,38.1
56021004-11,WY,Laramie County,004-11,215,20,183,0,0,2,2,3,5,161,14,136,0,0,2,2,3,4,48.5,39.7,55.6,37,54.7,37,52.9,35.3,58.2,47.6,65.3,43.2,48.5,39.7,54.4,36.5,61.7,45.4,55.9,40
56023000101,WY,Lincoln County,000101,802,54,703,0,7,7,0,0,31,595,39,524,0,6,5,0,0,21,276,44,204,49,194,56,202,48,501.7,82,490.6,98.7,276,44,200,51,496.1,90.3,311.4,62.9
56023000102,WY,Lincoln County,000102,757,41,673,0,9,9,1,4,20,561,33,498,0,6,7,1,2,14,275,60,200,64,195,65,200,54,276.7,45.2,270.5,54.4,275,60,198.3,61,273.6,49.8,236.2,57.1
56023000103,WY,Lincoln County,000103,866,39,799,2,3,0,1,1,21,605,27,557,2,3,0,1,1,14,401,59,300,71,285,74,304,50,304.7,49.8,297.9,59.9,401,59,296.3,65,301.3,54.9,315.4,60.6
56023000104,WY,Lincoln County,000104,589,36,521,2,6,2,0,4,18,481,24,439,2,0,2,0,3,11,237,49,188,67,181,75,186,62,272,55,270,62,237,49,185,68,271,58.5,222.3,61.7
56023000106,WY,Lincoln County,000106,249,11,223,0,3,0,0,0,12,196,3,180,0,3,0,0,0,10,115.3,15.7,98.6,14.7,98.4,13.8,97.6,13.8,132.6,10.8,131.6,11.8,115.3,15.7,98.2,14.1,132.1,11.3,112.3,13.5
56023000107,WY,Lincoln County,000107,107,3,103,0,0,0,0,0,1,85,1,84,0,0,0,0,0,0,67,5,54,6,53,6,55,4,65,7,64,8,67,5,54,5.3,64.5,7.5,59.7,6
56023000108,WY,Lincoln County,000108,575,13,533,0,8,2,0,5,14,434,9,401,0,8,0,0,5,11,303.8,16,258.8,22,249.8,20,250.8,23,289.8,13,294.8,14,303.8,16,253.2,21.6,292.3,13.5,274.6,18
56023000201,WY,Lincoln County,000201,2168,118,1917,7,20,19,1,15,71,1510,76,1357,3,13,14,1,15,31,666.8,66.4,629.1,71.3,589.7,74.4,616,54.3,896.4,102.5,935.7,97.3,666.8,66.4,611.6,66.7,916,99.9,722.3,77.7
56023000202,WY,Lincoln County,000202,658,16,617,1,4,0,1,0,19,442,15,415,1,2,0,1,0,8,232.8,16.9,196,16.9,180.1,17.9,194,13.9,320.4,27.9,323.4,25.9,232.8,16.9,190.1,16.3,321.9,26.9,241.1,19.9
56023000203,WY,Lincoln County,000203,2240,207,1924,5,5,16,0,9,74,1801,149,1578,3,3,13,0,4,51,541,228,454,255,453,227,464,212,685,379,731,359,541,228,457,231.3,708,369,554.7,276.7
56023000204,WY,Lincoln County,000204,1028,31,978,0,3,1,2,2,11,766,26,727,0,3,1,0,0,9,366,42,322,34,294,38,317,32,486,58,492,57,366,42,311,34.7,489,57.5,379.5,43.5
56023000205,WY,Lincoln County,000205,1812,103,1617,3,4,7,0,14,64,1391,66,1256,3,4,7,0,10,45,611,92,475,108,445,96,487,81,788,148,817,134,611,92,469,95,802.5,141,603.8,109.8
56023000206,WY,Lincoln County,000206,1290,34,1218,4,5,6,0,3,20,913,19,867,1,2,4,0,3,17,417,38,378,37,343,39,361,35,546,59,546,58,417,38,360.7,37,546,58.5,431.8,44.3
56023000207,WY,Lincoln County,000207,2278,52,2149,9,10,0,7,8,43,1591,28,1510,4,8,0,7,8,26,838.4,57.7,744.9,46.8,684.2,61.7,724,41.8,1080.2,68.7,1118.9,50.8,838.4,57.7,717.7,50.1,1099.6,59.7,865.1,54.6
56023000208,WY,Lincoln County,000208,1251,75,1122,0,5,5,1,4,39,914,38,838,0,5,5,0,4,24,426,50,388,48,364,43,377,42,599,66,615,62,426,50,376.3,44.3,607,64,461.5,51.8
56023000209,WY,Lincoln County,000209,819,18,772,1,2,3,6,1,16,520,6,497,1,2,0,6,1,7,301.9,11.3,290.6,11.3,265.7,21.2,279.6,18.2,416.6,16.2,411.6,18.2,301.9,11.3,278.6,16.9,414.1,17.2,327.7,16.1
56023000210,WY,Lincoln County,000210,2092,108,1868,0,7,19,1,21,68,1655,61,1516,0,4,15,0,14,45,703,254,665,230,636,227,653,223,983,321,1036,289,703,254,651.3,226.7,1009.5,305,779.3,257.3
56025000101,WY,Natrona County,000101,2436,517,1667,54,48,22,3,15,110,1868,338,1359,40,26,17,0,9,79,319,170,152,171,168,144,152,156,364,208,336,235,319,170,157.3,157,350,221.5,248.5,180.7
56025000102,WY,Natrona County,000102,1698,183,1380,19,37,14,0,2,63,1481,138,1230,14,36,11,0,0,52,316,197.3,219.3,205.3,223.4,192.2,217.3,188.3,312.2,234.4,304.1,253.5,316,197.3,220,195.3,308.2,244,265.4,211.8
56025000103,WY,Natrona County,000103,1925,185,1581,5,19,12,1,16,106,1470,111,1256,4,8,9,1,9,72,429,248,293,301,322,259,317,247,448,344,459,357,429,248,310.7,269,453.5,350.5,378,292.7
56025000104,WY,Natrona County,000104,2001,172,1659,33,14,16,3,9,95,1688,123,1439,28,10,15,3,5,65,555,280,398,295,416,271,433,238,563,369,590,365,555,280,415.7,268,576.5,367,492.5,303
56025000105,WY,Natrona County,000105,1162,94,988,7,12,4,4,3,50,895,66,770,6,12,4,4,3,30,287,200,207,225,229,198,219,190,274,274,292,268,287,200,218.3,204.3,283,271,251.3,225.8
56025000106,WY,Natrona County,000106,3547,316,2866,50,18,56,1,13,227,2562,188,2127,40,15,45,1,12,134,785.2,240.1,510.2,264,528.1,237.2,525.1,225.2,869.9,346.8,863.9,389.6,785.2,240.1,521.1,242.1,866.9,368.2,680.4,283.8
56025000107,WY,Natrona County,000107,1287,114,1083,15,6,4,0,3,62,978,68,858,8,6,3,0,3,32,313,129,203,143,203,142,194,132,324,160,314,187,313,129,200,139,319,173.5,258.5,148.8
56025000109,WY,Natrona County,000109,2308,169,1965,12,19,18,0,5,120,1618,93,1426,6,14,15,0,5,59,817,164,608,215,624,182,636,163,893,261,905,265,817,164,622.7,186.7,899,263,747.2,208.3
56025000111,WY,Natrona County,000111,1359,67,1206,8,11,8,2,1,56,1060,48,949,5,11,6,2,0,39,432,174,334,163,360,130,357,130,478,180,502,169,432,174,350.3,141,490,174.5,410.5,157.7
56025000112,WY,Natrona County,000112,970,113,754,16,14,3,1,7,62,796,93,619,12,14,3,1,3,51,207,88,153,94,157,88,148,83,253,115,263,120,207,88,152.7,88.3,258,117.5,196.8,98
56025000201,WY,Natrona County,000201,2061,208,1699,14,22,13,0,7,98,1602,131,1355,11,15,12,0,3,75,543.3,215.9,347.8,238,369.8,206.9,353.8,198.8,606,273.2,598.8,297.4,543.3,215.9,357.1,214.6,602.4,285.3,469.9,238.4
56025000202,WY,Natrona County,000202,1835,216,1472,19,24,8,1,4,91,1415,134,1182,14,15,8,1,3,58,428,192,266,199,280,180,272,170,456,225,440,253,428,192,272.7,183,448,239,357,203.2
56025000203,WY,Natrona County,000203,1532,142,1289,16,10,9,3,6,57,1143,95,972,11,10,9,3,6,37,412,120,268,148,289,114,276,118,426,167,416,189,412,120,277.7,126.7,421,178,347.8,142.7
56025000204,WY,Natrona County,000204,1381,169,1122,13,4,0,1,4,68,1023,101,874,10,4,0,1,2,31,349,163,249,169,267,151,261,148,383,184,382,195,349,163,259,156,382.5,189.5,315.2,168.3
56025000206,WY,Natrona County,000206,2494,154,2171,31,5,31,0,5,97,1860,98,1651,22,3,21,0,2,63,873,235,678,288,702,247,698,221,938,294,965,289,873,235,692.7,252,951.5,291.5,809,262.3
56025000207,WY,Natrona County,000207,2877,198,2481,12,24,31,4,17,110,2177,114,1934,4,15,31,1,16,62,1018,224.6,718,265,740,226.7,730.1,212.7,1060,295.8,1039,321.9,1018,224.6,729.4,234.8,1049.5,308.8,884.2,257.8
56025000208,WY,Natrona County,000208,3860,353,3232,24,42,14,7,11,177,2711,196,2336,19,29,12,0,11,108,1046.3,212.7,689.9,251.6,700.9,210.7,697.9,208.7,1210,305.5,1182.1,342.4,1046.3,212.7,696.3,223.7,1196.1,324,921.2,255.3
56025000209,WY,Natrona County,000209,1627,200,1306,23,15,4,2,10,67,1195,118,997,18,11,3,0,7,41,448.3,87.5,310.8,105.3,309.9,95.3,316.9,89.3,492.3,109.2,487.2,122.2,448.3,87.5,312.5,96.6,489.8,115.7,394.2,101.5
56025000210,WY,Natrona County,000210,1670,88,1461,12,10,8,0,11,80,1268,51,1150,7,8,8,0,9,35,683,213,562,233,609,187,594,175,685,265,712,277,683,213,588.3,198.3,698.5,271,640.8,225
56025000302,WY,Natrona County,000302,2175,338,1628,27,47,10,4,2,119,1679,217,1325,18,32,9,4,1,73,504.5,186.4,286.1,202.9,323,167.9,299.7,172.8,525.5,231.2,498,272.1,504.5,186.4,302.9,181.2,511.7,251.7,406.1,205.6
56025000303,WY,Natrona County,000303,2105,241,1662,15,22,16,0,15,134,1639,161,1332,14,15,16,0,10,91,587,217,404,242,415,216,416,214,635,281,633,290,587,217,411.7,224,634,285.5,515,243.3
56025000304,WY,Natrona County,000304,3008,292,2490,35,17,33,1,1,139,2198,167,1882,28,13,24,1,1,82,788.8,252.9,521.8,273,525.9,249.8,526.9,226.8,851.1,299.2,844.1,337.4,788.8,252.9,524.9,249.9,847.6,318.3,676.4,273.2
56025000305,WY,Natrona County,000305,1620,102,1416,16,2,6,1,5,72,1286,66,1158,12,1,4,1,0,44,530,180,386,182,404,155,401,148,543,207,527,226,530,180,397,161.7,535,216.5,465.2,183
56025000306,WY,Natrona County,000306,1492,100,1289,9,11,28,0,3,52,1137,57,1017,7,7,25,0,2,22,613,165.7,493.1,185.2,512.9,167.9,517.7,146.9,601.6,235.7,644.7,204.2,613,165.7,507.9,166.7,623.2,220,563.9,184.3
56025000308,WY,Natrona County,000308,3910,339,3208,51,65,59,6,14,168,2952,216,2504,33,39,46,6,10,98,977,292.3,623.9,318.8,664.1,250.1,650.3,254.1,1005.4,396.3,1012.3,420.8,977,292.3,646.1,274.3,1008.8,408.5,822.1,322.1
56025000309,WY,Natrona County,000309,1482,132,1200,13,34,26,0,5,72,1077,78,910,13,15,13,0,4,44,432,125,265,145,273,136,268,122,427,161,434,164,432,125,268.7,134.3,430.5,162.5,349.8,142.2
56025000310,WY,Natrona County,000310,5572,406,4773,70,32,73,5,16,197,4073,252,3568,49,21,59,2,13,109,1796.1,453.8,1357.7,460.6,1389.7,415,1383.9,372.4,1988.1,624.5,2023,610.9,1796.1,453.8,1377.1,416,2005.6,617.7,1656.4,489.6
56025000401,WY,Natrona County,000401,2746,343,2138,19,49,24,7,10,156,1996,214,1634,13,36,16,0,6,77,665.7,150.8,346.5,155.8,362.4,133.4,356.4,138.9,687.8,204.8,644.3,255.2,665.7,150.8,355.1,142.7,666,230,510.5,173.2
56025000402,WY,Natrona County,000402,2056,90,1824,9,10,8,4,17,94,1584,47,1435,7,8,6,3,12,66,887.6,101.4,659,109.6,636.1,103.6,664.9,89.8,1030.4,131.8,1000,166.9,887.6,101.4,653.3,101,1015.2,149.3,813,117.2
56025000501,WY,Natrona County,000501,148,8,123,0,0,1,0,1,15,114,4,97,0,0,0,0,0,13,37,12,38,15,38,15,39,13,53,15,49,15,37,12,38.3,14.3,51,15,42.3,14.2
56025000701,WY,Natrona County,000701,302,25,264,0,0,1,2,0,10,226,10,204,0,0,1,1,0,10,114.7,22.1,87.6,23,89.6,18.1,84.6,18,124.7,17.1,114.7,35.1,114.7,22.1,87.2,19.7,119.7,26.1,102.6,22.2
56025000702,WY,Natrona County,000702,191,27,159,0,0,0,0,2,3,143,14,125,0,0,0,0,1,3,74.3,5.9,60.4,4,55.5,5.9,58.4,5,68.3,7.9,67.3,7.9,74.3,5.9,58.1,5,67.8,7.9,64,6.1
56025000801,WY,Natrona County,000801,4023,395,3355,27,39,12,0,15,180,3076,228,2649,26,32,9,0,11,121,895.8,206.2,563.5,216.7,567.5,186.9,562.8,181.1,1050.3,255.8,1014.7,317.1,895.8,206.2,564.6,194.9,1032.5,286.5,775.8,227.3
56025000802,WY,Natrona County,000802,616,41,548,1,3,3,0,4,16,499,29,458,1,1,0,0,1,9,261.8,53.8,183.8,54.5,186.8,49.4,188.5,46.3,225.1,54.3,219.8,62.5,261.8,53.8,186.3,50.1,222.4,58.4,210.9,53.5
56025000803,WY,Natrona County,000803,1646,115,1405,12,28,6,2,6,72,1206,71,1047,7,22,4,2,3,50,434.8,64.9,290.5,72.3,303.4,58.3,292.9,63.3,484,95.8,454.7,115,434.8,64.9,295.6,64.6,469.3,105.4,376.7,78.3
56025000804,WY,Natrona County,000804,1994,82,1808,17,12,5,9,6,55,1644,58,1497,17,12,5,9,5,41,836.6,118.1,603.4,150.1,601.4,129.1,622.4,105.1,910.7,139.1,880.6,168.2,836.6,118.1,609.1,128.1,895.7,153.6,742.5,134.9
56025000805,WY,Natrona County,000805,2981,284,2466,12,19,25,4,17,154,2010,149,1719,11,12,18,3,11,87,953,93,588,123,575,116,582,97,1074,162,1030,212,953,93,581.7,112,1052,187,800.3,133.8
56025000901,WY,Natrona County,000901,1807,53,1655,4,11,8,0,7,69,1480,38,1377,3,7,5,0,7,43,893.2,153.6,658.7,217.3,669.6,169.6,685.5,157.6,909.5,202.4,893.6,212.5,893.2,153.6,671.2,181.5,901.6,207.5,785,185.5
56025001101,WY,Natrona County,001101,203,8,186,1,1,2,0,0,5,148,2,141,0,1,1,0,0,3,110,4,79,9,85,4,82,10,123,4,117,12,110,4,82,7.7,120,8,99.3,7.2
56025001102,WY,Natrona County,001102,214,9,193,0,3,4,0,0,5,178,4,164,0,3,2,0,0,5,109,20,93,16,89,17,88,16,124,22,125,22,109,20,90,16.3,124.5,22,104.7,18.8
56025001103,WY,Natrona County,001103,450,17,415,0,1,2,0,1,14,340,13,315,0,1,0,0,0,11,217,49,167,37,171,34,165,33,219,54,217,57,217,49,167.7,34.7,218,55.5,192.7,44
56025001104,WY,Natrona County,001104,240,14,205,0,3,2,0,0,16,191,6,167,0,3,0,0,0,15,109,5,80,11,78,12,80,7,113,7,108,10,109,5,79.3,10,110.5,8.5,94.7,8.7
56025001202,WY,Natrona County,001202,576,33,499,3,2,3,0,7,29,471,25,425,0,2,2,0,5,12,280,78,223,71,230,60,223,57,284,89,287,96,280,78,225.3,62.7,285.5,92.5,254.5,75.2
56025001301,WY,Natrona County,001301,203,11,176,3,0,0,0,1,12,147,8,127,3,0,0,0,0,9,86,10,63,12,60,14,61,11,84,19,80,19,86,10,61.3,12.3,82,19,72.3,14.2
56025001302,WY,Natrona County,001302,116,5,107,1,0,1,0,0,2,96,5,88,1,0,1,0,0,1,72,2,48,3,40,4,42,4,72,1,69,4,72,2,43.3,3.7,70.5,2.5,57.2,3
56025001401,WY,Natrona County,001401,33,0,30,0,1,0,0,2,0,23,0,23,0,0,0,0,0,0,25,0,22,2,22,2,22,2,22,1,22,1,25,0,22,2,22,1,22.5,1.3
56025ZZZZZZ,WY,Natrona County,ZZZZZZ,16,1,10,1,1,0,0,0,3,14,1,10,0,0,0,0,0,3,0,0,0,0,0,0,0,0,0,0,0,0,0,0,0,0,0,0,0,0
56027000102,WY,Niobrara County,000102,88,2,82,0,0,0,0,0,4,74,2,70,0,0,0,0,0,2,60,0,55,0,54,1,55,0,58,0,56,0,60,0,54.7,0.3,57,0,56.3,0.2
56027000302,WY,Niobrara County,000302,96,1,93,0,0,0,0,0,2,89,0,87,0,0,0,0,0,2,57,0,62,3,56,1,55,3,79,1,83,1,57,0,57.7,2.3,81,1,65.3,1.5
56027000401,WY,Niobrara County,000401,166,2,157,0,0,1,0,0,6,134,1,130,0,0,0,0,0,3,98,2,86,3,77,3,88,2,94,3,94,3,98,2,83.7,2.7,94,3,89.5,2.7
56027000601,WY,Niobrara County,000601,930,40,821,6,20,5,2,0,36,807,34,722,5,20,4,2,0,20,291,34,243,39,232,40,230,40,289,34,290,42,291,34,235,39.7,289.5,38,262.5,38.2
56027000602,WY,Niobrara County,000602,1009,27,930,0,7,6,3,0,36,776,17,723,0,7,2,3,0,24,473,71,413,91,385,95,390,75,467,109,477,99,473,71,396,87,472,104,434.2,90
56027000701,WY,Niobrara County,000701,178,4,172,0,0,0,0,0,2,153,2,149,0,0,0,0,0,2,137,8,121,8,114,13,116,10,131,8,133,11,137,8,117,10.3,132,9.5,125.3,9.7
56029000101,WY,Park County,000101,595,20,538,2,6,5,0,5,19,511,12,468,2,4,4,0,3,18,299.8,44,252.8,52,229.8,51,248.8,45,384.6,63,383.6,60,299.8,44,243.8,49.3,384.1,61.5,299.9,52.5
56029000201,WY,Park County,000201,2266,125,2000,5,13,22,0,10,91,1762,82,1582,4,12,18,0,10,54,799.6,145.7,623.9,163.7,615.9,145.7,616.9,135.8,928.4,225.6,950.3,197.7,799.6,145.7,618.9,148.4,939.3,211.6,755.8,169
56029000202,WY,Park County,000202,1779,62,1639,2,2,13,0,13,48,1390,38,1301,0,2,8,0,9,32,613.9,165.4,439.6,187.4,471.6,143.3,448.6,150.3,658.2,227.6,695.3,198.5,613.9,165.4,453.3,160.3,676.8,213,554.5,178.7
56029000301,WY,Park County,000301,1259,48,1169,2,0,5,0,1,34,1008,30,944,2,0,5,0,1,26,535.7,94,457.3,91.3,456.4,76.5,457.3,79.3,619.6,128.2,638,118,535.7,94,457,82.4,628.8,123.1,527.4,97.9
56029000302,WY,Park County,000302,1735,34,1627,2,7,7,1,2,55,1402,21,1328,2,6,5,0,2,38,813.2,169.7,708,167.7,698.1,136.6,701.1,144.6,958.7,244.9,1013.7,202,813.2,169.7,702.4,149.7,986.2,223.5,815.4,177.6
56029000401,WY,Park County,000401,1872,33,1741,1,15,11,0,15,56,1587,21,1489,1,11,7,0,12,46,926.4,174.1,756.4,185.1,736.4,155.1,739.4,166.1,1038.5,234.2,1045.6,218.1,926.4,174.1,744.1,168.7,1042.1,226.1,873.8,188.8
56029000402,WY,Park County,000402,488,21,458,0,0,2,0,3,4,412,14,390,0,0,2,0,3,3,179.1,20.1,155,21.1,145,18.1,147,17.1,199.1,41,200.1,39,179.1,20.1,149,18.8,199.6,40,170.9,26.1
56029000601,WY,Park County,000601,1055,54,944,1,0,3,0,7,46,804,32,741,1,0,3,0,3,24,409,46,343,49,333,52,339,38,494,67,493,63,409,46,338.3,46.3,493.5,65,401.8,52.5
56029000702,WY,Park County,000702,92,5,79,0,3,1,0,0,4,76,5,64,0,3,1,0,0,3,53,9,40,11,36,10,39,8,53,12,51,13,53,9,38.3,9.7,52,12.5,45.3,10.5
56029000801,WY,Park County,000801,184,5,168,0,0,2,0,0,9,152,2,143,0,0,2,0,0,5,118,12,97,18,91,16,95,13,127,17,131,14,118,12,94.3,15.7,129,15.5,109.8,15
56029000802,WY,Park County,000802,317,7,280,4,3,0,0,0,23,265,6,236,4,3,0,0,0,16,155,26,124,30,122,32,124,33,159,34,159,35,155,26,123.3,31.7,159,34.5,140.5,31.7
56029000803,WY,Park County,000803,251,10,225,1,1,0,0,1,13,205,6,188,1,1,0,0,1,8,124.8,11.9,87.1,14.8,87.1,8.9,87.1,11.9,122.8,17.8,123.8,20.8,124.8,11.9,87.1,11.9,123.3,19.3,105.4,14.4
56029000901,WY,Park County,000901,1108,92,935,4,8,21,3,7,38,909,68,779,3,6,20,3,4,26,256,103,178,94,166,96,164,87,270,123,275,120,256,103,169.3,92.3,272.5,121.5,218.2,103.8
56029000902,WY,Park County,000902,695,65,587,3,1,7,0,10,22,572,49,495,2,0,7,0,9,10,226,65,191,60,183,59,201,44,286,73,302,75,226,65,191.7,54.3,294,74,231.5,62.7
56029000904,WY,Park County,000904,1132,81,979,8,6,13,1,9,35,883,62,766,6,6,10,0,4,29,331,123,269,113,265,104,266,102,379,160,396,156,331,123,266.7,106.3,387.5,158,317.7,126.3
56029000905,WY,Park County,000905,926,42,839,0,3,3,1,8,30,718,25,659,0,3,2,0,5,24,338,85,289,86,294,76,293,72,384,118,417,105,338,85,292,78,400.5,111.5,335.8,90.3
56029000907,WY,Park County,000907,2570,360,2052,8,16,17,5,5,107,1909,223,1580,7,16,13,3,1,66,544,169,445,161,430,158,436,154,707,219,730,217,544,169,437,157.7,718.5,218,548.7,179.7
56029001001,WY,Park County,001001,1035,92,886,0,1,8,0,7,41,807,62,707,0,1,5,0,5,27,399,60,302,53,287,52,293,50,487,74,492,71,399,60,294,51.7,489.5,72.5,376.7,60
56029001002,WY,Park County,001002,1440,76,1314,0,3,5,0,9,33,1148,54,1060,0,3,5,0,9,17,583,110.1,510.7,111.1,502.7,105.1,509.7,99.2,762.5,125.9,790.3,112,583,110.1,507.7,105.1,776.4,119,609.8,110.6
56029001102,WY,Park County,001102,103,3,93,0,0,2,0,0,5,91,1,84,0,0,2,0,0,4,53,15,40,11,39,11,40,11,55,15,56,14,53,15,39.7,11,55.5,14.5,47.2,12.8
56029001601,WY,Park County,001601,988,29,919,0,1,5,0,0,34,868,26,812,0,1,5,0,0,24,430.2,166.2,375.1,148.2,360.1,148.2,369.1,140.2,500.2,212.3,505.2,196.3,430.2,166.2,368.1,145.5,502.7,204.3,423.3,168.6
56029002101,WY,Park County,002101,1158,71,1026,2,4,5,0,17,33,919,56,809,2,4,5,0,13,30,534.2,71.8,409.4,67.9,392.3,56.7,404.5,54.8,641.5,73,638.5,81,534.2,71.8,402.1,59.8,640,77,503.4,67.5
56029002301,WY,Park County,002301,601,62,509,0,5,4,0,6,15,443,39,379,0,5,4,0,4,12,262.2,37,224.6,43.8,214.5,36.8,229.5,36.9,345.7,44.5,343.2,40.7,262.2,37,222.9,39.2,344.4,42.6,270,39.9
56029002401,WY,Park County,002401,1744,102,1520,2,13,18,0,6,83,1380,49,1240,2,10,11,0,6,62,505,138,335,167,340,145,330,151,540,232,552,217,505,138,335,154.3,546,224.5,433.7,175
56029002402,WY,Park County,002402,900,49,807,4,0,5,0,3,32,678,34,610,4,0,4,0,3,23,326,96,254,89,253,70,246,84,337,132,360,116,326,96,251,81,348.5,124,296,97.8
56029002403,WY,Park County,002403,440,22,398,0,0,8,0,0,12,335,15,307,0,0,5,0,0,8,152,50,119,36,120,30,121,30,163,48,165,47,152,50,120,32,164,47.5,140,40.2
56029002501,WY,Park County,002501,1246,74,1092,2,7,9,4,2,56,981,48,882,1,7,9,2,2,30,422,156,329,171,347,139,339,134,454,211,488,178,422,156,338.3,148,471,194.5,396.5,164.8
56029002502,WY,Park County,002502,756,29,703,4,1,4,1,0,14,606,10,583,2,0,4,1,0,6,322,94,286,101,295,81,290,82,345,139,376,105,322,94,290.3,88,360.5,122,319,100.3
56029002503,WY,Park County,002503,889,24,789,2,1,6,1,2,64,720,16,649,0,1,5,0,2,47,404.3,78.2,297.1,85.2,304.1,64.1,293.1,62.1,413.5,98.3,418.5,87.3,404.3,78.2,298.1,70.5,416,92.8,355.1,79.2
56031000014,WY,Platte County,000014,139,25,106,0,0,0,0,0,8,106,16,83,0,0,0,0,0,7,15.4,2.4,13.1,2.9,11.8,3,13.2,2.3,17.4,2.7,17.4,3,15.4,2.4,12.7,2.7,17.4,2.9,14.7,2.7
56031000101,WY,Platte County,000101,931,141,710,3,34,5,0,6,32,748,94,595,1,31,2,0,6,19,259,55,214,60,182,73,205,56,291,80,297,81,259,55,200.3,63,294,80.5,241.3,67.5
56031000102,WY,Platte County,000102,640,54,541,0,0,11,0,2,32,501,29,439,0,0,9,0,2,22,238,81,189,84,176,83,195,65,261,94,279,76,238,81,186.7,77.3,270,85,223,80.5
56031000103,WY,Platte County,000103,1155,115,976,6,0,13,0,8,37,917,78,803,0,0,8,0,6,22,420,93,346,124,319,125,350,105,461,152,491,142,420,93,338.3,118,476,147,397.8,123.5
56031000104,WY,Platte County,000104,862,63,759,0,2,7,0,2,29,693,43,619,0,2,6,0,2,21,284,78,226,82,223,83,236,65,322,96,336,92,284,78,228.3,76.7,329,94,271.2,82.7
56031000106,WY,Platte County,000106,774,33,707,0,4,0,1,6,23,619,21,572,0,3,0,1,3,19,419.6,66.6,356.9,78.1,321.2,81,359.8,62.7,473.6,74.3,473.6,82,419.6,66.6,346,74,473.6,78.1,400.8,74.1
56031000201,WY,Platte County,000201,1311,154,1099,3,16,4,1,3,31,1036,101,895,0,10,4,1,0,25,449,136,379,155,363,157,376,144,548,142,552,159,449,136,372.7,152,550,150.5,444.5,148.8
56031000301,WY,Platte County,000301,167,8,154,0,0,0,0,0,5,137,7,126,0,0,0,0,0,4,46,20,40,13,33,18,37,13,57,25,61,24,46,20,36.7,14.7,59,24.5,45.7,18.8
560310006-2,WY,Platte County,0006-2,237,8,223,0,3,0,0,0,3,205,3,196,0,3,0,0,0,3,139.4,21.5,111.7,24.4,104.6,26.4,113.6,19.4,148.1,26.5,147,23.8,139.4,21.5,110,23.4,147.6,25.2,127.4,23.7
56031000601,WY,Platte County,000601,409,12,379,2,4,1,0,0,11,330,8,309,0,4,1,0,0,8,178.6,27.5,140.3,21.6,136.4,21.6,137.4,19.6,216.9,28.5,209,40.2,178.6,27.5,138,20.9,212.9,34.3,169.8,26.5
56031000901,WY,Platte County,000901,103,7,96,0,0,0,0,0,0,87,6,81,0,0,0,0,0,0,62,9,53,15,48,15,55,11,60,10,60,13,62,9,52,13.7,60,11.5,56.3,12.2
56031001001,WY,Platte County,001001,339,14,318,1,0,0,0,1,5,274,11,258,0,0,0,0,0,5,166,21,131,27,117,35,138,26,173,30,173,35,166,21,128.7,29.3,173,32.5,149.7,29
56031001201,WY,Platte County,001201,997,42,914,2,0,1,2,1,35,794,33,735,0,0,1,2,1,22,479,57,401,66,385,66,399,52,554,73,554,71,479,57,395,61.3,554,72,462,64.2
56031002001,WY,Platte County,002001,541,19,487,2,4,1,0,4,24,442,10,407,0,4,1,0,4,16,281,51,249,48,224,58,242,40,315,56,312,56,281,51,238.3,48.7,313.5,56,270.5,51.5
56033001-01,WY,Sheridan County,001-01,1412,112,1185,5,18,19,1,2,70,1150,86,981,2,13,17,1,2,48,353.2,80,252.4,95.1,257.1,76.3,251.4,85.7,436,116.8,453.9,110.2,353.2,80,253.6,85.7,445,113.5,334,94
56033002-01,WY,Sheridan County,002-01,1354,89,1156,6,12,12,2,6,71,1060,60,923,6,12,8,2,5,44,387.8,88.4,254.6,105,273.1,91.3,259.5,93.3,426.6,126.3,440.2,120.5,387.8,88.4,262.4,96.5,433.4,123.4,340.3,104.2
56033002-02,WY,Sheridan County,002-02,894,34,802,9,5,0,1,2,41,699,19,641,8,1,0,1,2,27,251,127,212,136,236,112,226,117,284,178,312,162,251,127,224.7,121.7,298,170,253.5,138.7
56033002-03,WY,Sheridan County,002-03,2029,100,1817,0,18,11,2,1,80,1558,69,1394,0,17,11,2,0,65,545.6,166,445.1,173.2,457.7,153.5,451.4,149,634.5,245.9,658.7,236.9,545.6,166,451.4,158.6,646.6,241.4,532.2,187.4
56033002-04,WY,Sheridan County,002-04,1731,111,1503,6,13,8,1,7,82,1314,61,1183,4,7,7,1,6,45,451.3,148.1,322.2,148.1,333.3,131.1,332.3,116.1,491.4,212.1,524.4,195.1,451.3,148.1,329.3,131.8,507.9,203.6,409.1,158.4
56033002-05,WY,Sheridan County,002-05,2251,116,2017,2,15,14,0,9,78,1725,65,1572,2,10,14,0,8,54,734,284,653,307,729,236,690,251,804,390,881,330,734,284,690.7,264.7,842.5,360,748.5,299.7
56033003-02,WY,Sheridan County,003-02,651,29,580,8,6,1,0,1,26,558,24,502,8,4,1,0,1,18,171,138,150,139,172,116,154,122,199,187,220,171,171,138,158.7,125.7,209.5,179,177.7,145.5
56033003-03,WY,Sheridan County,003-03,268,8,248,0,0,0,0,6,6,207,5,190,0,0,0,0,6,6,109.5,37.8,92,46,98.6,37.2,93.6,34.5,119.4,60.8,124.3,53.1,109.5,37.8,94.7,39.2,121.8,56.9,106.2,44.9
56033003-04,WY,Sheridan County,003-04,1409,55,1261,4,6,9,2,7,65,1078,34,979,3,4,9,2,7,40,464,169,372,199,408,168,384,166,518,193,536,189,464,169,388,177.7,527,191,447,180.7
56033003-05,WY,Sheridan County,003-05,1615,85,1432,8,10,10,0,5,65,1256,52,1140,8,9,10,0,5,32,543.5,171.7,467.4,186.4,509.4,146.4,490.8,149.3,631.3,248.8,666.4,228.3,543.5,171.7,489.2,160.7,648.9,238.6,551.5,188.5
56033004-02,WY,Sheridan County,004-02,2047,111,1752,9,55,17,1,6,96,1629,76,1395,7,53,11,1,6,80,434.6,144.5,311.2,160.2,326.8,139.9,307.5,142.7,504.8,220.8,534.1,192.4,434.6,144.5,315.2,147.6,519.5,206.6,403.2,166.7
56033004-03,WY,Sheridan County,004-03,2258,146,1916,16,18,27,3,26,106,1840,100,1578,15,18,22,3,20,84,538.7,156.2,385.6,167.2,386.6,157.1,378.6,150.1,637.8,193.2,659.8,188.2,538.7,156.2,383.6,158.1,648.8,190.7,497.9,168.7
56033004-04,WY,Sheridan County,004-04,464,30,396,3,6,1,1,1,26,373,13,335,0,5,1,1,1,17,122,52,82,52,85,49,75,50,151,60,158,58,122,52,80.7,50.3,154.5,59,112.2,53.5
56033005-01,WY,Sheridan County,005-01,286,15,256,0,1,2,0,0,12,225,6,205,0,1,1,0,0,12,135.3,32.3,92.4,31.8,96.5,25.3,90.4,27.6,138,36.5,139.6,39.2,135.3,32.3,93.1,28.2,138.8,37.9,115.4,32.1
56033006-01,WY,Sheridan County,006-01,1104,33,1008,6,9,6,0,7,35,846,16,793,2,3,4,0,7,21,473.4,103.8,385.2,119.3,408.4,88.3,398.7,88.3,517.1,128.1,540.4,114.5,473.4,103.8,397.4,98.6,528.8,121.3,453.9,107
56033007-01,WY,Sheridan County,007-01,464,12,420,0,4,3,0,6,19,363,8,332,0,3,3,0,5,12,227.5,56.1,201.4,60.1,218.4,43.1,206.4,50.1,242.6,72.2,252.6,67.2,227.5,56.1,208.7,51.1,247.6,69.7,224.8,58.1
56033008-01,WY,Sheridan County,008-01,1062,29,984,1,1,0,0,0,47,890,18,833,1,1,0,0,0,37,410,138,342,151,354,135,345,138,515,194,518,189,410,138,347,141.3,516.5,191.5,414,157.5
56033009-01,WY,Sheridan County,009-01,94,5,85,0,0,0,0,2,2,80,1,76,0,0,0,0,1,2,47,3,37,6,34,5,32,9,51,6,51,6,47,3,34.3,6.7,51,6,42,5.8
5603301-01s,WY,Sheridan County,01-01s,9,0,9,0,0,0,0,0,0,7,0,7,0,0,0,0,0,0,11.1,2.5,7.9,3,8.1,2.4,7.8,2.6,13.5,3.6,14,3.4,11.1,2.5,7.9,2.7,13.7,3.5,10.4,2.9
56033010-01,WY,Sheridan County,010-01,283,12,258,0,2,0,0,0,11,223,10,203,0,0,0,0,0,10,138.8,16,120.8,13,119.8,10,115.8,11,154.8,17,155.8,15,138.8,16,118.8,11.3,155.3,16,134.3,13.7
56033011-01,WY,Sheridan County,011-01,1455,40,1314,6,28,5,1,3,58,1128,23,1040,4,18,5,1,2,35,588.9,135.3,462.8,147.2,482.7,123.2,470.5,127,699.4,174.9,704.5,179.3,588.9,135.3,472,132.5,702,177.1,568.1,147.8
56033012-01,WY,Sheridan County,012-01,2430,56,2274,4,12,13,0,10,61,1978,43,1865,1,9,6,0,8,46,1020,283,901,299,973,218,934,230,1194,388,1236,362,1020,283,936,249,1215,375,1043,296.7
56033013-01,WY,Sheridan County,013-01,1020,44,892,3,24,8,2,1,46,784,19,708,0,15,8,2,0,32,345.1,79.1,268.6,94.4,276.8,78.1,263.7,78,404.3,114.8,401.5,109.6,345.1,79.1,269.7,83.5,402.9,112.2,326.7,92.3
56033016-01,WY,Sheridan County,016-01,498,5,482,0,0,0,0,0,11,381,2,376,0,0,0,0,0,3,224,24,159,28,161,18,157,22,230,39,233,35,224,24,159,22.7,231.5,37,194,27.7
56033017-01,WY,Sheridan County,017-01,1064,59,941,10,20,2,0,4,28,739,29,664,9,11,2,0,4,20,334,43,267,53,256,53,253,51,409,85,412,81,334,43,258.7,52.3,410.5,83,321.8,61
56033017-02,WY,Sheridan County,017-02,604,27,553,1,3,2,0,2,16,469,12,439,1,0,2,0,2,13,232.7,49.8,207.6,47.1,191.6,51,201.4,44.9,296.6,57.3,297.7,60.2,232.7,49.8,200.2,47.7,297.2,58.8,237.9,51.7
56033018-01,WY,Sheridan County,018-01,72,3,67,0,0,0,0,0,2,60,3,55,0,0,0,0,0,2,55.8,9.1,38.7,9.1,41.7,6.1,37.7,7.1,53,8.1,52,10.1,55.8,9.1,39.4,7.4,52.5,9.1,46.5,8.3
56033019-01,WY,Sheridan County,019-01,449,7,422,0,1,0,0,2,17,380,6,357,0,0,0,0,2,15,217,40,194,48,203,37,188,40,259,54,263,48,217,40,195,41.7,261,51,220.7,44.5
5603302-01s,WY,Sheridan County,02-01s,22,6,10,0,0,1,0,2,3,17,6,6,0,0,1,0,2,2,11.7,2.7,7.7,3.1,8.2,2.7,7.8,2.8,12.8,3.8,13.2,3.6,11.7,2.7,7.9,2.9,13,3.7,10.2,3.1
5603302-03s,WY,Sheridan County,02-03s,0,0,0,0,0,0,0,0,0,0,0,0,0,0,0,0,0,0,62,18.9,50.6,19.7,52,17.4,51.3,16.9,72.1,28,74.9,26.9,62,18.9,51.3,18,73.5,27.5,60.5,21.3
56033020-01,WY,Sheridan County,020-01,823,17,737,2,31,6,0,8,22,639,10,586,0,19,4,0,5,15,342.5,59.6,337.6,81.3,336.6,71.9,325.3,69,413.4,93.7,419.1,90.9,342.5,59.6,333.2,74.1,416.3,92.3,362.4,77.7
56033020-02,WY,Sheridan County,020-02,260,6,248,0,1,0,0,0,5,204,4,199,0,0,0,0,0,1,129.2,23.3,111.4,24.3,99.6,24.8,111.8,18.8,155,39.5,161.1,40.4,129.2,23.3,107.6,22.6,158,39.9,128,28.5
5603303-03s,WY,Sheridan County,03-03s,322,12,287,1,1,1,0,0,20,258,9,234,1,1,1,0,0,12,86.9,30,73,36.5,78.2,29.6,74.3,27.4,94.7,48.2,98.7,42.1,86.9,30,75.2,31.1,96.7,45.2,84.3,35.6
5603311-01s,WY,Sheridan County,11-01s,217,2,197,0,4,2,0,0,12,185,2,169,0,4,2,0,0,8,65.9,14.5,51.9,15.7,54.1,13.2,52.8,13.6,78.6,18.3,78.7,19.3,65.9,14.5,52.9,14.2,78.6,18.8,63.7,15.8
560350001-1,WY,Sublette County,0001-1,1849,187,1576,2,12,11,3,6,52,1395,112,1221,2,9,9,3,4,35,614.1,221.1,526.6,226,551.2,197.5,532.5,192.6,764.4,307.5,791,282,614.1,221.1,536.8,205.4,777.7,294.8,630,237.8
560350001-3,WY,Sublette County,0001-3,2073,161,1816,8,7,12,0,16,53,1477,95,1316,8,3,4,0,13,38,749.5,135.1,579.1,155.1,575.1,146.1,560.1,131.1,911.5,187.1,921.5,185.1,749.5,135.1,571.5,144.1,916.5,186.1,716.2,156.6
560350001-4,WY,Sublette County,0001-4,1299,70,1149,1,10,7,1,11,50,990,33,899,1,3,6,1,10,37,486,63,354,70,348,62,334,65,581,94,587,93,486,63,345.3,65.7,584,93.5,448.3,74.5
560350002-1,WY,Sublette County,0002-1,1244,54,1143,1,4,0,3,1,38,953,35,891,1,4,0,3,1,18,620,47.3,468.8,47.2,459.9,45.2,456.8,36.2,624.2,56.4,630.2,47.4,620,47.3,461.8,42.9,627.2,51.9,543.3,46.6
560350002-2,WY,Sublette County,0002-2,857,107,693,4,8,1,1,6,37,618,70,502,4,7,1,1,5,28,322.9,28.9,229.2,33.9,226.2,29.9,225.2,31.9,343.8,38.9,342.8,38.9,322.9,28.9,226.9,31.9,343.3,38.9,281.7,33.7
560350004-1,WY,Sublette County,0004-1,693,40,612,0,1,11,1,3,25,587,29,522,0,1,10,1,3,21,267.9,61.9,195.3,58,201.8,54.5,193.5,51.4,341.6,94.5,341,89,267.9,61.9,196.9,54.6,341.3,91.7,256.9,68.2
560350004-2,WY,Sublette County,0004-2,393,11,360,0,1,2,1,2,16,311,8,286,0,0,2,1,2,12,203.6,43.7,169.8,35.8,172.8,24.8,166.8,28.8,225.4,51.6,223.4,54.6,203.6,43.7,169.8,29.8,224.4,53.1,193.6,39.9
560350005-1,WY,Sublette County,0005-1,320,6,302,1,1,2,0,0,8,278,4,266,0,0,2,0,0,6,145,43,130,42,129,42,122,38,165,52,167,45,145,43,127,40.7,166,48.5,143,43.7
56037000101,WY,Sweetwater County,000101,180,31,118,2,7,3,0,2,17,126,20,83,2,5,3,0,2,11,25.5,1.4,16.9,5.5,15.9,3.8,17.9,2.8,29,2.8,31,3.8,25.5,1.4,16.9,4,30,3.3,22.7,3.3
56037000301,WY,Sweetwater County,000301,822,142,618,1,7,3,3,5,43,630,92,494,1,5,3,0,5,30,253.6,88.6,184.9,100.5,181.1,93.3,182.1,89.3,250.7,102.8,262.6,96.6,253.6,88.6,182.7,94.4,256.6,99.7,219.2,95.2
56037000302,WY,Sweetwater County,000302,1473,179,1230,7,4,9,1,4,39,1144,124,982,7,3,9,1,4,14,557,183.8,419.2,198.9,407.3,188.9,404,183.6,547.1,201.8,565.2,197,557,183.8,410.1,190.5,556.2,199.4,483.3,192.3
56037000303,WY,Sweetwater County,000303,1162,285,801,4,13,8,2,7,42,871,198,623,4,7,8,1,4,26,223.5,64.9,186.7,82.7,184.5,75.7,179.2,74.1,229.2,79.8,232.5,82.3,223.5,64.9,183.5,77.5,230.8,81.1,205.9,76.6
56037000304,WY,Sweetwater County,000304,522,130,343,6,7,4,0,2,30,388,94,257,4,7,2,0,2,22,100.1,31.1,61.1,24.1,52.1,29.1,54.1,26.1,87.1,31.1,78.1,36.1,100.1,31.1,55.7,26.4,82.6,33.6,72.1,29.6
56037000305,WY,Sweetwater County,000305,630,85,493,12,5,3,0,3,29,469,55,381,6,5,3,0,3,16,160.8,61.7,116.6,91.4,120.4,77.7,124.2,71.6,170.7,92.2,184.4,81.5,160.8,61.7,120.4,80.3,177.5,86.9,146.2,79.4
56037000401,WY,Sweetwater County,000401,1017,144,820,4,6,10,0,0,33,800,106,654,3,0,7,0,0,30,284.9,119.9,178.9,146.9,172.9,130.9,173.9,134.9,254.9,143.9,268.9,133.9,284.9,119.9,175.3,137.6,261.9,138.9,222.4,135.1
56037000402,WY,Sweetwater County,000402,1268,186,990,15,6,6,6,1,58,916,121,735,15,2,6,1,0,36,285,84,169,84,166,90,167,77,279,88,293,84,285,84,167.3,83.7,286,86,226.5,84.5
56037000403,WY,Sweetwater County,000403,1176,311,765,23,12,4,1,4,56,932,205,645,22,9,3,0,4,44,270.5,65.2,173.2,62.6,161.6,68.8,166.8,61.2,215.1,75.3,223.6,71.9,270.5,65.2,167.2,64.2,219.3,73.6,201.8,67.5
56037000404,WY,Sweetwater County,000404,1868,257,1490,24,1,20,1,5,70,1433,162,1183,15,1,18,0,4,50,570,182,400,213,391,221,399,185,526,208,531,211,570,182,396.7,206.3,528.5,209.5,469.5,203.3
56037000501,WY,Sweetwater County,000501,891,303,497,8,11,11,3,2,56,641,178,403,8,7,8,3,2,32,139,48,107,58,108,54,104,54,145,59,156,49,139,48,106.3,55.3,150.5,54,126.5,53.7
56037000502,WY,Sweetwater County,000502,3583,508,2761,75,14,58,3,24,140,2600,307,2071,52,12,46,1,14,97,1098.9,263.5,776.5,346.3,752.3,336.2,763.3,299.4,1072.2,323.7,1106.3,317.5,1098.9,263.5,764,327.3,1089.3,320.6,928.3,314.4
56037000503,WY,Sweetwater County,000503,4246,573,3404,24,15,52,2,16,160,2968,329,2445,14,15,46,2,14,103,1106.1,276.5,848.5,379.7,845.7,353.8,834.7,332.6,1081.8,368.3,1098.7,363.5,1106.1,276.5,843,355.3,1090.2,365.9,969.2,345.7
56037000505,WY,Sweetwater County,000505,1405,404,882,19,18,8,4,6,64,1033,247,703,17,15,7,4,6,34,320.4,60.5,151,75.2,142.6,79,145.4,71.5,247.1,74.4,243.5,79.9,320.4,60.5,146.3,75.2,245.3,77.2,208.3,73.4
56037000601,WY,Sweetwater County,000601,1729,427,1169,26,9,4,1,8,85,1278,258,924,20,8,4,1,7,56,349.1,136.1,225.7,137.6,224.7,131.4,222.5,129.4,338.3,123.4,335.3,128.6,349.1,136.1,224.3,132.8,336.8,126,282.6,131.1
56037000602,WY,Sweetwater County,000602,1630,421,1090,21,19,7,4,6,62,1155,246,834,17,11,7,4,4,32,243.5,62.6,155,65.8,139.8,63.9,148.6,58.2,211.9,66.4,210.6,68.3,243.5,62.6,147.8,62.6,211.2,67.4,184.9,64.2
56037000603,WY,Sweetwater County,000603,845,101,678,7,0,2,7,3,47,626,69,514,5,0,1,5,3,29,259,65,199,87,195,83,204,81,252,85,269,83,259,65,199.3,83.7,260.5,84,229.7,80.7
56037000701,WY,Sweetwater County,000701,1262,152,1065,3,5,0,0,5,32,946,101,813,3,5,0,0,1,23,549.6,72.3,405.1,104.8,387.8,89.5,403.7,82.7,532.1,100,527,103.7,549.6,72.3,398.9,92.3,529.5,101.8,467.6,92.2
56037000901,WY,Sweetwater County,000901,386,57,314,0,6,2,0,0,7,305,33,262,0,3,2,0,0,5,159,23,87,35,89,29,84,34,152,27,143,33,159,23,86.7,32.7,147.5,30,119,30.2
56037000902,WY,Sweetwater County,000902,100,14,75,2,0,0,0,2,7,76,11,62,0,0,0,0,2,1,61.8,8.6,44.2,13.3,45.7,9.6,47.6,8.2,63.3,11.2,62.2,12.6,61.8,8.6,45.8,10.4,62.7,11.9,54.1,10.6
56037001001,WY,Sweetwater County,001001,1485,226,1151,6,16,10,0,5,71,1147,162,906,6,12,10,0,5,46,389,159,270,217,280,201,264,189,480,201,463,214,389,159,271.3,202.3,471.5,207.5,357.7,196.8
56037001002,WY,Sweetwater County,001002,547,97,422,1,3,0,0,0,24,434,70,348,1,3,0,0,0,12,161,72,123,80,114,81,115,78,168,73,163,73,161,72,117.3,79.7,165.5,73,140.7,76.2
56037001003,WY,Sweetwater County,001003,1596,192,1296,10,5,3,2,0,88,1100,122,914,4,4,3,1,0,52,475,139,352,134,345,132,348,119,467,143,462,154,475,139,348.3,128.3,464.5,148.5,408.2,136.8
56037001004,WY,Sweetwater County,001004,4228,490,3435,13,11,25,17,8,229,2974,329,2463,10,10,20,10,1,131,1339,370,967,474,976,446,953,426,1575,455,1598,476,1339,370,965.3,448.7,1586.5,465.5,1234.7,441.2
56037001005,WY,Sweetwater County,001005,2015,208,1669,15,20,9,0,6,88,1508,125,1294,12,13,9,0,0,55,735,224,525,260,511,259,518,233,726,260,733,275,735,224,518,250.7,729.5,267.5,624.7,251.8
56037001006,WY,Sweetwater County,001006,1954,373,1457,5,6,16,1,1,95,1371,226,1050,4,6,15,0,1,69,445.1,163.3,285.8,182.2,280.8,174.2,285.8,160.3,495.9,170.3,490.9,180.2,445.1,163.3,284.1,172.3,493.4,175.2,380.7,171.8
56037001201,WY,Sweetwater County,001201,650,156,435,3,5,2,2,7,40,473,89,347,2,4,1,2,5,23,192.3,38.5,117.6,47.6,102.1,47.7,110.8,45.4,161.6,38.5,162.3,38.6,192.3,38.5,110.2,46.9,162,38.5,141.1,42.7
56037001202,WY,Sweetwater County,001202,1184,166,964,2,10,1,0,4,37,914,107,768,2,8,1,0,1,27,345.6,38.8,259.8,54.4,246.7,48,261.5,42,362.7,51.2,356.9,53.4,345.6,38.8,256,48.1,359.8,52.3,305.5,48
56037001301,WY,Sweetwater County,001301,49,0,48,0,0,0,0,0,1,44,0,43,0,0,0,0,0,1,26,4,21,4,17,6,20,4,32,5,31,6,26,4,19.3,4.7,31.5,5.5,24.5,4.8
56037001901,WY,Sweetwater County,001901,205,32,165,1,1,0,0,0,6,171,22,143,0,0,0,0,0,6,123.4,18.5,88.4,30.6,88,28.6,87.1,25.5,128,23.8,129,20,123.4,18.5,87.8,28.2,128.5,21.9,107.3,24.5
56037002001,WY,Sweetwater County,002001,730,44,659,0,5,0,0,0,22,559,30,505,0,5,0,0,0,19,320.3,15.8,246.8,25.6,235.2,23.1,239.2,18.8,344.8,28,348.7,34.1,320.3,15.8,240.4,22.5,346.7,31.1,289.2,24.3
56037002101,WY,Sweetwater County,002101,62,4,57,1,0,0,0,0,0,57,3,54,0,0,0,0,0,0,20,2.3,14.8,3.5,14.8,2.9,14.5,3.2,19.4,3.5,19.3,3.9,20,2.3,14.7,3.2,19.3,3.7,17.1,3.2
56037002301,WY,Sweetwater County,002301,249,40,184,0,3,0,0,0,22,210,30,161,0,3,0,0,0,16,95.9,16.6,80,18.2,69.9,16.6,73.8,17.4,98.9,15,92.6,19.8,95.9,16.6,74.6,17.4,95.7,17.4,85.2,17.3
56037002401,WY,Sweetwater County,002401,98,10,84,0,0,0,0,0,4,77,4,69,0,0,0,0,0,4,88,1,51,6,56,2,52,3,94,1,92,0,88,1,53,3.7,93,0.5,72.2,2.2
56037002501,WY,Sweetwater County,002501,75,10,60,2,0,0,0,0,3,63,5,55,0,0,0,0,0,3,77.1,4.8,68.9,7.2,60.5,6.4,66,4.2,74.7,5.7,74.2,6.8,77.1,4.8,65.1,5.9,74.5,6.3,70.2,5.9
56037007011,WY,Sweetwater County,007011,950,199,673,9,9,3,1,11,45,631,132,463,7,5,1,1,9,13,304,64.7,200.6,86.4,194.6,74.9,204.4,67.8,316.7,84.9,313.2,85,304,64.7,199.8,76.4,315,85,255.6,77.3
560390001-1,WY,Teton County,0001-1,2249,192,1910,2,1,23,0,8,113,1692,122,1479,2,1,20,0,6,62,410.7,576.4,426.1,602.2,526.9,475.2,443.8,509.8,475.9,789.8,610,684.4,410.7,576.4,465.6,529.1,542.9,737.1,482.2,606.3
560390001-2,WY,Teton County,0001-2,1883,356,1436,1,7,20,1,5,57,1590,247,1264,1,7,20,1,5,45,220,646,202,740,282,647,234,667,214,899,266,850,220,646,239.3,684.7,240,874.5,236.3,741.5
560390001-3,WY,Teton County,0001-3,901,51,816,2,0,7,0,2,23,752,31,696,2,0,6,0,2,15,237.1,337.8,256.5,333.4,308,276.8,271.6,279.4,261.6,461.9,347.1,386.9,237.1,337.8,278.7,296.5,304.3,424.4,280.3,346
560390001-4,WY,Teton County,0001-4,414,101,280,1,0,9,0,1,22,304,60,222,1,0,4,0,1,16,71.6,105.8,72.6,116.8,85.7,98.7,72.7,103.7,112.6,191.1,133.8,173.9,71.6,105.8,77,106.4,123.2,182.5,91.5,131.7
560390001-5,WY,Teton County,0001-5,2126,560,1447,4,16,19,0,12,68,1711,358,1256,3,15,14,0,9,56,246.9,681.3,235,678.4,299.2,595.1,252,602.1,248.1,884.8,313.4,842.5,246.9,681.3,262.1,625.2,280.7,863.6,265.8,714
560390001-6,WY,Teton County,0001-6,2399,849,1420,15,21,38,0,4,52,1801,521,1167,15,21,33,0,3,41,247.3,516.9,208.9,543.6,248.1,471.4,222.3,480.4,254.9,647.7,297.9,616.8,247.3,516.9,226.4,498.4,276.4,632.3,246.6,546.1
560390001-7,WY,Teton County,0001-7,1130,38,1026,0,1,14,0,6,45,884,26,811,0,1,14,0,3,29,179,482,191,506,268,410,208,449,191,573,248,527,179,482,222.3,455,219.5,550,214.2,491.2
560390001-8,WY,Teton County,0001-8,1529,223,1217,3,0,20,0,7,59,1210,149,998,3,0,19,0,7,34,234,597,219,582,269,516,234,504,243,714,292,670,234,597,240.7,534,267.5,692,248.5,597.2
560390001-9,WY,Teton County,0001-9,2154,472,1541,5,5,59,1,9,62,1741,342,1296,5,5,45,1,9,38,210.1,585.9,207.5,621,278.5,531.2,218.3,557.8,278.6,774.5,335.8,727.4,210.1,585.9,234.8,570,307.2,751,254.8,633
560390002-1,WY,Teton County,0002-1,1527,45,1414,6,2,11,1,15,33,1295,27,1223,3,0,9,1,11,21,380.7,440.9,363.9,468,425.8,402.4,390.1,400.5,408.9,620,499.9,555.2,380.7,440.9,393.3,423.6,454.4,587.6,411.5,481.2
560390003-1,WY,Teton County,0003-1,528,22,459,0,2,5,0,6,34,432,15,392,0,2,2,0,5,16,125.7,164.6,99.8,159.6,104.8,148.7,98.8,147.7,148.7,232.5,168.6,218.5,125.7,164.6,101.1,152,158.6,225.5,124.4,178.6
560390004-1,WY,Teton County,0004-1,1018,31,933,0,5,7,0,6,36,875,12,829,0,0,5,0,6,23,186,426,182,418,238,352,202,373,187,566,249,507,186,426,207.3,381,218,536.5,207.3,440.3
560390004-2,WY,Teton County,0004-2,1494,70,1367,0,0,24,0,5,28,1279,57,1185,0,0,19,0,4,14,348.7,641.2,355.7,651.8,440.8,534.5,380.4,558.5,370.6,816.4,471.3,741,348.7,641.2,392.3,581.6,421,778.7,394.6,657.2
560390004-3,WY,Teton County,0004-3,1022,37,923,5,0,23,0,4,30,804,24,736,5,0,17,0,4,18,104.2,417.8,111.8,454.1,163.5,395.8,118.5,406.3,114.7,550.6,147.2,523.9,104.2,417.8,131.3,418.7,131,537.3,126.7,458.1
560390004-4,WY,Teton County,0004-4,596,26,525,3,2,4,0,1,35,495,18,444,2,0,2,0,1,28,105,167,116,183,134,162,118,157,148,298,214,248,105,167,122.7,167.3,181,273,139.2,202.5
560390005-1,WY,Teton County,0005-1,546,23,491,0,1,10,0,8,13,451,19,409,0,1,9,0,4,9,156.8,138.2,152.2,147.9,160.5,135.2,156.5,130.7,183.3,199.4,207.8,186.1,156.8,138.2,156.4,137.9,195.5,192.7,169.5,156.3
56039001-10,WY,Teton County,001-10,1560,187,1317,2,0,13,0,0,41,1245,130,1078,2,0,11,0,0,24,418,293,392,365,441,293,387,302,450,501,506,454,418,293,406.7,320,478,477.5,432.3,368
56039001-11,WY,Teton County,001-11,255,12,232,0,3,3,0,0,5,194,8,176,0,2,3,0,0,5,39,96,41,120,62,96,47,102,50,128,62,117,39,96,50,106,56,122.5,50.2,109.8
56041000101,WY,Uinta County,000101,4186,429,3497,10,27,34,5,22,162,2986,263,2567,5,24,31,5,17,74,1030.2,297.4,789.2,340.2,772.7,319.8,771.7,293.5,1215.9,420.8,1248.9,408.2,1030.2,297.4,777.9,317.8,1232.4,414.5,971.4,346.7
56041000102,WY,Uinta County,000102,3903,362,3322,9,17,31,8,12,142,2736,203,2392,5,15,22,7,9,83,1249,277.2,951.7,314.2,950.5,282.3,952.6,263.2,1460.3,397.3,1498.3,373.3,1249,277.2,951.6,286.6,1479.3,385.3,1177.1,317.9
56041000103,WY,Uinta County,000103,3648,823,2625,25,25,14,5,21,110,2683,514,2028,19,14,10,3,10,85,721,213.2,541.8,203.2,520.6,194.2,528.7,185.2,948.3,272.2,946.3,275.2,721,213.2,530.4,194.2,947.3,273.7,701.1,223.8
560410002-2,WY,Uinta County,0002-2,511,27,467,0,5,2,0,3,7,401,22,366,0,5,2,0,2,4,207.1,35,164,35,169,28,162,28,229.1,38,229.1,37,207.1,35,165,30.3,229.1,37.5,193.4,33.5
56041000201,WY,Uinta County,000201,1655,114,1450,3,21,3,1,1,62,1298,76,1159,1,11,3,1,0,47,686,93.7,577.1,100.9,530.3,113.1,558.9,89.6,816,116.1,818.9,124.6,686,93.7,555.4,101.2,817.4,120.4,664.5,106.3
56041000301,WY,Uinta County,000301,2123,79,1964,2,7,14,0,3,54,1428,49,1335,0,7,6,0,1,30,679.5,100,465.3,111.1,441.3,110,458.3,95,807.6,84.1,823.6,93.1,679.5,100,455,105.4,815.6,88.6,612.6,98.9
56041000302,WY,Uinta County,000302,1181,44,1106,1,4,2,0,3,21,840,27,795,0,2,1,0,3,12,437.5,33,318.7,55.9,300.7,47,319.7,45,589.4,59.9,569.4,72.9,437.5,33,313,49.3,579.4,66.4,422.5,52.3
56041000401,WY,Uinta County,000401,957,24,892,0,9,3,2,1,26,684,16,636,0,9,2,0,0,21,412.8,61.8,343,80.4,328.1,74.1,339.4,67.5,533.6,74.2,526.1,79.4,412.8,61.8,336.9,74,529.8,76.8,413.8,72.9
56041000402,WY,Uinta County,000402,1246,44,1165,0,3,5,1,3,25,843,22,799,0,2,3,1,3,13,440.3,46.9,319.5,73.5,301.8,75.3,314.6,64.5,519.5,76.2,518.4,77.3,440.3,46.9,312,71.1,518.9,76.8,402.3,68.9
56041000403,WY,Uinta County,000403,995,38,917,0,4,0,5,6,25,686,21,640,0,2,0,4,3,16,286.9,43.4,239.4,56.1,229.1,51.6,237,47.1,372,51.6,366.6,55.3,286.9,43.4,235.2,51.6,369.3,53.5,288.5,50.8
5604102-1-2,WY,Uinta County,02-1-2,45,2,39,0,0,0,0,1,3,42,2,36,0,0,0,0,1,3,3.8,0.5,3.2,0.5,2.9,0.6,3.1,0.5,4.5,0.6,4.5,0.6,3.8,0.5,3,0.5,4.5,0.6,3.6,0.5
56043000301,WY,Washakie County,000301,742,22,687,1,5,1,0,3,23,606,14,569,1,5,1,0,0,16,387,51,340,65,332,62,324,63,415,61,417,71,387,51,332,63.3,416,66,369.2,62.2
56043000501,WY,Washakie County,000501,1541,226,1249,2,4,3,0,7,50,1181,137,996,1,2,3,0,6,36,621,124,508,133,510,128,527,105,685,140,707,131,621,124,515,122,696,135.5,593,126.8
56043000502,WY,Washakie County,000502,1854,265,1514,2,18,4,0,11,40,1390,173,1161,0,12,4,0,8,32,614,137,512,165,499,163,523,134,692,186,706,192,614,137,511.3,154,699,189,591,162.8
56043000503,WY,Washakie County,000503,1338,341,906,2,15,15,1,11,47,1013,211,725,1,11,15,1,10,39,405,79,290,78,285,76,293,70,420,103,415,114,405,79,289.3,74.7,417.5,108.5,351.3,86.7
56043000505,WY,Washakie County,000505,2210,216,1912,5,3,10,0,11,53,1656,127,1469,2,1,9,0,6,42,885.4,141.2,774.2,147.3,771.1,139.3,759.1,139.3,1034.2,161.3,1033.1,151.3,885.4,141.2,768.1,141.9,1033.6,156.3,876.2,146.6
56045000101,WY,Weston County,000101,1171,28,1079,0,6,4,2,5,47,883,17,833,0,6,4,1,5,17,580.5,47.7,432.8,64.6,405.6,74.7,441.8,53.5,594.4,54.2,576.5,66.1,580.5,47.7,426.7,64.3,585.4,60.2,505.3,60.1
560450002-1,WY,Weston County,0002-1,713,10,669,2,6,0,3,3,20,590,2,567,1,6,0,0,3,11,411,52,327,48,305,45,326,44,429,62,430,59,411,52,319.3,45.7,429.5,60.5,371.3,51.7
56045000201,WY,Weston County,000201,228,6,212,0,5,0,0,1,4,200,5,188,0,3,0,0,0,4,160,6,118,10,107,14,114,9,151,7,134,18,160,6,113,11,142.5,12.5,130.7,10.7
56045000301,WY,Weston County,000301,483,15,452,1,7,0,0,1,7,365,9,343,1,7,0,0,0,5,255,11,201,13,192,17,193,12,288,10,268,18,255,11,195.3,14,278,14,232.8,13.5
56045000401,WY,Weston County,000401,879,11,812,3,1,5,0,5,42,685,10,633,1,1,5,0,3,32,451,36,358,38,343,38,346,35,466,28,458,30,451,36,349,37,462,29,403.7,34.2
56045000501,WY,Weston County,000501,953,40,861,7,9,3,0,6,27,734,26,676,7,5,3,0,3,14,387.3,46.1,293,51.1,255.9,60.2,294,43.1,391.3,70.1,398.3,71.2,387.3,46.1,280.9,51.5,394.8,70.6,336.6,57
56045000502,WY,Weston County,000502,1129,134,871,15,46,4,3,6,50,980,113,777,14,37,2,2,1,34,312.2,30.9,230.9,30.9,218.7,32.5,230.9,25.2,305.7,54.5,309.7,48,312.2,30.9,226.8,29.5,307.7,51.2,268,37
56045000503,WY,Weston County,000503,1282,51,1150,0,12,10,1,7,51,951,31,869,0,10,10,1,2,28,476,69.3,314.3,65.3,297.8,66.7,312.3,59.2,481.7,74.2,466.5,89.8,476,69.3,308.2,63.7,474.1,82,391.4,70.8
