GEOID20,STATEFP,COUNTYFP,DISTRICT,G20PREDBID,G20PRERTRU,G20PRELJOR,G20USSDKEL,G20USSRMCS
04001000005,04,001,000005,86.31,261.33,4.68,89.95,262.1
04001000010,04,001,000010,1978.37,272.27,29.93,1991.37,289.19
04001000015,04,001,000015,991.61,148.3,20.02,996.66,157.3
04001000020,04,001,000020,332.96,1485.6,22,380.95,1421.61
04001000025,04,001,000025,393.23,76.06,4,413.24,71.05
04001000030,04,001,000030,111,746,4,122,726
04001000035,04,001,000035,744.74,86.62,4.98,759.67,84.63
04001000040,04,001,000040,562.58,90.42,7.05,576.63,87.43
04001000045,04,001,000045,157.53,854.02,23.78,168.43,843.12
04001000050,04,001,000050,104.99,683.96,11,133.99,662.96
04001000055,04,001,000055,1940,416,30,1964,424
04001000060,04,001,000060,416,65,6,421,70
04001000065,04,001,000065,646.43,118.9,4,672.41,98.91
04001000070,04,001,000070,39.32,85.19,0,39.32,83.32
04001000075,04,001,000075,551.34,168.55,13.02,585.39,154.59
04001000080,04,001,000080,592.36,61.3,4.01,600.43,61.25
04001000085,04,001,000085,434.54,108.63,5.98,465.43,89.7
04001000090,04,001,000090,885.42,102.59,10.96,910.32,96.61
04001000095,04,001,000095,321,74,7,329,73
04001000100,04,001,000100,90.12,34.66,1.95,94,31.6
04001000105,04,001,000105,1029.2,122.91,11.99,1048.19,109.92
04001000110,04,001,000110,135,29,1,135,26
04001000115,04,001,000115,561.39,111.02,9.11,606.44,75.08
04001000120,04,001,000120,78.42,223.35,1.99,81.4,218.39
04001000125,04,001,000125,285.3,42.56,5.08,291.36,37.61
04001000130,04,001,000130,723.82,326.92,13,759.81,311.92
04001000135,04,001,000135,173,26,2,173,27
04001000140,04,001,000140,312.91,164.84,7.9,349.43,126.35
04001000145,04,001,000145,804.89,111.92,21.04,833.06,114.87
04001000150,04,001,000150,526,57,3,524,59
04001000155,04,001,000155,571.68,61.71,6.1,579.86,65.69
04001000160,04,001,000160,92.21,558.07,10.98,108.22,538.06
04001000165,04,001,000165,236,873,13,258,841
04001000170,04,001,000170,2316.7,417.44,50.92,2370.64,433.39
04001000175,04,001,000175,479.33,84.88,9.99,487.32,85.88
04001000180,04,001,000180,158.57,664.2,9.97,188.49,628.3
04001000185,04,001,000185,736,93,5,774,75
04001000190,04,001,000190,307.96,75,5.91,322.75,72.02
04001000195,04,001,000195,294.65,35.08,1,304.67,27.07
04001000200,04,001,000200,439.15,102.94,5.09,454.59,86.47
04001000205,04,001,000205,238.23,1141.77,14.05,257.3,1118.69
04001000210,04,001,000210,985.71,78.92,10.98,993.69,79.94
04001000215,04,001,000215,422.11,69.56,2.98,429.09,74.5
04003000001,04,003,000001,402.22,885.04,15.85,426.12,864.79
04003000002,04,003,000002,399.25,1110.66,38.48,443.09,1086.53
04003000003,04,003,000003,580.01,1158.86,29.18,609.5,1129.42
04003000004,04,003,000004,906.28,222.58,13.97,921.25,220.58
04003000005,04,003,000005,698.02,440.01,11,718.02,426.01
04003000006,04,003,000006,784.7,366.41,28.03,798.73,376.41
04003000007,04,003,000007,61.05,145.88,3.94,68.93,139.98
04003000008,04,003,000008,406.4,1013.13,14.21,433.7,984.92
04003000009,04,003,000009,751,257,9,775,237
04003000010,04,003,000010,926,413,13,965,379
04003000011,04,003,000011,894.15,252.81,13.03,929.26,221.71
04003000012,04,003,000012,622.64,198.79,11.25,639.51,186.6
04003000013,04,003,000013,642.7,384.21,9.14,687.84,346.18
04003000014,04,003,000014,389.68,1052.1,40.96,424.65,1043.1
04003000015,04,003,000015,567,1180,36,583,1187
04003000016,04,003,000016,301.92,487.6,22.55,314.08,484.26
04003000017,04,003,000017,230.57,510.06,3.99,238.56,501.08
04003000018,04,003,000018,311.94,152,9.93,333.79,140.07
04003000019,04,003,000019,343.06,782,16.07,355.21,780.93
04003000020,04,003,000020,614.21,342.4,7.72,636.23,322.68
04003000021,04,003,000021,273.05,698.71,9.14,290.24,686.54
04003000022,04,003,000022,115.81,130.95,1.78,118.48,133.62
04003000023,04,003,000023,31,147,3,31,149
04003000024,04,003,000024,347.08,1272.08,26.65,376.01,1260.89
04003000025,04,003,000025,117.99,278.18,8.63,124.7,277.23
04003000026,04,003,000026,700.87,1117.32,32.03,729.02,1108.58
04003000027,04,003,000027,853.28,1438.14,65.64,896.39,1454.8
04003000028,04,003,000028,564.05,721.71,31.34,594.41,712.9
04003000029,04,003,000029,372,524,18,394,516
04003000030,04,003,000030,327,412,22,341,414
04003000031,04,003,000031,636.99,879.8,40.05,658.12,882.52
04003000032,04,003,000032,680.43,1252.58,26.82,680.43,1271.45
04003000033,04,003,000033,605.13,970.68,37.97,641.98,966.42
04003000034,04,003,000034,543.25,803.49,38.97,574.18,802.03
04003000035,04,003,000035,441.08,1172.57,36.93,459.07,1182.53
04003000036,04,003,000036,446,699,31,479,682
04003000037,04,003,000037,421.93,879.85,23,443.93,874.85
04003000038,04,003,000038,406,559,23,418,558
04003000039,04,003,000039,945.87,1147.99,68.93,973.54,1161.12
04003000040,04,003,000040,484.82,991.68,29.09,508.62,990.8
04003000041,04,003,000041,704.75,1221.51,53.03,729.82,1235.97
04003000042,04,003,000042,583,841,38,600,853
04003000043,04,003,000043,602,1330,24,603,1363
04003000044,04,003,000044,346,993.1,26.02,385.84,964.42
04003000045,04,003,000045,136.54,349.09,14.22,149.69,348.06
04003000046,04,003,000046,474.66,1285.22,38.82,523.74,1271.07
04003000047,04,003,000047,286.14,806.58,16.08,316.28,786.48
04003000048,04,003,000048,207.03,763.19,9.07,233.15,741.1
04003000049,04,003,000049,228,496,12,250,487
04005000001,04,005,000001,1185.88,358.5,20.12,1203,349.45
04005000002,04,005,000002,1052.12,200.5,15.88,1068,193.55
04005000003,04,005,000003,798,125,20,806,136
04005000004,04,005,000004,1149.19,347.21,20.01,1128.19,377.21
04005000005,04,005,000005,1345.34,624.98,31.05,1350.37,653.98
04005000006,04,005,000006,961.82,581.2,37.84,968.99,596.2
04005000007,04,005,000007,860,418,45,868,439
04005000008,04,005,000008,611,196,10,608,209
04005000009,04,005,000009,1193,405,56,1219,427
04005000010,04,005,000010,162,35,5,156,42
04005000011,04,005,000011,592.39,238.95,15.93,601.35,238.95
04005000012,04,005,000012,872,174,31,900,166
04005000013,04,005,000013,248,63,13,246,69
04005000014,04,005,000014,903,282,38,915,287
04005000015,04,005,000015,1628.52,651.48,52.19,1682.51,636.62
04005000016,04,005,000016,1181,533,32,1203,540
04005000017,04,005,000017,329.01,186.04,9.47,328.15,193.79
04005000018,04,005,000018,391.37,286.82,15.24,402.32,285
04005000019,04,005,000019,1002.61,613.05,34.07,1013.65,638.05
04005000020,04,005,000020,427,118,18,432,126
04005000021,04,005,000021,1305.77,701.4,45.11,1302.92,731.37
04005000022,04,005,000022,1627.38,955.84,60.84,1622.13,1014.95
04005000023,04,005,000023,994,455,52,1014,478
04005000024,04,005,000024,1495.54,1027.59,42.82,1493.55,1059.45
04005000025,04,005,000025,1119,645,40,1145,650
04005000026,04,005,000026,595.66,437.39,32.34,617.54,431.48
04005000040,04,005,000040,281.37,337.24,13.97,288.35,339.24
04005000041,04,005,000041,142.53,465.46,2.99,147.51,458.48
04005000042,04,005,000042,546.9,180.26,16.75,586.54,158.19
04005000043,04,005,000043,653,140,20,663,145
04005000047,04,005,000047,318.9,87.97,15.99,348.89,69.98
04005000048,04,005,000048,190.32,23.64,3.08,181.29,32.8
04005000050,04,005,000050,752,1019,41,783,1020
04005000051,04,005,000051,106.59,128.93,3.85,108.34,129.54
04005000052,04,005,000052,620.41,853.07,26.15,645.66,849.46
04005000053,04,005,000053,40,111,2,42,107
04005000055,04,005,000055,192.12,114.1,2.93,194.07,114.1
04005000056,04,005,000056,364.54,307.92,9.02,366.56,319.92
04005000058,04,005,000058,122.64,481.92,7.14,149.58,460.01
04005000059,04,005,000059,495.13,149.16,21,496.12,170.17
04005000060,04,005,000060,54.55,7.08,0.98,51.84,8.87
04005000061,04,005,000061,355.88,168.5,12.53,398.6,135.1
04005000062,04,005,000062,1727.75,1082.86,64.16,1763.94,1098.85
04005000063,04,005,000063,61.4,114.51,3.02,72.41,108.5
04005000064,04,005,000064,4,12,1,5,14
04005000065,04,005,000065,688.35,204.28,21.57,740.75,170.63
04005000066,04,005,000066,134.88,429.63,12.99,163.86,402.65
04005000067,04,005,000067,531.96,185.39,24.9,561.85,175.42
04005000069,04,005,000069,861.43,219.3,17.78,874.03,211.95
04005000070,04,005,000070,251.86,25.48,6.86,241.08,41.16
04005000071,04,005,000071,71,19,6,77,21
04005000072,04,005,000072,350,452,17,373,441
04005000073,04,005,000073,313,519,12,311,527
04005000074,04,005,000074,329.81,284.84,10.99,347.8,269.85
04005000075,04,005,000075,402.78,536.72,23.15,432.89,525.91
04005000079,04,005,000079,303,700,16,306,703
04005000080,04,005,000080,343.28,572.76,19.51,360.59,575.86
04005000082,04,005,000082,583.14,426.7,9.42,579.64,437.11
04005000083,04,005,000083,652.76,496.88,12.29,660.15,499.31
04005000084,04,005,000084,351.69,319.62,11.99,357.41,325.52
04005000085,04,005,000085,692,966,39,707,969
04005000086,04,005,000086,97.96,136.76,1.94,96.99,137.73
04005000088,04,005,000088,264.68,39.36,4.92,262.71,49.2
04005000090,04,005,000090,1140,241,36,1193,226
04005000092,04,005,000092,676.56,826.32,30.21,699.95,812.69
04005000093,04,005,000093,654,136,12,654,141
04005000094,04,005,000094,564,83,16,565,92
04005000095,04,005,000095,2307.14,350.52,45.14,2301.92,381.84
04005000097,04,005,000097,257.81,334.75,8.99,254.81,337.75
04005000098,04,005,000098,525,1568,33,539,1559
04005000099,04,005,000099,298.04,538.08,12,321.05,517.08
04007000001,04,007,000001,263.8,551.21,8,284.12,532.72
04007000002,04,007,000002,81,96,1,90,86
04007000003,04,007,000003,47,57,2,53,54
04007000004,04,007,000004,229,248,15,251,240
04007000006,04,007,000006,261.98,443.97,12,289.98,427.97
04007000007,04,007,000007,258.47,471.2,5.96,274.37,446.35
04007000008,04,007,000008,138,231,3,148,226
04007000009,04,007,000009,187,206,12,216,183
04007000010,04,007,000010,1168.1,239.96,13.81,1161.83,270.23
04007000011,04,007,000011,305.46,55.65,1.53,315.04,51.93
04007000012,04,007,000012,162.02,403.03,9,177.02,394.03
04007000013,04,007,000013,149.14,211.08,6.03,172.27,194
04007000014,04,007,000014,166.16,154.9,5.94,189.91,138.07
04007000015,04,007,000015,148,181,12,175,158
04007000016,04,007,000016,110,234,1,123,216
04007000017,04,007,000017,165.65,416.93,16.03,211.76,379.86
04007000018,04,007,000018,205.88,363.16,13.04,235.02,341.04
04007000023,04,007,000023,48.05,152.08,1,54.06,145.07
04007000024,04,007,000024,18.17,91.31,0.91,22.55,86.99
04007000025,04,007,000025,209,906,5,245,875
04007000026,04,007,000026,235.69,762.12,16.98,274.13,729.93
04007000027,04,007,000027,414,1268,24,449,1250
04007000028,04,007,000028,639,1708,18,667,1696
04007000029,04,007,000029,322,694,21,344,677
04007000030,04,007,000030,255,744,10,276,731
04007000031,04,007,000031,217,589,9,238,572
04007000032,04,007,000032,313,881,21,336,878
04007000033,04,007,000033,373.59,1156.12,14.19,393.88,1142.9
04007000034,04,007,000034,475.41,1668.88,19.81,505.12,1646.1
04007000035,04,007,000035,52,165,1,60,162
04007000036,04,007,000036,159,381,6,171,370
04007000037,04,007,000037,100.02,383.78,4.22,113.52,370.37
04007000038,04,007,000038,65,417,6,73,417
04007000039,04,007,000039,404.01,1116.18,11.27,434.07,1085.18
04007000040,04,007,000040,18.86,7.18,0.14,20.09,6.1
04007000051,04,007,000051,149,413,8,158,408
04007000054,04,007,000054,329.29,149.91,4.09,341.4,145.82
04009000001,04,009,000001,230.91,510.94,4.78,253.89,484.18
04009000002,04,009,000002,388.84,807.01,24.15,426.96,776.88
04009000003,04,009,000003,130.16,400.2,3.89,154.45,373
04009000004,04,009,000004,177,305,2,190,294
04009000005,04,009,000005,294.7,872.16,18.92,345.48,833.33
04009000006,04,009,000006,89.12,610.49,14.63,112.75,598.49
04009000007,04,009,000007,295.74,1147.99,24.98,341.7,1113.02
04009000008,04,009,000008,37.87,455.04,3.15,43.11,440.92
04009000009,04,009,000009,291.37,1732.46,31.32,355.14,1660.77
04009000010,04,009,000010,21.36,190.27,0.97,32.03,174.74
04009000011,04,009,000011,606,87,3,579,110
04009000012,04,009,000012,13.95,40.85,2.99,15.94,41.84
04009000013,04,009,000013,11.89,112.01,0.99,13.88,113.99
04009000014,04,009,000014,65.44,257.8,8.2,65.49,257.58
04009000015,04,009,000015,415,856,15,485,789
04009000016,04,009,000016,471.23,92.72,3.16,476.48,87.57
04009000017,04,009,000017,71.46,249.03,7.46,79.27,239.89
04009000018,04,009,000018,173.65,786.24,13.97,214.54,751.33
04009000019,04,009,000019,127.15,630.74,22.59,171.49,589.75
04009000020,04,009,000020,100.11,531.48,5.02,124.11,502.48
04009000021,04,009,000021,13,64,1,16,62
04009000022,04,009,000022,8.28,14.3,0,9.78,12.79
04011000001,04,011,000001,20.42,65.16,1.1,22.28,64.1
04011000002,04,011,000002,1.75,20.17,0,0.88,21.05
04011000003,04,011,000003,327.21,398.83,15.93,386.87,346.14
04011000004,04,011,000004,222.05,228.47,5.98,234.15,209.56
04011000005,04,011,000005,272.9,579.94,16.63,318.03,541.6
04011000006,04,011,000006,46,152,6,57,143
04011000007,04,011,000007,157.92,425.55,9.85,189.25,393.07
04011000008,04,011,000008,144.66,594.59,15.11,206,538.24
04012000051,04,012,000051,1000,1161,41,1068,1096
04012000052,04,012,000052,167,73,9,174,72
04012000054,04,012,000054,295.33,1253.63,10.26,348.89,1176.96
04012000055,04,012,000055,73.04,340.14,1,86.04,325.14
04012000056,04,012,000056,36,101,2,41,98
04012000057,04,012,000057,162.2,612.92,7.06,188.28,590.79
04012000058,04,012,000058,231.24,725.9,11.01,279.28,664.87
04012000059,04,012,000059,14,80,2,20,76
04012000060,04,012,000060,86,281,3,104,253
04012000062,04,012,000062,46.96,173.86,1,47.96,169.86
04012000064,04,012,000064,129.56,345.18,5.93,140.44,330.34
04012ZZZZZZ,04,012,ZZZZZZ,0,0,0,0,0
04013000001,04,013,000001,1770,1475,61,1822,1426
04013000002,04,013,000002,1320.05,2177.11,60.4,1370.86,2153.77
04013000003,04,013,000003,1650.02,327.01,12.96,1678.93,303.08
04013000004,04,013,000004,879.06,1191.92,44.03,926.03,1160.8
04013000005,04,013,000005,2853,4067,91,2888,4078
04013000006,04,013,000006,577.44,807.41,19.04,602.5,793.37
04013000007,04,013,000007,103.73,226.55,1.05,108.77,218.52
04013000008,04,013,000008,1922.07,1457.43,36.73,1966.74,1444.53
04013000009,04,013,000009,1467.96,1233.55,48.43,1519.09,1201.79
04013000010,04,013,000010,1825,1300,70,1893,1243
04013000011,04,013,000011,2705.39,1857.42,47.84,2701.54,1900.9
04013000012,04,013,000012,586,220,19,598,223
04013000013,04,013,000013,668.58,964.71,5.04,687.62,946.78
04013000014,04,013,000014,562.67,728.31,22.35,576.71,716
04013000015,04,013,000015,396.63,708.45,15.9,416.06,692.55
04013000016,04,013,000016,1172.98,586.02,22.99,1210,554.84
04013000017,04,013,000017,811,708,26,813,720
04013000018,04,013,000018,914,906,45,954,881
04013000019,04,013,000019,1179,1007,49,1213,1002
04013000020,04,013,000020,1747,2191,47,1772,2188
04013000021,04,013,000021,1430,1464,55,1467,1460
04013000022,04,013,000022,462,875,19,508,835
04013000023,04,013,000023,845.5,1158.91,44.41,888.89,1128.59
04013000024,04,013,000024,1704,2678,55,1790,2606
04013000025,04,013,000025,2782.7,2923.88,69.4,2794.12,2922.07
04013000026,04,013,000026,1101,2368,56,1148,2361
04013000027,04,013,000027,1702,1056,47,1691,1094
04013000028,04,013,000028,2405.15,845.3,47.89,2427.4,839.73
04013000029,04,013,000029,29.78,136.38,3.32,33.16,131.13
04013000030,04,013,000030,813.21,1015.99,22.09,814.17,1028.03
04013000031,04,013,000031,1323,1294,49,1346,1298
04013000032,04,013,000032,928,1124,32,923,1149
04013000033,04,013,000033,1062,1310,33,1095,1269
04013000034,04,013,000034,572.95,376.65,18.11,588.19,363.79
04013000035,04,013,000035,1188,1839.58,47.24,1211.62,1821.86
04013000036,04,013,000036,2036.77,2009.72,35.02,2019.77,2041.72
04013000037,04,013,000037,900.09,376.68,15.99,936.06,340.72
04013000038,04,013,000038,1628,1960,47,1704,1890
04013000039,04,013,000039,2038,950,85,2085,964
04013000040,04,013,000040,2263.34,583.36,46.75,2241.91,602.84
04013000041,04,013,000041,1091.89,781.46,29.08,1100.7,795.32
04013000042,04,013,000042,2572.96,2608.07,78.43,2609.43,2627.56
04013000043,04,013,000043,1729.49,2553.26,41.31,1759.94,2536.81
04013000044,04,013,000044,812,734,31,835,719
04013000045,04,013,000045,1193.23,918.12,21.2,1189.33,937.54
04013000046,04,013,000046,500,216,13,528,198
04013000047,04,013,000047,893.39,201.27,16.02,902.45,192.76
04013000048,04,013,000048,1086.55,900.26,15.87,1078.2,930.32
04013000049,04,013,000049,946.87,2009.05,35.83,989.2,1974.07
04013000050,04,013,000050,2636.92,1571.39,92.54,2730.45,1495.77
04013000051,04,013,000051,901.79,1445.29,8.06,916.92,1427.46
04013000052,04,013,000052,1523.61,1603.45,78.91,1586.42,1564.33
04013000053,04,013,000053,746,1119,50,808,1073
04013000054,04,013,000054,351.83,585.58,3.9,360.58,579.74
04013000055,04,013,000055,2610,2094,88,2690,2052
04013000056,04,013,000056,1231.27,1534.52,49.66,1278.1,1474.83
04013000057,04,013,000057,665.77,978.25,5.91,661.08,980.03
04013000058,04,013,000058,410.73,150.5,16.51,429.18,137.88
04013000059,04,013,000059,1212.31,1643.7,38.53,1199.84,1645.6
04013000060,04,013,000060,1382,1968,25,1383,1984
04013000061,04,013,000061,2202.59,3643.5,72.49,2243.3,3619.67
04013000062,04,013,000062,527.25,722.14,23.37,572.07,686.53
04013000063,04,013,000063,1175,831,51,1265,781
04013000064,04,013,000064,1733,1719,62,1793,1674
04013000065,04,013,000065,39.04,79.06,1.95,42.94,76.13
04013000066,04,013,000066,824.09,877.64,40.66,847.89,861.77
04013000067,04,013,000067,111.45,249.3,7.33,117,242.81
04013000068,04,013,000068,1560.14,547.23,30.78,1597.39,506.41
04013000069,04,013,000069,2828,2125,111,2947,2048
04013000070,04,013,000070,1123.85,1462.4,13.9,1100.02,1495.16
04013000071,04,013,000071,1699,650,47,1700,671
04013000072,04,013,000072,603,674,21,633,641
04013000073,04,013,000073,804.62,549.28,11.49,809.4,559.8
04013000074,04,013,000074,1020.23,1394.67,27.23,1063.99,1363.55
04013000075,04,013,000075,423.81,95.88,12.12,435.82,89.96
04013000076,04,013,000076,2492.69,2087.53,45.9,2448.78,2164.37
04013000077,04,013,000077,1177.56,1644.59,17.96,1206.5,1624.63
04013000078,04,013,000078,1200,2203,57,1234,2197
04013000079,04,013,000079,1111.52,636.04,25.43,1100.26,655.67
04013000080,04,013,000080,1360.74,2691.61,77.64,1376.66,2712.52
04013000081,04,013,000081,1394,1189,34,1385,1214
04013000082,04,013,000082,102.51,156.67,0.41,105.59,154.41
04013000083,04,013,000083,1211,1884,68,1279,1845
04013000084,04,013,000084,1227,425,25,1246,420
04013000085,04,013,000085,1829.33,1214.62,40.52,1821.46,1252.47
04013000086,04,013,000086,1186.79,1954.9,22.65,1177.44,1983.03
04013000087,04,013,000087,1696.83,618.1,46.94,1750.62,575.06
04013000088,04,013,000088,1334,784,55,1362,768
04013000089,04,013,000089,1270.91,1746.54,72.07,1355.69,1679.56
04013000090,04,013,000090,1086,1095,35,1139,1040
04013000091,04,013,000091,1485.68,1166.96,70.59,1561.45,1134.08
04013000092,04,013,000092,1881.94,931.29,44,1925.84,921.28
04013000093,04,013,000093,3404.42,1154.14,66.85,3472.25,1094.17
04013000094,04,013,000094,913.57,1357.91,38.21,932.23,1366.8
04013000095,04,013,000095,2173.65,2271.64,63.2,2175.91,2281.35
04013000096,04,013,000096,1291.71,2187.55,35.91,1304.19,2207.97
04013000097,04,013,000097,2116.06,855.02,85.42,2139.09,866.63
04013000098,04,013,000098,802,750,33,829,729
04013000099,04,013,000099,1952,597,61,1980,607
04013000100,04,013,000100,1324.77,559.63,22.94,1366.66,508.76
04013000101,04,013,000101,2006,2793,45,2044,2767
04013000102,04,013,000102,760,163,15,773,162
04013000103,04,013,000103,3360.48,1043.93,63.32,3389.95,1017.89
04013000104,04,013,000104,1204.88,1850.5,20.22,1161.93,1908.03
04013000105,04,013,000105,947.51,707.84,42.84,967.43,702.43
04013000106,04,013,000106,1607,1227,61,1666,1178
04013000107,04,013,000107,710.53,783.56,35.94,741.66,761.8
04013000108,04,013,000108,1514.35,1597.44,22.68,1505.4,1621.18
04013000109,04,013,000109,1216.38,1244.9,36.9,1258.06,1202.45
04013000110,04,013,000110,1414.19,703.83,42.94,1439.4,695.43
04013000111,04,013,000111,1429,1505,40,1494,1432
04013000112,04,013,000112,1653.57,2188.96,61.86,1773.56,2105.86
04013000113,04,013,000113,305.98,654.32,10.7,321.43,644.18
04013000114,04,013,000114,1548,1554,50,1551,1577
04013000115,04,013,000115,543.53,629.4,9.24,519.32,659.71
04013000116,04,013,000116,756.61,426.8,13.58,761.46,435.53
04013000117,04,013,000117,1591.83,2001.28,29.96,1594.83,1988.29
04013000118,04,013,000118,522,405,26,554,400
04013000119,04,013,000119,2708.04,2258.01,55,2693.04,2268.02
04013000120,04,013,000120,913.71,1112.05,17.27,905.14,1115.24
04013000121,04,013,000121,1928.71,905.4,46.31,1978.02,874.18
04013000122,04,013,000122,2509.83,2379.87,84.46,2563.09,2340
04013000123,04,013,000123,1970.24,952.51,41.5,1955.42,976.23
04013000124,04,013,000124,875.78,395.47,26.9,924.61,358.6
04013000125,04,013,000125,1365.65,1622.55,53.27,1400.37,1595.94
04013000126,04,013,000126,1191,583,48,1235,571
04013000127,04,013,000127,2522.92,2221.71,62.22,2494.62,2272.67
04013000128,04,013,000128,874,763,36,910,751
04013000129,04,013,000129,818.05,682.95,23.3,842.22,664.17
04013000130,04,013,000130,492.71,851.27,6.8,509.05,838.64
04013000131,04,013,000131,667,692,32,705,662
04013000132,04,013,000132,1254.29,1307.52,22.45,1223.78,1336.32
04013000133,04,013,000133,745,712,22,767,694
04013000134,04,013,000134,773,280,21,815,251
04013000135,04,013,000135,2070.64,1225,40.51,2068.87,1259.7
04013000136,04,013,000136,1004.61,402.41,19.03,1031.24,388.14
04013000137,04,013,000137,1489.75,861.29,28.19,1547.2,820.86
04013000138,04,013,000138,538,258,13,555,245
04013000139,04,013,000139,865.68,574.94,28.98,865.68,586.15
04013000140,04,013,000140,1690,1262,53,1736,1230
04013000141,04,013,000141,1047,1718,26,1088,1668
04013000142,04,013,000142,704.07,454.42,29.83,753.14,410.67
04013000143,04,013,000143,2052.48,2639.57,80.44,2128.22,2595.81
04013000144,04,013,000144,1636.65,2413.01,19.98,1677.62,2406.02
04013000145,04,013,000145,484.82,564.14,26.77,507.63,539.35
04013000146,04,013,000146,348.71,376.59,10.03,378.4,345.89
04013000147,04,013,000147,1037,1638,48,1068,1619
04013000148,04,013,000148,1185.79,1321.63,38.67,1200.67,1304.77
04013000149,04,013,000149,1279.84,2808.46,58.62,1321.67,2782.24
04013000150,04,013,000150,799.74,1318.49,30.35,850.24,1257.21
04013000151,04,013,000151,1477.47,2335.63,60.58,1542.09,2278.22
04013000152,04,013,000152,1901,667,34,1926,645
04013000153,04,013,000153,411,661,5,411,666
04013000154,04,013,000154,2335.75,1963.48,121.02,2407.52,1945.25
04013000155,04,013,000155,600,1008,36,646,972
04013000156,04,013,000156,482,661,7,521,620
04013000157,04,013,000157,2257,2804,95,2330,2755
04013000158,04,013,000158,2494.71,1604.1,78.98,2575.02,1544.62
04013000159,04,013,000159,1142,1029,49,1185,1014
04013000160,04,013,000160,961,265,16,996,231
04013000161,04,013,000161,646,875,30,676,854
04013000162,04,013,000162,774.3,813.08,37.45,818.67,785.27
04013000163,04,013,000163,1315.8,2102.36,58.48,1416.18,1990.28
04013000164,04,013,000164,1080,1559,40,1120,1523
04013000165,04,013,000165,1845,867,50,1894,829
04013000166,04,013,000166,1232.71,462.04,46.09,1269.81,455.96
04013000167,04,013,000167,3015.44,3629.37,48.49,2971.77,3693.67
04013000168,04,013,000168,956.41,3169.58,42.38,1009.85,3106.92
04013000169,04,013,000169,977.63,1564.05,39.15,1026.15,1523.26
04013000170,04,013,000170,507.76,477.82,15.49,510.34,478.35
04013000171,04,013,000171,1492.32,1693.04,23.11,1475.33,1731.07
04013000172,04,013,000172,1779.72,1088.34,53.07,1777.71,1117.42
04013000173,04,013,000173,1843.6,1371.43,78.13,1905.69,1335.43
04013000174,04,013,000174,709.5,1073.45,25.23,751.69,1042.43
04013000175,04,013,000175,1238.5,759.24,28.89,1261.41,744.29
04013000176,04,013,000176,1917,1796,66,1973,1796
04013000177,04,013,000177,1621.49,2317.4,63.35,1701.67,2269.88
04013000178,04,013,000178,1998.85,3047.77,82.87,2064.37,3039.49
04013000179,04,013,000179,947.35,1725.85,24.72,914.55,1789.88
04013000180,04,013,000180,915.43,2765.09,39.93,956.37,2726.16
04013000181,04,013,000181,1200,1030,30,1251,982
04013000182,04,013,000182,2360.42,5548.78,112.77,2512.08,5407.94
04013000183,04,013,000183,2329.05,3543.58,65.29,2334.17,3539.87
04013000184,04,013,000184,1760.89,488.27,49.64,1781.26,481.13
04013000185,04,013,000185,2410,2226,104,2498,2182
04013000186,04,013,000186,911.66,928.58,21.9,946.5,903.7
04013000187,04,013,000187,836.13,795.23,49.89,888.02,766.29
04013000188,04,013,000188,1339.29,448.6,35.69,1375.98,423.82
04013000189,04,013,000189,2419.36,1878.84,57.84,2533.05,1787.1
04013000190,04,013,000190,959.28,542.69,25.34,987.45,522.34
04013000191,04,013,000191,2410.64,3583.81,55.12,2447.64,3565.86
04013000192,04,013,000192,3678.09,1571.82,82.32,3709.69,1562.41
04013000193,04,013,000193,986.52,953.3,24.37,975.53,975.94
04013000194,04,013,000194,2478,1842,89,2542,1839
04013000195,04,013,000195,1122.1,1453.28,35.28,1082.04,1515.85
04013000196,04,013,000196,905.96,1460.22,28.88,918.57,1463.12
04013000197,04,013,000197,829.38,422.74,25.28,836.83,422.66
04013000198,04,013,000198,1929.51,2607.85,64.66,2062.9,2492.01
04013000199,04,013,000199,1181.33,639.8,35.52,1181.55,657.27
04013000200,04,013,000200,1173.83,1229.23,36.14,1169.75,1243.38
04013000201,04,013,000201,1700.1,2440.54,75.17,1752.07,2416.08
04013000202,04,013,000202,1493,1092,62,1561,1059
04013000203,04,013,000203,1319.27,895.36,38.8,1370.68,872.08
04013000204,04,013,000204,1089,264,29,1128,244
04013000205,04,013,000205,1184.1,1294.23,44.35,1242.25,1247.89
04013000206,04,013,000206,2397.36,5298.65,86.65,2485.93,5258.82
04013000207,04,013,000207,1684.71,655.89,41.98,1709.81,646.77
04013000208,04,013,000208,1487.92,1991.29,38.22,1487.13,2000.18
04013000209,04,013,000209,495.62,632.31,20.24,523.32,610.87
04013000210,04,013,000210,981.08,1196.94,47.25,1007.95,1178.41
04013000211,04,013,000211,1130.7,1504.6,58.98,1189.69,1476.61
04013000212,04,013,000212,825,531,29,861,502
04013000213,04,013,000213,1304.75,258.75,16.98,1331.72,221.8
04013000214,04,013,000214,2417,1195,75,2456,1166
04013000215,04,013,000215,1337.48,736.67,38.29,1369.54,738.68
04013000216,04,013,000216,2010.13,1567.09,69.69,2114.67,1482.46
04013000217,04,013,000217,821,757,42,851,741
04013000218,04,013,000218,2221.61,667.11,58.14,2276.66,631.1
04013000219,04,013,000219,909.18,1300.54,13.12,941.33,1297.45
04013000220,04,013,000220,1914.96,1570.78,54.1,1963.15,1534.39
04013000221,04,013,000221,1997,573,33,2024,571
04013000222,04,013,000222,1157.3,1765.7,40.3,1212,1710.04
04013000223,04,013,000223,951,1847,43,976,1849
04013000224,04,013,000224,2514.21,774.5,80.56,2548.38,765.27
04013000225,04,013,000225,698,543,26,720,531
04013000226,04,013,000226,2235,3156,110,2377,3021
04013000227,04,013,000227,2380.37,1117.05,113.61,2439.78,1119.92
04013000228,04,013,000228,2621.82,3257.66,96.04,2661.64,3260.85
04013000229,04,013,000229,2222.25,871.43,60.75,2252.63,879.98
04013000230,04,013,000230,674,719,24,687,729
04013000231,04,013,000231,1102.65,876.12,51.88,1143.58,850.67
04013000232,04,013,000232,1907.05,3309.44,82.36,1997.35,3225.67
04013000233,04,013,000233,1558.05,3462.22,86.29,1617.86,3421.04
04013000234,04,013,000234,1757.36,2932.02,36.75,1801.71,2914.8
04013000235,04,013,000235,1957.49,1734.56,74.13,2006.02,1715.46
04013000236,04,013,000236,3329.85,2292.03,87.73,3385.15,2273.12
04013000237,04,013,000237,2462.59,2172.16,63.05,2439.54,2230.24
04013000238,04,013,000238,257.38,97.25,4.97,259.32,99.25
04013000239,04,013,000239,1121,1561,23,1138,1551
04013000240,04,013,000240,1531,2341,64,1622,2291
04013000241,04,013,000241,1874.41,1518.41,65.89,1902.93,1520.38
04013000242,04,013,000242,853,874,33,867,876
04013000243,04,013,000243,791.75,1349.55,35.91,849.67,1301.54
04013000244,04,013,000244,2048.07,3211.86,67.51,2058.85,3202.25
04013000245,04,013,000245,3298.17,3534.91,74.96,3334.67,3531.93
04013000246,04,013,000246,3130.53,2033.94,99.58,3173.45,2050.47
04013000247,04,013,000247,1900.88,872.4,58.25,1921.8,866.3
04013000248,04,013,000248,842,179,26,855,185
04013000249,04,013,000249,1863.66,375.64,36.25,1894.09,348.16
04013000250,04,013,000250,1176.32,2044.08,43.48,1210.91,2029.4
04013000251,04,013,000251,1257.18,1337.36,38.61,1307.66,1280.93
04013000252,04,013,000252,992,1585,49,998,1605
04013000253,04,013,000253,2229.81,1790.09,68.62,2262.47,1779.53
04013000254,04,013,000254,812,604,34,817,609
04013000255,04,013,000255,2119.28,1491.44,81.66,2182.91,1451.83
04013000256,04,013,000256,261.98,331.12,4.83,270.89,312.59
04013000257,04,013,000257,1404.93,1600.46,55.04,1430.92,1597.5
04013000258,04,013,000258,2158.8,2246.94,91.45,2187.97,2232.39
04013000259,04,013,000259,1216.44,976.7,41.51,1267.7,938.13
04013000260,04,013,000260,1150,747,18,1127,782
04013000261,04,013,000261,1289,656,23,1282,671
04013000262,04,013,000262,1028.5,2093.49,49.3,1025.54,2137.86
04013000263,04,013,000263,724.07,684.94,32.99,729.07,686.95
04013000264,04,013,000264,1446,2335,38,1438,2358
04013000265,04,013,000265,1873.82,1979.64,78.87,1942.71,1915.75
04013000266,04,013,000266,59.56,153.92,3.73,61.5,158.38
04013000267,04,013,000267,731.49,455.62,25.03,775.55,428.56
04013000268,04,013,000268,1678,535,34,1710,509
04013000269,04,013,000269,1951.19,2563.85,15.95,1980.02,2577.34
04013000270,04,013,000270,1599.3,2280.49,44.43,1631.88,2251.86
04013000271,04,013,000271,1309.9,2716.04,32.99,1256.82,2824.17
04013000272,04,013,000272,914.55,1326.05,18.7,912.58,1343.77
04013000273,04,013,000273,845,1602,33,905,1564
04013000274,04,013,000274,1526,365,24,1545,347
04013000275,04,013,000275,2182.43,2836.09,128.79,2286.77,2811.2
04013000276,04,013,000276,1547,1560,43,1566,1546
04013000277,04,013,000277,487.91,760.99,6.92,498.8,763.94
04013000278,04,013,000278,1369,1247,65,1469,1166
04013000279,04,013,000279,1586.34,2429.92,70.41,1569.69,2490.37
04013000280,04,013,000280,1328.53,189.35,23.23,1342.61,172.36
04013000281,04,013,000281,1540,790,42,1604,734
04013000282,04,013,000282,1128.74,486.82,27.1,1175.46,453.18
04013000283,04,013,000283,2047.67,1025.83,44.14,2041.73,1057.8
04013000284,04,013,000284,261.17,536.14,5.16,276.45,521.28
04013000285,04,013,000285,966.29,1884.9,27.26,1012.73,1834.93
04013000286,04,013,000286,1904,1248,67,1954,1217
04013000287,04,013,000287,1754.17,2334.49,82.74,1853.31,2271.34
04013000288,04,013,000288,45.13,69.4,0.01,47.15,66.39
04013000289,04,013,000289,465.64,417.36,31.06,505.95,394.27
04013000290,04,013,000290,841.37,172.04,12.85,857.19,158.19
04013000291,04,013,000291,99.57,142.41,3.85,106.85,135.74
04013000292,04,013,000292,1147.93,1902.67,46.43,1142,1925.39
04013000293,04,013,000293,1315,860,36,1367,813
04013000294,04,013,000294,1070.56,1739.62,55.77,1158.35,1650.46
04013000295,04,013,000295,1120,204,17,1125,200
04013000296,04,013,000296,1688,1063,63,1779,1012
04013000297,04,013,000297,2430.85,429.25,45.02,2482.85,412.26
04013000298,04,013,000298,1821.2,3300.17,69.72,1870.38,3283.36
04013000299,04,013,000299,31.02,0.03,1,28.02,3.03
04013000300,04,013,000300,2485.66,717.43,68.17,2533.46,708.28
04013000301,04,013,000301,2159.12,3288.16,81.21,2145.72,3313.2
04013000302,04,013,000302,2331.7,3235.5,82.08,2381.15,3216.71
04013000303,04,013,000303,932,1296,6,967,1278
04013000304,04,013,000304,1000.23,1294.88,25.11,1027.22,1286.95
04013000305,04,013,000305,1377,1588,37,1384,1610
04013000306,04,013,000306,486.46,143.21,9.73,482.84,149.77
04013000307,04,013,000307,1387.73,1022.64,67.2,1435.32,1018.92
04013000308,04,013,000308,711.46,211.46,18.31,736.04,190.05
04013000309,04,013,000309,2019,620,28,2075,573
04013000310,04,013,000310,1764,791,58,1797,803
04013000311,04,013,000311,995,307,27,1022,289
04013000312,04,013,000312,1675,424,44,1720,394
04013000313,04,013,000313,1943.98,519.99,23.04,1996.07,462.92
04013000314,04,013,000314,1770.65,728.8,40.58,1741.21,757.39
04013000315,04,013,000315,2219,497,32,2251,471
04013000316,04,013,000316,1453.54,1852.75,67.9,1527.37,1795.54
04013000317,04,013,000317,1233.38,1297.04,21.88,1163.75,1390.54
04013000318,04,013,000318,2034.17,2251.63,54.61,2036.12,2275.03
04013000319,04,013,000319,2029.9,2471,34.52,2009.59,2497.55
04013000320,04,013,000320,977.7,740.95,33.68,1012.95,725.05
04013000321,04,013,000321,2055,648,67,2088,636
04013000322,04,013,000322,1769,1075,46,1856,994
04013000323,04,013,000323,1286,1137,47,1344,1084
04013000324,04,013,000324,2417,1016,114,2493,997
04013000325,04,013,000325,1033,1854,34,1101,1795
04013000326,04,013,000326,702,192,12,723,180
04013000327,04,013,000327,3044.01,3427.29,121.34,3098.17,3422.31
04013000328,04,013,000328,1500,1631,29,1514,1621
04013000329,04,013,000329,1142.47,929.36,25.48,1159.83,911.97
04013000330,04,013,000330,444,797,7,457,792
04013000331,04,013,000331,1553,1152,50,1587,1136
04013000332,04,013,000332,1986,788,68,2004,807
04013000333,04,013,000333,1156.33,1696.2,40.61,1205.24,1653.75
04013000334,04,013,000334,1649.56,1977.43,70.97,1732.73,1920.42
04013000335,04,013,000335,522,795,25,556,768
04013000336,04,013,000336,1970.36,1293.3,48.86,2010.25,1277.34
04013000337,04,013,000337,1270.23,1439.31,19.38,1292.16,1421.39
04013000338,04,013,000338,1914,1139,41,1911,1138
04013000339,04,013,000339,986.17,1030.65,23.46,935.23,1103.72
04013000340,04,013,000340,2036,1495,61,2144,1418
04013000341,04,013,000341,1577,841,41,1621,808
04013000342,04,013,000342,2249,3172,73,2334,3109
04013000343,04,013,000343,529,882,24,555,842
04013000344,04,013,000344,1249.43,1526.92,72.33,1315,1484.5
04013000345,04,013,000345,491.43,626.09,5.41,475.92,642.01
04013000346,04,013,000346,2381,1272,89,2470,1209
04013000347,04,013,000347,436.98,658.95,7.64,456.85,640.14
04013000348,04,013,000348,2855.86,1587.29,77.68,2865.52,1591.75
04013000349,04,013,000349,330.88,31.67,5.06,312.46,44.2
04013000350,04,013,000350,935.13,792.94,24.01,968.14,756.96
04013000351,04,013,000351,1682.44,2477.66,11.05,1695.56,2489.69
04013000352,04,013,000352,1969.43,3843.75,50.41,2005.43,3799.03
04013000353,04,013,000353,515,760,5,526,757
04013000354,04,013,000354,2241.18,1591.07,41,2248.18,1597.08
04013000355,04,013,000355,878,678,26,895,680
04013000356,04,013,000356,2696,2588,68,2690,2614
04013000357,04,013,000357,1643.95,1568.03,54.51,1664.39,1567.06
04013000358,04,013,000358,1537.7,2325.51,88.04,1608.32,2301.5
04013000359,04,013,000359,1832.76,2856.63,52.99,1819.76,2910.62
04013000360,04,013,000360,1881.5,586.08,31.82,1929.14,518.67
04013000361,04,013,000361,715.3,875.3,14.04,710.23,885.4
04013000362,04,013,000362,1647.93,473.33,24.32,1669.56,464.98
04013000363,04,013,000363,3677.89,1358.87,72.03,3703.34,1348.72
04013000364,04,013,000364,231.58,233.42,4.01,229.44,231.11
04013000365,04,013,000365,727.15,1247.56,37.43,748.29,1247.59
04013000366,04,013,000366,922.7,1402.3,13.7,952,1388.96
04013000367,04,013,000367,799,211,18,822,200
04013000368,04,013,000368,759,1114,41,811,1071
04013000369,04,013,000369,1002.38,1439.48,37.09,1047.81,1391.38
04013000370,04,013,000370,1087.11,1563.37,43.43,1112.03,1543.84
04013000371,04,013,000371,895.05,913.72,31.93,919.81,892.99
04013000372,04,013,000372,1175,1714.42,45.76,1199.38,1708.14
04013000373,04,013,000373,1335.4,1271.57,49.87,1366.31,1271.57
04013000374,04,013,000374,2148.48,849.58,41.2,2191.64,822.11
04013000375,04,013,000375,677.08,1220.71,11.78,687.87,1214.82
04013000376,04,013,000376,14.2,5.98,0.04,14.21,6.97
04013000377,04,013,000377,2458.68,4136.27,62.57,2455.46,4163.43
04013000378,04,013,000378,1601,476,35,1615,468
04013000379,04,013,000379,787.6,1652.09,37.2,817.47,1649.33
04013000380,04,013,000380,2328.07,1804.67,55.76,2318.49,1828.19
04013000381,04,013,000381,788.55,389.02,32.5,803.84,386.15
04013000382,04,013,000382,1374.78,1228.56,17.15,1327.17,1284.67
04013000383,04,013,000383,901,1673,62,934,1683
04013000384,04,013,000384,1421.65,2120.81,42.46,1465.01,2088.76
04013000385,04,013,000385,777,217,8,784,210
04013000386,04,013,000386,2489,3389,86,2621,3243
04013000387,04,013,000387,1731,751,43,1768,738
04013000388,04,013,000388,977.23,840.72,35.79,1003.87,819.08
04013000389,04,013,000389,1278,260,22,1302,248
04013000390,04,013,000390,954.42,740.07,17.03,939.75,761.63
04013000391,04,013,000391,2736.52,861.42,74.8,2765.36,882.89
04013000392,04,013,000392,1413,355,43,1467,319
04013000393,04,013,000393,752,997,39,810,960
04013000394,04,013,000394,3001.52,1966.03,87.96,3023.51,1988.02
04013000395,04,013,000395,1286.23,2124.19,47.06,1306.66,2123.22
04013000396,04,013,000396,1211.39,1303.19,56.88,1255.3,1278.25
04013000397,04,013,000397,1197.44,616.46,26.92,1234.81,584.15
04013000398,04,013,000398,765,590,34,805,563
04013000399,04,013,000399,1420,1087,49,1466,1053
04013000400,04,013,000400,896.52,772.04,38.4,948.18,739.65
04013000401,04,013,000401,1431.01,819.57,31.03,1484.04,782.09
04013000402,04,013,000402,1990,537,40,2045,499
04013000403,04,013,000403,2372,1067,59,2395,1075
04013000404,04,013,000404,1369,1654,49,1385,1646
04013000405,04,013,000405,260.64,497.9,17.87,290.42,480.05
04013000406,04,013,000406,1014,411,25,1042,389
04013000407,04,013,000407,1536.27,498.5,28.49,1595.82,463.12
04013000408,04,013,000408,2332,1179,44,2351,1177
04013000409,04,013,000409,583,362,40,600,366
04013000410,04,013,000410,2782.68,2632.96,57.89,2786.67,2649.93
04013000411,04,013,000411,304.61,246.52,6.82,301.09,246.9
04013000412,04,013,000412,1586.82,300.25,23.53,1598.16,309.15
04013000413,04,013,000413,1781.76,1275.1,57.73,1809.63,1253.2
04013000414,04,013,000414,1878.76,1337.59,58.25,1908.55,1344.61
04013000415,04,013,000415,3215,3727,81,3302,3681
04013000416,04,013,000416,2669.54,3235.44,148.33,2738.65,3244.34
04013000417,04,013,000417,427.11,625.08,33,468.35,604.92
04013000418,04,013,000418,1092,872,39,1155,837
04013000419,04,013,000419,1414.08,1511.94,75.9,1516.94,1457.02
04013000420,04,013,000420,2430.74,4047.6,104.7,2548.27,3952.78
04013000421,04,013,000421,905.55,553.88,31.26,957.33,522.62
04013000422,04,013,000422,568,686,24,592,670
04013000423,04,013,000423,1242,1976,21,1321,1910
04013000424,04,013,000424,861.36,271.85,19.92,898.2,244.96
04013000425,04,013,000425,2267.99,2176.8,56.5,2284.84,2180.76
04013000426,04,013,000426,1650,1397,81,1713,1360
04013000427,04,013,000427,1468,372,34,1488,371
04013000428,04,013,000428,13,33,1,12,35
04013000429,04,013,000429,1688,1432,47,1700,1425
04013000430,04,013,000430,738.51,1074.74,21.69,770.06,1043.19
04013000431,04,013,000431,1896.76,587.6,47.42,1908.69,587.9
04013000432,04,013,000432,2129.54,1913.4,58.15,2178.59,1895.36
04013000433,04,013,000433,924,230,17,963,201
04013000434,04,013,000434,964,391,27,1010,361
04013000435,04,013,000435,1427.81,2578.48,36.53,1479.31,2517.09
04013000436,04,013,000436,1242.21,1376.44,29.5,1259.26,1383.01
04013000437,04,013,000437,175.01,574.02,11,192.01,566.02
04013000438,04,013,000438,1829.68,1507.62,54.14,1873.55,1476.81
04013000439,04,013,000439,1601,3403.91,50.33,1628.63,3398.92
04013000440,04,013,000440,1941,1550,46,1957,1550
04013000441,04,013,000441,2988.55,2200.78,87.01,3000.77,2216.31
04013000442,04,013,000442,1852.76,1934.52,44.5,1844.69,1968.79
04013000443,04,013,000443,1952.13,2044.17,57.76,2035.88,1981.42
04013000444,04,013,000444,1025,2856.24,47.75,1067.99,2825.66
04013000445,04,013,000445,1099.05,765.35,39.89,1140.81,735.21
04013000446,04,013,000446,1422,1429,42,1415,1456
04013000447,04,013,000447,3185.82,4064.46,99.91,3218.16,4046.09
04013000448,04,013,000448,1995,508,35,2009,520
04013000449,04,013,000449,273.5,189.76,4.11,277.59,184.71
04013000450,04,013,000450,506.8,273.53,20.13,519.61,262.55
04013000451,04,013,000451,939.2,660.27,26.13,958.12,649.5
04013000452,04,013,000452,414.77,537.12,19.89,413.78,550.05
04013000453,04,013,000453,2265.17,1707.49,48.19,2247.52,1740.48
04013000454,04,013,000454,1801.29,2720.72,25.1,1795.83,2739.68
04013000455,04,013,000455,2181.03,3501.97,79.45,2285.32,3453.3
04013000456,04,013,000456,795,401,17,823,377
04013000457,04,013,000457,1297.6,1255.68,76.22,1352.86,1239.49
04013000458,04,013,000458,1027.98,1439.15,17.89,1074.43,1392.64
04013000459,04,013,000459,1756.77,888.73,40.31,1813.78,861.21
04013000460,04,013,000460,1242,854,30,1237,891
04013000461,04,013,000461,2002,1196,60,2048,1202
04013000462,04,013,000462,382.51,503.8,7.26,377.5,510.07
04013000463,04,013,000463,1183,614,24,1209,607
04013000464,04,013,000464,2953.21,3267.02,102.94,3070.14,3152.09
04013000465,04,013,000465,2338.42,1208.7,72.98,2437.39,1162.71
04013000466,04,013,000466,1595.01,1301.61,57.11,1654.09,1244.5
04013000467,04,013,000467,1408.6,2058.83,52.93,1447.62,2056.94
04013000468,04,013,000468,904,1337,37,925,1333
04013000469,04,013,000469,2298.31,1445.39,64.62,2327.14,1397.67
04013000470,04,013,000470,1135.26,1657.18,27.29,1132.55,1664.06
04013000471,04,013,000471,178.76,139.18,7.05,189.77,129.19
04013000472,04,013,000472,959.59,1066.53,28.9,977.89,1058.82
04013000473,04,013,000473,849.48,510.96,19.84,864.65,516.98
04013000474,04,013,000474,1955.51,1454.22,63.04,2025.06,1407.34
04013000475,04,013,000475,1590.56,375.29,28.83,1605.87,375.42
04013000476,04,013,000476,1940,843,72,1968,848
04013000477,04,013,000477,1311,1505,45,1344,1503
04013000478,04,013,000478,995.02,1210.77,14.43,948.64,1282.04
04013000479,04,013,000479,2224,1982,85,2309,1939
04013000480,04,013,000480,1798.53,1272.64,49.52,1835.17,1232.03
04013000481,04,013,000481,1153.72,418.92,40.99,1186.71,410.92
04013000482,04,013,000482,1112.61,293.1,23.4,1123,289.2
04013000483,04,013,000483,527,722,27,554,692
04013000484,04,013,000484,1091,1116,39,1112,1087
04013000485,04,013,000485,3776,1024,65,3805,1021
04013000486,04,013,000486,581.15,753.55,16.32,597.19,751.48
04013000487,04,013,000487,1634,2484,56,1681,2433
04013000488,04,013,000488,1363.91,2582.12,73.04,1398.94,2589.1
04013000489,04,013,000489,891,1607,16,890,1622
04013000490,04,013,000490,3183,4410.14,37.59,3180.55,4450.83
04013000491,04,013,000491,818,328,16,859,286
04013000492,04,013,000492,2425.16,2065.14,57,2466.16,2054.14
04013000493,04,013,000493,266.88,59.4,4.58,260.27,63.39
04013000494,04,013,000494,877.7,1289.81,48.39,899.69,1295.52
04013000495,04,013,000495,1458,460,26,1525,414
04013000496,04,013,000496,628,311,23,646,298
04013000497,04,013,000497,1193,847,49,1247,803
04013000498,04,013,000498,2211.39,793.05,68.87,2256.74,783.17
04013000499,04,013,000499,1287,480,37,1315,474
04013000500,04,013,000500,816.37,1378.55,43.1,857.94,1351.45
04013000501,04,013,000501,1211.62,881.96,39.12,1199.25,917.46
04013000502,04,013,000502,1164,540,43,1179,549
04013000503,04,013,000503,2282.2,2390.47,72.87,2423.39,2273.45
04013000504,04,013,000504,1356.84,1183.86,39,1361.84,1186.86
04013000505,04,013,000505,1422.45,1709.13,29.64,1405.12,1740.24
04013000506,04,013,000506,2393.68,4277.31,40.43,2324.05,4417.25
04013000507,04,013,000507,1291,1773,17,1262,1821
04013000508,04,013,000508,2088.25,1976.56,92.95,2140.7,1954.81
04013000509,04,013,000509,1583.05,1446.1,46.12,1565.43,1507.81
04013000510,04,013,000510,550.21,850.98,22.87,567.78,843.48
04013000511,04,013,000511,1711.35,2036.37,58.85,1736.45,2029.98
04013000512,04,013,000512,847,1526,25,858,1526
04013000513,04,013,000513,381.36,410.68,6.4,380.01,412.74
04013000514,04,013,000514,872,810,38,902,788
04013000515,04,013,000515,1227.18,981.89,44.79,1275.71,948.25
04013000516,04,013,000516,986.92,1183.06,66.1,1025.06,1186.98
04013000517,04,013,000517,1723.48,2412.75,74.15,1819.61,2366.64
04013000518,04,013,000518,2196.48,2644.3,81.58,2228.14,2660.54
04013000519,04,013,000519,2379,1677,63,2383,1674
04013000520,04,013,000520,1944.28,1563.57,49.33,2025.63,1498.24
04013000521,04,013,000521,3033.72,4510.1,88.74,3090.27,4472.07
04013000522,04,013,000522,2383.36,2379.27,71.12,2406.8,2355.86
04013000523,04,013,000523,1129.55,2960.13,43.39,1199.68,2917.93
04013000524,04,013,000524,737.9,1324.75,31.93,797.19,1273.19
04013000525,04,013,000525,2385,1034,73,2412,1064
04013000526,04,013,000526,2183,1893,76,2271,1817
04013000527,04,013,000527,971.01,1607.49,23.98,967.62,1609.49
04013000528,04,013,000528,890.4,374.23,16.87,923.16,352.39
04013000529,04,013,000529,1235.08,1702.24,48.52,1244.37,1711.9
04013000530,04,013,000530,1103.74,641.79,41.91,1127.65,654.44
04013000531,04,013,000531,1608.79,1276.28,47.79,1609.78,1300.17
04013000532,04,013,000532,700,483,28,723,473
04013000533,04,013,000533,2602.44,3593.7,111.02,2744.44,3501.69
04013000534,04,013,000534,798.57,702.71,30.32,818.07,698.08
04013000535,04,013,000535,932.03,1171.45,48.06,972.8,1151.22
04013000536,04,013,000536,930,1286,23,951,1273
04013000537,04,013,000537,1065,1303.7,13.19,1057.83,1304.85
04013000538,04,013,000538,1520,1486,48,1557,1458
04013000539,04,013,000539,2439.82,858.17,93.99,2484.34,868.06
04013000540,04,013,000540,1484.52,3494.59,33.93,1491.81,3517.86
04013000541,04,013,000541,3121.77,6462.12,140.29,3232.98,6389.19
04013000542,04,013,000542,2149.19,568.96,46.58,2220.46,522.31
04013000543,04,013,000543,1747.95,1104.09,93.45,1801.29,1104.02
04013000544,04,013,000544,673.52,854.81,28.06,704.55,830.78
04013000545,04,013,000545,826.17,225.81,13.09,836.35,223.67
04013000546,04,013,000546,2003.09,1662.91,49.02,1986.07,1707.94
04013000547,04,013,000547,640.17,550.94,29.12,648.38,545.76
04013000548,04,013,000548,2464.33,646.18,56.02,2496.82,657.39
04013000549,04,013,000549,1990.2,944.33,80.59,2029.95,944.33
04013000550,04,013,000550,2575.21,1043.75,42.7,2650.17,979.23
04013000551,04,013,000551,2069,2060,94,2182,1988
04013000552,04,013,000552,1020.07,1028.21,40.06,1059.15,993.24
04013000553,04,013,000553,2037.79,1258.39,54.27,2068.18,1273.23
04013000554,04,013,000554,1560.33,897.17,31.86,1575.27,890.2
04013000555,04,013,000555,1098,1256,16,1138,1209
04013000556,04,013,000556,2930,1211,66,2950,1213
04013000557,04,013,000557,1227.74,2065.56,16,1306.72,1982.57
04013000558,04,013,000558,2264,3419,86,2329,3394
04013000559,04,013,000559,1301,2183,22,1277,2219
04013000560,04,013,000560,871.86,878.66,35.21,927.1,835.48
04013000561,04,013,000561,104,365,10,117,354
04013000562,04,013,000562,1401,1056,41,1456,1003
04013000563,04,013,000563,950,1330,38,964,1336
04013000564,04,013,000564,40.05,3.79,0,40.05,2.71
04013000565,04,013,000565,1406,830,47,1460,786
04013000566,04,013,000566,1959.99,2543.17,88.47,2022.5,2525.33
04013000567,04,013,000567,837.37,507.52,21.2,860.71,494.36
04013000568,04,013,000568,165.58,185.92,5.89,166.92,181.53
04013000569,04,013,000569,786.22,657.94,34.35,791.62,663.14
04013000570,04,013,000570,687.04,636.88,12.34,695,635.06
04013000571,04,013,000571,1098.2,1083.6,31.15,1094.31,1100.15
04013000572,04,013,000572,1621,1042,39,1624,1053
04013000573,04,013,000573,1031.13,1351.27,23.57,1034.07,1346.36
04013000574,04,013,000574,995.01,902.29,28.98,1032.01,870.53
04013000575,04,013,000575,1012.67,362.89,26.62,1043,344.79
04013000576,04,013,000576,555.37,1560.11,31.07,588.38,1543.61
04013000577,04,013,000577,1258.68,1435.66,28.2,1239.56,1448.88
04013000578,04,013,000578,916.2,1065.23,12.69,951.16,1031.83
04013000579,04,013,000579,1055,1631,32,1126,1551
04013000580,04,013,000580,2279.56,2205.73,52.57,2261.83,2238.98
04013000581,04,013,000581,2140,1270,56,2147,1292
04013000582,04,013,000582,2167.14,732.36,41.11,2208.31,708.24
04013000583,04,013,000583,25.17,36.5,0.13,24.28,38.38
04013000584,04,013,000584,1528,1518,40,1540,1520
04013000585,04,013,000585,2450.83,1060.19,51.91,2551.65,982.33
04013000586,04,013,000586,2200.66,3464.66,78.15,2268.82,3440.57
04013000587,04,013,000587,1280.1,1104.33,24.47,1251.45,1169.28
04013000588,04,013,000588,840,951,44,885,924
04013000589,04,013,000589,1246.63,739.95,36.39,1266.22,752.08
04013000590,04,013,000590,1101,1660,15,1161,1598
04013000591,04,013,000591,1352,1130,56,1403,1109
04013000592,04,013,000592,866,781,24,886,777
04013000593,04,013,000593,1514.29,1354.54,22.66,1523.05,1347.72
04013000594,04,013,000594,1426.49,1803.64,18.75,1381.18,1859.78
04013000595,04,013,000595,1394,1589,65,1445,1577
04013000596,04,013,000596,2136.87,2019,45.86,2154.43,2002.42
04013000597,04,013,000597,744.9,928.61,21.9,735.84,936.75
04013000598,04,013,000598,1760,416,40,1782,419
04013000599,04,013,000599,565,723,24,599,699
04013000600,04,013,000600,2005.43,2298.29,29.68,1958.93,2331.92
04013000601,04,013,000601,2652,925,75,2732,885
04013000602,04,013,000602,1687.04,901.37,39.87,1694.82,902.35
04013000603,04,013,000603,443.38,822.15,5.96,462.27,823.14
04013000604,04,013,000604,809.6,1032.49,20.99,834.58,1010.5
04013000605,04,013,000605,1.71,1.42,0.03,1.68,1.47
04013000606,04,013,000606,0.07,0.06,0,0.07,0.06
04013000607,04,013,000607,4.89,4.47,0.14,4.83,4.66
04013000608,04,013,000608,2199,800,59,2210,820
04013000609,04,013,000609,770,493,14,758,512
04013000610,04,013,000610,1729.67,982.68,74.61,1816.17,920.71
04013000611,04,013,000611,1360.33,3714.33,68.55,1436.89,3686.01
04013000612,04,013,000612,2329.08,4837.88,91.69,2387.05,4802.8
04013000613,04,013,000613,1473.15,354.83,34.89,1523.99,320.94
04013000614,04,013,000614,294.04,141.71,7.49,295.9,141.17
04013000615,04,013,000615,0,0,0,0,0
04013000616,04,013,000616,0,0,0,0,0
04013000617,04,013,000617,0,0,0,0,0
04013000618,04,013,000618,4.48,2.56,0.11,4.48,2.53
04013000619,04,013,000619,0,0,0,0,0
04013000620,04,013,000620,1939.19,386.27,40.8,2007.91,354.89
04013000621,04,013,000621,761.7,1157.86,18.18,799.02,1128.19
04013000622,04,013,000622,844,654,29,860,654
04013000623,04,013,000623,488,274,18,503,265
04013000624,04,013,000624,2205,2555,85,2233,2548
04013000625,04,013,000625,27,68,2,30,67
04013000626,04,013,000626,565,757.66,4.88,598.48,727.14
04013000627,04,013,000627,863.15,448.51,31.46,872.02,458.19
04013000628,04,013,000628,953.23,1193.51,36.19,1013.7,1149
04013000629,04,013,000629,492.38,774.85,7.06,498.57,769.73
04013000630,04,013,000630,1032,368,17,1074,333
04013000631,04,013,000631,1174,554,28,1191,544
04013000632,04,013,000632,2359.47,1817.48,73.75,2379.57,1846.07
04013000633,04,013,000633,814.49,1051.86,14.38,807.34,1066.26
04013000634,04,013,000634,27.85,19.49,0.7,28.54,18.1
04013000635,04,013,000635,3952.3,1325.14,75.52,4044.88,1249.86
04013000636,04,013,000636,527.19,698.29,6,546.2,691.29
04013000637,04,013,000637,1604.43,1865.26,43.31,1657.37,1822.91
04013000638,04,013,000638,1019,1500,15,1079,1445
04013000639,04,013,000639,965.38,425.4,31.55,962.68,430.39
04013000640,04,013,000640,1545,1706,34,1594,1657
04013000641,04,013,000641,866,1264,10,915,1221
04013000642,04,013,000642,1632.1,2338.84,104.81,1709.96,2323.87
04013000643,04,013,000643,828.18,899.86,42.23,894.37,850.65
04013000644,04,013,000644,1677.98,1687.99,53.69,1753.5,1597.9
04013000645,04,013,000645,760.84,809.65,29.67,800.08,773.28
04013000646,04,013,000646,1900.06,2036.07,67,2004.07,1966.07
04013000647,04,013,000647,1282.6,1298.2,24.39,1252.12,1342.93
04013000648,04,013,000648,0.9,9.39,0.06,0.92,9.49
04013000649,04,013,000649,1651.49,396.53,41.67,1698.8,363.7
04013000650,04,013,000650,2056,3088,86,2168,3007
04013000651,04,013,000651,2473,1572,46,2441,1651
04013000652,04,013,000652,495,574,10,497,577
04013000653,04,013,000653,946,510,30,991,484
04013000654,04,013,000654,1622,2812,73,1680,2784
04013000655,04,013,000655,1490,1693,80,1570,1627
04013000656,04,013,000656,1022.64,973.32,25.6,1046.99,939.26
04013000657,04,013,000657,826,459,20,843,437
04013000658,04,013,000658,978.82,526.13,22.01,1006.85,508.07
04013000659,04,013,000659,2245.7,3592.51,82.57,2346.12,3492.14
04013000660,04,013,000660,885,798,19,909,777
04013000661,04,013,000661,1130.22,1262.42,33.06,1165.33,1223.77
04013000662,04,013,000662,7.83,36.22,0.06,5.83,38.35
04013000663,04,013,000663,1196.99,1441.97,63.34,1258.47,1393.53
04013000664,04,013,000664,1184.15,2024.54,68.16,1263.04,1964.17
04013000665,04,013,000665,3921.6,3943.06,78.01,3907.72,3960.57
04013000666,04,013,000666,1653.17,2727.98,17.77,1617.64,2785.22
04013000667,04,013,000667,651.85,355.49,22.54,656.98,370.81
04013000668,04,013,000668,727.24,1118.82,43.95,736.23,1127.81
04013000669,04,013,000669,1321.52,1977.78,57.41,1308.44,2021.64
04013000670,04,013,000670,1612.7,496.27,25.94,1668.28,450.29
04013000671,04,013,000671,369.66,935.96,17.19,402.97,900.78
04013000672,04,013,000672,1566.07,2185.69,78.79,1640,2138.03
04013000673,04,013,000673,57.14,96.8,2.53,59.15,95.67
04013000674,04,013,000674,1124.73,1509.1,33.25,1117.89,1530.61
04013000675,04,013,000675,608.5,264.78,12.99,638.47,247.8
04013000676,04,013,000676,931.42,1530.58,14.03,969.03,1497.89
04013000677,04,013,000677,2474.71,3457.8,84.2,2568.66,3386
04013000678,04,013,000678,1008,292,20,1047,256
04013000679,04,013,000679,3344.88,4844.8,115.61,3416.95,4834.95
04013000680,04,013,000680,636.79,249.91,18.13,668.53,228.09
04013000681,04,013,000681,1864,886,45,1893,877
04013000682,04,013,000682,1927,519,42,1973,496
04013000683,04,013,000683,620.12,527.94,21.35,645.18,513.18
04013000684,04,013,000684,3511.39,923.9,75.6,3572,901.8
04013000685,04,013,000685,4230.05,6938.44,152.04,4369.1,6873.41
04013000686,04,013,000686,1705,600,72,1737,603
04013000687,04,013,000687,206.52,169.91,10.33,229.04,153.01
04013000688,04,013,000688,1080,1647,53,1121,1630
04013000689,04,013,000689,1027,609,40,1044,614
04013000690,04,013,000690,1650.32,1650.4,71.01,1721.33,1602.39
04013000691,04,013,000691,734.51,601.96,19.93,746.47,596.97
04013000692,04,013,000692,1543,1174,52,1552,1188
04013000693,04,013,000693,1427.17,923.9,40.06,1487.38,874.94
04013000694,04,013,000694,1346.03,703.47,61.49,1392.51,693.51
04013000695,04,013,000695,1185.3,767.9,39.94,1203.28,762.91
04013000696,04,013,000696,1041,972,25,1053,969
04013000697,04,013,000697,2152,914,66,2188,909
04013000698,04,013,000698,1457,938,46,1483,929
04013000699,04,013,000699,1350.17,1308.07,40.19,1390.36,1288.93
04013000700,04,013,000700,107.19,301.73,6.19,121.19,291.05
04013000701,04,013,000701,2567.99,3549.68,41.19,2577.13,3573.59
04013000702,04,013,000702,1792.4,1712.45,78.83,1880.48,1645.64
04013000703,04,013,000703,969,1503,43,1016,1472
04013000704,04,013,000704,2663.47,5824.93,126.03,2822.34,5693.97
04013000705,04,013,000705,1949.91,1340.36,46.34,1944.11,1375.23
04013000706,04,013,000706,1381.73,1674.67,48.82,1418.83,1665.89
04013000707,04,013,000707,2572.08,1195.22,46.21,2673.13,1113.46
04013000708,04,013,000708,1669.3,1257.19,58.26,1720.58,1235.06
04013000709,04,013,000709,233.72,603.91,10.06,249.79,590.84
04013000710,04,013,000710,863,329,24,896,313
04013000711,04,013,000711,840,665,21,844,662
04013000712,04,013,000712,1530,685,38,1567,661
04013000713,04,013,000713,2586.35,3343.21,100.1,2693.98,3242.86
04013000714,04,013,000714,2873.43,5021.83,89.88,2935.66,4977.38
04013000715,04,013,000715,1106.36,1699.65,46.01,1146.93,1694.25
04013000716,04,013,000716,1199,2051,41,1262,2014
04013000717,04,013,000717,1817.07,1033.95,56.64,1852.25,1032.87
04013000718,04,013,000718,1251,1213,51,1356,1135
04013000719,04,013,000719,1467.75,492.57,40.8,1526.46,448.78
04013000720,04,013,000720,2986.43,661,67.49,3027.12,655.05
04013000721,04,013,000721,985.21,1213.94,49.51,998.08,1227.8
04013000722,04,013,000722,2774.06,3010.27,45.02,2742.05,3076.29
04013000723,04,013,000723,320.98,535.13,14.84,344.81,522.62
04013000724,04,013,000724,1748.59,2421.05,57.78,1779.7,2420.89
04013000725,04,013,000725,1172.19,177.12,23.88,1174.18,194.04
04013000726,04,013,000726,149.03,127.16,6.48,143.36,137.69
04013000727,04,013,000727,1962.67,2014.63,66.71,2050.3,1939.01
04013000728,04,013,000728,1095.62,3212.12,48.61,1152.2,3150.56
04013000729,04,013,000729,779.61,898.36,27.25,821.46,856.5
04013000730,04,013,000730,3506,3925.72,83.51,3574.79,3859.92
04013000731,04,013,000731,1383.41,1476.69,47.46,1411.79,1448.33
04013000732,04,013,000732,667.83,828.06,24.88,710.62,791.24
04013000733,04,013,000733,1753,1223,35,1722,1291
04013000734,04,013,000734,1819,1384,60,1861,1360
04013000735,04,013,000735,1073.49,1689.71,46.83,1107.92,1674.18
04013000736,04,013,000736,974.45,916.48,28.98,1006.43,892.5
04013000737,04,013,000737,1467.72,2145.57,49.32,1509.59,2097.81
04013000738,04,013,000738,2611,595,44,2599,639
04013000739,04,013,000739,3469.4,2422.04,88.27,3506.1,2408.15
04013000740,04,013,000740,588.43,1907.43,23.33,645.63,1839.37
04013000741,04,013,000741,1255.55,2404.99,14.23,1244.3,2426.31
04013000742,04,013,000742,1144,1140,41,1191,1099
04013000743,04,013,000743,1873.83,1210.87,96.45,1932.98,1204.11
04013000744,04,013,000744,1997.76,670.49,61.5,2008.58,688.77
04013000745,04,013,000745,1202.52,1324.37,43.79,1258.96,1254.34
04013000746,04,013,000746,1219,870,33,1227,871
04013000747,04,013,000747,1039,739,34,1054,742
04013000748,04,013,000748,1671.67,3726.99,54.07,1745.76,3645.12
04015000201,04,015,000201,26.82,164.85,1.99,31.78,160.88
04015000202,04,015,000202,61.11,152.65,6.18,62.5,154.17
04015000203,04,015,000203,115.86,442.48,6.99,135.84,420.51
04015000204,04,015,000204,84.34,397.47,1.94,97.91,383.9
04015000205,04,015,000205,58.64,1518.66,16.61,90.88,1480.54
04015000206,04,015,000206,44.04,147.4,1.98,53.19,136.63
04015000207,04,015,000207,403.43,1461.96,17.37,446.27,1401.32
04015000208,04,015,000208,197.69,625.62,8.08,209.91,619.25
04015000209,04,015,000209,227.89,633.38,12.82,256.5,597.86
04015000210,04,015,000210,1205.43,4260.33,61.08,1332.56,4084.19
04015000211,04,015,000211,5258.01,12805.37,223.76,5748.68,12173.73
04015000212,04,015,000212,2764.6,8428.99,118.3,3027.04,8068.13
04015000213,04,015,000213,339.88,1324.1,25,374.32,1279.5
04015000214,04,015,000214,17.61,108.86,1.04,22.61,103.84
04015000215,04,015,000215,1247.33,3157.92,93.46,1390.99,3011.31
04015000216,04,015,000216,1329.88,4038.21,96.63,1486.05,3817.07
04015000217,04,015,000217,1814.51,5478.6,98.34,1972.57,5304.52
04015000218,04,015,000218,1844.77,6370.26,146.71,2118.43,6102.52
04015000219,04,015,000219,1730.97,7035.39,79.05,1912.07,6799.27
04015000220,04,015,000220,5146.69,18001.93,255.69,5696.02,17356.72
04015000221,04,015,000221,385.57,1040.44,13.3,416.09,994.94
04015000222,04,015,000222,240.71,828.56,10.64,264.89,782.18
04015000223,04,015,000223,41.3,51.14,0.98,40.32,52.12
04015000224,04,015,000224,237.99,40.87,3.78,220.06,55.02
04017000001,04,017,000001,211.73,76.84,5.69,215.5,77.01
04017000002,04,017,000002,230.2,36.97,4.11,233.81,38.39
04017000003,04,017,000003,212.99,1517.4,24.83,242.91,1488.98
04017000004,04,017,000004,920.34,147.82,16.42,934.78,153.48
04017000005,04,017,000005,488.92,513.12,13.97,508.33,499.9
04017000006,04,017,000006,74.13,443.75,5.7,83.98,433.9
04017000007,04,017,000007,736.73,267.3,19.8,749.85,267.87
04017000008,04,017,000008,568.65,91.33,10.15,577.58,94.83
04017000009,04,017,000009,329.32,649.01,18.18,363.53,620.86
04017000010,04,017,000010,136.16,38.25,1.87,141.77,33.83
04017000011,04,017,000011,720.4,115.71,12.86,731.7,120.14
04017000012,04,017,000012,140.79,482.48,9.46,156.93,464.67
04017000013,04,017,000013,599.76,629.45,17.14,623.56,613.23
04017000014,04,017,000014,67.41,480.51,7.86,76.88,471.53
04017000015,04,017,000015,92.55,659.75,10.8,105.55,647.41
04017000016,04,017,000016,431.04,452.38,12.32,448.15,440.72
04017000017,04,017,000017,187.99,52.81,2.58,195.73,46.7
04017000018,04,017,000018,61.45,136.25,4.09,78.51,121.25
04017000019,04,017,000019,279.05,78.39,3.83,290.55,69.33
04017000020,04,017,000020,348.98,52.36,6.43,371.9,50.53
04017000021,04,017,000021,514.78,540.27,14.71,535.22,526.35
04017000022,04,017,000022,468.52,97.74,5.58,490.36,84.25
04017000023,04,017,000023,258.83,93.93,6.96,263.43,94.14
04017000024,04,017,000024,368.87,59.25,6.58,374.65,61.52
04017000025,04,017,000025,123.22,878.4,14.38,140.53,861.97
04017000026,04,017,000026,18.45,5.18,0.25,19.21,4.58
04017000027,04,017,000027,93.12,26.16,1.28,96.95,23.13
04017000028,04,017,000028,35.24,210.94,2.71,39.92,206.25
04017000029,04,017,000029,346.51,125.75,9.32,352.67,126.03
04017000030,04,017,000030,210.58,76.42,5.66,214.33,76.59
04017000031,04,017,000031,37.32,205.19,2.69,41.94,200.62
04017000032,04,017,000032,1538.11,247.04,27.45,1562.24,256.51
04017000033,04,017,000033,277.59,100.74,7.46,282.53,100.96
04017000034,04,017,000034,1030.88,165.57,18.4,1047.05,171.92
04017000035,04,017,000035,220.38,738.96,11.1,239.49,716.3
04017000036,04,017,000036,483.64,1621.69,24.36,525.58,1571.97
04017000037,04,017,000037,625.99,2098.99,31.53,680.27,2034.64
04017000038,04,017,000038,161.21,540.56,8.12,175.19,523.99
04017000039,04,017,000039,18.92,67.14,1.06,21.03,64.52
04017000040,04,017,000040,655.97,2245.38,18.97,705.7,2182.52
04017000041,04,017,000041,260.05,511.26,14.32,287.02,489.07
04017000042,04,017,000042,428.28,1433.21,21.54,465.36,1389.27
04017000043,04,017,000043,1095.04,397.41,29.44,1114.52,398.27
04017000044,04,017,000044,83.93,23.61,1.15,87.39,20.88
04017000045,04,017,000045,209.82,33.7,3.74,213.12,34.99
04017000046,04,017,000046,1000.08,362.95,26.89,1017.88,363.74
04017000047,04,017,000047,818.22,296.94,22,832.77,297.59
04017000048,04,017,000048,32.23,4.84,0.59,34.34,4.67
04017000049,04,017,000049,206.82,407.59,11.42,228.31,389.91
04017000050,04,017,000050,206.59,43.04,2.46,216.23,37.1
04017000051,04,017,000051,505.4,81.18,9.02,513.33,84.29
04017000052,04,017,000052,110.33,378.08,7.41,122.97,364.12
04017000053,04,017,000053,881.78,925.43,25.19,916.78,901.59
04017000054,04,017,000054,235.83,1681.17,27.51,268.96,1649.72
04017000055,04,017,000055,108.24,771.62,12.63,123.45,757.19
04017000056,04,017,000056,1592.88,1675.27,45.56,1656.21,1632.02
04017000057,04,017,000057,336.86,70.59,4.05,352.49,60.98
04017000058,04,017,000058,97.59,35.42,2.62,99.32,35.49
04017000059,04,017,000059,403.53,64.81,7.2,409.86,67.3
04017000060,04,017,000060,307.5,1132.65,18.32,347.02,1082.52
04017000061,04,017,000061,128.63,253.97,7.11,142,242.97
04019000001,04,019,000001,645,584,14,656,562
04019000002,04,019,000002,80.96,87.82,1,82.79,85.92
04019000003,04,019,000003,191.7,10.58,0.16,181.03,18.29
04019000004,04,019,000004,814,70,8,798,86
04019000005,04,019,000005,1028.34,2360.68,57.02,1123.37,2274.65
04019000006,04,019,000006,1312.53,1934.49,66.87,1383.43,1900.49
04019000007,04,019,000007,53.04,54.02,1.96,49.11,56.97
04019000008,04,019,000008,268,211,8,263,217
04019000009,04,019,000009,1479,931,34,1482,939
04019000010,04,019,000010,984.43,902.23,17.61,1004.98,895.38
04019000011,04,019,000011,808.11,1943.11,50,845.11,1936.11
04019000012,04,019,000012,2379,2180,51,2398,2180
04019000013,04,019,000013,1353.78,1144.47,47.05,1402.75,1129.11
04019000014,04,019,000014,1687,1634,52,1721,1618
04019000015,04,019,000015,390.42,467.95,17.46,400.9,463.76
04019000016,04,019,000016,2086,909,36,2077,929
04019000017,04,019,000017,1348,298,19,1356,293
04019000018,04,019,000018,1607,309,28,1650,283
04019000019,04,019,000019,206,265,10,220,248
04019000020,04,019,000020,1915.97,486.43,30.97,1953.49,468.32
04019000021,04,019,000021,1620.01,1216,35,1657.01,1194
04019000022,04,019,000022,1958.09,809.39,32.18,2041.85,739.37
04019000023,04,019,000023,1936,787,26,1979,743
04019000024,04,019,000024,790,1065,31,868,1012
04019000025,04,019,000025,1508.94,304.17,24.85,1556.66,281.31
04019000026,04,019,000026,1602.27,388.1,30.93,1686.07,334.22
04019000027,04,019,000027,4.42,6.61,0.11,4.58,6.48
04019000028,04,019,000028,933,226,14,948,218
04019000029,04,019,000029,1565.22,1510.53,61.95,1558.25,1548.89
04019000030,04,019,000030,1827,1064,48,1846,1072
04019000031,04,019,000031,784.58,694.75,19.11,818.03,659.4
04019000032,04,019,000032,2134,1714,72,2255,1608
04019000033,04,019,000033,1467,649,25,1480,654
04019000034,04,019,000034,725.42,498.25,20.89,772.97,441.6
04019000035,04,019,000035,306,246,7,300,252
04019000036,04,019,000036,2008,1101,57,2063,1046
04019000037,04,019,000037,766.49,187.48,17.14,787.51,178.48
04019000038,04,019,000038,1296,620,37,1329,597
04019000039,04,019,000039,1464,1741,57,1480,1771
04019000040,04,019,000040,1289,1355,67,1316,1357
04019000041,04,019,000041,3272,1698,78,3355,1651
04019000042,04,019,000042,2683,543,48,2665,555
04019000043,04,019,000043,805.51,217.52,19.86,808.49,217.52
04019000044,04,019,000044,1594,272,26,1600,271
04019000045,04,019,000045,1389,177,21,1405,175
04019000046,04,019,000046,374,525,15,366,537
04019000047,04,019,000047,1628.97,380.77,35.61,1674.47,340.23
04019000048,04,019,000048,1258,528,45,1318,491
04019000049,04,019,000049,579,701,26,584,712
04019000050,04,019,000050,1354,282,19,1389,256
04019000051,04,019,000051,1051,255,20,1111,212
04019000052,04,019,000052,1124,240,21,1142,214
04019000053,04,019,000053,2949,793,47,3037,736
04019000054,04,019,000054,2751.53,1358.91,84.25,2834.79,1283.58
04019000055,04,019,000055,790,347,31,791,364
04019000056,04,019,000056,1577,686,15,1561,716
04019000057,04,019,000057,2332,687,54,2337,695
04019000058,04,019,000058,2034,570,58,2052,587
04019000059,04,019,000059,1116,390,22,1130,377
04019000060,04,019,000060,620.56,676.69,15.85,649.21,650
04019000061,04,019,000061,1112.63,680.1,18.3,1070.25,730.19
04019000062,04,019,000062,1442,355,32,1433,337
04019000063,04,019,000063,1040,219,16,1051,225
04019000064,04,019,000064,1323.53,274.9,28.99,1362.52,251.91
04019000065,04,019,000065,9.86,9.86,0,9.86,9.86
04019000066,04,019,000066,1555,363,29,1590,348
04019000067,04,019,000067,1723,632,36,1730,620
04019000068,04,019,000068,1669,512,32,1686,518
04019000069,04,019,000069,2345,1531,58,2375,1513
04019000070,04,019,000070,785.95,1072.55,23.64,809.58,1040.05
04019000071,04,019,000071,123.51,15.94,0,120.52,13.94
04019000072,04,019,000072,2275,782,67,2320,760
04019000073,04,019,000073,2118,377,29,2131,379
04019000074,04,019,000074,1106.71,957.55,12.18,1103.42,979.62
04019000075,04,019,000075,2060,551,57,2068,585
04019000076,04,019,000076,265.49,16.06,5,255.48,33.06
04019000077,04,019,000077,1127,1232,23,1136,1235
04019000078,04,019,000078,1365,274,16,1352,304
04019000079,04,019,000079,1292,1550,48,1318,1544
04019000080,04,019,000080,1603,430,19,1612,438
04019000081,04,019,000081,465,550,16,475,536
04019000082,04,019,000082,1585,368,20,1603,366
04019000083,04,019,000083,634,1040,18,647,1035
04019000084,04,019,000084,2327,2735,37,2317,2779
04019000085,04,019,000085,870,479,21,877,478
04019000086,04,019,000086,2287,764,32,2334,740
04019000087,04,019,000087,394,135,8,383,141
04019000088,04,019,000088,1683,954,21,1663,1007
04019000089,04,019,000089,1908,748,34,1939,742
04019000090,04,019,000090,659,750,34,668,764
04019000091,04,019,000091,1845,706,44,1888,703
04019000092,04,019,000092,1772,1098,45,1760,1134
04019000093,04,019,000093,1427,481,32,1457,467
04019000094,04,019,000094,1674,477,36,1683,496
04019000095,04,019,000095,589,650,34,580,684
04019000096,04,019,000096,1610,520,37,1629,526
04019000097,04,019,000097,1236,388,24,1258,387
04019000098,04,019,000098,1724,658,44,1750,643
04019000099,04,019,000099,1514.37,597.9,24.7,1510.75,622.81
04019000100,04,019,000100,1571,699,43,1602,704
04019000101,04,019,000101,796.26,756.09,16.07,818.33,746
04019000102,04,019,000102,1340,683,26,1389,635
04019000103,04,019,000103,811,277,8,807,282
04019000104,04,019,000104,1852,1706,51,1842,1740
04019000105,04,019,000105,892.22,488.11,33.59,903.09,473.28
04019000106,04,019,000106,749.09,547.87,16.93,730.16,580.74
04019000107,04,019,000107,1937.91,888.13,35.07,1963.84,866.26
04019000108,04,019,000108,2453,1123,74,2490,1128
04019000109,04,019,000109,2016,2597,68,2043,2619
04019000110,04,019,000110,1148,122,18,1098,147
04019000111,04,019,000111,1221,607,29,1236,594
04019000112,04,019,000112,1603,1033,22,1579,1077
04019000113,04,019,000113,1532,921,48,1554,917
04019000114,04,019,000114,397.96,382.35,32.06,418.49,366.97
04019000115,04,019,000115,2042.24,2164.73,66.17,2066.92,2190.6
04019000116,04,019,000116,2127,1500,52,2184,1460
04019000117,04,019,000117,1391,811,27,1407,810
04019000118,04,019,000118,1601,976,38,1604,1006
04019000119,04,019,000119,1176,689,36,1204,695
04019000120,04,019,000120,1530,970,55,1587,952
04019000121,04,019,000121,913,699,24,917,717
04019000122,04,019,000122,1046,762,37,1073,749
04019000123,04,019,000123,2135,1476,74,2205,1431
04019000124,04,019,000124,693,599,26,722,586
04019000125,04,019,000125,1112.6,752.53,18.64,1116.53,772.15
04019000126,04,019,000126,721.69,725.24,25.02,716.64,749.32
04019000127,04,019,000127,3275.55,3896.47,58.95,3260.82,3952.48
04019000128,04,019,000128,1149,917,32,1159,922
04019000129,04,019,000129,1115,729,31,1144,722
04019000130,04,019,000130,1690,1408,75,1757,1394
04019000131,04,019,000131,1002,821,30,995,857
04019000132,04,019,000132,1386,1278,35,1419,1260
04019000133,04,019,000133,1701,1291,52,1745,1278
04019000134,04,019,000134,900,946,32,928,929
04019000135,04,019,000135,145,5,3,146,5
04019000136,04,019,000136,110.23,7.87,0.98,106.3,12.79
04019000137,04,019,000137,97.84,5.36,0.02,90.94,9.34
04019000138,04,019,000138,370.42,15.89,2.98,359.5,32.77
04019000139,04,019,000139,239.61,155.48,6.4,256.08,141.76
04019000140,04,019,000140,272.39,338.03,7.84,275.33,343.91
04019000141,04,019,000141,2128,1819,23,2152,1809
04019000142,04,019,000142,1597.37,1446.15,54.34,1607.61,1443.18
04019000143,04,019,000143,745,77,10,759,70
04019000144,04,019,000144,1561.15,626.63,31.01,1616.14,579.64
04019000145,04,019,000145,2499,2348,48,2480,2427
04019000146,04,019,000146,1384.89,1079.09,35.41,1395.13,1080.09
04019000147,04,019,000147,1107,1126,33,1155,1102
04019000148,04,019,000148,1134,865,37,1136,888
04019000149,04,019,000149,1208,764,29,1214,777
04019000150,04,019,000150,510.05,464.05,13.57,524.31,452.01
04019000151,04,019,000151,504.63,282.73,5.28,501.93,288.31
04019000152,04,019,000152,555,161,12,564,147
04019000153,04,019,000153,2125,936,55,2140,944
04019000154,04,019,000154,1033,367,35,1062,343
04019000155,04,019,000155,761,356,11,786,330
04019000156,04,019,000156,938.23,727.22,34.05,958.25,709.22
04019000157,04,019,000157,1740.73,547.9,36.07,1788.93,505.78
04019000158,04,019,000158,1082,608,21,1067,635
04019000159,04,019,000159,2261,662,40,2336,603
04019000160,04,019,000160,998,204,8,1005,182
04019000161,04,019,000161,301,466,4,308,459
04019000162,04,019,000162,974,580,23,983,590
04019000163,04,019,000163,1216,807,25,1183,851
04019000164,04,019,000164,1732.35,434.8,31.34,1720.6,469.08
04019000165,04,019,000165,94,214,5,97,214
04019000166,04,019,000166,2033,447,45,2062,446
04019000167,04,019,000167,1274,273,20,1266,286
04019000168,04,019,000168,367.71,440.33,6.99,361.69,450.31
04019000169,04,019,000169,1883.06,1884.34,33.01,1837.57,1937.69
04019000170,04,019,000170,1522.65,690.2,26.66,1513.4,720.92
04019000171,04,019,000171,1479,1033,27,1443,1090
04019000172,04,019,000172,1660.51,1883.16,37.32,1639.01,1934.35
04019000173,04,019,000173,1287,1295,32,1291,1310
04019000174,04,019,000174,1792,1145,36,1798,1145
04019000175,04,019,000175,1128.06,1685.01,53.75,1193.6,1640.05
04019000176,04,019,000176,736,897,32,778,880
04019000177,04,019,000177,1628,1530,67,1706,1485
04019000178,04,019,000178,1218,1158,33,1221,1179
04019000179,04,019,000179,1516,1721,27,1508,1745
04019000180,04,019,000180,1592,1340,46,1609,1347
04019000181,04,019,000181,1569,1586,50,1586,1614
04019000182,04,019,000182,1658,1518,60,1684,1524
04019000183,04,019,000183,1066.77,1055.78,38.95,1080.75,1058.78
04019000184,04,019,000184,1131,1633,41,1129,1665
04019000185,04,019,000185,801,813,20,812,804
04019000186,04,019,000186,146,137,3,144,144
04019000187,04,019,000187,1576,1600,31,1598,1595
04019000188,04,019,000188,967.58,1447.39,23.89,1002.42,1418.52
04019000189,04,019,000189,997,421,28,1000,431
04019000190,04,019,000190,1011,346,22,1044,323
04019000191,04,019,000191,487.08,494.89,16.59,496.84,494.89
04019000192,04,019,000192,1395,1287,48,1444,1276
04019000193,04,019,000193,732.29,701.45,4.82,724.58,703.38
04019000194,04,019,000194,1462,1572,37,1461,1590
04019000195,04,019,000195,786,1095,14,791,1091
04019000196,04,019,000196,8,3,0,8,3
04019000197,04,019,000197,976,981,26,1005,962
04019000198,04,019,000198,699,1195,27,699,1204
04019000199,04,019,000199,1141,1317,35,1120,1358
04019000200,04,019,000200,487.44,685.51,14.67,465.43,709.96
04019000201,04,019,000201,1463,1218,49,1475,1231
04019000202,04,019,000202,1455.66,1433.87,34.66,1480.42,1436.84
04019000203,04,019,000203,769,464,19,809,432
04019000204,04,019,000204,84,364,4,93,354
04019000205,04,019,000205,1286,1350,26,1291,1377
04019000206,04,019,000206,183.68,259.05,8.63,187.23,260.79
04019000207,04,019,000207,1552.57,1141.77,21.39,1543.02,1161.62
04019000208,04,019,000208,577,651,15,619,611
04019000209,04,019,000209,1268,1361,22,1307,1322
04019000210,04,019,000210,1481,614,26,1461,646
04019000211,04,019,000211,1187,822,9,1158,851
04019000212,04,019,000212,701,747,19,705,746
04019000213,04,019,000213,199,153,4,196,155
04019000214,04,019,000214,1666,941,37,1638,985
04019000215,04,019,000215,543,708,22,571,689
04019000216,04,019,000216,1057,1150,40,1079,1148
04019000217,04,019,000217,2026.2,1929.62,77.66,2044.12,1948.54
04019000218,04,019,000218,2342,1845,94,2301,1942
04019000219,04,019,000219,1092.53,1117.01,47.97,1126.8,1106.24
04019000220,04,019,000220,1451,1439,43,1458,1468
04019000221,04,019,000221,613.36,1396.27,30.92,641.29,1374.33
04019000222,04,019,000222,579.5,1051.03,29.72,623.09,1005.47
04019000223,04,019,000223,555,578,30,570,589
04019000224,04,019,000224,1936,2131,77,1978,2119
04019000225,04,019,000225,1980,1728,72,2040,1700
04019000226,04,019,000226,438,417,16,450,417
04019000227,04,019,000227,2297,2515,112,2401,2490
04019000228,04,019,000228,620,501,12,631,497
04019000229,04,019,000229,1494,2580,85,1533,2600
04019000230,04,019,000230,590,307,9,604,303
04019000231,04,019,000231,1927.04,1893.01,70.12,1966.08,1890.1
04019000232,04,019,000232,841.97,519.9,26.43,858.39,517.52
04019000233,04,019,000233,1945,1255,39,1982,1198
04019000234,04,019,000234,1195,661,20,1222,637
04019000235,04,019,000235,1445,499,19,1474,471
04019000236,04,019,000236,634.98,119.38,5.04,634.95,122.43
04019000237,04,019,000237,1094,553,15,1094,566
04019000238,04,019,000238,1593,948,25,1576,982
04019000239,04,019,000239,2214,1233,28,2210,1257
04019000240,04,019,000240,37.37,64.9,0,38.35,62.93
04019000241,04,019,000241,1049.7,767.23,15.33,1016.83,813.53
04019000242,04,019,000242,951.37,1005.23,39.42,974.43,1016.78
04019000243,04,019,000243,775,1004,21,771,1026
04019000244,04,019,000244,426,109,4,444,97
04019000245,04,019,000245,1147,225,16,1163,218
04019000246,04,019,000246,1468,188,20,1488,189
04019000247,04,019,000247,281.5,71.32,3.4,286.01,68.86
04019000248,04,019,000248,575,163,6,593,141
04019000249,04,019,000249,762,1277,55,783,1292
04021000001,04,021,000001,439.85,658.16,26.15,486.3,616.63
04021000004,04,021,000004,257.28,191.29,7.92,269.18,186.33
04021000005,04,021,000005,674.63,884.1,35,713.65,859.07
04021000006,04,021,000006,412,205,7,426,191
04021000007,04,021,000007,1141.08,1425.37,26.56,1163.71,1434.22
04021000008,04,021,000008,1057.99,1201.62,20.14,1038.72,1255.92
04021000009,04,021,000009,633,1083,18,695,1015
04021000010,04,021,000010,633,1188,28,679,1146
04021000011,04,021,000011,71.31,163.42,3.96,81.21,161.43
04021000012,04,021,000012,436,162,12,461,140
04021000013,04,021,000013,1043.39,1315.33,33.58,1089.61,1292.66
04021000014,04,021,000014,493,211,9,517,182
04021000015,04,021,000015,1166.38,1515.44,13.25,1134.4,1565.65
04021000016,04,021,000016,728.56,1467.17,36.62,771.8,1439.41
04021000017,04,021,000017,434.24,465.02,13.29,472.45,419.08
04021000018,04,021,000018,947,1283,56,1000,1250
04021000019,04,021,000019,585,623,24,646,574
04021000020,04,021,000020,171.45,410.53,8.91,197.16,387.76
04021000021,04,021,000021,265,569,8,284,547
04021000022,04,021,000022,194,459,13,214,447
04021000023,04,021,000023,535.28,957.89,20.22,599.67,886.49
04021000024,04,021,000024,466.15,744.57,24.11,516.02,696.99
04021000025,04,021,000025,303.98,1022.7,14.15,333.78,991.58
04021000026,04,021,000026,1084.25,1775.06,38.5,1135.13,1745.44
04021000027,04,021,000027,2195.51,3759.26,89.59,2346.43,3630.79
04021000028,04,021,000028,2041,3460,64,2123,3399
04021000029,04,021,000029,496.38,66.73,13.71,480.72,91.19
04021000030,04,021,000030,1482.46,1436.82,49.51,1530.28,1403.21
04021000031,04,021,000031,127.13,187.34,3.05,135.12,182.37
04021000032,04,021,000032,676,673,20,723,632
04021000033,04,021,000033,689,723,23,725,684
04021000034,04,021,000034,745,757,31,796,720
04021000035,04,021,000035,889,1072,27,944,1024
04021000036,04,021,000036,743.15,532.66,16.98,791.03,486.8
04021000037,04,021,000037,1082.12,1510.36,32.24,1160.76,1450.34
04021000038,04,021,000038,446.78,606.87,13.36,479.68,569.28
04021000039,04,021,000039,1036.87,1395.83,41,1109.87,1348.84
04021000040,04,021,000040,899.97,1244.03,47.55,983.68,1186.7
04021000041,04,021,000041,882.61,1421.67,17.42,949.39,1371.34
04021000042,04,021,000042,538,898,25,594,849
04021000043,04,021,000043,796,1319,30,872,1238
04021000044,04,021,000044,786,1490,35,874,1411
04021000045,04,021,000045,549.79,1382.78,37.11,624.01,1317.35
04021000046,04,021,000046,597,1250,20,640,1198
04021000047,04,021,000047,632,1015.32,27.52,700.8,953.4
04021000048,04,021,000048,937.98,1457.94,22.04,974.03,1425.91
04021000049,04,021,000049,137,364,2,145,354
04021000050,04,021,000050,734.64,407.81,13.95,758.56,382.89
04021000051,04,021,000051,6.26,27.49,0.05,6.34,27.41
04021000052,04,021,000052,28,84,2,33,78
04021000053,04,021,000053,144.05,17.01,1.15,139.32,21.73
04021000054,04,021,000054,411.22,912.56,14.12,441.09,876.75
04021000055,04,021,000055,686,996.77,14.18,742.23,937.78
04021000056,04,021,000056,607,1215,30,666,1146
04021000057,04,021,000057,703.77,1431.95,22.05,734.88,1398.85
04021000058,04,021,000058,452,1067.68,25.48,485.2,1020.6
04021000059,04,021,000059,896.95,1476.66,42.07,979.09,1403.59
04021000060,04,021,000060,413.82,44.87,3.99,396.87,63.82
04021000061,04,021,000061,429.44,64,7.21,417.21,77.37
04021000062,04,021,000062,424.47,72.52,4.96,417.02,79.92
04021000063,04,021,000063,417,701,17,451,672
04021000064,04,021,000064,890.05,1500.34,14.93,920.91,1484.41
04021000066,04,021,000066,511,877,8,520,886
04021000067,04,021,000067,374.91,683.54,21.89,390.8,672.63
04021000068,04,021,000068,1279,1849,47,1324,1825
04021000069,04,021,000069,570,856,35,598,846
04021000070,04,021,000070,1133.17,2078.11,74.01,1211.12,2021.16
04021000071,04,021,000071,597,1379,35,639,1360
04021000072,04,021,000072,323.02,638.06,13.96,338.97,628.09
04021000073,04,021,000073,734.75,736.53,20.74,746.19,734.27
04021000074,04,021,000074,1104.25,1047.47,34.26,1124.81,1035.73
04021000075,04,021,000075,888.75,1395.94,52.5,946.88,1371.56
04021000076,04,021,000076,851,1583,51,932,1523
04021000077,04,021,000077,318.85,88.71,8.39,318,91.67
04021000078,04,021,000078,1056,1203.58,38.04,1108.98,1167.58
04021000079,04,021,000079,1200,1240,49,1225,1244
04021000080,04,021,000080,2562.35,2919.17,68.27,2651.58,2869.6
04021000081,04,021,000081,1012,1176,19,1051,1134
04021000082,04,021,000082,374.78,263.14,14.95,396.7,247.19
04021000083,04,021,000083,970,1443,45,1045,1386
04021000084,04,021,000084,382,604,16,381,617
04021000085,04,021,000085,883,1460,50,949,1411
04021000086,04,021,000086,1474,2337,95,1586,2277
04021000087,04,021,000087,910,1149,35,969,1104
04021000088,04,021,000088,1929,4435,87,2015,4369
04021000089,04,021,000089,806,1920,54,867,1877
04021000090,04,021,000090,1015,812,37,1030,818
04021000091,04,021,000091,416.02,836.89,23.49,460.06,803.61
04021000092,04,021,000092,1493.57,1766.74,22.97,1484.88,1796.58
04021000093,04,021,000093,628.26,607.06,13.13,663.91,578.58
04021000094,04,021,000094,976,1496,27,1032,1446
04021000095,04,021,000095,760,1389,32,797,1353
04021000096,04,021,000096,439,1174,18,462,1160
04021000097,04,021,000097,935.01,1339.02,36,978.01,1302.02
04021000098,04,021,000098,611.75,1140.96,25.25,663.21,1093.38
04021000099,04,021,000099,790,1200,30,868,1131
04021000100,04,021,000100,1254.13,1124.27,41.34,1276.09,1103.48
04021000101,04,021,000101,1086.67,935.97,50.57,1148.14,897.3
04021000102,04,021,000102,1481,1617,59,1539,1601
04021000103,04,021,000103,50.26,10.33,0.6,49.98,11.64
04021000104,04,021,000104,80.69,139.58,0.04,84.79,134.57
04021000105,04,021,000105,59.67,74.44,2.49,64.59,67.75
04023000001,04,023,000001,416.55,97.04,7.12,426.79,84.38
04023000002,04,023,000002,593.46,153.74,9.71,611.62,138.29
04023000003,04,023,000003,393.17,131.47,6.95,404.54,122.94
04023000004,04,023,000004,184.81,57.02,3.93,193.66,47.19
04023000005,04,023,000005,580.64,182.66,5.88,579.93,185.89
04023000006,04,023,000006,212.31,339.72,11.62,216.27,344.32
04023000007,04,023,000007,1662.81,1029.05,26.71,1725.59,956.57
04023000008,04,023,000008,1072.19,284.98,11.07,1133.34,212.81
04023000009,04,023,000009,180.28,83.81,3.14,191.77,77.46
04023000010,04,023,000010,491,158,13,524,129
04023000011,04,023,000011,1008.27,605.42,15.01,1010.27,612.43
04023000012,04,023,000012,301.17,78.69,2.91,313.8,64.12
04023000013,04,023,000013,168.78,102.41,3.79,182.05,92.93
04023000014,04,023,000014,466.78,242.84,7.91,478.92,232.03
04023000015,04,023,000015,297.64,527.25,16.08,308.82,528.03
04023000016,04,023,000016,157.22,62.89,2.3,166.43,52.15
04023000017,04,023,000017,1443.24,644.21,28.85,1525.57,570.49
04023000018,04,023,000018,317,140,4,339,123
04023000019,04,023,000019,1212,508.44,9.91,1297.82,423.67
04023000020,04,023,000020,550.99,150.51,3.62,571.31,126.81
04023000021,04,023,000021,1003.05,415.85,22.62,1052.82,366.26
04023000022,04,023,000022,280.68,98.28,3.55,289.67,93.52
04023000023,04,023,000023,30.84,33.93,0.28,29.94,35.03
04023000024,04,023,000024,118.44,74.08,4.42,120.59,73.9
04025000001,04,025,000001,1601.02,5728.44,84.37,1700.1,5641.79
04025000002,04,025,000002,0,0,0,0,0
04025000003,04,025,000003,2250,5132,91,2383,5012
04025000004,04,025,000004,2810.23,3245.67,134.85,2902.43,3224
04025000005,04,025,000005,1888,2512,76,1937,2514
04025000008,04,025,000008,2947.63,4847.78,119.49,3019.73,4873.44
04025000010,04,025,000010,1161.18,3301.39,53.93,1186.86,3326.26
04025000012,04,025,000012,1552.74,3158.55,105.63,1679.17,3067.65
04025000013,04,025,000013,152.73,636.86,7.99,164.71,625.88
04025000014,04,025,000014,140.58,657.19,20.97,156.59,659.11
04025000015,04,025,000015,14.8,23.69,0.99,14.88,25.42
04025000016,04,025,000016,280.37,1043.91,7.08,289.37,1030.07
04025000017,04,025,000017,270.32,731.27,9.01,271.41,738.1
04025000018,04,025,000018,2919,3547.73,85.2,2972.22,3533.47
04025000019,04,025,000019,1830.2,3773.61,68.72,1889.12,3774.28
04025000020,04,025,000020,1.98,75.15,0,2.97,75.15
04025000021,04,025,000021,145.47,472.97,9.71,156.16,460.36
04025000027,04,025,000027,87.56,272.15,8.09,96.65,263.02
04025000028,04,025,000028,16,37.68,0.03,17.95,33.82
04025000029,04,025,000029,194,554,6,216,539
04025000030,04,025,000030,37.22,105.16,1.79,38.96,104.23
04025000031,04,025,000031,2929.67,6083.42,155.58,3130.27,5937.62
04025000033,04,025,000033,1642.26,4689.02,68.18,1771.51,4569.14
04025000035,04,025,000035,2788.57,2009.69,57.99,2816.56,2013.69
04025000036,04,025,000036,3158.95,4192.03,113.02,3273.18,4109.59
04025000037,04,025,000037,2628.93,3464.38,109.37,2774.75,3363.88
04025000039,04,025,000039,21.5,42.53,0.06,24.42,40.58
04025000040,04,025,000040,1002.88,1383.62,39.29,1036.74,1366.9
04025000041,04,025,000041,3408.13,2108.8,63.72,3472.85,2080.92
04025000043,04,025,000043,125.8,431.88,11.07,140.9,425.79
04025000045,04,025,000045,113.33,277.1,3.06,113.19,275.01
04025000046,04,025,000046,807.25,2314.79,41.25,914.81,2218.33
04025000049,04,025,000049,1364.25,3135.31,57.54,1438.03,3085.07
04025000051,04,025,000051,2926.2,5456.07,134.51,3021.19,5445.23
04025000054,04,025,000054,1742.16,4196.51,87.94,1859.04,4080.49
04025000056,04,025,000056,355.81,1274.14,25.79,385.54,1248.35
04025000057,04,025,000057,14.64,71.53,1.88,16.54,69.65
04025000066,04,025,000066,1246.1,4556.19,102.1,1385.09,4427.32
04025000077,04,025,000077,1295.94,1185.62,42.97,1351.09,1150.79
04025000090,04,025,000090,42.14,33.79,1.15,41.28,34.74
04025000091,04,025,000091,127.26,440,4.93,130.22,439.01
04025000105,04,025,000105,76.22,174.76,4.61,73.8,182.37
04025000109,04,025,000109,923.4,1650.93,42.97,1005.35,1595.96
04025000114,04,025,000114,562.44,2571.74,32.39,588.9,2566.33
04025000115,04,025,000115,35.12,57.38,1.71,34.26,59.1
04027000P01,04,027,000P01,509.46,259.73,12.99,553.42,215.77
04027000P02,04,027,000P02,507.16,369.19,14.27,540.46,338.74
04027000P03,04,027,000P03,563.18,398.69,12.54,584.56,375.49
04027000P04,04,027,000P04,1515,1208,50,1616,1138
04027000P05,04,027,000P05,712.57,1161.69,22.02,731.82,1159.59
04027000P06,04,027,000P06,1060.25,580.15,22,1134.26,518.14
04027000P07,04,027,000P07,1554,556,25,1620,476
04027000P08,04,027,000P08,427,635,15,438,634
04027000P09,04,027,000P09,496.44,1513.93,47.18,532.51,1510.82
04027000P10,04,027,000P10,1547.81,2525.16,74.25,1609.89,2491.22
04027000P11,04,027,000P11,728,1234,49,782,1205
04027000P12,04,027,000P12,594.14,1131.98,30.73,604.09,1138.87
04027000P13,04,027,000P13,735.59,532.13,28.03,770.6,504.14
04027000P14,04,027,000P14,207,219,5,213,210
04027000P15,04,027,000P15,854,1127,48,913,1092
04027000P16,04,027,000P16,692.99,762.38,44.8,740.67,743.59
04027000P17,04,027,000P17,889.89,1831.59,44.84,939.71,1798.71
04027000P18,04,027,000P18,57.76,223.68,5.23,62.11,217.38
04027000P19,04,027,000P19,55.25,62.81,0.01,57.29,56.78
04027000P20,04,027,000P20,539.1,1443.92,23.92,599.89,1383.14
04027000P21,04,027,000P21,2.95,5.06,0.07,3.07,4.95
04027000P22,04,027,000P22,864,1512,47,925,1479
04027000P23,04,027,000P23,611,1301,20,643,1279
04027000P24,04,027,000P24,1396,3633,56,1486,3545
04027000P25,04,027,000P25,780,1975,33,814,1954
04027000P26,04,027,000P26,353,218,9,373,197
04027000P27,04,027,000P27,394,355,10,407,348
04027000P28,04,027,000P28,310,178.26,7.02,333.04,158.22
04027000P29,04,027,000P29,1783,469.74,39.98,1857.96,399.78
04027000P30,04,027,000P30,1498,482,22,1589,391
04027000P31,04,027,000P31,2421,865,36,2558,711
04027000P32,04,027,000P32,566.75,346.85,9,585.74,320.86
04027000P33,04,027,000P33,189.62,282.46,3.95,197.52,274.55
04027000P34,04,027,000P34,181.43,480.49,7.97,186.41,477.49
04027000P35,04,027,000P35,569.1,730.18,31.83,602.86,711.75
04027000P36,04,027,000P36,912.76,949.86,34.53,963.41,912.99
04027000P37,04,027,000P37,854.46,569.56,25.16,896.71,523.38
04027000P38,04,027,000P38,816.55,752.47,32.83,849.46,730.08
04027000P39,04,027,000P39,726.79,798.05,30.84,760.53,783.57
04027000P40,04,027,000P40,653.29,756.69,35.68,686.23,746.62
04027000P41,04,027,000P41,888,998,31,940,953
04027000P42,04,027,000P42,1180.71,1081.32,39.32,1248.77,1017.38
04027000P43,04,027,000P43,11,18,0,11,18
