GEOID20,STATEFP,COUNTYFP,DISTRICT,G16PRERTRU,G16PREDCLI,G16PRELJOH,G16PRECCAS,G16USSRTHU,G16USSDWIL,G16HALRNOE,G16HALDHAW,G16PUCRNEL,G16PUCDRED
460030VTD-1,46,003,0VTD-1,230,62,11,4,254,60,229,85,270,40
460030VTD-2,46,003,0VTD-2,120.01,23,7,3,121.01,32,107.01,50,145.01,10
460030VTD-3,46,003,0VTD-3,289.97,100.99,19,6,313.96,106.99,261.97,158.98,361.96,60.99
460030VTD-5,46,003,0VTD-5,128.03,61.01,11,1,135.04,62.01,128.03,74.02,153.04,44.01
460030VTD-7,46,003,0VTD-7,206,93,26,5,249,82,203,124,271,53
460050VTD-1,46,005,0VTD-1,258.5,104.41,19.93,5.06,284.77,110.11,261.98,131.94,299.32,87.33
46005VTD-01,46,005,VTD-01,639.65,177.64,38.27,3.01,696.78,167.6,617.43,238.35,709.87,132.28
46005VTD-02,46,005,VTD-02,600.73,200.9,40.48,12.96,660.78,207.63,589.55,273.74,703.42,145.64
46005VTD-04,46,005,VTD-04,193.05,77.98,14.89,3.78,212.66,82.23,195.65,98.53,223.53,65.22
46005VTD-05,46,005,VTD-05,973.8,383.96,64.57,18.13,1114.6,357.12,1001.48,470.56,1215.14,235.88
46005VTD-W2,46,005,VTD-W2,359.02,226.23,42.3,11.8,398.36,240.98,361.97,273.44,424.92,204.59
46005VTD-W3,46,005,VTD-W3,377,212,29,9,437,188,385,240,462,142
46005VTDW01,46,005,VTDW01,149.86,61.88,11.8,3.01,165.13,65.3,151.84,77.99,173.67,52.01
46005VTDW71,46,005,VTDW71,314.67,131.41,19.45,2.95,352.97,119.62,307.01,163.23,379.49,82.5
46005VTDW72,46,005,VTDW72,27.3,11.45,1.86,0.36,31.41,10.74,28.49,13.72,34.45,7.14
46005VTDW81,46,005,VTDW81,355.13,233.5,27.07,7.03,454.31,182.42,377.17,253.57,489.43,123.29
46005VTDW82,46,005,VTDW82,206.3,90.65,13.4,4.91,240.23,77.25,213.44,104.93,260.77,53.14
460070VTD-1,46,007,0VTD-1,70,183,11,2,112,148,96,166,83,179
460070VTD-4,46,007,0VTD-4,150.08,7.3,12.01,0.01,157.13,11.26,150.11,16.3,149.07,11.31
46007VTD-02,46,007,VTD-02,108.38,62.15,10.79,4.11,127.9,57.01,118.65,65.75,115.57,64.72
46007VTD-05,46,007,VTD-05,80.57,46.2,8.02,3.05,95.07,42.38,88.2,48.87,85.91,48.11
46007VTD-06,46,007,VTD-06,22.06,12.65,2.2,0.84,26.03,11.6,24.15,13.38,23.52,13.17
46007VTD-27,46,007,VTD-27,235,101,13,4,240,112,244,109,228,118
460090VTD-1,46,009,0VTD-1,439,105,29,6,470,114,412,170,496,69
460090VTD-2,46,009,0VTD-2,369.69,107.62,15.94,10.96,405.57,104.63,360.73,143.49,423.5,74.74
460090VTD-3,46,009,0VTD-3,472.31,208.38,30.06,8.04,501.43,224.37,431.27,295.51,571.5,125.26
460090VTD-4,46,009,0VTD-4,337,156,32,6,388,178,295,247,426,96
460090VTD-5,46,009,0VTD-5,488.02,127.41,22.05,5.02,488.99,149.52,443.97,190.56,499.17,112.32
460110VTD-1,46,011,0VTD-1,192.85,168.38,39.38,8.07,251.03,135.93,211.24,184.62,254.08,116.66
460110VTD-2,46,011,0VTD-2,293,343,54,10,383,277,322,376,386,237
460110VTD-3,46,011,0VTD-3,309,356,64,13,404,288,340,390,408,246
460110VTD-4,46,011,0VTD-4,677,622,89,17,885,503,744,682,893,430
460110VTD-5,46,011,0VTD-5,1236,933,168,33,1615,754,1359,1023,1630,645
460110VTD-6,46,011,0VTD-6,1101,766,143,28,1439,620,1211,841,1452,530
460110VTD-8,46,011,0VTD-8,409,242,45,9,534,196,450,266,539,167
460110VTD-9,46,011,0VTD-9,388,234,46,9,507,190,426,257,511,162
46011VTD-10,46,011,VTD-10,380,192,37,7,496,155,417,210,501,133
46011VTD-11,46,011,VTD-11,370.35,249.56,62.89,11.98,484.14,201.64,407.28,273.52,489.14,172.69
46011VTD-12,46,011,VTD-12,187,64,9,2,245,52,206,71,247,45
46011VTD-13,46,011,VTD-13,138.8,84.06,11.73,1.95,180.83,68.42,152.48,92.86,182.78,58.65
46011VTD-14,46,011,VTD-14,702,415,71,14,917,336,772,455,926,287
46011VTD-15,46,011,VTD-15,95,75,9,2,124,61,104,82,125,52
46011VTD-16,46,011,VTD-16,269,135,32,6,352,109,296,148,355,94
460130VTD-1,46,013,0VTD-1,712,403,78,11,842,355,716,480,872,283
460130VTD-2,46,013,0VTD-2,369,264,42,6,437,232,372,314,452,185
460130VTD-3,46,013,0VTD-3,846.39,462.56,80.96,11.85,1000.65,406.36,851.35,550.35,1036.25,324.49
460130VTD-4,46,013,0VTD-4,318.37,210.14,47.66,7.09,376.08,184.65,320.43,250.94,390.47,147.91
460130VTD-5,46,013,0VTD-5,236,162,38,5,280,143,238,193,290,114
460130VTD-6,46,013,0VTD-6,1136.57,573.33,93.25,14.04,1344.23,504.16,1143.61,682.58,1392.38,402.94
460130VTD-7,46,013,0VTD-7,1197.94,530.02,83.84,12.11,1416.84,466.68,1205.39,631.55,1467.15,372.6
460130VTD-8,46,013,0VTD-8,531,324,69,10,628,285,534,385,650,227
460130VTD-9,46,013,0VTD-9,538.87,239.41,44.58,6.5,637.36,210.66,542.59,284.89,659.66,167.96
46013VTD-10,46,013,VTD-10,218.02,157.01,32,5,258.02,138.01,219.02,187.01,267.02,110
46013VTD-11,46,013,VTD-11,318.05,220.09,40.34,6.2,376.53,193.2,320.21,262.43,389.34,154.99
46013VTD-12,46,013,VTD-12,589.47,228.87,42.13,6.31,697.31,200.5,594.21,272.19,722.29,160.84
46013VTD-13,46,013,VTD-13,224,151,21,3,265,133,226,180,274,106
46013VTD-14,46,013,VTD-14,137,112,14,2,162,98,138,133,167,78
46013VTD-15,46,013,VTD-15,651,246,48,7,770,216,656,293,798,173
46013VTD-16,46,013,VTD-16,248.33,101.56,20.25,2.9,293.97,89.78,250.2,121.07,304.44,71.28
46013VTD-17,46,013,VTD-17,328,260,28,4,387,228,330,309,401,182
46013VTD-18,46,013,VTD-18,139,110,12,2,165,96,140,131,170,77
46013VTD-19,46,013,VTD-19,547,372,46,7,647,327,550,443,670,262
46013VTD-20,46,013,VTD-20,79,69,8,1,93,61,79,83,97,49
46013VTD-21,46,013,VTD-21,113.36,138.32,10.04,2.01,134.43,121.28,114.36,164.38,139.45,97.22
46013VTD-22,46,013,VTD-22,134.64,117.68,15.96,1.99,159.57,103.72,135.64,140.62,165.55,82.78
460150VTD-2,46,015,0VTD-2,87,18,1,2,94,15,83,27,102,8
460150VTD-3,46,015,0VTD-3,764.68,362.85,75.97,12,893.63,323.87,799.67,413.83,946.61,228.91
460150VTD-5,46,015,0VTD-5,257.36,77.55,19.26,3.88,278.52,85.23,252.6,110.12,295.64,60.12
46015VTD-D2,46,015,VTD-D2,389.09,98.33,26.08,5.02,414.18,109.36,382.07,141.47,442.26,68.25
46015VTD-D3,46,015,VTD-D3,12.16,3.7,0.91,0.18,13.22,4.02,11.98,5.21,14.04,2.84
46015VTD-D4,46,015,VTD-D4,59.03,11.01,2,4,56.03,18.01,59.03,17.01,65.04,8.01
460170VTD-1,46,017,0VTD-1,92.01,21,3,0,91.01,26,90.01,26,97.01,17
460170VTD-2,46,017,0VTD-2,42,38,0,1,50,32,43,40,44,36
460170VTD-3,46,017,0VTD-3,37,237,15,4,91,199,67,224,33,260
460190VTD-6,46,019,0VTD-6,46.06,0.96,0,0,44.14,3.84,44.14,3.84,42.22,2.88
460190VTD-8,46,019,0VTD-8,27.29,3.09,1.3,0.19,26.98,4.38,25.75,5.8,27.6,3.58
46019VTD-11,46,019,VTD-11,62.63,7.95,0,0,62.63,5.96,62.63,8.95,62.63,6.96
46019VTD-12,46,019,VTD-12,80.11,15.13,3.05,1.01,87.1,11.18,73.05,21.24,80.12,18.15
46019VTD-13,46,019,VTD-13,110.72,12.53,5.26,0.75,109.47,17.79,104.46,23.55,111.97,14.53
46019VTD-14,46,019,VTD-14,302.88,34.26,14.39,2.06,299.45,48.65,285.75,64.41,306.3,39.74
46019VTD-16,46,019,VTD-16,571.43,84.93,36.39,7.33,589.02,103.69,572.14,119.5,590.62,90.84
46019VTD-17,46,019,VTD-17,293.16,49.67,18.5,1.95,309.71,51.62,299.97,64.28,299.97,49.67
46019VTD-18,46,019,VTD-18,87,23,9,1,94,28,86,34,91,27
46019VTD-20,46,019,VTD-20,181,48,12,2,188,50,175,61,189,45
46019VTD-21,46,019,VTD-21,169.3,36.06,15.19,5.69,171.87,47.83,167.94,50.88,169.13,45.66
46019VTD-22,46,019,VTD-22,131.47,41.83,8.96,1,133.46,48.8,128.48,50.79,130.47,47.8
46019VTD-23,46,019,VTD-23,190.52,42.51,17.05,3.2,202.04,46.04,199.54,48.5,205.08,36.67
46019VTD-24,46,019,VTD-24,243.59,71.75,18.41,6.78,266.85,68.83,258.13,78.54,266.85,58.18
46019VTD-25,46,019,VTD-25,230,63,17,5,264,46,257,57,262,39
46019VTD-26,46,019,VTD-26,184,35,27,6,196,52,183,63,199,42
46019VTD-27,46,019,VTD-27,192.84,43.33,19.5,2.05,215.29,40.38,205.03,52.72,212.03,37.33
46019VTD-28,46,019,VTD-28,253,83,23,6,286,83,279,87,296,56
460210VTD-1,46,021,0VTD-1,115,29,6,0,134,19,120,32,140,9
460210VTD-2,46,021,0VTD-2,136,19,8,0,147,19,146,16,151,12
460210VTD-3,46,021,0VTD-3,152,20,2,1,155,20,148,27,161,9
460210VTD-4,46,021,0VTD-4,145,23,2,0,152,14,138,29,155,15
460210VTD-5,46,021,0VTD-5,156,14,2,1,152,15,147,23,156,13
460230VTD-1,46,023,0VTD-1,259.8,113.85,11.68,3.89,265.63,117.76,239.37,144.02,287.05,93.42
460230VTD-2,46,023,0VTD-2,124.19,49.69,5.96,2.98,120.24,63.56,118.22,67.56,142.06,38.77
460230VTD-4,46,023,0VTD-4,73,94,5,1,87,91,82,98,81,96
460230VTD-5,46,023,0VTD-5,211.86,107.11,3.06,0.03,205.09,113.92,190.77,129.27,226.22,93.67
460230VTD-7,46,023,0VTD-7,85.08,37.21,0.98,0.97,87.97,33.36,79.19,43.11,97.73,21.65
460230VTD-8,46,023,0VTD-8,143,22,7,0,138,30,132,36,155,13
460230VTD-9,46,023,0VTD-9,320.14,51.03,7,0,329.15,53.02,312.14,63.03,341.16,38.01
460230VTD6B,46,023,0VTD6B,45,45.27,3.58,0,50.79,43.94,41.39,54.23,49.04,42.56
46023VTD-10,46,023,VTD-10,91,12,3,1,92,9,92,14,101,3
46023VTD-13,46,023,VTD-13,44,24,1,0,44,24,41,28,47,21
46023VTD-3a,46,023,VTD-3a,50.65,32.93,4.03,0.88,55.6,33.34,48.55,40.86,58.81,29.28
46023VTD-3b,46,023,VTD-3b,132.28,90.53,11.26,2.35,146.82,91.47,127.59,112.11,154.79,81.15
46023VTD-3c,46,023,VTD-3c,106.06,72.59,9.03,1.88,117.72,73.34,102.3,89.89,124.11,65.06
46023VTD-6a,46,023,VTD-6a,45.19,45.44,3.59,0,51,44.11,41.57,54.45,49.25,42.73
46023VTD-6c,46,023,VTD-6c,9.87,9.97,0.79,0,11.15,9.67,9.08,11.94,10.76,9.38
46023VTD11a,46,023,VTD11a,150.82,27.4,3.72,0.8,159.86,22.61,150.02,33.78,167.04,15.43
46023VTD11b,46,023,VTD11b,242.45,44.04,5.99,1.28,256.99,36.35,241.17,54.31,268.54,24.8
46023VTD11c,46,023,VTD11c,173.59,31.53,4.29,0.92,184,26.02,172.67,38.88,192.26,17.76
46023VTD12a,46,023,VTD12a,18.54,6.1,1.78,0,20.32,6.1,16.76,10.16,21.59,4.83
46023VTD12b,46,023,VTD12b,5.79,1.9,0.56,0,6.35,1.9,5.24,3.17,6.75,1.51
46023VTD12c,46,023,VTD12c,48.67,16,4.67,0,53.33,16,44,26.67,56.67,12.67
4602500VTD1,46,025,00VTD1,191,60,21,1,206,73,171,109,237,34
4602500VTD2,46,025,00VTD2,283,105,21,1,300,111,274,142,333,60
4602500VTD3,46,025,00VTD3,161.03,62.79,10.5,4.54,191.93,52.07,161.62,83.38,194.61,36.12
4602500VTD5,46,025,00VTD5,237,59,21,4,269,56,236,86,275,42
46025VTD-W3,46,025,VTD-W3,58.97,26.21,4.5,2.46,72.07,22.93,59.38,35.62,77.39,11.88
46025VTD4-1,46,025,VTD4-1,101,39,19,2,108,55,95,71,121,37
46025VTD4-2,46,025,VTD4-2,107,46,6,2,122,38,102,57,131,24
46027VTD-C1,46,027,VTD-C1,78,259,23,3,138,222,95,261,136,208
46027VTD-C2,46,027,VTD-C2,74,165,13,4,103,155,98,159,89,150
46027VTD-W1,46,027,VTD-W1,271,121,12,6,309,102,278,138,320,82
46027VTD-W2,46,027,VTD-W2,204,143,22,6,262,111,221,157,269,90
46027VTD-W3,46,027,VTD-W3,471.96,411.97,53,6,602.96,349.97,495.96,452.97,614.95,298.98
46027VTDNE1,46,027,VTDNE1,135,150,28,5,192,125,161,153,160,132
46027VTDNE2,46,027,VTDNE2,46.01,99.01,16,0,74.01,86.01,61.01,99.01,57.01,88.01
46027VTDNW1,46,027,VTDNW1,219,315,37,7,297,269,244,323,281,257
46027VTDNW2,46,027,VTDNW2,156,187,17,3,209,156,181,182,212,144
46027VTDSE1,46,027,VTDSE1,265.02,412.02,43,9,416.03,327.02,340.02,399.02,416.03,292.01
46027VTDSE2,46,027,VTDSE2,189,345,31,8,320,258,252,320,303,248
460290VTD-2,46,029,0VTD-2,855.13,245.73,60.89,7.84,914.39,284.68,811.66,392.52,953.92,181.15
460290VTD-3,46,029,0VTD-3,452.12,148.06,18.51,7.56,471.06,154.43,417.22,205.42,498.58,103.19
460290VTD-5,46,029,0VTD-5,654.76,221.17,42.82,5.55,695.16,229.61,644.72,292.88,749.36,145.92
46029VTD-A1,46,029,VTD-A1,699.12,221.49,49.09,6.01,808.28,172.42,738.2,249.52,821.43,117.25
46029VTD-A2,46,029,VTD-A2,343.02,161.47,24.64,8.05,443.14,108.99,392.61,158.74,464.21,74.82
46029VTD-A3,46,029,VTD-A3,143.37,62.44,9.09,2.12,169.74,48.19,147.61,70.02,177.62,30.61
46029VTD-A4,46,029,VTD-A4,329.63,143.56,20.91,4.88,390.26,110.81,339.39,160.98,408.38,70.39
46029VTD-B1,46,029,VTD-B1,304.29,123.44,17.9,3.7,349.34,103.07,319.1,137.64,368.48,67.28
46029VTD-B2,46,029,VTD-B2,478,295,72,10,590,269,503,352,604,220
46029VTD-B3,46,029,VTD-B3,251.57,108.17,26.54,4.31,289.26,98.87,264.58,126.04,293.13,77.15
46029VTD-B4,46,029,VTD-B4,47.17,19.27,2.88,0.55,54.12,16.15,49.59,21.41,57.43,10.46
46029VTD-C1,46,029,VTD-C1,150.39,64.67,15.89,2.59,172.94,59.12,158.15,75.38,175.15,46.19
46029VTD-C2,46,029,VTD-C2,43.42,24.93,3.51,0.97,46.54,26.87,42.84,31.74,46.15,25.12
46029VTD-C3,46,029,VTD-C3,315,217,41,9,372,210,336,247,371,170
46029VTD-C4,46,029,VTD-C4,193.74,81.21,16.1,5.15,202.47,91.26,187.22,105.41,209.94,73.8
46029VTD-D1,46,029,VTD-D1,317.16,141.77,22.7,7.79,354.7,140.51,321.4,173.94,392.2,78.7
46029VTD-D2,46,029,VTD-D2,291,146,27,10,341,141,299,183,344,124
46029VTD-D3,46,029,VTD-D3,229.42,112.19,19.03,4.01,252.47,116.18,225.42,148.23,282.52,71.1
46029VTD-D4,46,029,VTD-D4,168.33,95.48,13.46,3.7,180.18,102.98,165.96,121.74,178.92,95.91
46029VTD-E1,46,029,VTD-E1,406.18,165.41,38.33,13.2,435.48,185.57,385.82,238.2,441.21,138.62
46029VTD-E2,46,029,VTD-E2,254.23,91.91,16.04,2.26,283.2,84.58,262.72,109.12,297.61,56.28
46029VTD-E3,46,029,VTD-E3,577.77,183.61,25.94,8.98,630.66,161.66,583.76,212.55,677.56,98.79
46029VTD-E4,46,029,VTD-E4,115.49,41.74,7.28,1.02,128.67,38.37,119.37,49.52,135.22,25.52
46029VTD-E5,46,029,VTD-E5,143.67,58.29,8.45,1.75,164.95,48.67,150.67,64.99,173.98,31.77
46031VTD-AR,46,031,VTD-AR,18.52,4.78,0.72,0.43,19.39,4.92,18.96,5.07,19.54,3.76
46031VTD-BH,46,031,VTD-BH,5,57,0,1,21,39,16,43,5,56
46031VTD-BU,46,031,VTD-BU,26.76,19.82,2.97,0.5,31.22,17.84,31.71,16.85,27.25,21.8
46031VTD-CD,46,031,VTD-CD,22,46,5,1,36,37,24,45,19,53
46031VTD-GV,46,031,VTD-GV,59.06,2.81,3.75,0,59.06,3.75,57.19,5.62,56.25,5.62
46031VTD-KN,46,031,VTD-KN,6,54,0,0,10,46,14,45,6,51
46031VTD-LC,46,031,VTD-LC,27.24,20.18,3.03,0.5,31.78,18.16,32.29,17.15,27.75,22.2
46031VTD-LE,46,031,VTD-LE,17,78,5,1,31,70,31,69,23,76
46031VTD-LO,46,031,VTD-LO,76.94,3.19,0.25,1,73.94,6.25,75.81,6.38,75.75,5.38
46031VTD-MI,46,031,VTD-MI,109.53,28.23,4.28,2.57,114.66,29.09,112.09,29.95,115.51,22.25
46031VTD-MT,46,031,VTD-MT,98.95,13.99,2,3,89.95,24.99,85.95,26.99,92.95,14.99
46031VTD-RL,46,031,VTD-RL,49,13,0,0,50,13,50,13,47,14
46031VTD-SM,46,031,VTD-SM,66,113,5,4,88,95,70,112,68,118
46031VTD-WK,46,031,VTD-WK,6,81,2,3,24,69,12,77,6,86
46033VTD-BG,46,033,VTD-BG,132,54,5,3,137,54,134,58,128,59
46033VTD-BR,46,033,VTD-BR,843.51,304.44,63.88,19.96,916.36,321.41,897.4,346.36,913.36,291.47
46033VTD-EM,46,033,VTD-EM,126.6,27.61,6.13,1.04,121.77,34.64,123.72,33.69,119.76,31.58
46033VTD-FB,46,033,VTD-FB,114,20,6,0,113,27,116,26,115,24
46033VTD-HE,46,033,VTD-HE,706,163,44,6,722,185,705,212,735,155
46033VTD-PR,46,033,VTD-PR,240,96,12,6,246,109,240,118,240,108
46033VTD-SD,46,033,VTD-SD,508.11,163.54,34.94,1.45,540.65,162.79,528.8,178.7,527.39,159.15
46033VTD6-1,46,033,VTD6-1,249.89,114.95,24.99,6,284.87,110.95,269.88,124.94,282.87,105.95
46033VTD7-1,46,033,VTD7-1,135.89,51.59,21.12,2,166,55.59,158.96,61.65,154.94,55.58
46033VTD8-1,46,033,VTD8-1,95.74,50.86,15.33,2.24,114.07,47.12,109.58,51.98,117.43,38.89
46033VTD8-2,46,033,VTD8-2,141.27,75.01,22.61,3.31,168.28,69.5,161.66,76.67,173.24,57.37
460350000C4,46,035,0000C4,253.44,79.5,14.38,5.32,282.84,70.26,254.08,101.64,291.97,53.2
460350VT-14,46,035,0VT-14,212.5,123.1,15.49,6.76,248.24,108.67,206.83,152.03,255.08,93.12
460350VTD10,46,035,0VTD10,249,133,17,6,282,121,250,156,317,83
460350VTD11,46,035,0VTD11,250,139,19,4,305,113,266,152,332,78
460350VTD12,46,035,0VTD12,146.9,80.5,11.2,0.83,181.76,62.66,155.61,87.14,182.17,54.78
460350VTD13,46,035,0VTD13,207.1,113.5,15.8,1.17,256.24,88.34,219.39,122.86,256.83,77.22
460350VTD15,46,035,0VTD15,357.01,174.23,29.87,3.01,401.87,164.25,352.05,220.04,453.56,104.57
460350VTD16,46,035,0VTD16,211,133,17,4,277,93,219,146,269,81
460350VTD17,46,035,0VTD17,5.02,3.48,0.31,0.18,6.48,2.56,5.25,3.82,6.61,2.17
460350VTD18,46,035,0VTD18,186.98,129.52,11.69,6.82,241.52,95.44,195.75,142.18,246.39,80.83
460350VTD19,46,035,0VTD19,285.23,132.16,26.4,9.15,339.05,115.91,289.26,167.77,373.31,78.43
46035VTD-06,46,035,VTD-06,327.86,154.08,13.04,3.15,393.39,110.12,348.72,153.43,422.98,72.87
46035VTD-07,46,035,VTD-07,179.26,86.65,6.91,1.57,216.31,61.22,191.51,85.08,233.26,40.18
46035VTD-08,46,035,VTD-08,280,134,25,6,342,108,293,150,351,89
46035VTD-09,46,035,VTD-09,252.91,139.87,29.16,5.06,307.24,117.77,260.92,162.11,320.34,96.58
46035VTD-20,46,035,VTD-20,485.1,243.18,35.05,11.26,570.28,214.73,512.73,276.17,616.6,146.79
46035VTD-C1,46,035,VTD-C1,219,62,6,1,228,59,205,83,252,33
46035VTD-C2,46,035,VTD-C2,311,52,17,3,315,71,290,97,340,44
46035VTD-C3,46,035,VTD-C3,472,151,25,8,521,138,467,193,570,82
46035VTD-C5,46,035,VTD-C5,265.69,91.23,13.69,4.72,301.79,75.08,270.9,107.72,314.91,54.27
460370VTD-5,46,037,0VTD-5,62.65,46.34,3.92,1.31,77.01,45.03,67.22,55.47,78.97,37.2
460370VTD-6,46,037,0VTD-6,103.64,98.54,6.8,2.55,118.08,97.69,95.99,118.93,125.73,82.4
46037VTD-AT,46,037,VTD-AT,79,25,1,2,93,17,75,34,80,25
46037VTD-BR,46,037,VTD-BR,141,78,20,2,162,83,146,99,180,43
46037VTD-BW,46,037,VTD-BW,130.22,56.21,8.25,3.09,143.13,55.87,134.44,64.56,152.31,32.3
46037VTD-FP,46,037,VTD-FP,100,84,3,2,114,74,100,89,135,47
46037VTD-GK,46,037,VTD-GK,109,75,9,1,113,81,98,95,126,54
46037VTD-LT,46,037,VTD-LT,78,45,6,3,84,53,73,61,95,38
46037VTD-RR,46,037,VTD-RR,124,66,10,6,127,76,108,93,149,45
46037VTD-RW,46,037,VTD-RW,108.88,57.94,4,2,116.87,54.94,106.88,67.93,122.86,44.95
46037VTD1w1,46,037,VTD1w1,158,87,18,1,179,86,166,101,197,56
46037VTD2w2,46,037,VTD2w2,116.98,66.84,6.02,0,126.34,60.16,102.27,82.22,133.02,39.44
46037VTD2W3,46,037,VTD2W3,60.08,34.05,3.11,0.05,64.92,30.73,52.85,41.8,68.38,20.09
46037VTD3W3,46,037,VTD3W3,101.79,52.77,6.34,0.13,111.77,53.47,94.05,70.19,127.07,30.62
46037VTD4W1,46,037,VTD4W1,102.05,59.2,7.29,2.73,122.98,52.83,107.51,68.3,129.36,34.61
46037VTD5W1,46,037,VTD5W1,12.11,8.95,0.76,0.25,14.88,8.7,12.99,10.72,15.26,7.19
46037VTD5W2,46,037,VTD5W2,21.24,15.71,1.33,0.44,26.11,15.27,22.79,18.81,26.77,12.61
46037VTD6W3,46,037,VTD6W3,18.36,17.46,1.2,0.45,20.92,17.31,17.01,21.07,22.27,14.6
460390VTD-1,46,039,0VTD-1,90,43,13,1,110,39,97,52,112,25
460390VTD-3,46,039,0VTD-3,202,76,15,2,223,73,202,90,231,59
460390VTD-4,46,039,0VTD-4,102.5,63.45,12.69,1.95,134.71,46.86,122.02,60.52,142.52,29.29
460390VTD-5,46,039,0VTD-5,99,58,16,3,118,59,104,74,139,36
460390VTD-6,46,039,0VTD-6,112,61,13,4,147,49,130,66,153,37
460390VTD-7,46,039,0VTD-7,140,37,6,3,142,45,133,55,157,26
460390VTD-8,46,039,0VTD-8,168,71,9,6,184,69,163,90,193,58
460390VTD-9,46,039,0VTD-9,209.5,54.55,13.31,3.05,221.29,63.14,198.98,87.48,228.48,48.71
46039VTD-10,46,039,VTD-10,111,50,7,1,136,35,123,52,143,25
46039VTD-11,46,039,VTD-11,132,56,12,2,147,55,128,72,151,47
460410VTD-2,46,041,0VTD-2,37,3,0,1,38,3,40,1,41,0
460410VTD-3,46,041,0VTD-3,33.64,9.61,2.83,0.28,35.91,10.18,32.8,13.01,34.07,10.32
460410VTD-4,46,041,0VTD-4,204.36,58.39,17.17,1.72,218.09,61.82,199.2,78.99,206.93,62.68
460410VTD-5,46,041,0VTD-5,39,17,5,0,43,18,40,21,39,19
460410VTD-6,46,041,0VTD-6,114,24,3,1,111,30,106,36,114,22
460410VTD-7,46,041,0VTD-7,32.38,206.48,10.22,7.09,66.13,186.95,39.38,209.79,22.32,224.86
460410VTD-8,46,041,0VTD-8,7.08,46,3.54,0.88,13.27,44.23,10.62,46,5.31,51.31
460410VTD-9,46,041,0VTD-9,31.92,39,5.46,1.12,32.73,41.77,32.38,42,26.69,47.69
46041VTD-10,46,041,VTD-10,16.12,51.6,0,4.03,21.77,46.76,20.16,49.98,13.71,55.63
46041VTD-11,46,041,VTD-11,3.88,12.4,0,0.97,5.23,11.24,4.84,12.02,3.29,13.37
46041VTD-12,46,041,VTD-12,15.86,29.83,1.46,0.63,20.86,26.29,15.86,31.92,15.44,32.34
46041VTD-13,46,041,VTD-13,47.83,89.99,4.41,1.89,62.93,79.3,47.83,96.29,46.57,97.55
46041VTD-14,46,041,VTD-14,67,199,13,3,103,178,74,207,63,211
46041VTD-15,46,041,VTD-15,72.93,101.69,4.91,2.39,90.07,95.47,70.93,114,70.67,113.26
460430VTD-1,46,043,0VTD-1,340.99,27,6,2,344.99,33,331.99,43,348.99,18
460430VTD-2,46,043,0VTD-2,252,51,5,1,255,50,248,58,275,25
460430VTD-3,46,043,0VTD-3,225,38,10,3,220,53,207,68,230,38
460430VTD-4,46,043,0VTD-4,245,69,13,3,270,64,256,79,288,38
460430VTD-5,46,043,0VTD-5,275,29,7,3,287,28,291,29,285,20
46045000001,46,045,000001,321,98,15,2,339,94,302,127,352,66
46045000002,46,045,000002,282,84,17,7,302,86,285,105,311,60
46045000003,46,045,000003,241,48,9,3,249,52,226,74,264,26
46045000004,46,045,000004,183,58,25,3,193,73,180,88,213,40
46045000005,46,045,000005,295,53,12,4,316,53,294,75,313,37
46045000006,46,045,000006,111,39,8,0,118,38,107,51,129,25
46047VTD-BE,46,047,VTD-BE,122,9,7,0,113,20,118,18,114,15
46047VTD-CA,46,047,VTD-CA,122.78,32.94,2.99,4.99,122.78,35.94,125.77,32.94,123.78,33.94
46047VTD-E1,46,047,VTD-E1,18.85,3.74,1.32,0.32,19.76,4.34,19.03,5.25,18.34,4.93
46047VTD-E2,46,047,VTD-E2,31.69,6.29,2.23,0.54,33.23,7.29,32,8.82,30.85,8.29
46047VTD-E3,46,047,VTD-E3,4.43,0.88,0.31,0.08,4.65,1.02,4.48,1.23,4.31,1.16
46047VTD-EA,46,047,VTD-EA,358.03,71.09,25.14,6.07,375.37,82.36,361.5,99.69,348.49,93.63
46047VTD-H1,46,047,VTD-H1,238.41,106.76,22.05,10.59,250.77,120.87,243.7,127.06,231.36,128.81
46047VTD-H2,46,047,VTD-H2,292.15,134.15,16.89,6.96,318.98,128.19,308.04,132.16,311.03,124.21
46047VTD-H3,46,047,VTD-H3,256.82,143.45,29.28,4.14,307,130.62,289.88,136.73,291.76,122.71
46047VTD-H4,46,047,VTD-H4,199.87,96.46,20.88,7.96,226.72,103.42,218.76,110.38,202.85,111.37
46047VTD-JA,46,047,VTD-JA,688.76,203.18,34.89,19.36,716.54,219.9,696.6,241.68,690,225.9
46047VTD-OA,46,047,VTD-OA,134.16,10.94,2.3,3.05,138.08,11.59,134.26,16.93,131.89,14.75
46047VTD-OE,46,047,VTD-OE,43.14,3.17,0.73,0.97,44.36,3.41,43.14,5.12,42.41,4.39
460490VTD-1,46,049,0VTD-1,139,38,10,3,142,43,136,54,153,31
460490VTD-2,46,049,0VTD-2,81,8,1,0,84,9,76,18,86,4
460490VTD-3,46,049,0VTD-3,109,23,4,1,119,19,113,24,112,19
460490VTD-4,46,049,0VTD-4,74,18,2,1,76,20,67,30,78,15
460490VTD-5,46,049,0VTD-5,83,16,4,0,87,17,78,27,91,10
460490VTD-6,46,049,0VTD-6,372,101,24,6,417,98,368,148,421,75
460510VDT46,46,051,0VDT46,146,51.7,4.92,5.85,146.33,59.16,133.55,73.91,174.5,26.03
460510VTD41,46,051,0VTD41,319.91,163.84,28.88,1,363.01,166.53,331.15,200.41,377.66,125.11
460510VTD42,46,051,0VTD42,232.2,89.21,11.27,3.39,266.21,72.51,238.09,102.35,281.1,47.37
460510VTD43,46,051,0VTD43,459.32,138.49,36.06,7.02,497.5,140.4,483.35,155.57,508.59,109.26
460510VTD44,46,051,0VTD44,412.41,151.41,22.92,7.07,454.98,140.87,409.08,188.75,458.5,109.44
46051VTD2-1,46,051,VTD2-1,323.19,157.4,22.05,5.02,382.35,128.32,343.21,167.47,402.43,93.19
46051VTD2-2,46,051,VTD2-2,488.97,218.95,48.91,6.64,594.62,182.21,528.58,244.54,624.22,120.61
460530VTD-1,46,053,0VTD-1,757.97,173.99,37,8,772.97,207.99,709.97,273.99,760.97,181.99
460530VTD-2,46,053,0VTD-2,569,160,23,10,605,161,540,217,611,128
460530VTD-3,46,053,0VTD-3,273,57,18,4,293,57,269,81,282,45
460550VTD-1,46,055,0VTD-1,83.74,6.98,2.62,0,89.85,6.98,88.11,6.98,88.98,4.36
460550VTD-4,46,055,0VTD-4,129.46,6.78,1,0,124.4,7.65,124.53,8.58,128.46,5.71
46055VTD-16,46,055,VTD-16,188,17,6,2,193,17,187,23,192,14
46055VTD-17,46,055,VTD-17,181,20,3,0,187,16,177,24,189,10
46055VTD-19,46,055,VTD-19,162,21,11,2,175,24,165,32,175,20
46055VTD-20,46,055,VTD-20,180,6,3,0,174,13,172,15,178,10
46057VTD-BY,46,057,VTD-BY,240,54,14,4,265,53,246,70,269,34
46057VTD-CW,46,057,VTD-CW,483,166,32,12,534,159,479,221,570,100
46057VTD-ES,46,057,VTD-ES,285,143,29,3,321,149,273,198,347,106
46057VTD-HI,46,057,VTD-HI,338,46,14,3,360,41,338,57,369,25
46057VTD-HZ,46,057,VTD-HZ,109,12,3,5,117,9,116,15,119,7
46057VTD-ND,46,057,VTD-ND,471,117,29,3,521,111,483,149,529,88
46057VTD-OX,46,057,VTD-OX,125,17,3,2,135,14,127,20,135,8
460590VTD-1,46,059,0VTD-1,96.35,7.41,0.46,0.93,96.82,9.73,89.41,16.21,97.74,6.49
460590VTD-2,46,059,0VTD-2,60,18,1,1,66,16,61,21,67,11
460590VTD-3,46,059,0VTD-3,111.65,8.59,0.54,1.07,112.18,11.27,103.59,18.79,113.26,7.51
460590VTD-4,46,059,0VTD-4,42,9,2,0,47,5,41,10,49,2
460590VTD-5,46,059,0VTD-5,123.15,15.4,7.36,2.01,135.19,18.07,124.48,25.44,137.87,10.04
460590VTD-6,46,059,0VTD-6,124,46,9,0,128,48,110,65,131,35
460590VTD-7,46,059,0VTD-7,82,29,5,1,88,32,77,40,88,23
460590VTD-8,46,059,0VTD-8,60.6,7.57,3.62,0.99,66.52,8.89,61.26,12.51,67.84,4.94
460590VTD-9,46,059,0VTD-9,75.88,5.46,1.82,3.04,82.55,6.07,80.73,7.89,79.52,6.07
460590VTD10,46,059,0VTD10,49.12,3.54,1.18,1.96,53.45,3.93,52.27,5.11,51.48,3.93
46059VTD-12,46,059,VTD-12,216.77,69.9,20.54,2.13,247.36,66.35,225.21,87.8,257.42,44.27
46059VTD-M1,46,059,VTD-M1,194.21,63.75,11.12,1.48,217.93,61.52,195.69,83.76,231.27,42.99
46059VTD-M2,46,059,VTD-M2,51.51,16.6,4.91,0.51,58.79,15.76,53.54,20.84,61.17,10.5
46059VTDM3a,46,059,VTDM3a,64.13,21.05,3.67,0.49,71.96,20.31,64.62,27.66,76.36,14.2
46059VTDM3b,46,059,VTDM3b,39.39,12.7,3.76,0.39,44.96,12.05,40.94,15.94,46.77,8.03
460610VTD-1,46,061,0VTD-1,688.93,232.98,28,13,693.93,222.98,656.93,257.97,651.93,204.98
460610VTD-2,46,061,0VTD-2,244,87,18,2,265,91,246,111,290,60
460610VTD-3,46,061,0VTD-3,236.06,50.02,3,7,232.06,66.01,230.05,69.03,253.06,38.02
460610VTD-4,46,061,0VTD-4,230,38,9,4,226,50,222,58,238,38
460610VTD-5,46,061,0VTD-5,98.07,16.02,1,0,95.07,21.02,89.07,29.03,96.07,14.02
46063VTD-BU,46,063,VTD-BU,140,11,10,2,141,18,140,18,141,14
46063VTD-CC,46,063,VTD-CC,113.28,4.23,7.13,1,99.28,21.42,102.18,21.52,105.44,15.26
46063VTD-FI,46,063,VTD-FI,47.06,4.9,2.94,0.98,51.96,3.92,49.02,4.9,50,3.92
46063VTD-HI,46,063,VTD-HI,97.72,6.77,3.87,0,97.72,12.58,94.82,15.48,102.56,7.74
46063VTD-LA,46,063,VTD-LA,42,0,0,0,41,0,41,0,42,0
46063VTD-LU,46,063,VTD-LU,81,5,3,2,79,9,78,11,84,4
46063VTD-PG,46,063,VTD-PG,55,3,1,0,53,5,55,3,55,4
46063VTD-RE,46,063,VTD-RE,118,3,3,0,120,4,118,3,118,5
460650VTD-5,46,065,0VTD-5,148.99,79.99,9,1,181.99,62,160.99,87.99,193.99,46
460650VTD-7,46,065,0VTD-7,86,16,4,1,106,13,93,18,113,10
460650VTD-9,46,065,0VTD-9,39,55,4,1,48,43,42,60,51,32
46065VTD-11,46,065,VTD-11,966.12,325.7,67.94,9.99,1183.91,250.77,1045.04,354.67,1260.84,187.83
46065VTD-21,46,065,VTD-21,243.1,169.37,33.87,4.98,297.9,130.52,263.03,184.32,316.83,97.64
46065VTD-23,46,065,VTD-23,290,174,36,5,356,134,314,190,379,101
46065VTD-24,46,065,VTD-24,354,223,42,6,434,172,383,243,462,129
46065VTD-26,46,065,VTD-26,344,165,36,5,421,127,372,180,448,95
46065VTD-28,46,065,VTD-28,320,162,41,6,392,125,346,177,417,94
46065VTD-29,46,065,VTD-29,167.9,107.63,19.13,3.02,205.1,83.48,181.97,117.68,219.17,62.36
46065VTD-30,46,065,VTD-30,479,277,51,8,587,214,518,301,625,160
46065VTD-31,46,065,VTD-31,573,231,35,5,702,178,620,251,748,133
46065VTD-32,46,065,VTD-32,320,130,28,4,392,100,346,141,417,75
46065VTD-33,46,065,VTD-33,296,135,32,5,363,104,320,147,386,78
46065VTD-34,46,065,VTD-34,546,199,41,6,668,154,590,217,712,115
460670VTD-1,46,067,0VTD-1,535.83,126.96,18.99,12,586.81,115.96,536.83,165.95,610.8,78.97
460670VTD-2,46,067,0VTD-2,547,175,38,7,643,133,600,177,634,110
460670VTD-3,46,067,0VTD-3,120,21,0,2,121,21,115,25,121,17
460670VTD-4,46,067,0VTD-4,332,104,12,6,354,100,311,144,389,60
460670VTD-5,46,067,0VTD-5,466,176,30,8,549,139,481,201,580,84
460670VTD-6,46,067,0VTD-6,350,68,10,5,360,71,346,82,383,47
460670VTD-7,46,067,0VTD-7,166,21,3,4,165,29,161,34,167,23
460690VTD-1,46,069,0VTD-1,59.68,15.66,2.11,0.62,62.41,15.49,56.95,22.09,63.73,11.88
460690VTD-2,46,069,0VTD-2,171.43,41.4,5.88,1.77,179.28,40.84,163.47,58.27,183.03,31.52
460690VTD-3,46,069,0VTD-3,142.64,20.89,3.18,1.01,148.53,20.89,135.88,29.16,152.41,16.09
460690VTD-4,46,069,0VTD-4,74.86,18.91,2.66,0.8,78.32,18.65,71.39,26.64,79.92,14.39
460690VTD-5,46,069,0VTD-5,94.65,28.16,3.18,0.81,98.73,28.17,90.55,39.89,101.19,21.14
460710VTD-1,46,071,0VTD-1,39,2,0,0,39,3,39,4,38,5
460710VTD-2,46,071,0VTD-2,86.96,15.67,0.99,1.84,85.15,18.48,79.68,22.14,80.58,17.53
460710VTD-3,46,071,0VTD-3,206,26.34,6.58,1.88,205.06,31.98,204.12,33.86,200.36,25.4
460710VTD-5,46,071,0VTD-5,88.99,8.02,3.27,0.1,74.14,17.51,83.38,14.13,87.45,11.9
460710VTD-6,46,071,0VTD-6,71,31,8,4,91,26,84,32,85,30
460710VTD-7,46,071,0VTD-7,50,187,8,4,82,162,66,178,46,197
460710VTD-8,46,071,0VTD-8,36,23,4,0,43,22,40,25,40,24
46071VTD3W3,46,071,VTD3W3,13,1.66,0.42,0.12,12.94,2.02,12.88,2.14,12.64,1.6
46071VTD4W1,46,071,VTD4W1,64,15,2.5,1,68.5,13.5,67,16,66.5,11.5
46071VTD4W2,46,071,VTD4W2,64,15,2.5,1,68.5,13.5,67,16,66.5,11.5
460730VTD-2,46,073,0VTD-2,108.92,31.98,5,2,115.91,32.97,102.92,45.96,114.91,32.97
460730VTD-3,46,073,0VTD-3,107,33,2,2,109,34,102,40,115,23
460730VTD-4,46,073,0VTD-4,71,23,6,1,68,34,65,39,69,28
460730VTD-5,46,073,0VTD-5,75.08,24.02,2,4,85.09,24.03,76.08,33.04,85.09,23.03
46073VTD1-1,46,073,VTD1-1,286,152,21,10,342,136,292,187,365,98
460750VTD-1,46,075,0VTD-1,139.03,18.34,9.29,0.84,151.67,16.69,132.53,35.01,148.2,17.66
460750VTD-3,46,075,0VTD-3,42.29,9.95,3.73,1.24,52.24,5.91,47.26,11.19,50.06,8.39
460750VTD-5,46,075,0VTD-5,147,16,9,2,144,29,149,24,150,18
46075VTD-M1,46,075,VTD-M1,29.69,3.73,1.96,0.18,32.36,3.38,28.27,7.29,31.64,3.56
46075VTD-M2,46,075,VTD-M2,61.71,14.52,5.45,1.82,76.24,8.62,68.97,16.34,73.06,12.25
46075VTD-M3,46,075,VTD-M3,32,7.53,2.82,0.94,39.53,4.47,35.76,8.47,37.88,6.35
46077000001,46,077,000001,185.57,104.91,20.31,3.95,218.85,97.02,192.34,121.84,226.19,77.28
46077000002,46,077,000002,425.22,157.6,30.59,3.48,466.15,160.23,410.08,216.03,490.91,104.32
46077000003,46,077,000003,254.97,109.92,22.07,6.76,297.77,99.56,261.73,132.89,311.28,70.27
46077000004,46,077,000004,329.87,121.24,26.31,6.69,370.55,117.05,324.56,162.17,377.93,98.74
46077000005,46,077,000005,484.44,209.34,39.73,8.13,545.77,200.16,484.38,256.08,563.78,155.4
46079004301,46,079,004301,306,135,13,3,337,119,299,159,374,75
46079004302,46,079,004302,348,134,19,8,372,136,327,176,412,78
46079004303,46,079,004303,127,33,12,3,141,32,123,53,145,27
46079004304,46,079,004304,152,69,11,3,178,61,149,96,192,42
46079004305,46,079,004305,275,128,19,3,317,110,254,177,354,63
46079004306,46,079,004306,236,75,20,2,267,67,239,97,291,40
46079004307,46,079,004307,293.69,159.83,8.99,3,353.62,124.87,301.68,175.81,368.61,97.9
46079004308,46,079,004308,1570,1082,139,34,1771,943,1639,1093,1726,802
46079004309,46,079,004309,388,256,66,10,520,215,419,321,537,181
46079004310,46,079,004310,342.31,242.17,50.01,7,420.38,223.13,344.32,306.19,450.39,177.1
46081VTD-CC,46,081,VTD-CC,16.19,6.84,1.99,0.19,19.21,6.03,17.87,7.52,19.15,5.56
46081VTD-DW,46,081,VTD-DW,277.3,229.86,39.94,2.01,329.06,212.13,294.18,248.02,326.06,208.11
46081VTD-LD,46,081,VTD-LD,767.62,450.8,125.6,14.02,916.15,450.81,829.77,537.37,915.09,390.12
46081VTD-NM,46,081,VTD-NM,225.59,99.67,20.2,4.02,245.89,105.58,236.76,112.74,224.89,118.53
46081VTD-R1,46,081,VTD-R1,496.35,212.34,61.47,5.78,588.84,188.1,547.45,234.14,586.94,173.29
46081VTD-R2,46,081,VTD-R2,1740.17,539.4,145.32,32,1917.04,524.76,1806.92,620.98,1917.02,488.21
46081VTD-S1,46,081,VTD-S1,766.2,487.39,149.04,24.4,977.43,453.41,912.87,510.13,959.98,416.4
46081VTD-S2,46,081,VTD-S2,1014.22,488.52,155.2,27.86,1190.31,503.42,1131.58,556.18,1167.44,453.69
46081VTD-S3,46,081,VTD-S3,1140.58,604.46,143.75,17.78,1373.53,521.41,1305.75,590.93,1386.83,450.64
46081VTD-SO,46,081,VTD-SO,193,49,16,4,201,56,196,60,210,54
46081VTD-W1,46,081,VTD-W1,36.04,8.74,3.52,0.42,37.62,11.43,35.49,13.79,37.15,10.73
46081VTD-W2,46,081,VTD-W2,135.49,32.87,13.22,1.57,141.41,42.96,133.41,51.83,139.67,40.35
46081VTD-W3,46,081,VTD-W3,278.27,67.51,27.15,3.21,290.42,88.23,273.99,106.45,286.85,82.87
46081VTD-WW,46,081,VTD-WW,323.95,78.6,31.61,3.74,338.09,102.72,318.96,123.93,333.94,96.48
46083VTD-02,46,083,VTD-02,187.7,58.29,10.05,1,183.77,76.26,167.69,90.34,208.81,49.17
46083VTD-06,46,083,VTD-06,317.95,118.59,26.22,4.06,372.58,91.24,323.03,147.78,391.67,66.02
46083VTD-08,46,083,VTD-08,145,62,9,1,166,51,145,73,176,38
46083VTD-11,46,083,VTD-11,139.6,65.79,14.13,2.03,163.98,56.59,135.67,84.9,175.98,34.48
46083VTD-12,46,083,VTD-12,274.84,82.45,19.63,3.93,309.2,72.64,274.84,107.97,318.03,49.08
46083VTD-13,46,083,VTD-13,193.55,64.52,8.93,2.98,209.44,60.55,193.56,82.39,211.42,56.58
46083VTD-14,46,083,VTD-14,272.84,106.9,19.15,4.03,316.27,89.68,270.91,132.04,329.28,65.55
46083VTD-15,46,083,VTD-15,750.51,273.22,62.43,13.11,881.69,226.46,796.77,313.47,912.05,167.62
46083VTD-16,46,083,VTD-16,686.85,228.03,56.52,7.93,787.02,185.37,711.64,269.66,797.92,145.73
46083VTD-21,46,083,VTD-21,147.3,61.71,10.95,1,163.23,55.74,145.31,71.66,171.19,36.83
46083VTD-23,46,083,VTD-23,347,130,44,8,399,134,350,181,410,110
46083VTD-26,46,083,VTD-26,234.62,80.53,13.94,5.42,261.72,72.79,229.97,99.89,267.14,57.3
46083VTD-B1,46,083,VTD-B1,23.75,8.15,1.41,0.55,26.49,7.37,23.28,10.11,27.04,5.8
46083VTD-B2,46,083,VTD-B2,19.49,6.69,1.16,0.45,21.74,6.05,19.1,8.3,22.19,4.76
46083VTD-B3,46,083,VTD-B3,25.15,8.63,1.49,0.58,28.05,7.8,24.65,10.71,28.63,6.14
46083VTD-C1,46,083,VTD-C1,101.2,53.57,7.73,1.98,122.59,41.7,103.9,60.4,125.65,34.33
46083VTD-C2,46,083,VTD-C2,80.8,42.74,6.17,1.58,97.87,33.28,82.95,48.2,100.31,27.39
46083VTD-C3,46,083,VTD-C3,378.05,200.1,28.87,7.39,457.96,155.79,388.12,225.62,469.37,128.26
46083VTD-C4,46,083,VTD-C4,178.47,127.68,19.91,3.43,230.64,100.22,197.69,135.23,240.94,78.25
46083VTD-C5,46,083,VTD-C5,81.53,58.32,9.09,1.57,105.36,45.78,90.31,61.77,110.06,35.75
46083VTD-H1,46,083,VTD-H1,579.54,257.62,62.18,13.82,712.78,199.4,613.11,305.97,690.14,177.65
46083VTD-H2,46,083,VTD-H2,684.39,306.67,84.58,19.13,838.46,263.35,734.5,366.38,839.72,218.74
46083VTD-L1,46,083,VTD-L1,203.21,99.52,16.3,3.81,250.37,75.25,210.83,114.44,251.76,60.68
46083VTD-L2,46,083,VTD-L2,214.53,105.07,17.21,4.03,264.32,79.44,222.58,120.81,265.78,64.07
46083VTD-L3,46,083,VTD-L3,164.82,80.72,13.22,3.09,203.07,61.03,171,92.81,204.19,49.22
46083VTD-T1,46,083,VTD-T1,285.54,129.96,34.52,4.97,362.94,94.66,303.06,152.19,362.16,75.83
46083VTD-T2,46,083,VTD-T2,515.4,234.4,62.25,8.96,654.94,170.77,546.99,274.5,653.55,136.8
46083VTD-T3,46,083,VTD-T3,295.68,134.1,35.59,5.12,375.35,97.78,313.72,157.05,374.61,78.32
46083VTD111,46,083,VTD111,902,454,44,5,1078,317,985,423,1150,224
46083VTD112,46,083,VTD112,630.62,412.94,77.11,15.58,848.05,293.05,701.85,430.53,834.52,252.84
46083VTD113,46,083,VTD113,326.83,244.22,46.69,5.39,423.8,191.25,363.64,254.1,424.69,164.31
46083VTD114,46,083,VTD114,501.41,282.14,61.03,8,641.47,217.11,537.43,311.16,616.48,189.09
46083VTD115,46,083,VTD115,475.51,371.44,63.98,8.43,633.25,287.26,538.32,381.91,637.8,226.4
46083VTD116,46,083,VTD116,412.17,294.78,45.31,10.61,536.2,223.75,446.36,312.9,525.31,190.69
46083VTD118,46,083,VTD118,681.98,341.99,69,7,905.97,206.99,799.98,311.99,875.97,185.99
46083VTD210,46,083,VTD210,997,522,53,6,1265,349,1115,494,1267,279
46083VTD211,46,083,VTD211,1004.02,623.77,60.88,9.98,1285.47,409.19,1135.76,562.89,1368.3,293.42
46083VTD212,46,083,VTD212,443.23,305.77,46.47,5.09,560.53,236.09,504.75,294.88,576.87,181.52
46083VTD213,46,083,VTD213,1000.9,708.97,92.89,22.97,1328.43,494.32,1137.7,691.04,1325.47,421.39
46083VTD215,46,083,VTD215,594,328,56,4,791,206,683,314,798,159
460850VTD-1,46,085,0VTD-1,53.67,5.55,2.78,0.93,44.42,18.51,41.64,20.36,44.42,13.88
460850VTD-4,46,085,0VTD-4,216,92,10,3,232,86,209,114,252,63
460850VTD-6,46,085,0VTD-6,100,33,2,3,109,31,99,41,111,25
460850VTD-7,46,085,0VTD-7,15,143,7,6,48,125,31,143,12,157
460850VTD-9,46,085,0VTD-9,209.41,21.63,13.76,1.97,213.34,29.49,203.51,43.26,221.2,19.66
46085VTD-12,46,085,VTD-12,293.25,60.09,16.99,3.01,311.32,69.98,280.37,99.99,318.18,48.21
46085VTD-13,46,085,VTD-13,82,13,3,1,86,16,77,23,83,10
460870VTD-1,46,087,0VTD-1,322,150,30,6,368,147,303,214,385,104
460870VTD-2,46,087,0VTD-2,102.03,42.01,2,1,100.03,51.01,88.03,61.01,122.03,25
460870VTD-3,46,087,0VTD-3,383,126,23,13,434,113,391,160,445,92
460870VTD-4,46,087,0VTD-4,379.45,67.12,16.03,3.01,412.48,62.12,382.44,92.16,421.5,35.09
460870VTD-5,46,087,0VTD-5,377,180,34,8,444,163,389,223,490,105
460870VTD-6,46,087,0VTD-6,231,58,25,9,263,63,233,94,287,32
46089VTD-CN,46,089,VTD-CN,165.21,28.27,7.94,2.64,172.31,29.09,166.97,37.94,179.3,23.81
46089VTD-E1,46,089,VTD-E1,23.17,3.98,0.59,0,25.28,1.99,23.29,3.75,23.52,1.87
46089VTD-E2,46,089,VTD-E2,24.25,6.97,1.45,0.15,27.74,4.94,25.71,7.12,27.59,3.49
46089VTD-E3,46,089,VTD-E3,22.47,3.85,1.08,0.36,23.43,3.97,22.71,5.17,24.39,3.24
46089VTD-L1,46,089,VTD-L1,7.78,1.72,0.47,0,10.65,1.98,10.44,2.35,11.17,1.2
46089VTD-L2,46,089,VTD-L2,8.54,2.53,0.63,0.25,9.74,2.09,8.16,3.67,10.18,1.45
46089VTD-L3,46,089,VTD-L3,17.08,5.06,1.26,0.51,19.48,4.17,16.32,7.34,20.36,2.91
46089VTD-NW,46,089,VTD-NW,174.14,29.9,4.4,0,189.98,14.95,175.02,28.14,176.78,14.07
46089VTD-SW,46,089,VTD-SW,142.75,41.03,8.55,0.85,163.26,29.06,151.29,41.88,162.41,20.51
46089VTD101,46,089,VTD101,56,5,0,2,49,10,46,14,52,3
46089VTDNEL,46,089,VTDNEL,141.22,31.28,8.53,0,193.35,36.02,189.56,42.65,202.83,21.8
46089VTDSEL,46,089,VTDSEL,109.39,32.41,8.1,3.24,124.78,26.74,104.53,47,130.45,18.64
46091VTD-A1,46,091,VTD-A1,122,90,16,2,154,75,122,103,169,53
46091VTD-A2,46,091,VTD-A2,78,67,14,2,107,56,88,74,112,43
46091VTD-A3,46,091,VTD-A3,156,96,18,5,200,79,162,117,202,60
46091VTD-A4,46,091,VTD-A4,137,125,13,2,174,102,151,131,199,73
46091VTD-A5,46,091,VTD-A5,97,66,10,0,125,52,117,59,125,44
46091VTD-A6,46,091,VTD-A6,150,115,12,4,191,97,164,125,217,68
46091VTD-A7,46,091,VTD-A7,100,62,9,1,123,55,111,66,122,43
46091VTD-A8,46,091,VTD-A8,106,71,13,0,131,60,104,91,135,51
46091VTD-A9,46,091,VTD-A9,110,62,12,4,136,53,101,85,140,40
46093VTD-00,46,093,VTD-00,126.8,43.26,16.93,0.14,147.05,41.12,140.48,47.66,149.02,33.65
46093VTD-06,46,093,VTD-06,528.34,128.73,52.75,4.21,557.71,155.22,528.24,188.66,561.47,131.14
46093VTD-08,46,093,VTD-08,207.92,57.43,15.21,0.07,225.01,58.2,214.47,69.63,226.59,51.86
46093VTD-09,46,093,VTD-09,119.57,16.81,3.96,3.95,126.49,18.79,124.51,17.81,124.52,13.85
46093VTD-10,46,093,VTD-10,724.38,187.66,67.26,7.25,808.81,184.53,758.17,231.31,783.59,178.35
46093VTD-11,46,093,VTD-11,511.8,167.14,56.07,1.02,574.85,162.16,547.81,196.2,559.83,150.16
46093VTD-12,46,093,VTD-12,621.98,114.71,42.59,6.94,667.37,114.87,636.88,146.41,648.75,116.66
46093VTD-13,46,093,VTD-13,762.47,193.37,87.05,14.85,831.16,215.7,791.44,256.5,812.32,201.94
46093VTD-14,46,093,VTD-14,426,105,63,9,485,111,455,141,458,118
46093VTD-15,46,093,VTD-15,296.29,79.78,26.34,6.06,315.58,87.85,287.41,113.03,317.49,69.81
46093VTD-16,46,093,VTD-16,239.64,99.01,18.18,3.81,269.23,88.59,257.73,103.87,266.33,86.68
46093VTD-17,46,093,VTD-17,72.09,5.34,0,0.89,65.86,8.9,66.75,8.01,72.09,3.56
46093VTD-18,46,093,VTD-18,77.36,7.03,7,2,80.33,11.05,79.34,8.04,81.36,6.02
46093VTD-19,46,093,VTD-19,342.81,106.94,39.98,7,392.78,108.94,367.8,134.92,378.79,105.94
46093VTD-20,46,093,VTD-20,41.35,5.91,3.94,0,37.41,11.81,39.38,12.8,41.35,9.85
46093VTD-21,46,093,VTD-21,321.25,55.58,16.98,4.1,330.5,61,323.62,67.89,315.26,57.37
46093VTD-23,46,093,VTD-23,274.31,93.05,57.02,10,311.32,102.06,311.31,97.07,273.31,103.05
46093VTD-24,46,093,VTD-24,149.57,29.46,8.19,2.03,153.82,33.42,157.6,38.58,160.64,24.51
46093VTD-25,46,093,VTD-25,34,3.99,0.97,0.02,33.94,5.02,33.02,5.96,33,5.92
46093VTD-27,46,093,VTD-27,115.65,12.09,11.06,0,118.59,21.19,114.62,25.2,122.65,13.15
46093VTD-29,46,093,VTD-29,29,4,1,0,27,7,27,7,29,5
46093VTD-30,46,093,VTD-30,69.73,1.68,0,0,67.21,4.2,68.05,2.52,63.85,1.68
46093VTD-31,46,093,VTD-31,227.36,18.18,11,5.13,221.04,39.41,220.05,40.43,230.41,19.08
46093VTD-33,46,093,VTD-33,75.76,5.06,0,3.88,65.74,12.17,65.85,12.93,76.95,2.15
46093VTD-35,46,093,VTD-35,48,0,1,1,48,3,47,3,48,2
46093VTD-40,46,093,VTD-40,28.44,5.91,0.12,0,31.42,4.99,26.5,9.89,22.53,6.98
46093VTD-41,46,093,VTD-41,50.15,5.08,0.02,0.98,47.07,8.2,50.02,6.16,48.78,4.16
46093VTD-6A,46,093,VTD-6A,102.69,20.73,8.88,0.99,112.55,18.77,113.52,20.75,104.67,21.71
46093VTD-CS,46,093,VTD-CS,155,60,20,3,166,70,157,78,170,54
46093VTD-ES,46,093,VTD-ES,154.14,67.19,15.81,2.96,177.85,62.25,165.99,73.12,177.85,52.37
46093VTD-NE,46,093,VTD-NE,81.12,33.87,13.22,2.04,87.42,42.82,78.26,50.97,84.42,40.69
46093VTD-NW,46,093,VTD-NW,333.64,115.89,42.99,5.93,379.44,104.51,342.98,138.16,358.07,111.55
46093VTD-RS,46,093,VTD-RS,238.59,61.23,31.9,1.14,266.82,69.08,250.26,85.6,265.79,65.6
46093VTD-SE,46,093,VTD-SE,339.11,102.89,37.18,6,377.36,110.77,357.2,129.94,387.14,87.79
46093VTD-SS,46,093,VTD-SS,221.14,82.14,23.47,3.61,252.73,78.53,238.29,92.07,251.83,66.79
46093VTD-SW,46,093,VTD-SW,197.28,81.87,19.73,1.97,222.92,70.03,205.17,90.75,218.98,67.07
46093VTD-WS,46,093,VTD-WS,96.7,44.9,11.32,3.04,115.04,40.83,107.78,47.07,111.91,37.85
460950VTD-2,46,095,0VTD-2,149.3,96.65,14.42,2.48,180.16,88.17,158.81,107.66,162.48,100
460950VTD-3,46,095,0VTD-3,1.23,0.77,0.18,0.01,1.46,0.77,1.29,0.94,1.33,0.88
460950VTD-4,46,095,0VTD-4,151.69,53.18,11,4.47,162.52,54.06,155.71,64.93,170.12,50.57
460950VTD-5,46,095,0VTD-5,94.08,83.3,5.88,3.92,112.7,77.42,97.02,96.04,108.78,76.44
460970VTD-1,46,097,0VTD-1,76,51,8,2,92,45,78,59,96,29
460970VTD-2,46,097,0VTD-2,75,38,7,2,89,36,77,48,101,20
460970VTD-3,46,097,0VTD-3,62,26,13,1,78,27,68,37,86,18
460970VTD-4,46,097,0VTD-4,81,44,11,1,106,34,84,55,118,22
460970VTD-5,46,097,0VTD-5,62.91,17.98,2,0,66.91,15.98,53.93,29.96,65.91,15.98
460970VTD-6,46,097,0VTD-6,132,41,10,0,142,47,124,65,168,19
460970VTD-7,46,097,0VTD-7,125,40,6,3,128,55,108,74,141,33
460970VTD-8,46,097,0VTD-8,91.92,22.98,9.99,1,104.91,23.98,100.91,29.98,108.9,18.99
460990000N3,46,099,0000N3,1441.3,652.43,114.34,30.75,1669.03,540.01,1505.68,706.24,1683.44,409.33
460990000N4,46,099,0000N4,591.55,280.38,50.22,6.61,642.88,276.86,558.28,359.01,685.4,203.07
460990000N5,46,099,0000N5,901,428,78,17,1098,331,987,441,1114,251
46099000N11,46,099,000N11,587,244,36,8,656,218,567,304,681,146
46099000N13,46,099,000N13,617,233,38,9,679,214,617,285,703,162
46099000N15,46,099,000N15,952,489,84,12,1122,410,983,544,1159,303
46099000N21,46,099,000N21,771,312,59,10,888,267,789,363,923,196
4609900N1-3,46,099,00N1-3,575,474,54,11,698,394,619,474,695,334
4609900N1-4,46,099,00N1-4,483.96,415.78,60.36,8.94,590.14,364.93,515.82,427.52,554.38,326.93
4609900N1-5,46,099,00N1-5,412.06,353.79,51.45,7.78,503.41,310.75,439.11,365.55,475.72,277.3
4609900N1-6,46,099,00N1-6,631.98,538.42,80.19,15.27,790.45,477.33,672.07,590.93,801.91,404.77
4609900N1-9,46,099,00N1-9,611,481,75,12,806,383,673,513,804,325
4609900N2-1,46,099,00N2-1,600.4,505.81,75.17,11.44,789.38,388.23,689.43,495.64,840.01,306.02
4609900N2-2,46,099,00N2-2,891.85,687.13,96.6,19.52,1204.58,492.79,1037.37,661,1265.4,383.4
4609900N2-3,46,099,00N2-3,616,536,69,10,824,396,696,538,855,335
4609900N2-6,46,099,00N2-6,684,538,74,13,921,402,765,549,944,318
4609900N2-7,46,099,00N2-7,1072.43,715.61,109.11,15.02,1416.69,494.49,1221.52,703.67,1450.75,377.37
4609900N2-8,46,099,00N2-8,720,463,56,9,930,342,796,467,978,234
4609900N2-9,46,099,00N2-9,560,478,49,11,731,370,625,485,782,273
4609900N3-5,46,099,00N3-5,564,448.65,65.48,7.38,616.49,429.29,535.63,510.89,618.5,363.36
4609900N3-6,46,099,00N3-6,383,515,88,12,513,470,422,553,496,431
4609900N3-9,46,099,00N3-9,1044.78,770.22,100.25,14.86,1199.79,669.1,1060.61,802.72,1121.88,592.98
4609900N4-1,46,099,00N4-1,249.26,294.51,42.22,6.47,305.76,279.38,254.35,327.59,290.77,254.28
4609900N4-2,46,099,00N4-2,289.47,309.21,54.47,12.32,380.18,285.26,307.9,359.28,402.12,235.08
4609900N4-3,46,099,00N4-3,215.44,234.76,37.68,7.73,271.47,221.23,233.79,264.71,281.13,181.62
4609900N4-4,46,099,00N4-4,350,377,61,7,416,362,350,439,430,314
4609900N4-5,46,099,00N4-5,529.52,409.31,64.94,10.48,607.19,387.14,520.55,477.54,602.77,342.97
4609900N4-6,46,099,00N4-6,159.18,139.5,21.48,2.34,166.03,148.85,141.35,176.54,168.89,132.84
4609900N4-7,46,099,00N4-7,765.39,667.64,90.52,13.07,960.12,565.17,817.91,698.42,979.72,471.21
4609900N4-8,46,099,00N4-8,236.45,246.09,30.62,4.75,302.18,210.45,255.36,252.65,311.83,173.21
4609900N4-9,46,099,00N4-9,445.28,473.61,58.29,17.42,570.72,407.87,472.41,500.39,595.26,327.09
4609900N5-1,46,099,00N5-1,228.49,362.55,50.08,11.48,319.25,317.69,259.26,384.98,311.95,292.13
4609900N5-2,46,099,00N5-2,209.51,332.45,45.92,10.52,292.75,291.31,237.74,353.02,286.05,267.87
4609900N5-3,46,099,00N5-3,168,204,43,7,246,180,202,219,237,170
4609900N5-4,46,099,00N5-4,297,508,60,8,441,428,355,518,439,381
4609900N5-6,46,099,00N5-6,430.64,387.41,48.22,14.13,541.21,335.03,444.77,431.47,557,276.84
4609900N5-7,46,099,00N5-7,260,303,31,9,371,233,305,311,394,204
4609900N5-8,46,099,00N5-8,346,514,61,5,532,402,442,499,558,344
4609900N5-9,46,099,00N5-9,219,242,52,9,320,203,263,262,284,209
4609900NVP9,46,099,00NVP9,801,351,78,13,931,305,810,433,969,226
460990N1-10,46,099,0N1-10,740,549,86,18,921,466,788,598,925,390
460990N1-17,46,099,0N1-17,771,443.87,92.96,10.54,968.37,338.48,807.37,501.42,948.37,266.49
460990N2-14,46,099,0N2-14,1266.59,924.94,108.47,20.26,1653.91,673.35,1407.78,920.65,1709.71,507.77
460990N3-10,46,099,0N3-10,919,596,78,10,1222,381,1024,576,1210,316
460990N3-11,46,099,0N3-11,588.03,385.5,56.84,7.57,774.96,270.63,651.63,395.75,787.98,218.71
460990N3-12,46,099,0N3-12,683.54,431.33,75.3,10.03,794.81,386.25,682.34,503.85,834.59,306.22
460990N3-13,46,099,0N3-13,438,316,52,8,580,235,488,323,595,196
460990N3-14,46,099,0N3-14,806.86,587.76,130.03,26.76,1044.12,493.47,894.68,649.51,1049.59,412.62
460990N3-15,46,099,0N3-15,684.54,534.62,93.98,24.59,909.7,421.6,778.16,563.91,912.6,353.57
460990N3-16,46,099,0N3-16,816,448.2,78.55,13.05,1040.49,308.07,886.64,455.14,994.89,275.2
460990N3-17,46,099,0N3-17,1049.15,625.88,95.26,16.48,1344.98,434.2,1130.63,653.71,1332.57,346.43
460990N4-10,46,099,0N4-10,534.04,382.96,73.78,16.5,660.28,332.96,573.27,424.31,686.8,260.99
460990N4-11,46,099,0N4-11,953.17,581.27,95.17,13.03,1195.38,450.23,1032.94,610.31,1199.1,379.56
460990N4-12,46,099,0N4-12,568,463,62,15,714,391,613,497,760,291
460990N4-13,46,099,0N4-13,350.77,417.64,45.42,9.6,480.3,346.05,402.55,427.86,494.22,286.59
460990N4-14,46,099,0N4-14,209.1,248.36,35.61,5.48,257.03,235.58,213.66,276.21,244.25,214.58
460990N5-10,46,099,0N5-10,304,322,47,10,387,294,324,357,410,238
460990N5-11,46,099,0N5-11,325.33,302.65,49.29,8.87,422.92,254.35,354.9,316.45,404.19,239.56
460990N5-12,46,099,0N5-12,387.28,357.54,41.53,14.69,510.7,285.42,423.67,374.91,521.8,244.43
460990N5-13,46,099,0N5-13,299,322,54,4,457,246,355,343,463,207
460990N5-14,46,099,0N5-14,385,434,83,16,495,411,418,488,499,360
460990N5-17,46,099,0N5-17,307,265,30,8,393,224,326,294,418,173
460990N5-18,46,099,0N5-18,402,535,73,18,539,479,464,558,557,432
460990N5-19,46,099,0N5-19,279,234,27,4,363,177,301,246,373,145
460990N5-20,46,099,0N5-20,450.66,442.66,93.93,19.98,589.55,424.68,521.6,491.62,594.55,353.73
460990N5-21,46,099,0N5-21,230,201,22,3,305,153,246,208,308,125
460990NVP-6,46,099,0NVP-6,356.92,154.52,21.1,2.36,377.96,148.2,346.27,187.54,426.2,82.62
460990NVP01,46,099,0NVP01,531.22,184.37,49.26,8.05,585.79,174.1,538.42,235.5,602.93,130.83
460990NVP02,46,099,0NVP02,1217.78,528.23,97.32,17.62,1435.04,423.7,1293.9,575.6,1484.52,320.34
460990NVP10,46,099,0NVP10,683,367,76,10,796,332,691,439,839,244
460990NVP12,46,099,0NVP12,95,27,8,1,103,30,93,39,116,17
460990NVP16,46,099,0NVP16,583.1,244.43,51.57,6.23,668.98,208.55,568.66,320.01,696.29,148.11
460990NVP17,46,099,0NVP17,427,170,39,4,487,147,397,250,492,122
46099NVP-07,46,099,NVP-07,1041,488,105,26,1258,409,914,769,1264,320
46099NVP-08,46,099,NVP-08,459.83,186.93,31.99,10,506.81,177.93,419.84,276.89,520.8,139.95
46101000V-1,46,101,000V-1,226,258,19,7,283,236,195,326,298,214
46101000V-2,46,101,000V-2,207,279,29,3,274,251,185,337,286,224
46101000V-3,46,101,000V-3,357,151,26,7,401,147,346,201,444,95
46101000V-4,46,101,000V-4,264,86,19,1,283,85,223,149,280,79
46101000V-5,46,101,000V-5,469,160,28,6,499,159,419,239,527,115
46101V-3/4B,46,101,V-3/4B,208,109,10,4,243,92,177,157,248,77
46102VTD-BA,46,102,VTD-BA,44,94,9,3,52,95,52,98,43,104
46102VTD-CN,46,102,VTD-CN,15.12,39.3,0.4,0.17,21.43,34.52,19.4,37.57,10.24,44.76
46102VTD-KY,46,102,VTD-KY,40.33,425.66,15.75,8.86,116.99,368.69,91.45,400.14,44.25,443.4
46102VTD-MA,46,102,VTD-MA,6.89,153.75,9.79,4.9,59.65,111.78,39.12,134.24,13.74,158.66
46102VTD-OG,46,102,VTD-OG,32.87,365.54,20.99,11.98,98.12,331.22,66.07,355.35,46.87,379.51
46102VTD-P1,46,102,VTD-P1,30,581,14,5,112,502,86,533,38,585
46102VTD-P3,46,102,VTD-P3,31.92,413.95,11.97,5.98,88.77,371.06,68.83,388.01,30.92,421.93
46102VTD-PO,46,102,VTD-PO,25.1,358.62,14.11,4.06,80.62,321.23,66.42,331.45,29.16,368.7
46102VTD-RF,46,102,VTD-RF,14.7,77.13,9.96,4.04,25.19,80.56,24.54,83.25,12.75,93.97
461030VTD-6,46,103,0VTD-6,290.6,148.16,47.45,1.28,354.24,135.13,321.43,164.1,340.6,131.85
461030VTD-9,46,103,0VTD-9,101.99,29.27,6.02,1.14,110.52,25.15,105.57,30.95,109,22.71
46103VTD-10,46,103,VTD-10,432,100,19,5,436,118,422,129,435,97
46103VTD-11,46,103,VTD-11,228.28,32.03,14,3.77,230.8,44.87,230.27,48.36,227.66,38.04
46103VTD-12,46,103,VTD-12,76,4,3,1,76,4,77,6,75,6
46103VTD-14,46,103,VTD-14,53.56,4.09,4.88,0,56.58,6.01,53.5,8.11,49.47,8.02
46103VTD-15,46,103,VTD-15,311.22,57.49,14.87,4.96,331.04,47.57,313.2,71.36,319.15,48.57
46103VTD-17,46,103,VTD-17,182.78,20.51,10.13,1.04,187.96,20.43,178.8,29.64,180.85,18.43
46103VTD-18,46,103,VTD-18,204.68,74.31,24.9,7.22,220.69,85.74,204.36,103.97,214.64,78.55
46103VTD-19,46,103,VTD-19,260.14,36.1,16.46,4.25,263.33,50.97,263.33,54.68,260.14,43
46103VTD-23,46,103,VTD-23,854.72,340.13,73.69,12.33,994.57,278.96,939.31,344.63,995.31,251.33
46103VTD-24,46,103,VTD-24,701.22,212.98,65.38,7.93,785.41,199.12,744.8,247.65,771.55,197.13
46103VTD-AW,46,103,VTD-AW,0,0,0,0,0,0,0,0,0,0
46103VTD-E1,46,103,VTD-E1,435.16,127.23,27.44,5.13,473.05,110.32,451.24,135.61,465.63,100.21
46103VTD-F1,46,103,VTD-F1,796.06,313.21,105.61,18.73,897.77,318.07,853.27,369.43,900.3,265.17
46103VTD-F2,46,103,VTD-F2,1084.82,327.2,120.1,17.58,1170.78,337.92,1111.2,415.06,1127.82,316.43
46103VTD-K3,46,103,VTD-K3,381.01,123.08,25.61,3.94,401.71,125.04,387.93,138.82,386.93,120.13
46103VTD1-1,46,103,VTD1-1,886.1,386.85,121.09,21.66,1053.41,353.41,973.68,428.22,1002.23,347.49
46103VTD1-2,46,103,VTD1-2,1146,590,146,24,1350,551,1234,658,1331,514
46103VTD1-3,46,103,VTD1-3,1619,734,135,29,1886,626,1719,775,1828,565
46103VTD1-4,46,103,VTD1-4,624.66,275.08,54,10.35,706.78,260.71,660.07,307.76,710.14,215.21
46103VTD2-1,46,103,VTD2-1,61,51,7,2,71,48,64,54,63,51
46103VTD2-2,46,103,VTD2-2,49,20,9,1,56.99,21,52.99,25,53.99,25
46103VTD2-3,46,103,VTD2-3,876.36,430.98,125.58,19.36,1007.2,421.96,938.99,490.25,932.33,429.75
46103VTD2-4,46,103,VTD2-4,1189,794,233,27,1413,819,1290,941,1310,836
46103VTD2-5,46,103,VTD2-5,91,88,21,3,104,92,94,101,91,96
46103VTD3-1,46,103,VTD3-1,383.57,243.28,60.38,10.16,480.76,215.46,432.57,260.75,471.47,199.26
46103VTD3-2,46,103,VTD3-2,1955.02,763.85,175.3,17.6,2295.8,639.13,2138.42,811.18,2263.81,567.98
46103VTD3-3,46,103,VTD3-3,589.64,292.01,42.65,7.65,693.54,226.91,650.89,273.11,682.69,214.56
46103VTD3-4,46,103,VTD3-4,1705.42,1011.61,223.76,23.16,2042.47,913.19,1875.34,1096.16,2071.14,804.91
46103VTD3-5,46,103,VTD3-5,154.73,70.05,13.9,0.93,182.92,58.84,171.34,73.71,183,54.54
46103VTD333,46,103,VTD333,305,105,39,2,342,95,332,105,306,99
46103VTD4-1,46,103,VTD4-1,226.92,148.29,36.82,7.96,263.74,150.28,244.83,172.18,241.85,166.21
46103VTD4-2,46,103,VTD4-2,696,439,111,13,789,457,729,517,744,467
46103VTD4-3,46,103,VTD4-3,582.87,319.98,48.64,13.05,655.29,304.96,609.03,351.37,626.51,298.1
46103VTD4-4,46,103,VTD4-4,452.59,392.11,105.34,22.43,541.35,424.3,481.85,479.9,489.65,447.71
46103VTD4-5,46,103,VTD4-5,458.33,215.95,59.53,13.74,525.99,217.52,496.54,248.94,515.8,193.58
46103VTD5-1,46,103,VTD5-1,281.87,212.82,45.91,8.72,344.56,198.48,315.33,231.62,339.04,190.83
46103VTD5-2,46,103,VTD5-2,944.32,640.14,170.97,15.9,1139.15,616.29,1041.74,713.7,1114.3,576.53
46103VTD5-3,46,103,VTD5-3,1246.94,714.82,154.74,26.96,1470.57,666.9,1363.75,780.71,1491.54,565.07
46103VTD5-4,46,103,VTD5-4,665.4,736.69,139.62,15.84,887.2,654.51,766.4,784.22,857.5,633.72
46103VTD5-5,46,103,VTD5-5,220.33,116.47,14.52,8.04,251.96,110.37,235.66,122.75,265.8,86.42
46103VTDDG7,46,103,VTDDG7,956.81,293.39,124.01,9.03,1067.87,289.37,1009.84,345.41,980.89,306.35
46103VTDHC1,46,103,VTDHC1,846.96,300.12,73.6,11.11,926.61,297.07,894.22,327.48,872.45,309.84
46103VTDJS5,46,103,VTDJS5,862.03,346.8,59.79,14.95,962.68,321.89,912.85,375.7,977.63,283.02
46103VTDN34,46,103,VTDN34,676.19,255.51,76.84,15.89,758.6,252.7,718.32,292.03,708.92,251.81
46103VTDRK4,46,103,VTDRK4,833.32,239.81,49.36,9.37,903.53,205.99,862.96,253.43,891.18,186.02
461050VTD-2,46,105,0VTD-2,87.88,12.94,5.99,0.02,92.92,14.9,90.89,15.91,86.95,15.89
461050VTD-3,46,105,0VTD-3,74.14,13.54,4.84,1.61,79.62,14.51,76.4,17.09,81.24,10.96
461050VTD-4,46,105,0VTD-4,49.04,9.01,1,0,47.04,11.01,47.04,13.01,47.04,6.01
461050VTD-5,46,105,0VTD-5,121,17,3,1,115,23,119,22,122,16
461050VTD-6,46,105,0VTD-6,105,11,3,3,100,22,105,19,106,12
461050VTD-7,46,105,0VTD-7,121.06,5.16,3.07,0,122.12,5.18,122.09,8.19,123.05,4.19
461050VTD-8,46,105,0VTD-8,59,2,5,0,64,2,60,5,64,1
461050VTD-9,46,105,0VTD-9,72,4,2,3,74,7,71,7,71,5
46105VTD-12,46,105,VTD-12,269.96,37.99,15,1,274.96,50.99,271.96,55.99,275.96,40.99
46105VTD-L1,46,105,VTD-L1,219,47,17,2,238,50,230,59,238,47
46105VTD-L3,46,105,VTD-L3,155.86,28.46,10.16,3.39,167.38,30.49,160.6,35.91,170.76,23.04
46107VTD-01,46,107,VTD-01,293.48,59.87,9.03,2.32,298.08,71.12,295.01,74.71,319.57,38.38
46107VTD-02,46,107,VTD-02,167.7,37.68,8.86,2.22,169.91,44.32,168.43,46.54,182.47,24.38
46107VTD-03,46,107,VTD-03,233.78,45.66,9.13,2.74,237.43,52.97,234.69,56.62,253.87,29.22
46107VTD-04,46,107,VTD-04,213.77,40.68,7.3,2.09,216.9,47.98,214.82,51.11,233.55,27.08
46107VTD-05,46,107,VTD-05,162.27,31.11,5.67,1.63,164.68,36.61,163.04,39.02,176.54,19.94
46107VTD-36,46,107,VTD-36,0,0,0,0,0,0,0,0,0,0
461090VTD-1,46,109,0VTD-1,113,49,6,1,136,36,106,64,141,24
461090VTD-2,46,109,0VTD-2,303,110,19,9,332,111,307,135,351,79
461090VTD-3,46,109,0VTD-3,104,62,8,1,126,60,106,79,128,45
461090VTD-4,46,109,0VTD-4,53,24,7,0,47,35,46,39,54,23
461090VTD-5,46,109,0VTD-5,157,208,12,5,200,184,167,218,186,191
461090VTD-6,46,109,0VTD-6,100.57,40.17,7.87,1.4,114.05,37.08,103.66,46.07,111.24,32.02
461090VTD-7,46,109,0VTD-7,257.43,102.83,20.13,3.6,291.95,94.92,265.34,117.93,284.76,81.97
461090VTD-8,46,109,0VTD-8,56,48,6,1,66,47,60,52,74,36
461090VTD-9,46,109,0VTD-9,278,145,19,5,336,111,282,170,336,98
461090VTD12,46,109,0VTD12,114.71,128.64,13.11,0.82,150.77,117.17,122.09,143.39,147.49,111.44
461090VTD13,46,109,0VTD13,125,149,11,5,166,120,131,159,162,121
461090VTD14,46,109,0VTD14,25.29,28.36,2.89,0.18,33.23,25.83,26.91,31.61,32.51,24.56
46109VTD-10,46,109,VTD-10,76,126,1,2,93,119,75,136,71,135
46109VTD-11,46,109,VTD-11,381,319,31,6,458,278,402,336,452,264
461110VTD-1,46,111,0VTD-1,193,59,16,3,219,51,189,78,226,33
461110VTD-2,46,111,0VTD-2,239,54,15,5,251,63,225,90,253,48
461110VTD-4,46,111,0VTD-4,210,63,14,2,218,77,206,87,236,49
461110VTD-5,46,111,0VTD-5,177,65,6,2,201,53,184,70,209,42
461150VTD-1,46,115,0VTD-1,276,96,17,5,320,90,286,119,348,49
461150VTD-3,46,115,0VTD-3,232,80,13,2,247,80,227,99,273,49
461150VTD-4,46,115,0VTD-4,221.22,70.75,5.98,2.99,242.15,57.8,214.25,86.7,251.12,38.86
461150VTD-5,46,115,0VTD-5,121,69,9,2,139,65,125,76,147,51
461150VTD-6,46,115,0VTD-6,82,33,1,0,90,28,71,43,90,25
461150VTD-7,46,115,0VTD-7,285,144,17,4,334,126,281,179,360,89
461150VTD-8,46,115,0VTD-8,96,42,4,3,101,43,84,60,104,38
461150VTD-9,46,115,0VTD-9,294,188,45,12,379,162,318,218,423,111
46115VTD-10,46,115,VTD-10,246.78,196.25,31.02,4.01,324.85,164.2,268.75,221.3,364.88,113.14
461170VTD-1,46,117,0VTD-1,1007.68,305.63,66.92,9.99,1097.69,282.61,985.8,403.44,1140.67,224.68
461170VTD-2,46,117,0VTD-2,66.58,11.84,3.78,3.02,75.49,8.79,69.8,14.41,70.68,11.57
461170VTD-3,46,117,0VTD-3,74.64,11.83,6.37,0,81.92,11.83,77.37,15.47,82.83,10.92
461190VTD-1,46,119,0VTD-1,127.12,23.73,14.33,1.97,134.8,23.6,125.02,32.19,138.02,17.9
461190VTD-2,46,119,0VTD-2,99.79,13.86,3.7,0.92,105.34,13.86,98.87,19.41,108.11,11.09
461190VTD-5,46,119,0VTD-5,96.69,17.07,3.16,0.01,101.88,16.96,94.79,23.85,103.91,13.56
461190VTD-6,46,119,0VTD-6,80.77,24.41,3.39,0.06,85.67,23.66,79.92,33.86,87.36,18.91
46119VTD2-1,46,119,VTD2-1,109.96,20.84,3.7,0.8,116.8,20.84,108.15,29.5,119.39,16.5
46119VTD2-2,46,119,VTD2-2,113.82,26.7,9.17,0.84,119.68,26.7,111.32,37.55,122.2,20.86
46119VTD3-2,46,119,VTD3-2,50.84,10.38,2.55,0.4,53.82,10.38,49.93,14.65,55.01,8.17
46121VTD-BO,46,121,VTD-BO,11.92,42.7,1.99,0.99,18.87,36.74,15.89,41.7,9.93,43.69
46121VTD-JE,46,121,VTD-JE,67.18,8.89,0.99,0.99,60.26,12.84,62.24,10.87,63.22,8.89
46121VTD-LA,46,121,VTD-LA,86.75,10.6,0,5.78,91.56,9.64,87.71,15.42,90.6,7.71
46121VTD-OK,46,121,VTD-OK,44.86,74.52,3.19,0.09,50.22,73.37,40.96,82.65,40.88,78.73
46121VTD-PA,46,121,VTD-PA,21.09,220.51,13.02,6.01,59.19,203.43,43.13,217.49,20.09,238.52
46121VTD-RO,46,121,VTD-RO,46.91,338.35,20.96,4.99,104.8,305.42,68.87,340.35,36.93,370.29
46121VTD-SA,46,121,VTD-SA,57.97,168.59,12.82,5.92,82.52,158.78,64.8,177.48,59.89,182.38
46121VTD-SF,46,121,VTD-SF,54.25,274.54,13.02,4.22,105.45,231.52,75.29,263.74,54.38,281.48
46121VTDMNA,46,121,VTDMNA,96,366,30,8,151,344,121,378,93,398
46123VTD-CF,46,123,VTD-CF,108,27,8,0,107,30,98,42,119,21
46123VTD-CL,46,123,VTD-CL,302.03,62.01,9,3,303.03,70.01,296.03,81.01,311.03,51.01
46123VTD-E2,46,123,VTD-E2,193.19,43.04,6.01,2,190.18,50.05,182.17,62.06,210.19,30.03
46123VTD-E3,46,123,VTD-E3,223.97,50.27,15.05,0.01,246.95,44.33,223.88,68.4,250.94,38.33
46123VTD-HM,46,123,VTD-HM,83.9,10.09,2.06,1.01,87.92,10.13,86.87,12.19,89.95,6.08
46123VTD-ID,46,123,VTD-ID,65.07,14.32,3.21,1.02,73.03,11.57,67.82,17.79,68.31,15.18
46123VTD-LK,46,123,VTD-LK,138,18,4,1,143,17,132,8,141,13
46123VTD-LM,46,123,VTD-LM,263.81,50.96,7.99,2,259.81,68.95,235.83,91.93,275.8,46.97
46123VTD-SU,46,123,VTD-SU,69,22,5,0,73,26,64,35,78,18
46123VTD-W2,46,123,VTD-W2,264,77,7,1,286,67,256,98,300,47
46123VTD-W3,46,123,VTD-W3,158.04,43.73,7.95,1.99,156.05,53.67,144.12,65.6,154.06,53.67
46123VTD-WT,46,123,VTD-WT,82.38,16.87,3.97,0,79.4,21.83,75.43,29.77,85.35,18.86
46123VTDSE1,46,123,VTDSE1,121,27,5,2,132,22,117,36,134,13
461250VTD-1,46,125,0VTD-1,620.55,162.88,34.97,11.99,668.52,167.88,613.56,224.84,689.5,131.91
461250VTD-2,46,125,0VTD-2,664.17,208.07,58.01,4,752.19,190.07,688.16,260.11,771.2,145.05
461250VTD-3,46,125,0VTD-3,242,64,12,1,267,58,244,79,273,44
461250VTD-4,46,125,0VTD-4,204,60,10,5,227,53,202,77,224,44
461250VTD-5,46,125,0VTD-5,384,139,23,4,432,112,377,170,437,102
461250VTD-6,46,125,0VTD-6,336.21,137.19,30.74,6.04,365.41,130.86,316.83,186.35,407.61,79.32
461250VTD-7,46,125,0VTD-7,97.79,50.81,17.26,0.96,125.59,43.14,112.17,54.65,130.39,30.68
461250VTD-8,46,125,0VTD-8,388,139,30,3,451,116,405,167,449,101
461270VTD-1,46,127,0VTD-1,238,90,10,4,280,64,254,88,256,69
461270VTD-3,46,127,0VTD-3,456,239,41,15,549,206,517,236,529,206
461270VTD-4,46,127,0VTD-4,233,131,17,3,271,111,254,124,265,104
461270VTD-5,46,127,0VTD-5,314.62,136.4,21.9,7.97,343.5,133.42,301.68,175.23,365.4,103.55
461270VTD-7,46,127,0VTD-7,414.38,128.6,26.1,5.03,461.5,98.58,453.32,106.77,443.6,97.45
461270VTD-8,46,127,0VTD-8,305,131,27,4,382,90,367,105,364,83
461270VTD-9,46,127,0VTD-9,285,146,16,3,327,112,314,125,302,121
46127VTD-10,46,127,VTD-10,418,208,25,4,443,192,423,205,412,199
46127VTD-11,46,127,VTD-11,462,224,32,3,537,180,516,197,484,197
46127VTD-12,46,127,VTD-12,662.13,184.07,25.09,6.12,766.89,119.84,751.33,127.34,745.72,110.78
46127VTD-13,46,127,VTD-13,863.87,299.93,35.91,3.88,955.11,226.16,936.67,242.66,916.28,224.22
46127VTD-A1,46,127,VTD-A1,107.98,56.71,6.81,0.91,126.58,48.09,112.52,65.33,131.12,43.1
46127VTD-A2,46,127,VTD-A2,115.47,60.64,7.28,0.97,135.36,51.43,120.32,69.86,140.21,46.09
46127VTD-A3,46,127,VTD-A3,14.55,7.64,0.92,0.12,17.06,6.48,15.17,8.81,17.67,5.81
46127VTD-B1,46,127,VTD-B1,218.1,100.32,10.9,3.82,253.54,83.97,230.09,109.59,269.89,55.61
46127VTD-B2,46,127,VTD-B2,105.24,48.41,5.26,1.84,122.34,40.52,111.03,52.88,130.23,26.84
46127VTD-B3,46,127,VTD-B3,76.67,35.27,3.83,1.34,89.12,29.52,80.88,38.52,94.88,19.55
46129VTD-01,46,129,VTD-01,127,16,2,3,116,24,115,31,128,14
46129VTD-02,46,129,VTD-02,122,20,9,1,120,31,117,34,128,23
46129VTD-03,46,129,VTD-03,347,46,11,5,364,52,340,72,374,28
46129VTD-04,46,129,VTD-04,115.74,38.58,3.86,5.79,123.46,40.51,114.78,48.23,123.46,32.79
46129VTD-05,46,129,VTD-05,227.81,79.93,12.99,6.99,242.8,83.93,224.81,98.92,238.8,74.94
46129VTD-06,46,129,VTD-06,350.26,112.42,19.14,11.21,388.54,95.49,368.22,112.77,389.54,83.21
46129VTD-07,46,129,VTD-07,330.15,114.7,7.98,3.99,347.11,109.72,339.13,117.7,369.05,74.81
46129VTD-08,46,129,VTD-08,78,3,1,2,68,10,70,12,75,6
46129VTD-09,46,129,VTD-09,67.23,11.07,8.01,2.01,72.24,15.08,67.23,19.09,75.24,8.07
46129VTD-10,46,129,VTD-10,130.81,15.29,4.02,4.01,132.85,20.28,134.83,21.3,143.9,11.19
461350VTD-1,46,135,0VTD-1,5659.17,3301.04,552.01,111,6542.19,3089.04,5763.17,3830.05,6955.2,2287.03
46137VTD-BR,46,137,VTD-BR,6.54,25.22,0,0,5.6,23.35,7.47,22.42,6.54,24.29
46137VTD-CC,46,137,VTD-CC,5.29,49.8,0.73,0.08,16.81,37.71,11.16,41.25,5.39,46.97
46137VTD-DV,46,137,VTD-DV,79.26,100.02,12.38,5,101.15,93.02,79.89,116.02,73.02,118.64
46137VTD-GV,46,137,VTD-GV,59,10,0,0,58,12,52,18,56,10
46137VTD-ND,46,137,VTD-ND,27.97,14.57,1.82,1.3,29.4,16.91,26.15,20.3,29.4,15.61
46137VTD-RD,46,137,VTD-RD,109.42,57,7.12,5.09,115.02,66.16,102.29,79.39,115.02,61.07
46137VTD-RS,46,137,VTD-RS,14.68,54.88,1.26,2.92,26.09,48.05,24.77,49.49,18.57,53.73
46137VTD-SD,46,137,VTD-SD,77.64,40.74,5.06,3.61,81.68,47.16,72.62,56.57,81.61,43.61
