GEOID20,STATEFP,COUNTYFP,DISTRICT,G20PRERTRU,G20PREDBID,G20PRELJOR,G20USSRROU,G20USSDAHL,G20HALRJOH,G20HALDLUA,G20PUCRHAN,G20PUCDEAG,G20PUCLSAX
460030VTD-1,46,003,0VTD-1,257,42,0,256,66,279,11,264,25,2
460030VTD-2,46,003,0VTD-2,132,12,0,126,22,132,8,131,6,0
460030VTD-3,46,003,0VTD-3,304,81,2,291,122,387,23,304,38,4
460030VTD-5,46,003,0VTD-5,133,52,0,132,62,170,13,133,28,0
460030VTD-7,46,003,0VTD-7,230,92,0,230,93,280,37,256,54,0
460050VTD-1,46,005,0VTD-1,297,109,3,302,107,333,43,302,71,7
46005VTD-01,46,005,VTD-01,715,211,9,742,203,840,64,737,130,9
46005VTD-02,46,005,VTD-02,684,187,0,685,187,762,68,683,103,11
46005VTD-04,46,005,VTD-04,218,85,2,220,81,248,38,221,56,10
46005VTD-05,46,005,VTD-05,1057,456,6,1115,419,1301,175,1148,249,44
46005VTD-W2,46,005,VTD-W2,357,229,13,402,204,432,140,354,179,44
46005VTD-W3,46,005,VTD-W3,342,217,20,368,207,442,104,374,151,23
46005VTDW01,46,005,VTDW01,172,63,1,175,63,190,27,174,41,4
46005VTDW71,46,005,VTDW71,321,146,16,347,126,412,50,350,91,16
46005VTDW72,46,005,VTDW72,29,13,0,31,13,35,5,31,9,0
46005VTDW81,46,005,VTDW81,396,248,12,447,213,556,72,472,148,24
46005VTDW82,46,005,VTDW82,228,99,4,239,89,278,40,249,49,12
460070VTD-1,46,007,0VTD-1,53,196,1,83,175,99,120,53,180,7
460070VTD-4,46,007,0VTD-4,151,13,0,147,13,150,8,136,12,1
46007VTD-02,46,007,VTD-02,110,74,4,116,70,134,41,102,68,9
46007VTD-05,46,007,VTD-05,83,55,3,86,53,98,30,75,51,6
46007VTD-06,46,007,VTD-06,23,15,1,23,14,27,9,21,14,2
46007VTD-27,46,007,VTD-27,273,109,3,274,109,292,74,245,106,9
460090VTD-1,46,009,0VTD-1,460,101,0,442,112,501,40,461,52,3
460090VTD-2,46,009,0VTD-2,380,110,0,375,119,447,48,375,76,14
460090VTD-3,46,009,0VTD-3,480,221,2,479,225,556,96,479,128,16
460090VTD-4,46,009,0VTD-4,396,147,0,376,200,460,66,380,107,10
460090VTD-5,46,009,0VTD-5,468,113,7,466,122,562,61,469,73,17
460110VTD-1,46,011,0VTD-1,313,269,23,348,252,421,123,333,195,38
460110VTD-2,46,011,0VTD-2,421,482,31,457,450,564,213,449,343,55
460110VTD-3,46,011,0VTD-3,417,490,38,454,457,554,215,437,348,69
460110VTD-4,46,011,0VTD-4,747,749,42,817,702,1000,340,792,541,73
460110VTD-5,46,011,0VTD-5,1447,1212,82,1589,1138,1941,557,1550,867,134
460110VTD-6,46,011,0VTD-6,1247,950,71,1372,894,1671,434,1325,681,112
460110VTD-8,46,011,0VTD-8,486,333,20,543,312,652,149,526,241,32
460110VTD-9,46,011,0VTD-9,468,233,10,511,220,623,96,498,158,23
46011VTD-10,46,011,VTD-10,402,178,7,435,166,537,76,425,125,16
46011VTD-11,46,011,VTD-11,461,301,22,497,278,611,124,485,208,34
46011VTD-12,46,011,VTD-12,194,73,1,218,69,265,30,201,51,4
46011VTD-13,46,011,VTD-13,158,89,1,168,86,210,35,166,64,4
46011VTD-14,46,011,VTD-14,794,497,23,885,468,1078,221,860,356,45
46011VTD-15,46,011,VTD-15,102,79,1,108,74,133,33,104,55,4
46011VTD-16,46,011,VTD-16,319,131,6,341,123,434,56,335,92,16
460130VTD-1,46,013,0VTD-1,812,504,29,855,483,1040,223,850,348,63
460130VTD-2,46,013,0VTD-2,399,318,18,420,305,514,136,416,223,33
460130VTD-3,46,013,0VTD-3,886,551,30,933,535,1144,232,925,376,69
460130VTD-4,46,013,0VTD-4,407,289,18,427,274,521,121,426,197,44
460130VTD-5,46,013,0VTD-5,278,243,21,297,236,362,107,295,170,38
460130VTD-6,46,013,0VTD-6,1286,672,42,1349,651,1667,298,1347,474,79
460130VTD-7,46,013,0VTD-7,1257,625,40,1321,596,1625,269,1316,427,84
460130VTD-8,46,013,0VTD-8,643,461,35,679,445,828,206,675,325,68
460130VTD-9,46,013,0VTD-9,534,287,18,563,277,689,122,561,197,38
46013VTD-10,46,013,VTD-10,266,207,19,278,199,344,89,278,140,33
46013VTD-11,46,013,VTD-11,377,288,18,395,279,490,126,394,206,36
46013VTD-12,46,013,VTD-12,624,259,12,657,248,806,108,654,173,28
46013VTD-13,46,013,VTD-13,221,137,2,229,132,290,56,229,98,6
46013VTD-14,46,013,VTD-14,138,122,0,146,116,176,44,146,77,1
46013VTD-15,46,013,VTD-15,701,269,7,731,262,889,111,731,189,29
46013VTD-16,46,013,VTD-16,269,121,4,285,117,346,47,283,84,13
46013VTD-17,46,013,VTD-17,378,244,2,398,236,481,106,397,169,10
46013VTD-18,46,013,VTD-18,142,109,0,145,103,169,41,145,65,3
46013VTD-19,46,013,VTD-19,639,408,2,673,393,819,161,672,280,25
46013VTD-20,46,013,VTD-20,78,65,0,81,64,101,26,81,42,3
46013VTD-21,46,013,VTD-21,116,128,0,125,126,148,52,125,88,1
46013VTD-22,46,013,VTD-22,122,119,1,131,114,158,47,131,76,2
460150VTD-2,46,015,0VTD-2,334,65,3,315,95,370,34,316,49,9
460150VTD-3,46,015,0VTD-3,416,100,3,410,128,465,48,430,63,7
460150VTD-5,46,015,0VTD-5,534,219,16,537,237,649,110,547,159,35
46015VTD-D2,46,015,VTD-D2,148,81,5,152,82,195,41,153,62,9
46015VTD-D3,46,015,VTD-D3,56,32,1,57,32,72,14,57,22,4
46015VTD-D4,46,015,VTD-D4,261,142,8,265,149,336,71,267,103,21
460170VTD-1,46,017,0VTD-1,109,84,2,107,87,135,52,111,74,2
460170VTD-2,46,017,0VTD-2,44,76,2,54,69,80,35,37,77,1
460170VTD-3,46,017,0VTD-3,29,181,7,54,163,87,109,25,181,7
460190VTD-6,46,019,0VTD-6,41,0,0,37,4,39,2,41,0,0
460190VTD-8,46,019,0VTD-8,30,4,0,30,6,30,4,28,4,1
46019VTD-11,46,019,VTD-11,64,8,0,65,8,62,6,59,6,4
46019VTD-12,46,019,VTD-12,93,12,0,85,14,85,11,84,11,0
46019VTD-13,46,019,VTD-13,117,14,1,115,19,117,16,108,14,3
46019VTD-14,46,019,VTD-14,322,42,5,319,59,321,51,304,41,19
46019VTD-16,46,019,VTD-16,691,143,11,693,152,711,116,654,116,33
46019VTD-17,46,019,VTD-17,342,58,5,336,64,355,36,323,38,20
46019VTD-18,46,019,VTD-18,88,20,10,96,24,92,24,85,18,11
46019VTD-20,46,019,VTD-20,198,40,2,195,47,195,46,180,40,14
46019VTD-21,46,019,VTD-21,178,78,4,192,77,209,43,165,62,22
46019VTD-22,46,019,VTD-22,152,63,7,165,60,168,48,133,59,20
46019VTD-23,46,019,VTD-23,174,53,7,182,51,183,45,169,38,16
46019VTD-24,46,019,VTD-24,250,89,18,262,90,283,58,244,68,25
46019VTD-25,46,019,VTD-25,278,78,2,293,68,324,25,284,51,10
46019VTD-26,46,019,VTD-26,196,50,12,199,58,213,40,186,45,17
46019VTD-27,46,019,VTD-27,210,60,5,217,53,228,35,207,31,23
46019VTD-28,46,019,VTD-28,301,108,9,321,97,358,46,310,70,17
460210VTD-1,46,021,0VTD-1,141,26,0,141,26,146,14,141,15,4
460210VTD-2,46,021,0VTD-2,150,21,0,154,21,156,14,150,14,2
460210VTD-3,46,021,0VTD-3,142,11,0,142,14,167,4,142,8,0
460210VTD-4,46,021,0VTD-4,150,12,0,150,12,153,2,146,5,0
460210VTD-5,46,021,0VTD-5,158,10,0,156,16,167,5,155,6,1
460230VTD-1,46,023,0VTD-1,318,131,0,310,163,334,91,305,129,3
460230VTD-2,46,023,0VTD-2,129,53,0,117,62,139,37,129,47,1
460230VTD-4,46,023,0VTD-4,69,123,0,79,116,99,83,75,116,0
460230VTD-5,46,023,0VTD-5,218,129,0,212,137,266,61,210,122,2
460230VTD-7,46,023,0VTD-7,92,47,0,91,47,121,13,101,28,2
460230VTD-8,46,023,0VTD-8,157,12,0,146,26,165,6,151,6,0
460230VTD-9,46,023,0VTD-9,360,41,0,356,49,368,10,356,27,2
460230VTD6B,46,023,0VTD6B,46,58,0,47,59,58,37,44,57,3
46023VTD-10,46,023,VTD-10,132,6,1,132,13,143,3,132,3,0
46023VTD-13,46,023,VTD-13,49,22,0,48,24,52,14,48,22,0
46023VTD-3a,46,023,VTD-3a,46,43,0,49,44,63,28,45,41,3
46023VTD-3b,46,023,VTD-3b,126,126,3,131,126,157,78,122,118,8
46023VTD-3c,46,023,VTD-3c,101,101,2,103,101,124,63,97,95,7
46023VTD-6a,46,023,VTD-6a,45,57,0,45,59,59,36,41,56,2
46023VTD-6c,46,023,VTD-6c,11,12,0,11,12,12,9,10,12,1
46023VTD11a,46,023,VTD11a,155,32,0,158,32,175,15,158,24,2
46023VTD11b,46,023,VTD11b,249,56,2,254,55,283,23,255,36,3
46023VTD11c,46,023,VTD11c,179,40,1,182,40,199,15,182,29,2
46023VTD12a,46,023,VTD12a,19,2,0,16,7,19,2,16,6,0
46023VTD12b,46,023,VTD12b,7,0,0,5,2,7,0,5,0,0
46023VTD12c,46,023,VTD12c,50,8,2,42,18,50,8,43,12,0
4602500VTD1,46,025,00VTD1,247,52,2,250,57,300,19,249,34,4
4602500VTD2,46,025,00VTD2,329,85,1,335,88,354,42,314,46,12
4602500VTD3,46,025,00VTD3,185,58,2,190,56,212,20,190,25,8
4602500VTD5,46,025,00VTD5,298,58,1,303,57,322,26,303,35,2
46025VTD-W3,46,025,VTD-W3,75,28,1,79,26,91,13,79,13,5
46025VTD4-1,46,025,VTD4-1,126,50,4,124,55,149,26,123,31,15
46025VTD4-2,46,025,VTD4-2,119,51,1,119,51,138,31,119,43,9
46027VTD-C1,46,027,VTD-C1,131,381,12,169,357,248,200,149,313,32
46027VTD-C2,46,027,VTD-C2,26,78,2,34,76,51,43,31,63,5
46027VTD-W1,46,027,VTD-W1,291,108,1,300,105,358,40,303,64,3
46027VTD-W2,46,027,VTD-W2,242,131,8,257,131,305,56,262,74,15
46027VTD-W3,46,027,VTD-W3,536,477,11,627,405,778,149,623,311,19
46027VTDNE1,46,027,VTDNE1,55,83,5,68,73,82,47,58,62,8
46027VTDNE2,46,027,VTDNE2,151,225,16,185,200,221,131,160,172,25
46027VTDNW1,46,027,VTDNW1,286,407,15,338,366,435,205,307,338,32
46027VTDNW2,46,027,VTDNW2,161,228,11,187,207,244,113,172,188,19
46027VTDSE1,46,027,VTDSE1,189,325,13,236,297,340,128,239,235,18
46027VTDSE2,46,027,VTDSE2,357,611,26,438,558,637,238,448,437,35
460290VTD-2,46,029,0VTD-2,1026,344,25,1044,356,1184,170,1001,225,55
460290VTD-3,46,029,0VTD-3,670,217,14,665,247,747,126,634,146,34
460290VTD-5,46,029,0VTD-5,733,246,3,770,239,861,108,776,126,19
46029VTD-A1,46,029,VTD-A1,809,303,25,875,271,984,123,869,159,47
46029VTD-A2,46,029,VTD-A2,350,209,12,400,170,463,81,406,111,21
46029VTD-A3,46,029,VTD-A3,157,69,4,169,63,193,27,168,39,12
46029VTD-A4,46,029,VTD-A4,364,161,13,388,145,441,65,384,89,30
46029VTD-B1,46,029,VTD-B1,342,140,8,375,122,424,55,372,73,16
46029VTD-B2,46,029,VTD-B2,562,360,37,623,329,717,190,594,229,54
46029VTD-B3,46,029,VTD-B3,273,131,11,290,125,337,59,288,81,19
46029VTD-B4,46,029,VTD-B4,54,23,1,57,19,66,8,57,11,2
46029VTD-C1,46,029,VTD-C1,163,80,4,169,71,201,37,167,49,8
46029VTD-C2,46,029,VTD-C2,44,31,1,47,31,59,17,44,23,3
46029VTD-C3,46,029,VTD-C3,261,131,12,273,116,294,73,261,84,22
46029VTD-C4,46,029,VTD-C4,315,151,19,329,146,359,89,313,101,30
46029VTD-D1,46,029,VTD-D1,407,180,7,434,165,482,82,419,109,28
46029VTD-D2,46,029,VTD-D2,356,149,19,379,147,403,94,347,107,28
46029VTD-D3,46,029,VTD-D3,277,150,10,299,143,338,69,282,104,20
46029VTD-D4,46,029,VTD-D4,182,124,9,190,123,229,67,182,93,13
46029VTD-E1,46,029,VTD-E1,404,163,14,417,164,458,102,407,111,25
46029VTD-E2,46,029,VTD-E2,545,198,7,576,171,651,73,585,95,24
46029VTD-E3,46,029,VTD-E3,299,107,3,313,91,357,41,318,52,14
46029VTD-E4,46,029,VTD-E4,179,71,7,185,72,202,43,182,48,13
46029VTD-E5,46,029,VTD-E5,163,67,6,177,57,200,27,177,36,8
46031VTD-AR,46,031,VTD-AR,24,2,0,23,3,22,2,22,1,0
46031VTD-BH,46,031,VTD-BH,2,61,0,6,55,11,32,5,60,0
46031VTD-BU,46,031,VTD-BU,30,31,0,37,25,37,16,31,31,0
46031VTD-CD,46,031,VTD-CD,26,66,0,34,52,37,34,26,62,0
46031VTD-GV,46,031,VTD-GV,68,1,0,68,2,69,1,68,1,0
46031VTD-KN,46,031,VTD-KN,12,65,0,12,60,19,35,7,60,1
46031VTD-LC,46,031,VTD-LC,31,6,0,33,4,33,4,27,6,0
46031VTD-LE,46,031,VTD-LE,17,69,1,25,62,39,44,14,67,2
46031VTD-LO,46,031,VTD-LO,102,4,0,101,6,105,4,85,6,0
46031VTD-MI,46,031,VTD-MI,97,22,0,112,20,119,8,97,15,0
46031VTD-MT,46,031,VTD-MT,107,16,0,107,17,108,10,98,10,4
46031VTD-RL,46,031,VTD-RL,50,13,0,48,13,46,8,46,13,0
46031VTD-SM,46,031,VTD-SM,62,145,0,69,138,79,89,56,147,2
46031VTD-WK,46,031,VTD-WK,9,109,0,6,110,26,58,6,110,0
46033VTD-BG,46,033,VTD-BG,156,60,1,156,52,175,24,142,52,5
46033VTD-BR,46,033,VTD-BR,964,408,33,1020,390,1121,222,944,324,68
46033VTD-EM,46,033,VTD-EM,132,40,2,141,39,139,31,121,40,5
46033VTD-FB,46,033,VTD-FB,148,23,4,149,26,157,20,137,22,6
46033VTD-HE,46,033,VTD-HE,862,244,22,883,244,928,160,821,197,54
46033VTD-PR,46,033,VTD-PR,334,124,0,333,121,353,89,317,103,20
46033VTD-SD,46,033,VTD-SD,545,220,16,563,215,617,127,511,182,51
46033VTD6-1,46,033,VTD6-1,251,141,4,267,134,289,86,251,110,24
46033VTD7-1,46,033,VTD7-1,161,79,5,161,80,189,47,153,68,17
46033VTD8-1,46,033,VTD8-1,117,66,4,124,64,148,30,117,51,9
46033VTD8-2,46,033,VTD8-2,173,97,5,181,95,216,44,172,74,12
460350000C4,46,035,0000C4,291,93,6,303,91,351,39,303,55,11
460350VT-14,46,035,0VT-14,347,178,7,374,165,430,82,361,112,23
460350VTD10,46,035,0VTD10,337,177,9,356,170,430,82,348,116,30
460350VTD11,46,035,0VTD11,206,110,6,218,103,260,49,209,70,17
460350VTD12,46,035,0VTD12,132,68,3,142,62,159,33,137,42,10
460350VTD13,46,035,0VTD13,186,97,4,199,91,230,43,194,60,14
460350VTD15,46,035,0VTD15,329,212,14,351,199,448,81,369,123,27
460350VTD16,46,035,0VTD16,249,155,10,263,150,337,61,275,94,22
460350VTD17,46,035,0VTD17,5,3,0,5,3,7,1,5,2,0
460350VTD18,46,035,0VTD18,176,116,7,192,108,247,45,199,67,12
460350VTD19,46,035,0VTD19,383,215,12,405,199,521,65,433,120,19
46035VTD-06,46,035,VTD-06,332,173,10,353,163,437,61,369,107,21
46035VTD-07,46,035,VTD-07,172,91,4,184,86,224,31,191,56,10
46035VTD-08,46,035,VTD-08,385,205,10,408,193,503,71,423,125,24
46035VTD-09,46,035,VTD-09,322,170,8,340,161,404,75,329,111,27
46035VTD-20,46,035,VTD-20,423,231,15,447,216,572,75,476,135,23
46035VTD-C1,46,035,VTD-C1,257,64,1,247,71,291,19,259,26,3
46035VTD-C2,46,035,VTD-C2,426,98,1,412,110,484,26,429,50,7
46035VTD-C3,46,035,VTD-C3,391,91,1,374,100,435,22,392,39,5
46035VTD-C5,46,035,VTD-C5,266,89,4,281,86,322,35,281,50,14
460370VTD-5,46,037,0VTD-5,88,37,0,87,39,105,16,88,30,1
460370VTD-6,46,037,0VTD-6,141,113,1,141,117,173,69,147,96,2
46037VTD-AT,46,037,VTD-AT,82,21,0,80,29,92,2,82,11,0
46037VTD-BR,46,037,VTD-BR,167,84,0,168,86,200,34,173,45,1
46037VTD-BW,46,037,VTD-BW,165,72,0,165,65,190,31,176,35,3
46037VTD-FP,46,037,VTD-FP,129,85,0,134,85,173,35,142,53,2
46037VTD-GK,46,037,VTD-GK,123,78,0,138,68,166,31,136,48,5
46037VTD-LT,46,037,VTD-LT,78,40,0,78,51,96,15,84,27,2
46037VTD-RR,46,037,VTD-RR,155,69,0,139,74,186,29,161,37,3
46037VTD-RW,46,037,VTD-RW,122,61,0,117,63,144,29,123,40,5
46037VTD1w1,46,037,VTD1w1,146,97,0,161,87,199,30,176,47,11
46037VTD2w2,46,037,VTD2w2,125,59,1,126,59,145,26,124,42,10
46037VTD2W3,46,037,VTD2W3,64,28,1,65,28,77,14,65,22,4
46037VTD3W3,46,037,VTD3W3,111,57,1,119,56,142,25,121,30,9
46037VTD4W1,46,037,VTD4W1,113,66,0,113,64,140,29,130,29,7
46037VTD5W1,46,037,VTD5W1,17,10,0,17,10,18,1,17,7,0
46037VTD5W2,46,037,VTD5W2,29,15,0,29,15,34,6,29,9,0
46037VTD6W3,46,037,VTD6W3,25,21,0,25,21,30,12,27,17,0
460390VTD-1,46,039,0VTD-1,114,48,0,114,46,146,7,130,16,0
460390VTD-3,46,039,0VTD-3,243,78,3,251,79,290,38,254,50,9
460390VTD-4,46,039,0VTD-4,136,46,4,139,47,162,25,136,25,16
460390VTD-5,46,039,0VTD-5,128,74,8,138,76,174,31,145,46,8
460390VTD-6,46,039,0VTD-6,138,62,0,144,58,178,22,153,40,3
460390VTD-7,46,039,0VTD-7,156,39,0,146,44,178,23,150,23,6
460390VTD-8,46,039,0VTD-8,232,64,0,229,67,263,35,221,56,5
460390VTD-9,46,039,0VTD-9,236,64,0,225,71,263,24,224,30,5
46039VTD-10,46,039,VTD-10,146,47,1,147,47,180,14,147,31,2
46039VTD-11,46,039,VTD-11,166,64,0,166,68,195,34,157,51,4
460410VTD-2,46,041,0VTD-2,41,1,1,42,2,36,6,37,1,2
460410VTD-3,46,041,0VTD-3,38,14,0,39,14,41,9,35,12,0
460410VTD-4,46,041,0VTD-4,226,88,5,239,87,253,55,216,76,4
460410VTD-5,46,041,0VTD-5,49,17,0,39,21,48,16,36,17,3
460410VTD-6,46,041,0VTD-6,115,19,0,113,29,118,10,113,17,0
460410VTD-7,46,041,0VTD-7,36,255,5,62,237,86,157,22,258,6
460410VTD-8,46,041,0VTD-8,8,48,1,13,45,23,30,4,54,0
460410VTD-9,46,041,0VTD-9,30,54,0,38,45,44,31,25,59,2
46041VTD-10,46,041,VTD-10,11,73,2,15,72,29,47,11,66,6
46041VTD-11,46,041,VTD-11,2,17,0,4,17,8,12,2,15,2
46041VTD-12,46,041,VTD-12,19,35,1,23,32,29,21,17,36,1
46041VTD-13,46,041,VTD-13,57,105,4,68,96,88,59,49,112,4
46041VTD-14,46,041,VTD-14,60,263,4,91,237,131,155,44,270,7
46041VTD-15,46,041,VTD-15,86,138,1,102,124,134,77,76,150,2
460430VTD-1,46,043,0VTD-1,395,1,0,395,16,398,5,359,0,0
460430VTD-2,46,043,0VTD-2,257,63,0,252,69,297,10,272,18,3
460430VTD-3,46,043,0VTD-3,274,36,0,275,32,292,10,274,26,0
460430VTD-4,46,043,0VTD-4,223,60,9,224,59,236,43,225,18,5
460430VTD-5,46,043,0VTD-5,346,14,0,348,14,355,3,347,4,1
46045000001,46,045,000001,348,118,0,351,118,406,41,361,63,7
46045000002,46,045,000002,305,88,5,315,92,351,55,297,60,20
46045000003,46,045,000003,237,37,1,238,38,300,7,236,26,2
46045000004,46,045,000004,202,53,3,197,65,237,20,196,38,6
46045000005,46,045,000005,309,48,1,309,55,336,11,322,26,2
46045000006,46,045,000006,121,32,0,117,38,128,14,108,24,2
46047VTD-BE,46,047,VTD-BE,129,11,1,131,11,128,14,122,4,14
46047VTD-CA,46,047,VTD-CA,229,56,4,236,49,231,51,221,38,17
46047VTD-E1,46,047,VTD-E1,20,3,0,20,3,20,2,20,3,0
46047VTD-E2,46,047,VTD-E2,31,5,0,31,5,31,5,30,5,1
46047VTD-E3,46,047,VTD-E3,3,0,0,3,0,3,0,3,0,0
46047VTD-EA,46,047,VTD-EA,354,72,5,366,72,367,51,336,53,20
46047VTD-H1,46,047,VTD-H1,262,140,14,278,133,308,92,264,121,20
46047VTD-H2,46,047,VTD-H2,328,163,12,347,147,377,104,318,128,28
46047VTD-H3,46,047,VTD-H3,273,161,17,291,162,321,112,273,136,31
46047VTD-H4,46,047,VTD-H4,230,127,8,246,119,270,70,209,106,28
46047VTD-JA,46,047,VTD-JA,813,264,12,841,251,875,190,798,200,58
46047VTD-OA,46,047,VTD-OA,151,17,0,154,14,151,17,145,11,0
46047VTD-OE,46,047,VTD-OE,49,6,1,50,4,49,5,45,3,1
460490VTD-1,46,049,0VTD-1,149,23,0,149,23,167,9,146,13,1
460490VTD-2,46,049,0VTD-2,115,2,0,112,7,119,0,108,2,0
460490VTD-3,46,049,0VTD-3,126,9,0,90,13,130,3,90,5,0
460490VTD-4,46,049,0VTD-4,89,10,0,88,11,90,9,88,6,0
460490VTD-5,46,049,0VTD-5,100,11,0,97,13,103,5,98,7,2
460490VTD-6,46,049,0VTD-6,411,108,10,437,115,480,31,396,66,16
460510VDT46,46,051,0VDT46,148,50,7,154,47,192,15,171,36,4
460510VTD41,46,051,0VTD41,342,143,0,344,151,428,68,355,103,3
460510VTD42,46,051,0VTD42,261,88,1,273,86,308,26,273,44,11
460510VTD43,46,051,0VTD43,512,160,8,524,164,576,80,511,88,25
460510VTD44,46,051,0VTD44,458,139,0,464,145,529,46,478,83,7
46051VTD2-1,46,051,VTD2-1,360,161,12,387,155,451,67,371,110,23
46051VTD2-2,46,051,VTD2-2,513,245,6,552,232,657,87,554,142,26
460530VTD-1,46,053,0VTD-1,799,203,3,799,206,921,54,780,150,8
460530VTD-2,46,053,0VTD-2,612,163,0,609,175,737,45,606,130,2
460530VTD-3,46,053,0VTD-3,326,75,0,327,75,363,12,316,51,0
460550VTD-1,46,055,0VTD-1,75,1,0,75,2,76,1,78,0,0
460550VTD-4,46,055,0VTD-4,131,9,0,131,12,137,5,124,9,1
46055VTD-16,46,055,VTD-16,206,18,1,208,18,211,9,206,15,1
46055VTD-17,46,055,VTD-17,198,29,0,208,21,210,11,205,9,0
46055VTD-19,46,055,VTD-19,207,19,0,202,29,211,11,198,11,2
46055VTD-20,46,055,VTD-20,197,8,0,197,11,209,3,191,3,0
46057VTD-BY,46,057,VTD-BY,259,59,0,260,59,301,19,263,26,0
46057VTD-CW,46,057,VTD-CW,567,185,6,579,202,630,101,567,103,24
46057VTD-ES,46,057,VTD-ES,329,178,11,341,204,418,89,348,133,10
46057VTD-HI,46,057,VTD-HI,388,33,1,390,36,395,25,384,18,2
46057VTD-HZ,46,057,VTD-HZ,131,4,0,131,4,136,1,125,2,0
46057VTD-ND,46,057,VTD-ND,545,145,4,557,140,608,82,536,102,12
46057VTD-OX,46,057,VTD-OX,145,14,1,143,16,147,9,143,8,1
460590VTD-1,46,059,0VTD-1,112,11,0,111,17,134,3,111,10,0
460590VTD-2,46,059,0VTD-2,74,9,0,74,13,80,4,74,9,0
460590VTD-3,46,059,0VTD-3,74,5,0,75,5,81,3,75,0,1
460590VTD-4,46,059,0VTD-4,26,3,0,30,1,30,0,30,0,1
460590VTD-5,46,059,0VTD-5,145,19,1,150,22,182,1,150,6,2
460590VTD-6,46,059,0VTD-6,144,54,0,147,55,170,18,143,30,7
460590VTD-7,46,059,0VTD-7,107,21,0,80,24,112,10,104,19,0
460590VTD-8,46,059,0VTD-8,17,3,0,17,4,18,0,17,4,0
460590VTD-9,46,059,0VTD-9,78,1,0,75,6,78,1,77,1,0
460590VTD10,46,059,0VTD10,43,3,0,43,5,43,1,40,3,0
46059VTD-12,46,059,VTD-12,227,87,2,243,77,289,28,250,45,5
46059VTD-M1,46,059,VTD-M1,207,65,3,220,59,247,31,220,41,5
46059VTD-M2,46,059,VTD-M2,52,21,0,57,19,69,6,59,9,0
46059VTDM3a,46,059,VTDM3a,69,22,1,72,20,83,12,72,14,1
46059VTDM3b,46,059,VTDM3b,41,17,0,44,13,52,5,47,9,1
460610VTD-1,46,061,0VTD-1,783,332,10,801,304,854,145,741,260,22
460610VTD-2,46,061,0VTD-2,297,116,2,296,119,348,47,315,75,5
460610VTD-3,46,061,0VTD-3,243,49,0,243,52,246,18,243,18,0
460610VTD-4,46,061,0VTD-4,266,38,0,258,53,265,30,258,15,9
460610VTD-5,46,061,0VTD-5,202,8,0,202,12,214,2,194,5,0
46063VTD-BU,46,063,VTD-BU,148,15,3,147,16,148,13,135,12,6
46063VTD-CC,46,063,VTD-CC,102,12,0,102,21,107,10,89,14,1
46063VTD-FI,46,063,VTD-FI,51,6,0,53,3,54,0,51,3,0
46063VTD-HI,46,063,VTD-HI,116,4,1,104,13,106,2,104,6,0
46063VTD-LA,46,063,VTD-LA,50,0,0,49,0,49,0,46,0,0
46063VTD-LU,46,063,VTD-LU,92,0,0,84,4,86,3,83,1,2
46063VTD-PG,46,063,VTD-PG,62,1,0,63,0,62,1,56,0,2
46063VTD-RE,46,063,VTD-RE,125,0,1,118,7,125,7,118,4,2
460650VTD-5,46,065,0VTD-5,161,73,1,181,60,208,17,181,41,1
460650VTD-7,46,065,0VTD-7,88,11,0,106,6,119,2,102,6,0
460650VTD-9,46,065,0VTD-9,45,87,2,49,75,57,35,49,59,3
46065VTD-11,46,065,VTD-11,1028,371,22,1165,309,1330,155,1158,239,37
46065VTD-21,46,065,VTD-21,260,228,20,296,195,338,97,293,156,25
46065VTD-23,46,065,VTD-23,329,234,15,366,199,422,100,361,156,22
46065VTD-24,46,065,VTD-24,372,279,18,426,243,487,118,420,194,26
46065VTD-26,46,065,VTD-26,360,205,19,398,176,459,89,396,140,22
46065VTD-28,46,065,VTD-28,339,205,19,385,175,440,90,380,140,32
46065VTD-29,46,065,VTD-29,186,146,10,209,126,241,62,206,99,12
46065VTD-30,46,065,VTD-30,544,329,26,611,284,704,144,603,224,33
46065VTD-31,46,065,VTD-31,561,246,20,632,212,724,105,622,165,27
46065VTD-32,46,065,VTD-32,336,144,13,382,122,439,64,375,96,16
46065VTD-33,46,065,VTD-33,311,144,13,351,124,405,62,347,96,17
46065VTD-34,46,065,VTD-34,586,241,18,659,209,758,102,656,161,29
460670VTD-1,46,067,0VTD-1,576,101,3,595,100,613,55,564,56,5
460670VTD-2,46,067,0VTD-2,598,207,7,621,203,684,96,624,119,23
460670VTD-3,46,067,0VTD-3,116,19,0,115,21,122,7,116,10,0
460670VTD-4,46,067,0VTD-4,501,96,0,448,128,551,29,502,49,3
460670VTD-5,46,067,0VTD-5,497,200,7,522,181,627,58,533,88,9
460670VTD-6,46,067,0VTD-6,377,52,2,377,55,406,18,385,22,4
460670VTD-7,46,067,0VTD-7,299,22,0,265,32,307,6,298,6,0
460690VTD-1,46,069,0VTD-1,64,15,0,64,16,73,8,64,12,0
460690VTD-2,46,069,0VTD-2,182,42,1,183,42,203,21,182,33,5
460690VTD-3,46,069,0VTD-3,136,16,0,137,16,157,3,136,8,0
460690VTD-4,46,069,0VTD-4,80,19,1,80,20,89,9,80,15,1
460690VTD-5,46,069,0VTD-5,97,33,0,100,33,109,11,96,23,1
460710VTD-1,46,071,0VTD-1,37,0,0,38,0,38,0,37,0,0
460710VTD-2,46,071,0VTD-2,87,20,0,88,16,91,6,77,15,0
460710VTD-3,46,071,0VTD-3,210,13,0,208,23,211,7,208,10,1
460710VTD-5,46,071,0VTD-5,93,10,1,86,19,88,10,86,10,4
460710VTD-6,46,071,0VTD-6,80,35,1,83,35,83,27,83,27,3
460710VTD-7,46,071,0VTD-7,40,199,3,58,192,82,138,32,196,3
460710VTD-8,46,071,0VTD-8,29,28,0,29,28,39,24,28,28,0
46071VTD3W3,46,071,VTD3W3,13,1,0,13,1,13,1,13,1,0
46071VTD4W1,46,071,VTD4W1,64,15,1,68,11,73,5,64,11,2
46071VTD4W2,46,071,VTD4W2,66,14,1,68,13,73,7,66,12,2
460730VTD-2,46,073,0VTD-2,115,29,0,113,29,126,7,117,26,0
460730VTD-3,46,073,0VTD-3,117,29,0,117,28,127,9,121,17,0
460730VTD-4,46,073,0VTD-4,68,25,0,66,26,73,13,65,22,1
460730VTD-5,46,073,0VTD-5,93,18,0,95,18,109,1,87,18,0
46073VTD1-1,46,073,VTD1-1,336,157,2,334,157,409,56,360,90,5
460750VTD-1,46,075,0VTD-1,147,25,0,146,39,158,17,144,18,4
460750VTD-3,46,075,0VTD-3,50,13,0,52,13,58,7,50,7,2
460750VTD-5,46,075,0VTD-5,153,10,0,155,10,156,7,154,1,0
46075VTD-M1,46,075,VTD-M1,35,5,0,31,5,35,5,31,5,0
46075VTD-M2,46,075,VTD-M2,76,18,1,76,18,82,9,73,10,1
46075VTD-M3,46,075,VTD-M3,40,11,0,40,11,43,3,39,4,0
46077000001,46,077,000001,259,133,5,270,132,315,54,287,100,11
46077000002,46,077,000002,523,201,1,554,195,635,77,554,109,5
46077000003,46,077,000003,246,102,0,253,95,309,41,287,58,0
46077000004,46,077,000004,310,106,1,316,106,361,43,339,67,1
46077000005,46,077,000005,558,229,7,575,229,677,77,598,146,16
46079004301,46,079,004301,390,146,2,393,155,469,49,413,85,6
46079004302,46,079,004302,365,153,2,375,154,437,64,397,95,6
46079004303,46,079,004303,162,38,1,171,38,188,8,171,23,1
46079004304,46,079,004304,193,68,1,193,78,231,34,202,52,1
46079004305,46,079,004305,354,154,5,358,161,453,49,377,84,14
46079004306,46,079,004306,269,71,1,267,78,285,36,269,51,4
46079004307,46,079,004307,330,178,2,329,180,419,58,365,105,7
46079004308,46,079,004308,746,587,32,813,563,1051,220,854,386,58
46079004309,46,079,004309,409,317,15,438,313,559,127,469,208,39
46079004310,46,079,004310,447,309,17,478,301,606,137,489,214,38
46081VTD-CC,46,081,VTD-CC,16,4,0,17,4,17,2,15,5,0
46081VTD-DW,46,081,VTD-DW,284,286,18,313,266,393,116,310,164,45
46081VTD-LD,46,081,VTD-LD,823,674,81,914,638,1030,385,816,536,111
46081VTD-NM,46,081,VTD-NM,236,126,4,236,142,280,72,255,100,10
46081VTD-R1,46,081,VTD-R1,470,155,17,500,164,537,107,445,188,34
46081VTD-R2,46,081,VTD-R2,2150,910,80,2230,905,2491,499,2150,636,181
46081VTD-S1,46,081,VTD-S1,976,626,78,1072,622,1227,324,998,484,116
46081VTD-S2,46,081,VTD-S2,1105,727,84,1223,639,1357,395,1114,512,146
46081VTD-S3,46,081,VTD-S3,1236,686,52,1367,590,1534,320,1284,521,103
46081VTD-SO,46,081,VTD-SO,266,61,7,274,75,295,53,270,51,19
46081VTD-W1,46,081,VTD-W1,55,13,4,57,14,62,10,53,10,6
46081VTD-W2,46,081,VTD-W2,204,47,12,213,53,233,41,202,37,22
46081VTD-W3,46,081,VTD-W3,422,92,26,441,108,474,78,416,75,49
46081VTD-WW,46,081,VTD-WW,493,108,26,515,129,550,95,485,90,54
46083VTD-02,46,083,VTD-02,201,59,4,199,69,222,40,190,53,11
46083VTD-06,46,083,VTD-06,389,120,13,395,132,448,59,405,89,10
46083VTD-08,46,083,VTD-08,170,59,4,170,67,201,28,175,40,4
46083VTD-11,46,083,VTD-11,179,75,4,180,77,227,24,211,34,5
46083VTD-12,46,083,VTD-12,315,107,6,327,97,376,40,322,62,11
46083VTD-13,46,083,VTD-13,277,80,0,281,74,313,29,281,42,17
46083VTD-14,46,083,VTD-14,336,158,9,356,138,402,76,352,103,15
46083VTD-15,46,083,VTD-15,999,443,22,1062,415,1221,188,1118,254,48
46083VTD-16,46,083,VTD-16,791,324,14,843,296,971,130,855,196,38
46083VTD-21,46,083,VTD-21,174,54,6,182,58,210,24,182,39,5
46083VTD-23,46,083,VTD-23,454,157,19,480,158,506,101,437,112,56
46083VTD-26,46,083,VTD-26,266,89,0,261,99,294,54,270,60,3
46083VTD-B1,46,083,VTD-B1,26,9,0,26,11,31,5,26,5,0
46083VTD-B2,46,083,VTD-B2,22,6,0,22,7,23,3,22,5,0
46083VTD-B3,46,083,VTD-B3,29,9,0,28,10,31,6,29,6,1
46083VTD-C1,46,083,VTD-C1,113,60,2,123,58,149,21,121,37,7
46083VTD-C2,46,083,VTD-C2,92,48,2,97,45,118,18,96,28,3
46083VTD-C3,46,083,VTD-C3,430,231,16,462,213,552,90,457,145,26
46083VTD-C4,46,083,VTD-C4,214,133,15,240,130,276,75,226,89,15
46083VTD-C5,46,083,VTD-C5,100,59,5,108,58,127,31,104,41,5
46083VTD-H1,46,083,VTD-H1,773,427,48,829,407,945,228,790,291,81
46083VTD-H2,46,083,VTD-H2,917,482,43,973,449,1132,241,954,309,92
46083VTD-L1,46,083,VTD-L1,266,116,8,273,115,315,57,267,72,22
46083VTD-L2,46,083,VTD-L2,280,120,11,288,120,332,60,284,81,25
46083VTD-L3,46,083,VTD-L3,216,94,7,221,94,254,43,217,61,19
46083VTD-T1,46,083,VTD-T1,349,178,16,378,165,440,88,377,108,31
46083VTD-T2,46,083,VTD-T2,630,323,28,679,295,794,157,675,196,55
46083VTD-T3,46,083,VTD-T3,373,193,16,402,175,468,93,400,112,34
46083VTD111,46,083,VTD111,1019,639,20,1172,521,1384,214,1276,333,27
46083VTD112,46,083,VTD112,991,815,48,1109,735,1382,369,1137,508,99
46083VTD113,46,083,VTD113,352,321,26,376,312,478,174,389,222,49
46083VTD114,46,083,VTD114,572,408,31,629,377,764,187,617,264,60
46083VTD115,46,083,VTD115,477,504,23,525,471,671,240,547,333,52
46083VTD116,46,083,VTD116,500,384,21,521,368,661,179,524,257,57
46083VTD118,46,083,VTD118,939,575,31,1036,503,1245,233,1038,361,57
46083VTD210,46,083,VTD210,1077,693,34,1204,610,1442,266,1305,412,44
46083VTD211,46,083,VTD211,1217,927,31,1363,818,1690,353,1541,505,73
46083VTD212,46,083,VTD212,504,415,17,549,387,668,188,604,265,32
46083VTD213,46,083,VTD213,1772,1501,70,1947,1379,2435,632,2073,942,130
46083VTD215,46,083,VTD215,793,522,33,891,441,1093,173,979,263,41
460850VTD-1,46,085,0VTD-1,56,8,1,49,13,52,7,54,7,1
460850VTD-4,46,085,0VTD-4,234,96,3,219,107,270,59,239,79,6
460850VTD-6,46,085,0VTD-6,95,29,0,92,37,108,11,97,11,2
460850VTD-7,46,085,0VTD-7,19,249,6,50,221,82,159,15,240,6
460850VTD-9,46,085,0VTD-9,213,21,0,212,41,254,10,213,10,1
46085VTD-12,46,085,VTD-12,303,72,2,319,69,349,29,302,56,4
46085VTD-13,46,085,VTD-13,98,16,0,98,16,105,7,81,12,1
460870VTD-1,46,087,0VTD-1,417,214,4,415,227,510,82,418,134,14
460870VTD-2,46,087,0VTD-2,128,42,1,129,42,149,11,130,15,1
460870VTD-3,46,087,0VTD-3,433,163,5,443,184,510,85,450,103,18
460870VTD-4,46,087,0VTD-4,416,56,0,414,70,438,40,414,36,1
460870VTD-5,46,087,0VTD-5,438,197,6,438,208,540,95,461,118,18
460870VTD-6,46,087,0VTD-6,268,70,1,261,82,321,6,273,19,2
46089VTD-CN,46,089,VTD-CN,182,35,0,182,34,200,12,184,10,3
46089VTD-E1,46,089,VTD-E1,23,4,0,23,4,24,3,23,1,1
46089VTD-E2,46,089,VTD-E2,29,6,0,29,6,30,3,29,3,0
46089VTD-E3,46,089,VTD-E3,27,5,0,27,5,28,0,27,0,0
46089VTD-L1,46,089,VTD-L1,11,1,0,11,2,14,0,11,0,0
46089VTD-L2,46,089,VTD-L2,15,2,0,15,3,16,1,15,1,0
46089VTD-L3,46,089,VTD-L3,31,5,0,30,6,32,1,30,2,0
46089VTD-NW,46,089,VTD-NW,173,27,1,190,27,192,18,182,10,3
46089VTD-SW,46,089,VTD-SW,164,32,1,170,31,177,19,162,20,1
46089VTD101,46,089,VTD101,44,0,0,44,2,44,0,44,0,0
46089VTDNEL,46,089,VTDNEL,209,35,0,207,43,235,8,207,27,2
46089VTDSEL,46,089,VTDSEL,188,33,1,187,40,205,10,187,18,1
46091VTD-A1,46,091,VTD-A1,139,100,0,148,98,173,44,152,70,5
46091VTD-A2,46,091,VTD-A2,109,86,0,109,86,155,23,114,52,5
46091VTD-A3,46,091,VTD-A3,177,110,3,188,109,237,39,202,62,12
46091VTD-A4,46,091,VTD-A4,148,123,1,154,123,221,43,162,72,7
46091VTD-A5,46,091,VTD-A5,110,90,0,113,87,129,56,113,64,5
46091VTD-A6,46,091,VTD-A6,175,146,0,210,121,250,55,221,79,3
46091VTD-A7,46,091,VTD-A7,130,64,0,127,71,158,18,142,45,0
46091VTD-A8,46,091,VTD-A8,137,70,0,141,73,164,28,149,42,5
46091VTD-A9,46,091,VTD-A9,164,46,0,160,63,192,21,163,36,0
46093VTD-00,46,093,VTD-00,181,74,9,199,65,213,42,181,51,18
46093VTD-06,46,093,VTD-06,633,186,16,661,184,710,112,600,143,52
46093VTD-08,46,093,VTD-08,262,97,3,277,80,288,61,246,65,23
46093VTD-09,46,093,VTD-09,137,21,1,134,23,140,13,123,16,10
46093VTD-10,46,093,VTD-10,821,310,41,863,297,953,159,810,236,60
46093VTD-11,46,093,VTD-11,587,203,26,623,192,685,106,573,161,44
46093VTD-12,46,093,VTD-12,899,224,28,946,201,972,158,884,162,66
46093VTD-13,46,093,VTD-13,884,265,46,932,253,975,179,860,190,75
46093VTD-14,46,093,VTD-14,227,85,13,240,84,259,54,215,64,27
46093VTD-15,46,093,VTD-15,326,102,10,336,96,364,66,313,73,31
46093VTD-16,46,093,VTD-16,203,97,14,222,91,241,61,204,77,18
46093VTD-17,46,093,VTD-17,88,7,1,91,7,90,7,84,7,3
46093VTD-18,46,093,VTD-18,78,8,4,81,9,78,10,76,6,4
46093VTD-19,46,093,VTD-19,674,266,42,705,260,767,175,655,202,76
46093VTD-20,46,093,VTD-20,44,8,2,41,14,48,4,44,4,2
46093VTD-21,46,093,VTD-21,437,97,23,451,107,455,81,407,84,39
46093VTD-23,46,093,VTD-23,359,182,31,384,170,371,152,310,150,59
46093VTD-24,46,093,VTD-24,191,55,7,200,58,205,42,180,46,13
46093VTD-25,46,093,VTD-25,39,2,0,37,3,40,1,38,1,0
46093VTD-27,46,093,VTD-27,108,13,1,107,19,113,11,104,13,1
46093VTD-29,46,093,VTD-29,28,3,0,26,3,28,3,24,1,1
46093VTD-30,46,093,VTD-30,63,3,0,63,3,58,5,55,3,0
46093VTD-31,46,093,VTD-31,242,12,5,232,28,227,24,216,18,9
46093VTD-33,46,093,VTD-33,82,3,0,70,8,75,8,70,0,7
46093VTD-35,46,093,VTD-35,49,0,0,46,1,44,4,44,0,1
46093VTD-40,46,093,VTD-40,27,3,1,27,7,28,2,27,6,0
46093VTD-41,46,093,VTD-41,55,0,0,52,9,53,3,46,3,0
46093VTD-6A,46,093,VTD-6A,127,24,0,130,21,140,8,126,16,5
46093VTD-CS,46,093,VTD-CS,165,98,13,193,85,221,51,169,61,31
46093VTD-ES,46,093,VTD-ES,170,90,11,179,90,198,57,158,68,23
46093VTD-NE,46,093,VTD-NE,101,56,12,110,60,117,45,94,48,21
46093VTD-NW,46,093,VTD-NW,397,139,20,409,134,418,113,354,102,55
46093VTD-RS,46,093,VTD-RS,322,120,24,354,113,382,76,321,86,34
46093VTD-SE,46,093,VTD-SE,349,142,14,370,132,400,82,343,98,38
46093VTD-SS,46,093,VTD-SS,212,104,17,231,101,255,64,214,71,27
46093VTD-SW,46,093,VTD-SW,191,96,10,209,85,240,42,209,55,19
46093VTD-WS,46,093,VTD-WS,87,57,13,100,49,102,45,94,37,14
460950VTD-2,46,095,0VTD-2,170,94,2,165,102,220,70,157,94,1
460950VTD-3,46,095,0VTD-3,2,1,0,1,1,2,1,1,1,0
460950VTD-4,46,095,0VTD-4,157,60,2,152,56,204,31,148,51,5
460950VTD-5,46,095,0VTD-5,98,102,5,112,98,140,66,101,94,9
460970VTD-1,46,097,0VTD-1,99,52,4,108,51,122,23,102,32,10
460970VTD-2,46,097,0VTD-2,87,39,0,87,40,113,4,91,26,0
460970VTD-3,46,097,0VTD-3,84,39,3,94,38,109,25,98,20,7
460970VTD-4,46,097,0VTD-4,99,43,0,107,40,132,5,108,17,0
460970VTD-5,46,097,0VTD-5,45,10,0,45,10,58,2,45,3,0
460970VTD-6,46,097,0VTD-6,136,44,2,139,52,174,13,143,28,3
460970VTD-7,46,097,0VTD-7,140,40,0,131,57,171,10,140,36,1
460970VTD-8,46,097,0VTD-8,91,11,0,91,11,91,9,91,4,2
460990000N3,46,099,0000N3,1119,566,26,1189,525,1369,257,1202,334,75
460990000N4,46,099,0000N4,698,332,11,702,347,857,163,739,216,51
460990000N5,46,099,0000N5,909,454,31,975,422,1117,206,986,269,60
46099000N11,46,099,000N11,1461,648,29,1201,954,1743,300,1496,458,51
46099000N13,46,099,000N13,744,243,11,707,333,876,129,775,163,16
46099000N15,46,099,000N15,1800,953,57,1907,890,2246,403,1940,584,120
46099000N21,46,099,000N21,137,50,0,112,86,158,27,134,41,4
4609900N1-3,46,099,00N1-3,524,524,27,581,480,714,252,620,357,38
4609900N1-4,46,099,00N1-4,412,466,34,469,436,589,232,479,328,50
4609900N1-5,46,099,00N1-5,361,397,27,405,374,506,199,417,278,42
4609900N1-6,46,099,00N1-6,689,617,34,761,565,914,287,793,393,73
4609900N1-9,46,099,00N1-9,661,621,31,740,565,938,257,801,392,49
4609900N2-1,46,099,00N2-1,664,594,26,723,565,909,289,807,376,49
4609900N2-2,46,099,00N2-2,862,909,40,1003,807,1322,340,1093,607,45
4609900N2-3,46,099,00N2-3,590,657,34,679,588,859,297,734,416,66
4609900N2-6,46,099,00N2-6,715,666,40,793,608,1014,301,860,427,65
4609900N2-7,46,099,00N2-7,1398,1042,51,1547,945,1915,418,1634,642,103
4609900N2-8,46,099,00N2-8,728,637,33,813,582,1068,224,908,372,44
4609900N2-9,46,099,00N2-9,569,606,29,645,559,871,240,735,381,40
4609900N3-5,46,099,00N3-5,592,562,21,623,549,720,322,616,435,58
4609900N3-6,46,099,00N3-6,444,613,50,507,591,617,387,495,453,106
4609900N3-9,46,099,00N3-9,946,837,69,1045,781,1231,463,988,618,119
4609900N4-1,46,099,00N4-1,629,631,39,666,595,758,369,612,516,73
4609900N4-2,46,099,00N4-2,314,393,34,346,385,465,209,380,282,52
4609900N4-3,46,099,00N4-3,229,272,22,250,263,321,154,251,204,38
4609900N4-4,46,099,00N4-4,385,410,36,431,409,532,231,430,306,56
4609900N4-5,46,099,00N4-5,1793,1284,45,1808,1226,1960,740,1676,1017,132
4609900N4-6,46,099,00N4-6,225,230,5,245,219,300,133,246,167,27
4609900N4-7,46,099,00N4-7,767,828,32,854,757,1100,395,917,545,86
4609900N4-8,46,099,00N4-8,184,201,10,206,185,263,98,221,134,20
4609900N4-9,46,099,00N4-9,484,518,34,511,509,651,283,530,376,66
4609900N5-1,46,099,00N5-1,254,475,31,289,464,403,268,290,377,54
4609900N5-2,46,099,00N5-2,235,436,26,264,425,370,243,265,349,48
4609900N5-3,46,099,00N5-3,179,263,27,202,263,262,162,193,213,41
4609900N5-4,46,099,00N5-4,324,636,34,376,617,552,316,450,451,50
4609900N5-6,46,099,00N5-6,425,506,35,475,492,617,257,492,387,55
4609900N5-7,46,099,00N5-7,256,394,15,298,375,422,159,330,284,28
4609900N5-8,46,099,00N5-8,347,662,26,429,602,636,277,459,505,35
4609900N5-9,46,099,00N5-9,192,299,29,228,290,310,159,212,249,19
4609900NVP9,46,099,00NVP9,981,437,20,898,539,1160,206,1011,291,47
460990N1-10,46,099,0N1-10,764,658,48,828,624,1012,352,853,442,84
460990N1-17,46,099,0N1-17,851,629,44,934,590,1117,301,925,410,85
460990N2-14,46,099,0N2-14,1705,1491,56,1905,1327,2425,576,2084,871,118
460990N3-10,46,099,0N3-10,947,713,31,1041,639,1328,270,1139,402,64
460990N3-11,46,099,0N3-11,640,477,31,711,433,869,221,750,304,46
460990N3-12,46,099,0N3-12,870,616,44,918,590,1083,347,932,415,96
460990N3-13,46,099,0N3-13,486,357,24,508,345,627,176,547,233,41
460990N3-14,46,099,0N3-14,1076,887,64,1179,841,1410,462,1155,636,131
460990N3-15,46,099,0N3-15,731,656,31,820,597,1016,318,844,421,81
460990N3-16,46,099,0N3-16,1204,811,56,1311,733,1610,323,1341,497,87
460990N3-17,46,099,0N3-17,1351,1050,47,1470,946,1822,451,1532,632,116
460990N4-10,46,099,0N4-10,590,507,26,647,466,774,257,673,334,71
460990N4-11,46,099,0N4-11,1122,808,31,1220,720,1453,356,1231,508,80
460990N4-12,46,099,0N4-12,665,696,39,720,669,934,336,786,444,69
460990N4-13,46,099,0N4-13,357,460,31,399,440,555,228,434,321,56
460990N4-14,46,099,0N4-14,530,531,36,564,510,642,315,516,437,59
460990N5-10,46,099,0N5-10,289,373,17,336,342,429,200,330,268,49
460990N5-11,46,099,0N5-11,369,394,35,419,375,533,220,420,284,53
460990N5-12,46,099,0N5-12,400,481,30,455,445,586,225,469,341,50
460990N5-13,46,099,0N5-13,323,391,26,348,387,478,185,383,284,33
460990N5-14,46,099,0N5-14,402,511,45,442,504,574,277,453,393,67
460990N5-17,46,099,0N5-17,305,322,23,334,310,443,155,363,235,33
460990N5-18,46,099,0N5-18,467,732,55,526,718,673,425,529,569,85
460990N5-19,46,099,0N5-19,280,295,8,302,271,396,120,358,189,12
460990N5-20,46,099,0N5-20,522,532,49,566,513,695,312,526,434,80
460990N5-21,46,099,0N5-21,200,266,6,225,250,313,120,250,187,17
460990NVP-6,46,099,0NVP-6,382,182,4,400,181,467,78,418,94,18
460990NVP01,46,099,0NVP01,593,216,20,611,227,691,130,601,140,42
460990NVP02,46,099,0NVP02,1442,714,43,1516,678,1774,327,1593,436,82
460990NVP10,46,099,0NVP10,870,419,19,870,443,1076,188,957,258,36
460990NVP12,46,099,0NVP12,122,26,0,102,53,132,10,122,14,0
460990NVP16,46,099,0NVP16,810,338,28,802,382,969,173,854,190,65
460990NVP17,46,099,0NVP17,512,211,17,537,210,643,72,560,126,26
46099NVP-07,46,099,NVP-07,1324,616,44,1374,618,1671,264,1435,390,75
46099NVP-08,46,099,NVP-08,520,198,7,515,233,613,97,528,142,13
46101000V-1,46,101,000V-1,240,282,2,240,293,351,145,276,225,8
46101000V-2,46,101,000V-2,218,304,29,225,319,330,174,247,247,18
46101000V-3,46,101,000V-3,419,157,1,362,257,491,74,421,122,4
46101000V-4,46,101,000V-4,250,107,1,248,123,329,44,299,70,5
46101000V-5,46,101,000V-5,556,180,1,498,202,623,78,558,111,14
46101V-3/4B,46,101,V-3/4B,255,124,1,259,142,335,59,263,92,5
46102VTD-BA,46,102,VTD-BA,46,112,2,53,107,79,65,47,107,3
46102VTD-CN,46,102,VTD-CN,15,49,0,16,54,24,39,9,54,0
46102VTD-KY,46,102,VTD-KY,36,465,8,74,439,139,316,22,472,6
46102VTD-MA,46,102,VTD-MA,5,135,0,17,121,32,88,5,126,1
46102VTD-OG,46,102,VTD-OG,32,374,1,63,350,104,241,32,365,6
46102VTD-P1,46,102,VTD-P1,44,615,22,87,596,147,405,36,627,12
46102VTD-P3,46,102,VTD-P3,36,515,5,79,478,141,326,27,506,20
46102VTD-PO,46,102,VTD-PO,35,461,4,76,434,139,297,30,454,4
46102VTD-RF,46,102,VTD-RF,19,99,2,26,98,37,66,11,104,0
461030VTD-6,46,103,0VTD-6,317,198,10,347,185,416,84,348,132,29
461030VTD-9,46,103,0VTD-9,297,85,8,309,78,327,49,293,62,21
46103VTD-10,46,103,VTD-10,532,103,10,539,107,542,89,500,91,24
46103VTD-11,46,103,VTD-11,88,6,0,80,10,81,6,77,7,0
46103VTD-12,46,103,VTD-12,81,2,0,75,10,79,2,72,6,1
46103VTD-14,46,103,VTD-14,47,1,0,49,0,50,1,45,1,0
46103VTD-15,46,103,VTD-15,347,62,2,356,64,368,43,326,47,23
46103VTD-17,46,103,VTD-17,188,20,1,190,22,192,14,180,9,2
46103VTD-18,46,103,VTD-18,225,87,15,237,87,256,59,211,77,27
46103VTD-19,46,103,VTD-19,476,85,17,486,88,493,66,443,72,34
46103VTD-23,46,103,VTD-23,813,391,23,862,362,983,181,845,275,59
46103VTD-24,46,103,VTD-24,785,336,32,849,287,905,182,788,245,59
46103VTD-AW,46,103,VTD-AW,0,0,0,0,0,0,0,0,0,0
46103VTD-E1,46,103,VTD-E1,153,46,4,158,43,165,27,151,32,12
46103VTD-F1,46,103,VTD-F1,758,376,40,816,347,870,251,703,285,97
46103VTD-F2,46,103,VTD-F2,1251,510,71,1312,478,1414,325,1166,369,132
46103VTD-K3,46,103,VTD-K3,435,168,10,455,159,488,103,422,132,31
46103VTD1-1,46,103,VTD1-1,1181,689,61,1281,640,1473,370,1205,503,126
46103VTD1-2,46,103,VTD1-2,1276,795,87,1380,758,1578,440,1264,610,159
46103VTD1-3,46,103,VTD1-3,1714,1000,76,1864,916,2200,462,1806,702,144
46103VTD1-4,46,103,VTD1-4,806,480,56,908,426,1008,259,833,332,101
46103VTD2-1,46,103,VTD2-1,60,68,8,73,60,77,47,60,55,10
46103VTD2-2,46,103,VTD2-2,67,42,7,74,39,75,29,63,36,9
46103VTD2-3,46,103,VTD2-3,1117,656,80,1224,602,1315,420,1061,519,160
46103VTD2-4,46,103,VTD2-4,1245,1134,128,1382,1100,1595,722,1140,971,225
46103VTD2-5,46,103,VTD2-5,126,143,13,140,140,161,101,122,121,26
46103VTD3-1,46,103,VTD3-1,393,339,30,445,311,531,175,402,264,49
46103VTD3-2,46,103,VTD3-2,2033,1069,63,2214,947,2553,470,2215,665,158
46103VTD3-3,46,103,VTD3-3,760,477,40,852,426,973,230,790,340,76
46103VTD3-4,46,103,VTD3-4,1824,1348,92,2013,1235,2412,630,1922,977,185
46103VTD3-5,46,103,VTD3-5,177,102,7,190,92,223,38,187,70,10
46103VTD333,46,103,VTD333,650,396,34,689,375,689,301,599,321,76
46103VTD4-1,46,103,VTD4-1,250,201,30,276,195,285,163,234,177,52
46103VTD4-2,46,103,VTD4-2,711,621,64,780,583,885,425,682,522,111
46103VTD4-3,46,103,VTD4-3,589,463,42,644,434,741,272,599,375,69
46103VTD4-4,46,103,VTD4-4,518,560,45,596,512,658,374,472,495,95
46103VTD4-5,46,103,VTD4-5,565,320,39,615,298,686,186,565,237,81
46103VTD5-1,46,103,VTD5-1,308,322,28,358,279,417,179,312,241,47
46103VTD5-2,46,103,VTD5-2,1032,848,92,1116,822,1327,502,1018,662,150
46103VTD5-3,46,103,VTD5-3,1285,885,73,1404,827,1656,459,1309,640,186
46103VTD5-4,46,103,VTD5-4,709,914,54,803,860,1034,458,758,722,112
46103VTD5-5,46,103,VTD5-5,261,188,9,289,162,363,67,288,135,20
46103VTDDG7,46,103,VTDDG7,1035,479,77,1124,435,1191,327,991,350,133
46103VTDHC1,46,103,VTDHC1,925,408,24,963,400,1053,227,866,340,85
46103VTDJS5,46,103,VTDJS5,977,439,36,1024,415,1156,217,980,327,76
46103VTDN34,46,103,VTDN34,790,359,42,845,327,894,230,753,289,72
46103VTDRK4,46,103,VTDRK4,1056,388,25,1105,347,1176,208,1056,261,73
461050VTD-2,46,105,0VTD-2,99,11,0,99,15,99,6,91,11,0
461050VTD-3,46,105,0VTD-3,80,15,1,81,15,83,9,75,12,5
461050VTD-4,46,105,0VTD-4,48,7,0,46,7,56,1,46,7,0
461050VTD-5,46,105,0VTD-5,120,15,1,120,19,122,9,115,15,1
461050VTD-6,46,105,0VTD-6,115,12,0,115,12,115,6,100,7,2
461050VTD-7,46,105,0VTD-7,117,3,0,117,0,110,9,110,0,3
461050VTD-8,46,105,0VTD-8,65,3,0,65,0,62,3,59,0,3
461050VTD-9,46,105,0VTD-9,76,3,0,69,11,67,12,73,3,0
46105VTD-12,46,105,VTD-12,275,53,0,275,65,296,29,268,33,5
46105VTD-L1,46,105,VTD-L1,228,55,3,234,54,237,38,201,50,16
46105VTD-L3,46,105,VTD-L3,171,28,6,172,31,178,16,158,23,14
46107VTD-01,46,107,VTD-01,255,39,0,255,39,303,9,255,18,0
46107VTD-02,46,107,VTD-02,179,34,0,183,34,196,14,182,20,2
46107VTD-03,46,107,VTD-03,291,50,0,300,50,321,19,297,27,2
46107VTD-04,46,107,VTD-04,210,41,1,216,41,237,19,216,23,6
46107VTD-05,46,107,VTD-05,185,32,0,194,29,205,9,188,15,1
46107VTD-36,46,107,VTD-36,0,0,0,0,0,0,0,0,0,0
461090VTD-1,46,109,0VTD-1,109,39,0,119,37,130,9,128,10,2
461090VTD-2,46,109,0VTD-2,370,119,1,363,135,419,59,389,79,5
461090VTD-3,46,109,0VTD-3,149,71,1,127,78,163,31,159,39,2
461090VTD-4,46,109,0VTD-4,52,31,0,49,39,58,19,52,19,1
461090VTD-5,46,109,0VTD-5,154,246,0,176,233,247,121,176,210,2
461090VTD-6,46,109,0VTD-6,116,50,1,121,46,140,19,121,31,4
461090VTD-7,46,109,0VTD-7,298,128,2,314,112,358,44,314,72,4
461090VTD-8,46,109,0VTD-8,63,41,0,63,45,96,22,63,28,11
461090VTD-9,46,109,0VTD-9,314,151,0,316,156,378,73,347,88,12
461090VTD12,46,109,0VTD12,127,146,1,146,135,186,80,149,117,8
461090VTD13,46,109,0VTD13,131,154,1,149,139,196,75,151,130,2
461090VTD14,46,109,0VTD14,27,34,0,34,27,41,19,35,25,1
46109VTD-10,46,109,VTD-10,77,162,1,85,162,116,114,72,170,0
46109VTD-11,46,109,VTD-11,390,400,4,453,372,548,181,453,332,7
461110VTD-1,46,111,0VTD-1,202,41,0,202,41,254,8,202,14,0
461110VTD-2,46,111,0VTD-2,261,62,0,261,66,291,27,258,44,4
461110VTD-4,46,111,0VTD-4,259,63,2,258,64,278,8,208,43,3
461110VTD-5,46,111,0VTD-5,193,67,0,191,67,205,33,187,58,1
461150VTD-1,46,115,0VTD-1,333,75,0,339,74,382,17,340,36,4
461150VTD-3,46,115,0VTD-3,252,87,0,261,83,301,28,264,57,1
461150VTD-4,46,115,0VTD-4,235,78,0,235,80,272,29,237,49,7
461150VTD-5,46,115,0VTD-5,204,47,0,195,59,222,11,190,44,0
461150VTD-6,46,115,0VTD-6,63,31,0,65,26,97,5,84,15,3
461150VTD-7,46,115,0VTD-7,334,137,3,338,139,423,45,343,95,11
461150VTD-8,46,115,0VTD-8,86,39,1,84,50,142,7,86,21,3
461150VTD-9,46,115,0VTD-9,287,199,10,304,194,396,84,329,114,32
46115VTD-10,46,115,VTD-10,308,211,12,329,205,419,94,346,134,26
461170VTD-1,46,117,0VTD-1,1044,384,15,1109,335,1223,162,1079,282,33
461170VTD-2,46,117,0VTD-2,81,13,0,80,13,86,2,76,9,1
461170VTD-3,46,117,0VTD-3,84,15,0,86,15,93,5,83,13,2
461190VTD-1,46,119,0VTD-1,146,33,3,157,31,167,17,151,24,8
461190VTD-2,46,119,0VTD-2,104,20,0,109,19,110,6,104,14,0
461190VTD-5,46,119,0VTD-5,106,20,0,113,19,115,7,107,14,0
461190VTD-6,46,119,0VTD-6,76,25,0,76,24,99,11,76,18,0
46119VTD2-1,46,119,VTD2-1,114,27,0,121,25,128,14,114,18,1
46119VTD2-2,46,119,VTD2-2,127,30,3,132,28,141,16,129,22,4
46119VTD3-2,46,119,VTD3-2,47,12,0,49,11,54,5,48,7,2
46121VTD-BO,46,121,VTD-BO,14,47,0,21,40,24,27,11,46,2
46121VTD-JE,46,121,VTD-JE,69,7,0,69,8,73,2,64,4,2
46121VTD-LA,46,121,VTD-LA,102,37,3,111,25,106,23,88,27,3
46121VTD-OK,46,121,VTD-OK,45,97,1,47,91,56,72,37,95,4
46121VTD-PA,46,121,VTD-PA,16,296,0,56,252,94,174,16,296,0
46121VTD-RO,46,121,VTD-RO,48,442,2,87,405,134,283,38,440,4
46121VTD-SA,46,121,VTD-SA,68,253,6,93,232,134,169,73,235,11
46121VTD-SF,46,121,VTD-SF,44,300,2,77,263,107,176,36,301,2
46121VTDMNA,46,121,VTDMNA,107,485,4,123,457,217,312,89,460,13
46123VTD-CF,46,123,VTD-CF,138,20,0,138,20,138,12,133,12,0
46123VTD-CL,46,123,VTD-CL,335,44,0,341,55,357,20,324,38,0
46123VTD-E2,46,123,VTD-E2,179,43,1,184,35,205,17,175,30,10
46123VTD-E3,46,123,VTD-E3,240,55,2,240,57,266,32,238,39,6
46123VTD-HM,46,123,VTD-HM,82,7,1,75,10,86,6,75,7,1
46123VTD-ID,46,123,VTD-ID,68,15,0,77,3,77,2,71,4,0
46123VTD-LK,46,123,VTD-LK,142,10,0,142,13,145,3,132,10,0
46123VTD-LM,46,123,VTD-LM,398,94,3,400,100,417,52,391,83,9
46123VTD-SU,46,123,VTD-SU,67,18,0,86,15,103,2,86,5,2
46123VTD-W2,46,123,VTD-W2,279,82,4,289,81,313,45,286,55,8
46123VTD-W3,46,123,VTD-W3,56,15,0,56,16,61,7,48,15,0
46123VTD-WT,46,123,VTD-WT,74,9,0,74,9,75,2,74,2,0
46123VTDSE1,46,123,VTDSE1,113,25,2,112,27,128,10,116,14,2
461250VTD-1,46,125,0VTD-1,626,184,7,713,185,745,78,713,103,13
461250VTD-2,46,125,0VTD-2,745,280,12,776,278,896,137,792,167,34
461250VTD-3,46,125,0VTD-3,251,75,1,256,71,298,28,260,49,3
461250VTD-4,46,125,0VTD-4,233,68,1,244,68,286,7,244,49,2
461250VTD-5,46,125,0VTD-5,445,146,4,449,146,526,60,450,96,7
461250VTD-6,46,125,0VTD-6,404,133,4,410,129,463,55,433,73,2
461250VTD-7,46,125,0VTD-7,134,63,2,140,63,167,27,139,38,5
461250VTD-8,46,125,0VTD-8,447,141,1,458,140,502,59,464,71,7
461270VTD-1,46,127,0VTD-1,80,25,0,80,25,93,7,75,14,3
461270VTD-3,46,127,0VTD-3,254,99,1,260,98,293,45,251,71,12
461270VTD-4,46,127,0VTD-4,217,111,4,244,97,268,48,229,73,13
461270VTD-5,46,127,0VTD-5,188,82,4,195,83,220,37,191,53,11
461270VTD-7,46,127,0VTD-7,235,112,0,245,109,280,42,239,77,1
461270VTD-8,46,127,0VTD-8,634,318,16,692,279,764,130,657,222,35
461270VTD-9,46,127,0VTD-9,331,144,3,352,123,367,72,322,110,11
46127VTD-10,46,127,VTD-10,389,159,6,418,135,435,80,386,118,19
46127VTD-11,46,127,VTD-11,813,422,28,863,377,898,248,766,323,66
46127VTD-12,46,127,VTD-12,425,179,14,458,154,483,101,420,134,24
46127VTD-13,46,127,VTD-13,1578,640,35,1715,516,1796,308,1608,443,73
46127VTD-A1,46,127,VTD-A1,125,66,1,128,66,147,27,132,48,5
46127VTD-A2,46,127,VTD-A2,117,64,0,118,64,138,28,124,46,6
46127VTD-A3,46,127,VTD-A3,17,10,0,17,10,19,4,17,5,0
46127VTD-B1,46,127,VTD-B1,109,46,3,112,48,128,25,111,32,9
46127VTD-B2,46,127,VTD-B2,253,133,8,272,120,323,52,279,77,18
46127VTD-B3,46,127,VTD-B3,175,91,5,191,82,224,38,194,56,14
46129VTD-01,46,129,VTD-01,136,11,0,138,11,148,2,136,6,0
46129VTD-02,46,129,VTD-02,130,18,0,139,13,145,4,128,15,1
46129VTD-03,46,129,VTD-03,371,39,2,364,56,389,18,364,23,6
46129VTD-04,46,129,VTD-04,101,53,0,105,53,121,23,107,38,0
46129VTD-05,46,129,VTD-05,235,95,10,261,76,266,54,223,88,12
46129VTD-06,46,129,VTD-06,350,149,4,373,132,421,75,351,125,14
46129VTD-07,46,129,VTD-07,343,135,6,375,113,425,40,374,88,9
46129VTD-08,46,129,VTD-08,89,0,0,85,3,85,1,82,0,0
46129VTD-09,46,129,VTD-09,72,15,0,70,15,76,5,73,6,0
46129VTD-10,46,129,VTD-10,133,26,1,138,21,144,10,143,11,2
461350VTD-1,46,135,0VTD-1,6553,4006,247,6965,3802,8397,1809,6713,2690,499
46137VTD-BR,46,137,VTD-BR,13,26,0,16,22,26,11,14,26,0
46137VTD-CC,46,137,VTD-CC,6,61,2,22,49,19,34,3,63,1
46137VTD-DV,46,137,VTD-DV,92,173,5,100,164,131,104,71,173,10
46137VTD-GV,46,137,VTD-GV,53,5,0,52,8,56,4,52,1,0
46137VTD-ND,46,137,VTD-ND,30,20,0,31,20,36,13,28,18,3
46137VTD-RD,46,137,VTD-RD,117,78,1,121,77,140,51,111,73,9
46137VTD-RS,46,137,VTD-RS,18,57,2,31,52,34,33,15,61,6
46137VTD-SD,46,137,VTD-SD,81,59,0,85,59,97,39,76,54,6
