GEOID20,STATEFP,COUNTYFP,DISTRICT,G16PRERTRU,G16PREDCLI,G16PRELJOH,G16PREGSTE,G16PRECCAS,G16PREIFUE,G16PREOWRI,G16USSRMUR,G16USSDMET,G16USSLMIL,G16USSICRA,G16USSIGIA,G16USSISTO,G16USSOWRI,G16HALRYOU,G16HALDLIN,G16HALLMCD,G16HALISOU,G16HALOWRI
0201337-700,02,013,37-700,25,64,5,3,1,1,4,55,29,10,3,1,5,0,50,45,4,3,0
0201337-712,02,013,37-712,28,1,1,1,2,0,1,12,4,10,3,1,3,0,19,4,8,1,0
0201337-720,02,013,37-720,125,43,5,5,4,1,0,143,7,22,1,1,1,0,136,23,10,7,0
0201337-744,02,013,37-744,125,60,15,1,5,3,4,155,19,22,0,1,8,0,147,37,15,1,0
0201637-704,02,016,37-704,13,21,0,0,0,0,4,26,9,4,0,0,0,0,21,14,3,1,0
0201637-706,02,016,37-706,354,533,40,16,16,2,36,501,200,170,11,3,77,4,412,415,77,35,4
0201637-750,02,016,37-750,8,17,0,0,0,0,0,15,3,4,0,0,1,0,15,8,0,0,0
0201637-752,02,016,37-752,20,120,2,1,1,1,13,114,9,20,4,0,9,0,99,46,9,4,0
0202012-225,02,020,12-225,756.72,350.02,87.73,19.82,12.89,4.05,25.07,538.99,130.39,424.73,7.04,10,126.03,6.99,686.9,387.66,137.41,20.17,1.04
0202012-230,02,020,12-230,1258.14,415.11,122.26,7.89,15.78,8.87,67.05,863.74,110.43,701.05,15.78,15.78,153.82,3.94,1145.74,443.7,194.24,49.3,5.92
0202012-233,02,020,12-233,610,205,49,14,11,0,20,356,65,382,6,6,84,0,540,226,109,16,8
0202013-235,02,020,13-235,609.51,192.74,48.92,12.72,7.83,1.96,31.31,353.18,65.55,320.9,14.68,11.74,71.42,3.91,484.28,226.98,110.55,28.37,0
0202013-240,02,020,13-240,939,363,94,28,3,5,51,651,103,502,3,15,122,0,860,327,165,46,6
0202013-245,02,020,13-245,584.94,265.78,112.93,6.53,9.16,1.14,28.17,474.18,166.17,248.01,8.31,12.5,55.14,4.07,538.71,243.75,110.99,32.7,7.19
0202013-250,02,020,13-250,1059,439,148,23,18,0,38,731,167,585,9,9,126,2,885,439,239,42,1
0202013-255,02,020,13-255,772,311,76,11,8,7,44,536,91,395,9,3,131,2,711,293,125,30,6
0202013-260,02,020,13-260,79.67,128.24,3.89,0,3.89,0.97,2.91,119.5,42.75,31.09,6.8,0,23.32,0.97,95.21,102.98,9.72,4.86,0
0202014-940,02,020,14-940,831,405,82,14,21,10,45,664,121,431,20,14,145,0,780,398,162,43,2
0202014-945,02,020,14-945,613,287,75,19,15,7,40,468,106,341,3,8,106,1,549,312,123,22,7
0202014-950,02,020,14-950,944,399,107,20,1,4,48,744,116,446,7,8,168,7,884,454,118,30,4
0202014-955,02,020,14-955,359.28,188.91,50.32,4.41,9.71,0,16.77,281.6,60.91,210.09,0,1.77,58.26,2.65,348.69,185.38,60.91,15.89,1.77
0202014-960,02,020,14-960,1008,538,178,12,8,7,64,907,176,520,15,8,158,3,933,582,185,49,10
0202014-965,02,020,14-965,1411.85,795.71,200.07,23.71,11.36,6.21,121.71,1227.56,208.5,761.28,10.5,13,294.5,1.07,1433.49,716.21,281.86,58.64,1.43
0202014-970,02,020,14-970,765.29,413.97,105.05,9.26,5.77,2.63,47.4,643.2,125.16,420.77,6.29,12.4,111.56,1.27,747.67,382.4,140.33,34.4,5.46
0202015-300,02,020,15-300,603.81,255.67,100.15,18.22,6.67,0.37,29.14,482.53,150.93,254.73,13.42,9.63,46.48,2.78,527.87,261.49,109.07,36.46,8.4
0202015-305,02,020,15-305,702,498,83,15,9,8,24,566,201,357,8,12,132,1,666,440,115,45,0
0202015-310,02,020,15-310,430,423,36,25,9,13,29,364,178,259,17,1,97,1,447,366,79,28,0
0202015-315,02,020,15-315,399.3,354.24,55.32,12.03,19.01,3.01,19.15,346.94,153.37,237.26,2.02,6.04,73.33,1,388.25,295.14,87.42,29.1,4.02
0202015-320,02,020,15-320,394.99,315.61,61.32,15.33,5.41,2.71,32.46,324.65,140.68,223.64,9.92,7.21,77.55,5.41,390.47,251.59,95.59,45.09,2.71
0202016-325,02,020,16-325,256,384,55,22,11,1,23,255,138,189,15,7,123,0,265,355,81,25,0
0202016-330,02,020,16-330,469,565,81,26,13,4,47,481,220,288,11,7,165,8,473,534,112,38,8
0202016-335,02,020,16-335,388.06,345.02,54.01,30,7,2,39,339.05,143.01,251.03,6,11,95,0,372.05,352.02,78.01,36,1
0202016-340,02,020,16-340,431,480,62,17,8,1,26,416,159,228,9,3,188,0,429,465,69,30,0
0202016-345,02,020,16-345,440,355,42,8,10,2,13,385,114,241,3,5,102,0,423,342,72,14,1
0202016-350,02,020,16-350,784,710,105,24,8,11,46,731,239,441,9,7,218,5,781,656,147,41,6
0202016-355,02,020,16-355,435,463,65,30,10,6,30,408,197,277,13,7,107,4,432,422,106,45,4
0202017-400,02,020,17-400,377,572,73,10,5,1,24,460,134,184,0,0,241,1,408,525,67,17,3
0202017-405,02,020,17-405,199,315,32,13,7,2,18,215,116,111,1,4,109,1,205,292,45,15,0
0202017-410,02,020,17-410,293,421,67,20,14,11,28,373,149,156,8,7,128,0,297,417,66,35,1
0202017-415,02,020,17-415,364,341,40,16,11,8,22,341,92,214,6,7,115,0,353,306,81,23,5
0202017-420,02,020,17-420,829,801,104,40,13,3,61,791,295,402,18,10,303,4,793,780,148,64,8
0202017-425,02,020,17-425,330,508,67,26,16,5,40,386,194,184,9,7,177,3,342,477,94,41,4
0202017-430,02,020,17-430,225.94,339.91,35.99,20.99,3,5,18,268.93,119.97,133.96,6,7,90.98,1,243.93,304.92,53.99,16,1
0202018-435,02,020,18-435,231,416,22,4,2,0,18,318,63,91,1,3,196,1,256,384,24,13,1
0202018-440,02,020,18-440,228,264,36,14,2,0,13,203,91,128,4,7,109,1,196,261,62,21,0
0202018-445,02,020,18-445,320,402,67,20,7,7,23,318,142,188,9,2,166,6,301,389,91,34,1
0202018-450,02,020,18-450,345,334,48,17,7,4,17,295,136,201,8,6,115,0,325,296,78,42,0
0202018-455,02,020,18-455,299,455,42,16,2,3,24,296,195,196,11,2,126,1,299,395,70,38,3
0202018-460,02,020,18-460,340,644,65,13,6,2,42,417,172,190,0,2,284,7,362,591,76,37,6
0202018-465,02,020,18-465,177,274,21,13,2,2,6,179,117,116,5,6,69,0,175,250,33,21,5
0202018-470,02,020,18-470,138,160,29,14,2,7,2,113,58,88,4,1,77,1,116,187,30,8,0
0202018-475,02,020,18-475,220,246,31,8,5,0,12,244,74,108,1,5,74,0,217,225,43,16,4
0202018-480,02,020,18-480,386,725,63,17,3,0,29,462,165,164,15,1,386,4,404,706,63,23,2
0202019-500,02,020,19-500,217,399,24,11,17,5,17,211,178,181,12,11,68,8,232,328,72,23,4
0202019-505,02,020,19-505,225,395,22,13,11,2,13,260,166,154,5,9,59,1,268,310,46,27,3
0202019-510,02,020,19-510,367,459,27,12,10,7,19,321,211,242,22,3,82,0,381,390,67,28,3
0202019-515,02,020,19-515,158.06,176.09,17.01,10.01,20,5,7,149.07,68.03,91.04,5,5,59.02,0,174.07,156.08,41.01,7,0
0202019-520,02,020,19-520,307,455,38,27,10,3,15,325,135,163,8,5,197,3,308,439,53,31,2
0202019-525,02,020,19-525,362,791,62,32,5,6,20,458,243,197,13,6,330,6,371,744,75,50,6
0202020-530,02,020,20-530,292.85,441.96,47.53,21.21,4.83,2.88,29.9,332.62,133.22,171.15,13.51,0.04,154.83,6.73,268.47,417.05,88.85,33.77,4.84
0202020-535,02,020,20-535,440,828,82,31,9,7,45,522,310,262,10,14,264,4,476,729,111,50,4
0202020-540,02,020,20-540,166.03,227.3,33.6,3.95,0,4.94,7.91,196.66,63.25,70.17,0.99,5.93,107.72,2.96,148.24,252.99,19.77,15.81,2.96
0202020-545,02,020,20-545,201,449,37,13,0,0,6,291,119,67,1,0,207,3,201,432,28,19,3
0202020-550,02,020,20-550,114,176,17,6,7,0,5,131,68,58,7,3,56,0,110,174,32,8,0
0202020-555,02,020,20-555,276,568,72,16,5,2,42,403,204,135,13,1,199,4,320,523,75,39,0
0202020-560,02,020,20-560,238,572,43,10,5,2,21,331,115,86,0,0,337,3,255,546,30,24,1
0202020-565,02,020,20-565,164,419,23,12,3,1,13,245,78,77,1,2,204,3,177,387,27,17,1
0202020-570,02,020,20-570,284,459,38,20,16,2,30,307,209,191,10,6,112,0,308,407,72,39,1
0202021-600,02,020,21-600,403,862,69,14,2,0,26,623,144,145,1,0,456,0,473,796,48,36,2
0202021-605,02,020,21-605,601.61,508.22,54.07,16.71,3.93,3.93,33.42,527.88,174.98,310.63,11.8,1.97,170.06,5.9,539.68,492.49,118.94,44.24,7.86
0202021-610,02,020,21-610,483,451,79,19,4,1,32,495,162,220,14,4,152,0,472,427,95,44,2
0202021-615,02,020,21-615,384,379,66,16,11,6,24,375,128,215,7,10,142,4,375,371,89,31,3
0202021-620,02,020,21-620,408,399,38,15,3,8,23,402,118,208,1,7,140,2,413,349,71,29,3
0202021-625,02,020,21-625,483,624,83,19,9,3,36,592,185,216,6,7,229,2,483,628,78,44,1
0202021-630,02,020,21-630,277,353,48,17,3,1,12,244,126,177,5,0,139,6,255,335,76,20,5
0202021-635,02,020,21-635,429,650,88,17,7,6,25,514,179,246,11,4,247,0,465,604,79,47,3
0202022-640,02,020,22-640,734,473,73,35,6,7,45,622,155,391,14,8,169,5,665,462,164,43,8
0202022-645,02,020,22-645,1066,752,102,9,6,10,57,1098,155,429,12,3,286,0,1075,712,134,42,0
0202022-650,02,020,22-650,412,357,54,13,9,6,36,423,111,220,9,3,100,0,410,331,94,28,1
0202022-655,02,020,22-655,462,376,52,16,11,10,25,408,147,273,11,0,102,0,424,373,100,27,4
0202022-660,02,020,22-660,733,674,66,28,8,4,38,772,147,356,10,7,223,0,771,587,109,34,2
0202022-665,02,020,22-665,513,417,60,18,4,1,35,484,151,248,7,10,152,2,497,414,95,25,1
0202022-670,02,020,22-670,284,230,39,2,3,2,9,276,57,140,6,0,86,1,298,185,58,14,1
0202023-735,02,020,23-735,267,259,30,10,3,3,13,258,86,144,5,1,81,3,272,213,63,19,3
0202023-740,02,020,23-740,466,426,67,15,17,1,37,412,153,242,11,5,184,1,444,439,69,31,6
0202023-745,02,020,23-745,231,224,38,7,7,5,14,211,76,151,4,1,71,1,243,209,54,9,1
0202023-750,02,020,23-750,495,385,80,22,15,10,28,402,150,292,8,13,146,3,479,367,119,35,1
0202023-755,02,020,23-755,489,420,59,21,2,7,11,463,106,246,18,10,131,1,464,379,82,36,8
0202023-760,02,020,23-760,307,289,32,11,2,1,8,280,74,160,11,4,106,0,270,261,71,24,1
0202023-765,02,020,23-765,579,513,67,11,2,1,38,524,173,276,4,8,192,6,531,489,118,26,4
0202023-770,02,020,23-770,412,386,51,11,21,3,3,391,121,242,18,2,89,3,395,317,102,46,2
0202024-700,02,020,24-700,644,406,61,28,6,1,25,513,141,362,11,6,126,0,642,388,86,30,2
0202024-705,02,020,24-705,486,376,70,16,6,3,23,462,122,260,8,3,117,4,449,389,100,21,10
0202024-710,02,020,24-710,730,565,92,15,9,5,37,749,139,362,8,3,173,0,792,512,92,27,0
0202024-715,02,020,24-715,559,528,56,7,4,2,36,621,119,265,6,1,163,8,606,452,81,24,6
0202024-720,02,020,24-720,601,410,77,23,14,5,23,530,117,331,8,14,141,4,593,393,124,24,2
0202024-725,02,020,24-725,769,580,104,11,9,2,32,802,126,297,14,7,242,2,748,583,103,37,6
0202024-730,02,020,24-730,920,721,114,18,10,2,57,958,187,432,10,3,239,1,970,633,148,48,5
0202025-840,02,020,25-840,168,159,22,5,1,0,12,155,55,107,6,0,34,0,169,119,49,8,0
0202025-845,02,020,25-845,805,731,98,29,10,4,52,783,234,393,9,11,269,7,785,693,152,49,7
0202025-850,02,020,25-850,584,631,83,15,2,7,26,634,127,284,8,5,271,0,604,597,85,24,4
0202025-855,02,020,25-855,684,486,84,18,14,1,30,522,158,434,7,7,144,6,662,453,130,28,11
0202025-860,02,020,25-860,536,450,85,15,13,6,24,506,154,269,12,2,159,4,525,427,85,44,2
0202025-865,02,020,25-865,453,365,58,11,7,2,25,414,110,257,2,7,108,0,450,361,68,21,1
0202025-870,02,020,25-870,586,564,91,28,20,11,24,544,182,342,17,6,204,1,562,540,135,44,6
0202026-800,02,020,26-800,596,517,77,25,14,2,35,558,141,358,13,11,155,1,591,469,130,39,1
0202026-805,02,020,26-805,637,466,64,21,9,0,26,622,110,275,7,4,194,4,680,428,63,30,4
0202026-810,02,020,26-810,586,312,54,12,6,2,18,486,95,293,2,0,98,0,616,266,61,15,1
0202026-815,02,020,26-815,839,548,92,11,2,1,50,793,127,384,11,0,199,6,859,523,97,29,6
0202026-820,02,020,26-820,767,666,87,7,5,6,51,806,148,324,10,9,273,3,816,603,96,33,2
0202026-825,02,020,26-825,549,408,64,14,11,11,34,451,177,330,8,0,101,5,520,399,101,34,6
0202026-830,02,020,26-830,330,249,35,6,10,1,14,309,74,158,0,2,99,1,351,235,40,10,2
0202026-835,02,020,26-835,244,217,63,12,8,3,20,237,87,153,5,10,63,2,249,220,62,20,1
0202027-900,02,020,27-900,740,659,93,18,9,1,35,593,244,421,15,9,260,2,755,645,101,30,2
0202027-905,02,020,27-905,401,296,42,14,5,8,20,332,108,215,3,10,110,2,395,280,73,24,1
0202027-910,02,020,27-910,688.27,563.31,74.37,28.21,9.1,4.06,32.09,560.55,250.79,403.47,10.15,12.29,136.49,6.02,633.87,546.57,133.19,49.78,9.13
0202027-915,02,020,27-915,385.11,306.06,59.02,7,1,1,25.01,339.09,144.02,213.06,7,2,67.02,3,359.11,301.06,78.02,22.01,4
0202027-920,02,020,27-920,512.74,575.4,61.1,24.01,11,8,36.05,549.63,193.12,261.41,2.01,5.01,195.11,0,550.73,532.37,85.14,39.03,1.01
0202027-925,02,020,27-925,523,384,52,14,11,10,34,478,116,269,2,3,140,1,506,373,98,34,0
0202027-930,02,020,27-930,740,795,93,28,16,6,44,732,216,414,11,11,295,1,730,735,163,37,8
0202027-935,02,020,27-935,113,169,17,6,4,0,12,128,43,59,0,1,85,0,130,168,12,1,0
0202028-105,02,020,28-105,649,507,85,9,8,6,45,698,96,269,4,6,226,5,664,502,100,25,2
0202028-110,02,020,28-110,982.73,743.18,123.79,18.4,15.25,4,48.05,911.58,153.28,512.52,7.15,1,342.82,4.05,998.43,747.83,146.54,29.7,2.35
0202028-115,02,020,28-115,680,362,80,8,10,1,52,682,73,276,9,11,140,0,738,360,64,18,5
0202028-120,02,020,28-120,729,492,68,20,4,6,19,671,108,317,4,3,217,3,712,500,83,20,0
0202028-125,02,020,28-125,376.27,403.82,53.21,7.6,4.75,0,19.95,373.42,100.72,181.48,2.85,0,187.18,0.95,389.57,378.17,48.46,13.3,6.65
0202028-130,02,020,28-130,108,106,13,4,1,3,5,73,45,74,2,0,49,0,101,108,20,3,0
0202028-135,02,020,28-135,299,880,91,47,8,5,50,572,235,190,8,6,356,0,332,819,148,36,0
0202028-140,02,020,28-140,1020,742,111,18,6,2,55,1047,136,412,6,6,329,0,1075,700,98,41,3
0202028-145,02,020,28-145,581,524,71,11,4,2,32,563,99,303,4,0,253,1,586,512,90,20,3
0205037-746,02,050,37-746,5.1,34.34,1.02,0.99,1.05,0,0.01,22.25,3.09,15.11,0.03,0,3.02,0,23.25,11.26,4.96,1.02,0
0205038-800,02,050,38-800,39.97,68.25,9.46,3.04,16.43,4.03,8.47,53.15,18.2,57.46,1.27,0.07,13.69,0,77.11,56.28,5.02,1.47,2.12
0205038-802,02,050,38-802,18.67,53.11,7.45,0.93,21.42,0.93,7.45,36.37,18.63,40.98,3.72,0.93,11.19,0,39.17,65.2,0.94,6.52,1.86
0205038-804,02,050,38-804,57.86,98.71,1.99,1,4.99,0,5.98,93.75,18.95,30.92,1,4.98,17.96,0,90.76,64.81,8.98,3.99,0
0205038-806,02,050,38-806,9.97,50.33,4.08,6.3,7.35,0,6.4,42.46,13.79,18.23,1.1,0.19,9.54,0,31.66,46.3,2.78,1.48,0
0205038-808,02,050,38-808,234,396,42,16,26,1,43,385,74,153,7,5,108,0,329,328,59,12,2
0205038-810,02,050,38-810,220.78,416.62,40.65,17.55,12.01,2.77,22.17,378.74,94.22,129.33,3.7,0.92,105.31,1.85,326.09,327.93,39.72,10.16,1.85
0205038-812,02,050,38-812,14,82,9,55,11,6,20,106,18,47,1,2,19,0,80,90,17,9,0
0205038-814,02,050,38-814,8,11,3,0,3,0,3,19,2,8,0,0,0,0,20,9,0,0,0
0205038-816,02,050,38-816,1.95,23.37,0.97,0,1.95,0,0,13.63,3.89,8.76,0.97,0,0.97,0,13.63,11.68,0,0.97,0
0205038-818,02,050,38-818,52.96,108.6,6.64,2.05,8.71,0.5,11.93,95.68,22.64,51.69,1.5,0.11,13.61,0.16,95.61,81.08,8.78,1.14,0.17
0205038-820,02,050,38-820,17.4,56.63,11.09,1.06,5.03,1.01,8.03,65.86,6.03,15.3,1.01,2,8.02,0,50.92,41.2,1.08,7.02,0
0205038-822,02,050,38-822,14.55,69.42,2.23,1.06,6.3,0,6.06,56.46,14.38,21.62,3.02,0.04,4.11,0,53.36,34.98,8.17,3.11,0
0205038-824,02,050,38-824,33,89,7,10,14,2,17,70,30,51,1,0,18,2,71,81,10,7,1
0205038-826,02,050,38-826,42,44,2,0,10,1,10,49,13,38,0,0,5,0,51,44,4,4,0
0205038-828,02,050,38-828,19.1,112.84,15.84,5.93,12.95,5.95,9.92,89.08,30.68,35.01,1.98,1.97,25.72,0,68.67,102.86,3,5.91,1
0205038-830,02,050,38-830,32,49,2,1,6,0,11,55,19,21,0,0,4,1,51,44,3,1,0
0205038-832,02,050,38-832,6.14,50.83,9.91,8.92,12.89,0.99,4.97,60.72,7,20.9,0.99,1.01,1.05,0.99,52.79,33.89,5.97,1.99,0
0205038-836,02,050,38-836,18,52,12,6,6,0,4,68,10,14,0,1,6,1,62,28,3,4,0
0205038-838,02,050,38-838,38.51,74.06,1.98,0.99,0.99,0,8.89,69.12,5.92,36.54,0,0,4.94,0,43.45,72.09,0.99,0,0
0205038-840,02,050,38-840,14.84,55.85,5.24,2.62,8.73,0.87,12.22,51.49,27.05,16.58,0.87,0,1.75,0,36.65,53.23,7.85,0.87,0
0205038-842,02,050,38-842,8,92,6,20,7,1,6,86,15,29,2,0,6,1,64,63,10,5,0
0205038-844,02,050,38-844,7,56,8,12,6,0,4,46,18,19,3,0,5,0,48,34,6,4,1
0205038-846,02,050,38-846,22.97,59.18,9.72,2.65,12.37,0,2.65,60.95,15.9,25.62,0.88,1.77,4.42,0,56.53,40.63,7.07,4.42,0
0205038-848,02,050,38-848,47.19,90.45,9.83,3.93,11.8,1.97,6.88,89.47,21.63,41.29,0.98,0,11.8,0,72.75,77.67,12.78,2.95,0
0205038-852,02,050,38-852,34,146,4,62,6,1,16,125,41,56,9,3,38,0,88,155,15,8,3
0205038-854,02,050,38-854,14.86,59.42,1.98,1.98,16.84,0.99,6.93,56.45,11.88,27.73,0.99,0,5.94,0,66.35,24.76,5.94,4.95,0
0205038-856,02,050,38-856,18,74,10,1,12,0,11,74,12,27,0,0,10,0,56,56,8,1,0
0205038-858,02,050,38-858,11,91,2,16,10,2,9,75,30,26,3,2,6,0,54,75,3,8,0
0205038-860,02,050,38-860,29.2,30.07,4.12,1.11,4.29,0.02,3.12,48.14,1.18,17.47,0.02,0.01,2.07,0.01,52.16,14.57,2.12,2.07,0
0206037-722,02,060,37-722,138,36,10,1,0,4,0,117,18,35,0,1,7,0,103,41,30,3,0
0206037-734,02,060,37-734,113.48,82.61,15.43,3.63,4.54,0.91,2.72,141.62,17.25,44.48,0.91,0.91,17.25,0,137.08,59.91,22.7,3.63,0
0206037-748,02,060,37-748,8.38,9.9,3.05,0,0,0.76,0,16,0.76,3.05,0,0,0.76,0,13.71,2.29,3.81,0.76,0
0206309-650,02,063,09-650,442,237,75,3,15,2,26,367,70,243,4,0,94,0,400,211,131,19,0
0206309-655,02,063,09-655,261,106,39,10,9,1,14,211,38,138,3,4,42,1,220,127,70,16,3
0206309-660,02,063,09-660,398.92,195.47,43.88,19.95,4.99,0,17.95,224.39,78.79,265.28,3.99,2.99,74.8,0,286.23,207.44,123.67,19.95,1.99
0206309-665,02,063,09-665,97.72,64.35,3.08,5.04,2.01,1,5.03,81.41,27.14,48.48,3.01,0.01,10.14,1,77.52,71.37,15.22,2.04,2
0206332-805,02,063,32-805,450.92,390.06,82.8,50.88,12.97,2,26.94,545.69,103.75,208.5,2.99,0,138.67,0,440.94,401.04,120.71,27.93,2
0206332-850,02,063,32-850,6.58,17.43,2.95,0.12,4.61,1.84,1.9,24.21,2.08,6,0.01,0.92,0.33,0,23.96,3.71,3.04,2.81,0
0206606-020,02,066,06-020,108,19,1,8,0,0,1,53,3,61,1,1,11,0,81,26,18,4,0
0206606-025,02,066,06-025,313.23,97.68,31.15,3.48,11.21,0,15.63,190.66,49.81,152.92,0.24,3,63.05,0.24,286.69,110.79,48.53,10.94,0
0206606-035,02,066,06-035,94,32,9,0,3,1,11,69,9,50,0,0,12,0,93,32,14,0,2
0206606-047,02,066,06-047,119.77,30.32,9.85,1.52,3.79,0,11.37,55.34,18.19,78.08,0.76,0,18.95,0.76,99.31,43.21,20.47,6.06,0
0206606-053,02,066,06-053,11.61,23.9,2.05,0,1.37,0,0.68,17.76,4.78,10.93,0,0,5.46,0,24.59,10.93,2.73,0.68,0
0206606-060,02,066,06-060,2.76,3.53,0,0.06,0.06,0.06,0.18,4.88,0.41,1.29,0,0.06,0.35,0,5.58,1.35,0.18,0,0
0206606-090,02,066,06-090,0,0,0,0,0,0,0,0,0,0,0,0,0,0,0,0,0,0,0
0206609-632,02,066,09-632,231,44,14,5,8,1,7,112,34,135,0,3,21,0,180,49,39,16,12
0206806-005,02,068,06-005,58.14,15.71,2.36,0,0,2.36,3.14,27.5,7.07,34.57,0.79,1.57,7.07,0,41.64,22,7.86,7.86,0
0206806-012,02,068,06-012,89,52,6,8,1,1,2,69,10,39,1,0,35,0,74,53,17,10,0
0206806-024,02,068,06-024,72.03,30.73,4.8,0,0,0,0,45.14,19.21,32.65,0,0,13.44,0,59.54,31.69,13.44,0.96,0
0206806-026,02,068,06-026,17,128,3,3,1,0,0,35,36,11,0,0,74,0,17,123,10,3,0
0206806-040,02,068,06-040,340.54,170.93,43.4,12.69,9.1,1.02,28.8,287.36,58.75,150.63,1.14,10.07,69.99,2.1,335.9,169.05,55.3,16.5,0.1
0207037-702,02,070,37-702,40.74,32.79,0.99,0.99,1.99,0,2.98,49.68,6.96,14.9,0,0,11.92,0,53.66,24.84,3.97,0.99,0
0207037-710,02,070,37-710,62.26,94.36,9.94,2.45,1.53,0.92,3.75,85.2,23.09,39.78,2.29,0.92,21.03,0.31,83.6,69.5,12.31,4.67,0.46
0207037-714,02,070,37-714,322.74,439.64,55.06,13.55,8.47,5.08,15.25,377.8,127.91,198.22,12.71,5.08,110.97,1.69,363.4,379.5,62.69,20.33,2.54
0207037-718,02,070,37-718,25,24,0,0,2,0,1,35,3,11,0,0,3,0,31,20,0,1,0
0207037-724,02,070,37-724,17,10,1,2,0,0,1,22,3,5,0,0,1,0,21,11,0,0,0
0207037-732,02,070,37-732,70.17,86.54,8.47,6.27,6.05,0.11,8.03,127.18,10.95,31.5,1.08,0.97,9.9,0.04,137.37,33.65,5.52,4.07,0.04
0207037-736,02,070,37-736,25,155,15,4,19,0,14,153,25,44,1,0,4,0,146,70,7,3,1
0207037-754,02,070,37-754,83.03,130.19,18.35,11.62,5.89,2.86,6.9,177.11,6.99,61.9,2.89,0.03,5.05,0.95,189.79,41.95,17.31,4.88,0.95
0209001-446,02,090,01-446,691.88,537.36,113.17,34.44,7.9,10.81,43.29,657.17,133.18,393.78,7.89,12.79,175.13,8.85,612.92,557.28,171.2,33.52,9.84
0209001-455,02,090,01-455,182,121,13,3,2,1,12,138,39,113,1,1,29,4,169,106,38,7,0
0209001-465,02,090,01-465,253,223,32,17,13,1,12,210,88,166,1,6,54,5,227,202,81,13,0
0209001-470,02,090,01-470,353,380,54,19,11,3,27,367,108,208,6,1,125,1,378,324,77,22,3
0209001-475,02,090,01-475,254.17,167.45,25.99,9.61,6.14,3.19,22.76,234.57,56.34,113.93,7.14,1.23,62.08,0.16,223.79,185.8,47.01,16.59,2.17
0209001-480,02,090,01-480,590.66,421.76,87.95,20.99,15.99,2,46.97,598.65,110.94,324.81,5,3,107.94,1,566.67,414.76,126.93,24.99,5
0209001-485,02,090,01-485,295.22,222.31,42.02,13.01,5.01,5,21.01,274.18,96.11,151.18,4.01,1.01,54.06,5,287.18,199.24,61.1,21.03,2
0209001-490,02,090,01-490,359.05,388.16,38.93,16.54,9.73,1.95,22.38,315.27,147.88,241.27,10.7,8.75,79.78,0.98,325.01,315.21,113.82,36.97,1.95
0209001-495,02,090,01-495,192,108,8,9,2,0,17,149,25,112,4,1,33,0,191,97,19,12,1
0209002-345,02,090,02-345,1299.02,447.01,135.14,15.2,29.71,9.89,36.02,844.47,148.63,670.01,21.82,15.85,83.13,7.96,1004.22,459.93,269.01,51.66,12.9
0209002-355,02,090,02-355,518.42,408.93,65.89,39.73,2.91,3.88,39.73,438.97,150.2,248.07,10.66,6.78,115.31,3.88,421.52,378.89,101.75,37.79,7.75
0209002-365,02,090,02-365,972.9,536.91,101.68,29.09,16.09,6,88.12,783.97,200.2,480.47,19.1,14.12,108.32,4.03,862.38,505.63,190.79,37.1,5.03
0209002-375,02,090,02-375,395.16,193.64,67.76,9.6,9.3,0.17,12.82,299.68,118.49,151.66,10.29,12.15,33.14,3.11,340.93,166.68,79.71,11,3.22
0209003-130,02,090,03-130,1149.56,340.23,95.47,28.57,18.78,1.08,49.06,760.62,116.9,640.76,14.33,8.25,104.85,5.14,985.7,388.87,203.57,42.13,6.27
0209003-135,02,090,03-135,1131.64,222.94,94.55,13.93,22.89,10.95,47.77,726.56,61.71,643.95,12.94,12.94,48.77,1,949.5,280.67,214.98,48.77,5.97
0209003-165,02,090,03-165,1400.48,293.75,142.49,24.61,21.16,6.02,57.94,833.97,102.55,821.5,30.05,7.44,96.09,1.3,1180.88,359.26,248.04,72.08,9.27
0209003-175,02,090,03-175,629.94,189.26,81.12,8.49,12.43,3.09,26.61,417.03,75.41,357.32,13.71,10.11,59.55,9.14,494.05,244.21,156.81,29.95,4.14
0209003-183,02,090,03-183,1121.82,206.97,105.85,22.68,34.02,1.89,40.64,640.77,70.88,678.57,11.34,12.29,82.22,7.56,943.2,287.31,197.52,49.14,9.45
0209004-230,02,090,04-230,239,470,37,23,10,0,40,280,148,146,2,7,220,4,232,454,82,19,3
0209004-240,02,090,04-240,689.86,979.67,79.14,50.04,6.01,5.01,52.05,796.82,243.17,350.49,7.01,5.02,416.22,8.01,633.77,991.7,153.21,31.04,9.01
0209004-250,02,090,04-250,276,440,43,23,3,1,26,259,122,183,5,6,226,1,240,466,73,17,2
0209004-260,02,090,04-260,304.15,730.29,98.51,59.62,13.29,7.07,29.76,416.7,254.17,209.73,9.87,1.22,328.06,6.95,328.16,735.16,106.95,35.11,7.07
0209004-265,02,090,04-265,1250.25,615.8,163.32,28.46,35.44,5.99,85.86,995.22,161.07,763.57,11.99,13.76,219.92,1.52,1155.43,666.21,260.56,57.32,13.59
0209004-270,02,090,04-270,1250.79,718.22,141.68,38.55,24.56,5.01,101.14,1083.81,166.94,732.45,10.02,9.24,255.08,6.48,1132.61,794.81,236.44,61.68,7.41
0209004-280,02,090,04-280,55.16,200.49,21.01,14.88,4.38,1.75,10.51,85.8,46.4,56.03,0.88,1.75,106.81,0.88,59.54,200.49,32.39,7,1.75
0209005-580,02,090,05-580,141,42,15,4,2,0,2,79,18,82,0,0,21,0,117,51,29,4,1
0209005-582,02,090,05-582,1405.18,1385.17,195.42,99.9,14.98,2.99,117.08,1426.6,362.63,762.08,19.97,11.16,553.51,15.02,1333.29,1401.69,310.97,71.97,13.95
0209005-586,02,090,05-586,433.34,486.24,82.05,20.01,18.01,7,38.03,495.35,138.06,231.19,9,9,186.06,1,447.33,472.24,109.07,28.01,2
0209005-587,02,090,05-587,176.54,65.26,12.3,2.2,3.32,0.13,8.36,124.85,22.85,101.24,0.49,4.37,9.34,0.1,142.79,72.72,32.01,8.72,0.2
0209005-588,02,090,05-588,212.37,130.19,29.77,3.15,1.99,0.98,9.06,184.06,41.87,118.05,1.02,6.87,27.63,3.95,186.79,122.4,64.25,9.94,0.03
0209005-590,02,090,05-590,161.75,41.09,6.99,0.87,0.87,0,5.25,88.31,13.12,98.8,1.75,0,7.87,0.87,115.41,55.08,35.85,6.12,0
0209005-592,02,090,05-592,333.08,257.52,52.7,15.91,8.95,2.98,18.89,271.44,119.31,207.8,5.97,4.97,74.57,2.98,256.52,308.23,73.58,25.85,4.97
0209005-594,02,090,05-594,37,89,8,7,0,0,1,39,37,29,0,0,31,0,25,75,27,8,0
0209005-596,02,090,05-596,779,697,111,26,21,6,56,777,219,447,15,5,206,2,785,665,174,30,2
0209006-145,02,090,06-145,445.92,104.98,59.99,8,6,1,25,374.94,71.99,149.97,10,3,12,1,409.93,115.98,55.99,16,2
0209006-150,02,090,06-150,229.95,78.98,29.99,8,6,1,9,95.98,30.99,167.97,3,5,36.99,5,160.97,90.98,71.99,17,2
0209006-155,02,090,06-155,230.91,48.71,23.34,0.96,0.97,0.02,7.51,143.15,18.67,119.78,2.8,0.95,14.04,2.78,185.21,63.63,31.91,13.06,2.79
0209006-160,02,090,06-160,598.9,101.95,36.98,3.04,11.01,0,14.31,289.78,36.76,352.47,11.1,8.02,43.52,5.11,442.26,171.43,101.17,19.55,3.12
0209006-170,02,090,06-170,452.68,221.54,55,15.33,16.25,3.98,29.85,304.07,57.49,267.08,10.9,2.96,118.64,0.99,382.28,245.03,100.11,24.47,9.18
0209006-180,02,090,06-180,515.83,187.75,50.33,15.48,13.55,0.97,6.77,264.21,65.81,339.7,0.97,0,92.91,0,359.05,240.98,129.68,23.23,8.71
0210033-545,02,100,33-545,570.92,651.52,52,77.75,28.87,6.98,47.96,562.37,199.92,267.98,11.95,9.95,368.87,2.98,580.02,630.52,132.76,47.84,0.99
0210033-550,02,100,33-550,83,69,3,7,2,0,10,69,42,30,3,0,35,0,80,75,11,7,0
0210533-505,02,105,33-505,103.6,240.82,12.15,19.22,6.08,7.02,1.13,103.58,122.56,56.75,1.03,0.03,100.03,0.01,91.63,238.77,29.37,15.13,0
0210533-530,02,105,33-530,16.19,43.52,4.99,1.1,0.24,0,1.64,26.66,16.25,7.85,0.06,0,15.03,0,18.5,41.51,3.83,1.4,0
0210533-555,02,105,33-555,8,59,6,0,0,1,4,52,13,4,0,0,7,0,37,28,10,0,0
0210535-700,02,105,35-700,45.25,193.11,26.57,6.32,12.1,2.02,11.23,156.89,56.45,52.37,3.02,0.03,25.57,0.03,142.73,118.38,15.83,11.27,0.01
0210535-720,02,105,35-720,206,207,23,12,19,6,14,218,77,128,7,6,47,2,224,179,64,16,0
0210535-750,02,105,35-750,52,21,3,1,1,0,0,45,5,11,1,0,7,0,43,16,11,3,2
0210535-755,02,105,35-755,0,0,0,0,0,0,0,0,0,0,0,0,0,0,0,0,0,0,0
0210535-775,02,105,35-775,38.6,39.82,12.15,5.22,2.08,0.02,0.13,29.58,22.56,19.75,0.03,0.03,31.03,0.01,31.63,50.77,9.37,5.13,0
0211033-500,02,110,33-500,274.83,874.1,70.44,38.69,12.9,1.98,27.78,477.24,300.63,168.67,2.98,3.97,316.5,3.97,334.36,783.82,102.19,33.73,0.99
0211033-510,02,110,33-510,281.78,762.41,54.96,34.97,5,1,24.98,460.64,266.79,147.88,3,6.99,251.8,0,315.75,694.46,83.93,18.99,5
0211033-515,02,110,33-515,224,1222,58,30,9,1,27,429,388,168,8,4,523,1,261,1180,86,17,1
0211033-520,02,110,33-520,191,386,46,13,7,0,17,289,132,78,1,1,146,0,210,359,41,18,4
0211033-525,02,110,33-525,498,564,69,30,17,9,41,561,225,278,7,7,129,3,491,509,139,32,9
0211033-530,02,110,33-530,249.95,671.86,77.04,16.92,3.76,0,25.37,411.57,250.88,121.22,0.94,0,232.09,0,285.66,640.84,59.21,21.61,0
0211034-400,02,110,34-400,485.03,592.27,64.93,32.47,0.98,5.9,25.58,510.61,176.11,235.14,11.81,0,241.04,0,504.71,548.98,96.42,19.68,0.98
0211034-410,02,110,34-410,447.97,395.73,67.07,28.53,17.02,0.1,18.42,492.39,179.89,189.86,2.19,0,110.96,0,444.29,399.02,94.58,17.32,0.02
0211034-420,02,110,34-420,347,622,47,23,9,6,31,424,212,158,11,5,256,0,365,596,57,16,3
0211034-430,02,110,34-430,466,521,76,28,14,5,32,496,211,262,1,9,143,3,471,484,99,39,2
0211034-440,02,110,34-440,704,636,111,46,21,17,65,738,252,379,10,4,191,5,724,611,180,45,5
0211034-450,02,110,34-450,633,612,108,27,18,4,39,641,197,393,13,0,158,0,617,563,156,42,8
0211034-460,02,110,34-460,872,852,135,44,19,9,62,946,275,443,11,17,273,0,886,775,212,47,13
0212229-100,02,122,29-100,534.8,407.88,64.35,21.92,8.29,9.35,40.82,440.88,159.77,311.02,8.82,7.02,154.56,0.94,480.95,415.9,112.92,27.06,2.27
0212229-110,02,122,29-110,120.06,79.05,20.01,3,1,0,5,89.04,21.01,76.03,1,3,34.03,0,108.05,74.05,22.01,13,0
0212229-115,02,122,29-115,485.42,105.06,26.52,10.13,4.79,1.33,9.36,222.82,43.44,292.02,11.26,9.05,54.81,1.08,356.92,148.54,91.65,26.12,0.26
0212229-120,02,122,29-120,39,67,4,2,1,1,10,61,18,23,1,3,19,1,49,62,8,3,0
0212229-130,02,122,29-130,458.19,127.61,38.78,7.23,4.14,0.05,22.36,264.3,34.87,263,10.12,3.07,60.71,3.03,387.36,142.42,85.52,13.52,6.04
0212229-140,02,122,29-140,126.9,118.86,13.29,5.46,8.3,0.1,8.43,100.03,32.39,78.69,3.13,0.05,62.94,0.03,103.98,128.66,31,10.16,1.08
0212229-150,02,122,29-150,1200.63,230.99,58.86,16.19,17.95,3.63,40.82,497.71,76.55,758.69,24.11,7.71,141.53,6.32,893.58,322.32,248.1,46.35,10.55
0212229-160,02,122,29-160,1159.37,186.01,68.14,13.81,11.05,7.37,21.18,520.29,99.45,671.31,12.89,8.29,122.47,3.68,879.42,259.68,233.9,50.65,6.45
0212229-170,02,122,29-170,422.63,456.48,79.54,33.03,11.7,0.65,24.15,462.48,164.01,209.7,6.17,6.97,182.18,0.06,411.49,451.48,94.95,26.9,5.72
0212229-180,02,122,29-180,838.97,153.17,43.48,6.92,5.93,6.92,30.63,426.9,32.61,502,5.93,2.96,77.08,1.98,685.8,185.78,123.52,36.56,5.93
0212229-190,02,122,29-190,971.92,175.74,46.66,16.48,10.96,3.65,15.56,398.89,50.49,638.82,4.67,1.92,106.08,0.92,757.73,240.77,144.67,42.11,2.73
0212230-200,02,122,30-200,878.15,194.18,40.01,10.73,7.81,2.93,22.44,413.72,40.01,547.37,9.76,6.83,103.43,2.93,695.69,244.92,127.83,40.98,1.95
0212230-210,02,122,30-210,1372.67,361.83,99.01,20.83,11.92,4.41,36.45,800.07,87.06,777.75,13.58,9.28,180.77,5.07,1157.7,421.6,222.77,35.64,6.16
0212230-220,02,122,30-220,1071,381,92,31,21,4,34,616,127,619,24,12,196,4,834,426,228,65,12
0212230-230,02,122,30-230,585,205,57,12,8,1,20,333,76,344,7,6,105,1,470,247,113,30,5
0212230-240,02,122,30-240,550.04,184.55,67.43,9.38,12.18,5.62,15,348.53,51.54,320.43,5.62,1.88,104.01,0,459.12,209.89,127.38,27.18,1.87
0212230-250,02,122,30-250,1731.75,492.99,146.81,43.85,25.97,9.99,67.76,998.74,164.59,942.91,21.95,13.95,322.17,5.97,1386.71,644.42,286.65,98.72,6.98
0212231-300,02,122,31-300,986,307,59,34,27,7,25,461,129,605,14,12,189,5,750,395,195,50,15
0212231-310,02,122,31-310,179.25,247.63,24.3,17.91,2.26,0.14,6.83,145.26,59.18,112.14,0.11,1.39,142.02,0.05,151.22,250.29,44.96,8.44,0.09
0212231-320,02,122,31-320,209.18,110.15,6.02,14,0,1,8.01,95.12,56.05,112.09,0.01,0,79.09,0,138.15,143.15,36.04,14.01,1
0212231-340,02,122,31-340,644.32,149.26,53.15,11.19,11.19,0.93,27.04,315.18,46.64,383.22,4.67,8.39,123.12,1.86,519.38,205.2,116.56,32.64,2.8
0212231-350,02,122,31-350,802.6,762.42,103.17,73.5,15.28,4.06,49.97,641.81,192.66,470.5,8.05,6.8,441.44,0.02,757.09,762.09,170.27,43.87,0.04
0212231-360,02,122,31-360,590.12,589.91,81.05,45.6,16.63,6.47,27.18,467.91,160.68,351.27,5.39,6.1,330.99,1.91,538.39,565.95,139.84,42.25,4.19
0212231-370,02,122,31-370,422.03,594.04,54.48,25.99,2.83,5.34,24.01,353.02,119.48,248.09,4.45,2.7,357.56,0.02,379.3,565.67,99.93,22.44,2.68
0212231-380,02,122,31-380,1136.43,467.56,76.2,18.04,23.04,2,27.1,543.19,134.18,689.44,22.02,3.03,319.46,3.01,849.96,507.77,264.44,76.12,8.01
0212231-390,02,122,31-390,605,237,39,12,5,5,14,318,75,354,13,5,136,0,451,295,120,31,0
0212232-847,02,122,32-847,166.59,110.65,15.74,2.81,1.79,2.06,6.88,99.16,34.35,87.5,6.31,1.59,68.56,0.13,139.06,114.47,32.09,8.27,0.2
0212232-855,02,122,32-855,4.02,51.12,1,1,3,3.99,5.99,37.07,12,13.07,0,0,6.01,0,29.09,33.02,1.03,4,0
0213036-600,02,130,36-600,439,421,100,25,12,5,21,468,127,185,21,7,185,0,454,377,99,43,4
0213036-610,02,130,36-610,637,529,117,24,20,5,54,733,167,258,8,8,175,3,702,426,138,57,6
0213036-620,02,130,36-620,578,236,82,19,16,5,19,528,96,206,15,7,80,1,540,243,99,31,3
0213036-640,02,130,36-640,394,131,27,19,4,0,5,290,34,162,1,12,57,0,328,131,63,20,3
0213036-650,02,130,36-650,761.14,275.79,86.99,12.85,0.99,1.98,14.83,564.43,86.99,349.93,7.91,2.97,119.61,0,674.16,272.83,129.49,20.76,1.98
0213036-660,02,130,36-660,59.78,78.39,16.66,7.84,8.82,0.98,2.94,107.79,18.62,16.66,2.94,0,16.66,0.98,90.15,49,14.7,10.78,0
0213036-670,02,130,36-670,619.96,365.38,68.56,21.19,9.19,3.64,42.91,587,86.08,279.05,4.52,3,134.32,1.2,621.04,318.66,110.56,37.41,1.2
0215032-800,02,150,32-800,53,30,0,9,3,2,0,45,7,24,3,0,12,0,53,20,15,4,0
0215032-810,02,150,32-810,483,230,61,13,5,0,27,357,63,213,10,10,126,6,389,234,109,26,6
0215032-815,02,150,32-815,29.22,12.48,4.07,2,1.04,0.03,0.01,25.64,5.07,8.09,3.01,1,3.07,0,33.55,6.23,3.01,3.05,0.01
0215032-820,02,150,32-820,576.29,458.1,73.79,27.17,8.09,4.05,18.33,499.78,148.81,253.95,11.09,6.1,205.61,0,534.56,405.29,107.14,36.24,5.02
0215032-825,02,150,32-825,373.98,395.13,51.71,14.86,16.38,8.58,8.71,393.54,98.41,217.64,5.49,10.16,125.22,1.56,411.79,299.5,88.44,24.23,0.79
0215032-830,02,150,32-830,1423.73,762.77,179.5,38.98,23.53,12.37,71.96,1113.68,197.78,680.41,21.42,23.74,372.17,1.44,1282.65,775.21,264.42,56.53,5.19
0215032-835,02,150,32-835,19.79,38.59,6.93,0,2.97,1.98,0,55.41,4.95,6.93,0.99,0,5.94,0,48.48,17.81,0.99,3.96,0.99
0215032-840,02,150,32-840,23,36,18,8,0,0,8,49,9,20,3,0,12,0,58,27,9,2,0
0215032-845,02,150,32-845,63,22,2,3,1,0,3,43,5,30,1,0,9,0,52,24,11,3,1
0215838-804,02,158,38-804,0,0,0,0,0,0,0,0,0,0,0,0,0,0,0,0,0,0,0
0215838-834,02,158,38-834,29,61,8,2,5,0,20,73,12,31,0,1,6,0,69,49,6,1,0
0215838-850,02,158,38-850,29,40,15,3,23,2,6,72,5,32,1,0,8,1,74,44,2,1,0
0215839-900,02,158,39-900,25.14,80.26,8.7,9.67,6.77,0.97,12.57,90.89,13.54,19.34,0.97,0.97,15.47,0,89.93,39.65,3.87,3.87,0
0215839-904,02,158,39-904,46,157,5,3,11,0,15,143,26,46,7,0,11,0,128,86,12,2,1
0215839-910,02,158,39-910,56.86,116.74,5.3,4.33,24.23,0.03,14.43,147.11,19.46,36.66,0.03,1.03,13.53,0,133.07,73.35,3.13,5.13,0
0215839-916,02,158,39-916,60,164,3,8,13,1,16,147,34,50,2,0,6,0,174,70,11,4,0
0215839-918,02,158,39-918,21,80,3,1,6,2,6,81,9,28,1,1,0,0,86,29,3,1,0
0215839-922,02,158,39-922,40,119,3,7,17,6,11,149,12,21,0,0,16,0,119,66,3,10,0
0215839-928,02,158,39-928,3,20,4,0,3,0,5,0,0,5,2,0,31,0,22,15,1,0,0
0215839-930,02,158,39-930,16,114,14,2,23,1,8,111,14,39,5,2,8,1,113,57,5,4,0
0215839-934,02,158,39-934,39,118,0,0,3,0,5,112,13,38,0,0,10,0,101,60,9,3,0
0215839-940,02,158,39-940,26,118,12,1,17,0,18,108,24,44,1,1,12,1,102,76,7,3,0
0216437-708,02,164,37-708,16.88,9.93,0,0,1.99,0.99,0.99,22.84,0.99,2.98,0.99,0,4.97,0,20.86,8.94,3.97,0,0
0216437-716,02,164,37-716,11.62,4.1,1.95,0,1,1.24,0,14,0.24,3.95,0,0,1.24,0,14.29,4.71,1.19,0.24,0
0216437-726,02,164,37-726,66.46,60.64,8.12,4.24,5.21,0.12,7.97,94.55,6.85,32.06,1,0.36,9.94,0,81.7,54.37,9.09,0.73,0
0216437-728,02,164,37-728,15,32,24,1,2,3,1,52,4,15,1,1,4,0,51,17,9,1,0
0216437-730,02,164,37-730,19.52,29.39,11.57,4.37,1.46,0.09,8.28,45.38,7.75,9.52,0.09,0.09,8.75,1,46.92,22.09,3.3,0.37,0
0216437-738,02,164,37-738,10.54,55.36,0.88,1.76,8.79,0.88,7.03,47.45,6.15,14.94,0,2.64,14.06,0,41.3,31.63,7.91,5.27,0
0216437-740,02,164,37-740,16,3,3,1,1,2,1,14,1,11,0,0,0,1,18,5,3,0,0
0216437-742,02,164,37-742,29.12,9.07,4,2,2.01,0.01,3.01,31.16,3.01,14.02,0.01,0,1.03,0,33.14,8.06,4.03,1,0
0217007-100,02,170,07-100,745,201,75,15,25,6,34,462,63,448,13,4,85,0,614,239,174,28,8
0217007-105,02,170,07-105,588,142,17,3,6,0,17,313,47,328,5,7,49,4,470,148,92,32,5
0217007-110,02,170,07-110,817,249,44,25,14,0,36,459,97,500,7,9,90,2,689,257,169,32,9
0217007-115,02,170,07-115,647.05,154.25,54.68,1.24,11.19,8.04,15.44,359.26,39.55,379.04,21.17,6.03,73.28,2.04,507.43,193.12,119.95,46.46,5.17
0217007-120,02,170,07-120,1200.95,335.75,81.32,19.76,20.81,6.96,42.56,676.74,143.45,668.96,23.83,4.97,138.72,3.96,922.57,424.88,215.05,59.54,15.83
0217007-125,02,170,07-125,1337.18,310.61,108,29.15,17.12,5.01,32.33,720.91,109.39,763.47,23.17,15.05,147.97,6.06,1070.03,386.82,228.47,70.41,8.11
0217007-130,02,170,07-130,616,124,52,9,3,1,15,280,69,391,11,1,42,4,482,167,124,22,6
0217008-130,02,170,08-130,497,104,23,22,9,1,12,232,43,302,5,10,56,0,381,132,97,27,6
0217008-135,02,170,08-135,1087.89,216.04,66.16,11.19,11.34,10,12.29,478.8,81.43,686.13,15.29,10.11,105.37,0.08,847.06,269.47,173.33,53.08,7.29
0217008-140,02,170,08-140,1171,220,83,16,23,1,40,577,81,735,7,19,75,10,934,293,209,48,13
0217008-145,02,170,08-145,807,164,57,14,18,3,21,381,93,501,15,11,52,2,620,219,160,34,7
0217008-150,02,170,08-150,1173.21,249.59,61.26,15.4,18.14,7.13,31.9,594.36,85.14,689.21,25.29,5.21,95.63,10.17,915.49,309.49,220.2,35.22,11.23
0217008-155,02,170,08-155,1408.33,281.93,75.91,9.86,20.71,4.92,33.49,634.79,95.63,880.08,10.86,12.8,143.83,3.95,1112.53,349.02,225.75,58.19,13.81
0217009-622,02,170,09-622,1065.45,302.76,108.64,21.5,21.42,8.23,32.99,631.16,109.11,627.95,20.2,5.33,133.2,5.03,918.32,350.36,185.85,42,11.17
0217009-628,02,170,09-628,1310.6,392.78,94.74,20.72,23.69,5.92,46.38,696.75,161.85,816.16,7.9,15.79,147.05,1.97,1096.44,427.33,260.54,42.44,7.9
0217009-640,02,170,09-640,128.36,50.18,4.04,3.02,1,0,5.02,69.2,10.07,86.24,0,1,19.07,0,115.26,57.19,7.11,4.02,0
0217009-645,02,170,09-645,459.96,166.45,24.62,14.77,6.89,9.85,24.62,255.1,63.04,268.88,5.91,7.88,81.75,0,376.24,175.32,90.61,28.56,3.94
0217010-005,02,170,10-005,470,137,33,11,6,1,31,272,48,283,6,6,60,0,393,157,89,22,2
0217010-010,02,170,10-010,868,188,55,10,21,6,36,478,70,524,13,6,64,7,687,222,181,35,18
0217010-015,02,170,10-015,1085,223,78,23,20,1,39,560,76,696,8,4,100,0,850,308,209,50,17
0217010-020,02,170,10-020,686.58,154.98,44.86,7.35,12.92,0.13,11.48,336.82,54.43,427.75,11.16,4.06,53.83,2.93,502.43,209.29,127.96,41.09,10.96
0217010-025,02,170,10-025,516.48,104.09,46.67,13.6,3.9,2.91,14.58,240.27,28.23,355.94,9.72,0,48.62,0,411.38,133.29,107.95,23.36,4.87
0217010-030,02,170,10-030,505.66,178.41,61.11,13.8,2.96,1.97,9.86,280.92,85.76,297.68,14.79,8.87,67.03,5.91,441.59,189.25,80.83,22.67,3.94
0217010-035,02,170,10-035,211.98,327.87,38.63,27.74,2.97,4.95,10.9,199.1,123.82,141.65,2.97,6.93,126.79,3.96,180.28,319.95,60.42,25.75,1.98
0217010-040,02,170,10-040,203.37,53.1,15.58,6.51,3.16,2.1,5.39,112.8,20.85,111.5,6.29,1.25,32.81,2.14,180.98,51.34,34.74,9.83,0.13
0217010-045,02,170,10-045,1034.71,296.75,59.07,15.95,13.04,2.02,28.02,488.63,105.88,602.36,22.92,16.97,172.73,0.02,738.87,406.44,199.06,49.03,11.01
0217010-050,02,170,10-050,224,46,22,3,12,0,7,114,22,149,3,3,19,2,174,49,72,10,4
0217010-055,02,170,10-055,454,103,39,3,9,1,26,243,39,269,1,9,52,0,386,123,86,18,0
0217011-055,02,170,11-055,972.1,230.05,90.01,21,6,3,67.01,563.07,79.01,585.06,16,9,111.02,5,834.09,280.06,192.02,41.01,8
0217011-060,02,170,11-060,804,255,60,13,9,2,25,507,89,444,13,4,98,2,672,282,139,48,6
0217011-065,02,170,11-065,491.9,149.97,41.99,15,4,1,12,319.93,37.99,265.94,5,2,70.98,3,406.91,162.97,98.98,28.99,3
0217011-070,02,170,11-070,760.85,352.63,99.05,18.25,12.2,8.12,52.84,540.48,109.83,436.7,10.35,17.2,155.85,3.02,648.43,429.96,132.35,45.16,10.19
0217011-075,02,170,11-075,755.14,296.31,99.1,19.82,13.87,9.91,24.77,479.64,99.1,478.65,15.86,8.92,119.91,1.98,587.66,356.76,200.18,50.54,0
0217011-085,02,170,11-085,707.1,197.13,53.94,15.69,10.79,4.9,27.46,444.27,58.84,402.1,18.63,0.98,78.46,0.98,586.47,217.72,160.84,26.48,2.94
0217011-090,02,170,11-090,493,124,29,5,13,4,24,257,32,307,5,3,66,8,416,142,97,12,10
0217011-095,02,170,11-095,838.91,277.02,64.83,3.93,3.93,1.96,34.38,510.81,108.06,467.59,11.79,6.88,99.21,0,676.82,321.22,141.45,39.29,10.81
0217011-099,02,170,11-099,608,263,33,12,4,2,26,336,68,373,8,4,140,7,513,263,96,34,5
0217012-200,02,170,12-200,558.99,105,46,4,5,0,13,301,31,336.99,0,1,41,2,471.99,128,99,14,6
0217012-205,02,170,12-205,709.19,186.04,45.41,2.72,2.61,6.18,22.91,384.28,53.67,409.67,7.82,7.41,90.21,4.11,606.84,190.65,123.81,25.51,3.1
0217012-210,02,170,12-210,1158.82,213.39,82,11.85,9.88,0.99,26.67,565.09,113.61,692.53,13.83,3.95,79.03,4.94,901.97,312.18,201.53,33.59,8.89
0217012-220,02,170,12-220,1593.45,464,116.75,38.17,19.11,10.03,61.21,933.61,151.12,939.62,22.06,7.09,218.08,0.06,1358.86,491.33,283.17,91.17,22.01
0218039-902,02,180,39-902,25,86,7,2,15,7,5,88,6,40,1,0,5,0,90,39,6,8,0
0218039-906,02,180,39-906,3,8,0,0,1,0,0,11,0,2,0,0,0,0,8,4,0,0,0
0218039-908,02,180,39-908,35,51,13,0,9,1,18,57,12,41,1,3,7,0,67,46,8,2,1
0218039-912,02,180,39-912,32,147,13,3,9,1,5,125,22,44,1,6,13,0,126,64,9,8,0
0218039-914,02,180,39-914,10.97,32.39,0.96,0.02,0.08,1.76,15.2,42.26,3.7,10.85,0,0,2.76,0.02,37.73,18.29,1.8,0.92,0
0218039-920,02,180,39-920,26.68,66.97,1.15,1,2.3,1.2,2.15,75.26,12.59,19.09,0,1,5.4,0,64.76,41.19,6.1,1.2,0
0218039-924,02,180,39-924,216.71,221.68,40.76,2.98,7.95,0,15.91,272.38,51.69,132.21,0.99,5.96,26.84,0,249.52,194.84,27.83,7.95,0.99
0218039-926,02,180,39-926,288.29,281.32,42.24,22.02,12.05,0,46.09,342.62,77.31,164.79,3.01,1.04,71.16,5,319.48,250.16,73.17,16.05,6.01
0218039-932,02,180,39-932,27,192,10,0,36,6,17,144,25,95,2,1,13,0,164,100,8,10,0
0218039-936,02,180,39-936,32.32,57.03,2.85,0,5.7,3.8,2.85,62.74,11.41,20.91,0,0,7.6,0,72.24,22.81,1.9,3.8,0
0218039-938,02,180,39-938,29.23,137.03,3.53,0.98,15.87,1.78,23.91,134.4,15.1,46.91,1.77,0,8.04,1.76,109.7,80.56,9.73,8.82,1.76
0218039-942,02,180,39-942,28.09,40.85,6.81,1.7,5.96,0,1.7,45.96,3.4,28.94,0,0,2.55,0,53.62,26.38,0,2.55,0
0218039-944,02,180,39-944,15,69,12,0,16,2,21,52,6,70,0,2,2,0,89,32,5,4,0
0218039-946,02,180,39-946,19.82,39.64,1.98,5.95,1.98,0,15.85,49.54,8.92,16.84,0.99,0,7.93,0,35.67,38.64,2.97,1.98,0
0218039-948,02,180,39-948,104.17,152.95,25.06,2,8.02,0,23.02,202.95,15.11,69.06,3,0,16.06,1.02,193.77,98.32,9.04,1.04,2
0218039-950,02,180,39-950,6.7,31.98,1.21,16.05,2.93,0.1,5.39,34.83,8.88,11.73,0.1,0,9.46,0.1,29.39,28.69,2.57,3.52,0.1
0218039-952,02,180,39-952,22.03,40.61,4.04,0.98,3.92,0.24,14.8,51.74,9.3,16.15,0,0,6.24,0.98,44.27,36.71,2.2,2.08,0
0218540-004,02,185,40-004,23.22,71.14,12,4,8,0,8.02,57.05,15.07,41.18,4,1,8.05,0,71.22,41.09,9.05,6,0
0218540-006,02,185,40-006,21,43,5,1,4,1,3,45,3,22,1,1,3,0,47,20,6,4,0
0218540-008,02,185,40-008,146,206,11,11,8,6,24,230,40,74,6,0,49,0,214,138,27,13,6
0218540-010,02,185,40-010,388,474,34,24,35,7,51,585,100,155,12,2,119,7,566,309,62,21,13
0218540-016,02,185,40-016,38.02,35.42,2.05,5.03,11.05,1,2,57.45,9.44,12.35,1.02,0,12.29,0,50.29,28.05,11.11,3.06,0
0218540-030,02,185,40-030,33.38,44.84,11.2,2.05,14.18,1.05,27.05,63.38,15.46,37.64,0,2.02,14.22,0,80.47,36.03,10.24,5.01,1
0218540-032,02,185,40-032,50,114,11,0,8,0,2,108,21,42,0,1,9,0,105,59,10,8,0
0218540-034,02,185,40-034,15.09,30.16,2.03,3,16.04,0,11.02,41.2,9.03,21.09,0,0,6.03,0,49.22,22.1,4.02,1.01,1
0218540-040,02,185,40-040,88,68,3,1,16,5,14,106,4,59,1,0,20,0,127,42,15,2,1
0218840-002,02,188,40-002,11.71,68.32,6.83,1.95,5.86,1.95,0.98,47.82,17.57,22.45,0,0.98,7.81,0,50.75,38.06,8.78,0,0
0218840-012,02,188,40-012,26,79,10,10,9,1,17,99,18,26,2,0,6,0,90,40,12,6,0
0218840-014,02,188,40-014,6.25,47.35,0.28,4.02,4.22,2.11,4.84,40.23,7.11,18.51,0.14,0,5.57,0.14,41.24,25.11,3.73,1.68,0.14
0218840-018,02,188,40-018,40.34,74.74,5.05,0,7.03,0.01,12.06,79.58,20.11,18.45,2.03,1,15.02,2,89.78,42.34,4.05,2.01,0
0218840-020,02,188,40-020,25,73,3,0,20,2,19,77,19,32,2,0,11,0,92,42,8,1,0
0218840-022,02,188,40-022,7,18,5,0,13,1,8,21,4,22,0,0,3,0,38,8,6,0,0
0218840-024,02,188,40-024,291,451,50,23,34,8,43,493,80,206,12,2,77,1,470,343,42,18,1
0218840-026,02,188,40-026,43.82,80.67,13.94,1,18.92,1.99,10.96,98.6,15.94,44.82,1,0,13.94,0,109.55,47.81,11.95,4.98,0
0218840-028,02,188,40-028,48,91,11,2,17,1,11,106,20,38,0,4,6,1,107,51,12,3,1
0218840-036,02,188,40-036,43.66,94.26,6.95,0,3.97,0.99,7.94,74.42,13.89,57.55,3.97,0,1.98,0,100.22,43.66,5.95,0.99,0
0218840-038,02,188,40-038,10,79,1,0,4,0,4,66,16,16,0,1,0,0,60,35,2,0,0
0219535-700,02,195,35-700,0,0,0,0,0,0,0,0,0,0,0,0,0,0,0,0,0,0,0
0219535-730,02,195,35-730,6.73,8.18,1.01,0.57,1.01,0.76,0,10.01,2.58,3.78,0.38,0,1.76,0,8.56,6.36,2.27,0.69,0
0219535-755,02,195,35-755,910.9,563.08,89.69,59.8,15.95,8.97,50.83,894.95,196.33,327.88,8.97,13.95,205.3,3.99,799.28,546.14,188.36,69.76,9.97
0219835-705,02,198,35-705,360.57,207.6,29.23,17.55,8.77,5.85,25.34,309.93,103.29,152.04,13.65,1.95,54.57,3.9,304.07,222.2,76.99,27.28,6.82
0219835-730,02,198,35-730,100.27,121.82,14.99,8.43,14.99,11.24,0,148.99,38.42,56.22,5.62,0,26.24,0,127.44,94.64,33.73,10.31,0
0219835-735,02,198,35-735,9.64,5.26,7.89,0.88,0.88,0,1.75,13.15,3.51,8.77,2.63,0,1.75,0,11.4,8.77,5.26,2.63,0
0219835-740,02,198,35-740,230.43,182.4,16.77,28.45,13.23,0.15,13.66,257.07,58.71,117.96,12.35,2.05,24.43,0.1,240.93,162.8,52.01,14.72,4.18
0219835-745,02,198,35-745,84,41,11,6,7,0,3,71,31,38,3,1,5,0,88,49,12,2,2
0219835-755,02,198,35-755,3.1,1.92,0.31,0.2,0.05,0.03,0.17,3.05,0.67,1.12,0.03,0.05,0.7,0.01,2.72,1.86,0.64,0.24,0.03
0219835-760,02,198,35-760,25,15,0,3,0,0,0,19,11,7,1,0,5,0,17,14,8,2,0
0219835-780,02,198,35-780,222.36,30.74,8.11,6.12,4.12,5,13.25,116.85,18.49,109.23,5.37,1,18.25,7,176.6,44.23,39.74,14.37,4
0219836-670,02,198,36-670,11.76,6.02,1.23,0.35,0.04,0.02,0.76,10.22,1.41,5.12,0.04,0.04,2.64,0.02,10.9,5.74,2.09,0.68,0.02
0219836-675,02,198,36-675,19.99,99.95,1,8,2,1,1,53.98,34.98,29.99,0,0,10,1,49.98,64.97,9,6,0
0219836-680,02,198,36-680,189.37,288.45,33.56,16.78,27.97,10.39,25.57,355.57,67.92,118.26,9.59,4,24.77,0.8,358.77,159.81,35.16,18.38,0.8
0222035-765,02,220,35-765,995.61,988.62,108.74,65.84,25.94,12.97,58.86,1018.55,372.11,509.77,12.97,13.97,276.34,0,1007.58,902.83,204.51,69.83,0
0222035-770,02,220,35-770,819.39,1140.38,98.26,60.16,22.06,10.03,57.14,949.45,413.89,406.23,11.03,11.03,386.66,4,862.42,1015.17,183.49,47.17,4
0223033-540,02,230,33-540,226.88,439.83,58.71,37.81,6.97,3.98,45.77,308.48,210.96,98.51,3.98,1,190.06,0,257.73,415.95,102.5,22.89,0
0224006-015,02,240,06-015,26.93,6.25,0.48,0,0,0,0.96,20.68,1.44,6.73,1.44,0,3.37,0.96,23.09,5.29,1.92,1.92,0.96
0224006-027,02,240,06-027,55.2,8.72,2.91,0,0,0,0,30.99,0,32.93,0.97,0,0.97,0,53.26,2.91,8.72,0.97,0
0224006-030,02,240,06-030,85.8,44.9,1,2,2.99,0,2.99,49.88,15.96,54.87,1,1,13.97,0,84.8,42.9,3.99,3.99,0
0224006-053,02,240,06-053,5.39,11.1,0.95,0,0.63,0,0.32,8.24,2.22,5.07,0,0,2.54,0,11.41,5.07,1.27,0.32,0
0224006-060,02,240,06-060,44.44,57.74,0.07,0.94,0.99,0.94,2.82,79.1,6.74,21.06,0,0.94,5.65,0,90.39,21.91,2.96,0.07,0
0224006-075,02,240,06-075,4,35,3,0,2,0,0,25,7,4,0,1,5,1,22,20,1,0,2
0224006-085,02,240,06-085,8.8,55.73,2.93,0,1.96,0,0,43.02,6.84,15.64,0,0,0,0,43.02,11.73,5.87,2.93,0
0224006-090,02,240,06-090,511,160,38,12,11,1,25,312,74,273,19,13,43,1,406,193,91,33,5
0224009-600,02,240,09-600,1289.89,229.41,81.78,22.91,15.94,1.99,25.9,684.41,102.61,704.39,18.96,24.91,78.73,4.98,1023.84,274.05,254.32,42.87,5.98
0224009-608,02,240,09-608,415.01,59,21,9,3,0,19,227,35,220,10,3,21,3,351.01,60,77,10,8
0227536-690,02,275,36-690,750,269,51,19,9,4,19,646,85,271,8,5,75,1,704,257,96,24,6
0228232-850,02,282,32-850,0.49,1.48,0.25,0,0.41,0.16,0.16,2.06,0.16,0.49,0,0.08,0,0,2.06,0.25,0.25,0.25,0
0228232-860,02,282,32-860,136,162,24,8,0,0,13,155,53,78,2,1,49,0,166,141,20,10,0
0229006-007,02,290,06-007,0.98,92.58,2.95,1.97,2.95,0,0,29.55,28.56,22.65,0.98,0,18.71,0,18.71,67.95,6.89,3.94,0
0229006-010,02,290,06-010,5,37,2,0,1,0,0,23,2,11,0,0,7,0,19,18,3,1,0
0229006-015,02,290,06-015,36.8,24.98,3,1.49,0.33,0.18,1.77,32.84,7.99,12.54,1.81,0.03,11.76,1.22,33.25,24.07,4.75,2.97,1.22
0229006-023,02,290,06-023,13,35,0,0,0,0,0,16,3,19,0,0,5,0,24,20,1,0,0
0229006-024,02,290,06-024,0.99,0.42,0.07,0,0,0,0,0.62,0.26,0.45,0,0,0.19,0,0.82,0.44,0.19,0.01,0
0229006-030,02,290,06-030,0.2,0.1,0,0,0.01,0,0.01,0.12,0.04,0.13,0,0,0.03,0,0.2,0.1,0.01,0.01,0
0229006-033,02,290,06-033,63,225,5,5,0,4,0,142,28,56,0,0,60,0,183,91,9,1,0
0229006-050,02,290,06-050,59.03,10.82,0.98,0,1.97,0,0.98,28.53,5.9,30.5,0,0,8.85,0.98,40.34,19.68,12.79,2.95,0
0229006-054,02,290,06-054,28.97,56.18,5.02,3,10.03,4,0.02,59.47,22.1,16.5,3,0,5.15,0.02,36.66,47.32,17.21,5.05,0
0229006-056,02,290,06-056,253.86,108.29,20.64,12,11,1.64,34.86,223.5,37.93,119.43,6.21,5.43,38.93,1,241.36,111,52.14,24.14,2
0229006-070,02,290,06-070,0,9,3,0,1,0,0,8,0,5,0,0,0,0,5,7,1,0,0
0229006-080,02,290,06-080,23,125,12,1,0,0,3,105,19,18,1,1,11,0,60,67,16,1,0
0229006-095,02,290,06-095,4.09,109.06,1,0,5,0,0.01,52.02,31.03,18.07,0,0,17.02,0,50.09,57.04,5.02,1,0
0229037-300,02,290,37-300,11.23,36.96,1.23,3.11,4.71,0.07,2.24,31.95,4.48,7.21,0.13,0.07,11.49,0,38.36,15.79,3.07,0.23,0
0229037-302,02,290,37-302,20.63,33.73,11.22,0.01,4.69,0.93,1.87,43.09,3.74,19.7,1.87,0.93,4.68,0,56.18,15.95,0.93,0.94,0
0229037-304,02,290,37-304,17.01,65.25,5,1,3,0,3,61.2,9.01,23.01,0,0,3.04,0,55.16,31.08,4.04,3,1
0229037-306,02,290,37-306,72.19,46.25,16.94,0,0.56,2,0.56,72.56,11.06,35.12,0,4,17.31,0,86.25,36.44,12.19,3.56,0
0229037-308,02,290,37-308,13.81,22.75,4.06,0,2.44,0,2.44,28.44,8.94,4.88,0,0,5.69,0,22.75,23.56,0.81,2.44,0
0229037-310,02,290,37-310,0.99,20.75,0,0,0,0,0,16.8,0.99,0.99,0,0,2.96,0,12.84,6.92,2.96,0,0
0229037-312,02,290,37-312,9,1,4,0,0,0,0,8,0,4,0,0,1,0,5,4,3,0,0
0229039-314,02,290,39-314,86.35,115.13,14.89,1.99,1.99,0.99,12.9,153.84,22.83,31.76,0,0.99,13.9,0,131.01,62.53,15.88,10.92,0
0229039-316,02,290,39-316,17.65,84.87,1.11,2.01,9.01,0.01,8.1,62.16,11.17,28.24,0,1.01,24.1,0,65.99,43.47,14.12,2.08,2
0229039-318,02,290,39-318,7.18,39.51,2.69,0,0.9,0,0.9,39.51,4.49,2.69,0,0,2.69,0.9,32.32,13.47,1.8,1.8,0
0229039-320,02,290,39-320,2,38,9,0,3,0,0,43,3,3,0,0,2,0,26,24,2,0,0
0229039-322,02,290,39-322,16.65,65.55,2.24,2,4.08,1,4.08,78.55,9.4,14.24,1,0,2.24,0.08,70.9,28.21,4.16,0.16,0
0229039-324,02,290,39-324,13,42,2,0,3,0,2,33,3,14,0,0,13,0,35,22,1,1,0
0229039-942,02,290,39-942,3.06,4.45,0.74,0.19,0.65,0,0.19,5.01,0.37,3.15,0,0,0.28,0,5.84,2.87,0,0.28,0
0229040-326,02,290,40-326,8,76,6,0,1,0,0,67,11,13,0,0,2,0,46,38,1,1,0
0229040-328,02,290,40-328,11.7,7.8,0,0,0,0,0.97,2.92,3.9,9.75,0,0,2.92,0,11.7,4.87,2.92,0,0
0229040-330,02,290,40-330,4,26,3,0,8,1,2,29,5,11,0,0,0,0,30,8,1,3,0
