GEOID20,STATEFP,COUNTYFP,DISTRICT,G20PREDBID,G20PRERTRU,G20PRELJOR,G20PREGHAW,G20PREOWRI
0900101-001,09,001,01-001,895.58,506.19,11.68,4.87,0
0900101-002,09,001,01-002,1370.02,1170.02,26,8,3
0900101-003,09,001,01-003,2064,1656,36,21,0
0900101-004,09,001,01-004,1697.42,1146.81,32.32,14.13,0
0900101-005,09,001,01-005,238.58,250.37,7.85,2.95,0
0900101-006,09,001,01-006,4.39,4.61,0.14,0.05,0
0900101-007,09,001,01-007,332,87,2,3,0
0900101-008,09,001,01-008,2026,474,6,4,0
0900101-009,09,001,01-009,1989.97,238.3,7.54,5.97,2.18
0900101-010,09,001,01-010,1478.03,284.58,35.57,9.78,1.78
0900101-011,09,001,01-011,701.11,191.86,5.37,1.22,1.21
0900101-012,09,001,01-012,1584.56,279.92,10.1,6.02,4.03
0900101-013,09,001,01-013,1473,373,3,7,4
0900101-014,09,001,01-014,625,142,4,1,0
0900101-015,09,001,01-015,1334.33,420.22,10.52,3.76,3.76
0900101-016,09,001,01-016,1957.61,262.09,7.03,7.01,6
0900101-017,09,001,01-017,3075,1094,16,26,2
0900101-018,09,001,01-018,161,48,0,0,0
0900101-019,09,001,01-019,2260,985,18,14,7
0900101-020,09,001,01-020,2151.05,353.41,5.22,8.11,3.07
0900101-021,09,001,01-021,1559.95,380.59,5.78,2.89,1.93
0900101-022,09,001,01-022,2152,778,28,14,5
0900101-023,09,001,01-023,2026,609,15,9,2
0900101-024,09,001,01-024,403.24,80.44,1.53,2.55,0
0900101-025,09,001,01-025,388.76,77.56,1.47,2.45,0
0900101-026,09,001,01-026,1038.93,220.01,5.24,7.01,0.02
0900101-028,09,001,01-028,1051,163,4,2,0
0900101-029,09,001,01-029,324.69,60.72,1,1.51,1
0900101-030,09,001,01-030,349.81,65.82,1.13,1.68,1
0900101-031,09,001,01-031,569.72,108.94,0.97,3.75,0.03
0900101-032,09,001,01-032,1487.28,335.06,4.03,6.25,1.97
0900101-033,09,001,01-033,1046,174.12,1.89,3.24,3.04
0900101-034,09,001,01-034,2081,2112,42,19,1
0900101-035,09,001,01-035,3322.14,3092.72,68.53,19.86,3.97
0900101-036,09,001,01-036,235,120,4,0,0
0900101-037,09,001,01-037,122,59,2,0,0
0900101-038,09,001,01-038,2400,1911,58,11,0
0900101-039,09,001,01-039,619,445,12,2,0
0900101-040,09,001,01-040,1091,736,16,7,1
0900101-041,09,001,01-041,823,766,14,4,0
0900101-042,09,001,01-042,279,281,4,3,0
0900101-043,09,001,01-043,2727,2183,33,12,1
0900101-044,09,001,01-044,1043,609,8,9,0
0900101-045,09,001,01-045,1531.16,853.75,11.7,10.29,0
0900101-046,09,001,01-046,771.49,461.87,10.07,8.93,0.02
0900101-047,09,001,01-047,219,101,1,1,0
0900101-048,09,001,01-048,1074.84,613.25,11.3,4.71,0
0900101-049,09,001,01-049,1278.61,943.25,18.58,6.35,0
0900101-050,09,001,01-050,1193.1,449.12,10.19,6.11,0
0900101-051,09,001,01-051,943.33,615.5,8.97,3.93,0.97
0900101-052,09,001,01-052,205,160,3,0,0
0900101-053,09,001,01-053,283.22,133.58,4.23,2.54,0
0900101-054,09,001,01-054,2007.52,1331.61,30.85,7.98,0.01
0900101-055,09,001,01-055,1479.27,956.12,36.43,6.62,0
0900101-056,09,001,01-056,1131.75,748.01,34.09,6.82,0
0900101-057,09,001,01-057,1262.22,775.62,29.49,7.86,0
0900101-058,09,001,01-058,1306.04,760.91,31.63,7.13,0
0900101-059,09,001,01-059,1431.82,874.14,29.81,10.99,0
0900101-060,09,001,01-060,1233.91,786.75,11.76,7.39,0
0900101-061,09,001,01-061,2772.42,2174.41,45.92,18.97,3
0900101-062,09,001,01-062,2553.52,1510.93,64.03,8,0
0900101-063,09,001,01-063,2025.84,1246.14,34.84,5.99,1
0900101-064,09,001,01-064,2496.22,1451.51,42.21,12.04,0.01
0900101-065,09,001,01-065,2653.59,1097.84,41.02,14.01,0
0900101-066,09,001,01-066,2140.41,1130.16,21.98,19.99,2
0900101-067,09,001,01-067,1890.57,1063.45,23.63,12.8,0.98
0900101-068,09,001,01-068,1501,747,21,6,0
0900101-069,09,001,01-069,2495.74,1298.18,34.67,8.26,1.98
0900101-070,09,001,01-070,2521.95,1229.39,45.26,13.05,2.02
0900101-071,09,001,01-071,2557.32,1264.43,48.07,15.7,0
0900101-072,09,001,01-072,2064.59,823.72,20.17,4.08,2
0900101-073,09,001,01-073,280,186,2,1,0
0900101-074,09,001,01-074,1300.73,815.43,29.65,9.88,0.99
0900101-075,09,001,01-075,1013.67,566.86,17.17,7.04,0.02
0900101-076,09,001,01-076,1261,710,13,2,0
0900101-077,09,001,01-077,369,289,2,1,1
0900101-078,09,001,01-078,995,495,24,4,1
0900101-079,09,001,01-079,922,390,13,4,6
0900101-080,09,001,01-080,1848,782,30,10,0
0900101-081,09,001,01-081,307,143,5,4,0
0900101-082,09,001,01-082,613,442,8,5,2
0900101-083,09,001,01-083,1238,706,22,6,0
0900101-084,09,001,01-084,2380,1564,190,3,1
0900101-085,09,001,01-085,1808,1312,15,11,0
0900101-086,09,001,01-086,1717,1346,25,5,1
0900101-087,09,001,01-087,1419,859,28,4,2
0900101-088,09,001,01-088,684.2,494.31,14.68,0.98,0
0900101-089,09,001,01-089,2008,1334,29,12,1
0900101-090,09,001,01-090,2049.65,1948.97,35.06,17.02,0
0900101-091,09,001,01-091,948.23,895.68,24.49,5.14,0
0900101-092,09,001,01-092,968.77,1106.32,27.51,7.86,0
0900101-093,09,001,01-093,1876.04,2041.79,41.07,17.02,0.01
0900101-094,09,001,01-094,3857,2616,84,17,0
0900101-095,09,001,01-095,2281,1416,53,8,2
0900101-096,09,001,01-096,1160,823,32,12,4
0900101-097,09,001,01-097,3442.03,3635.79,67.89,14.96,0.99
0900101-098,09,001,01-098,655,700,27,1,2
0900101-099,09,001,01-099,3078.48,2239.35,72.43,20.13,6.02
0900101-100,09,001,01-100,139,82,3,0,1
0900101-101,09,001,01-101,3314.68,2600.83,57.96,20.96,1.97
0900101-102,09,001,01-102,1785.98,1304.98,30,14,1
0900101-103,09,001,01-103,1120.33,895.27,30.87,10.95,2.99
0900101-104,09,001,01-104,274,191,6,3,0
0900101-105,09,001,01-105,3642.84,1605.1,40.41,26.15,0
0900101-106,09,001,01-106,2018.76,603.53,24.64,8.89,0
0900101-107,09,001,01-107,2852.41,1264.3,21.99,18.99,2
0900101-108,09,001,01-108,2116.99,818.07,15.96,9.98,0
0900101-109,09,001,01-109,2859.44,597.44,19.01,8.01,0
0900101-110,09,001,01-110,1140.56,348.56,4.99,7.99,0
0900101-111,09,001,01-111,2835.21,1005.08,48.28,21.06,1
0900101-112,09,001,01-112,2744,1506,45,18,0
0900101-113,09,001,01-113,2652.76,1591.62,30.97,11.99,0
0900101-114,09,001,01-114,2596.24,1375.38,32.03,7.01,1
0900101-115,09,001,01-115,1829,1142,25,15,1
0900101-116,09,001,01-116,2134.33,1475.81,47.55,13.2,0
0900101-117,09,001,01-117,2554,1317,37,16,3
0900101-118,09,001,01-118,1367.62,785.76,29.71,8.57,2.05
0900101-119,09,001,01-119,3718.47,1973.71,81.15,24.04,3
0900101-120,09,001,01-120,3232.77,1881.31,65.41,15.11,5.01
0900101-121,09,001,01-121,2800.65,1525.36,54.67,15.35,1.92
0900101-122,09,001,01-122,456.22,272.94,10.18,0.1,0.02
0900101-123,09,001,01-123,2561.77,3573.65,58.13,25.02,1.99
0900101-124,09,001,01-124,3029,2892.12,53.97,23.15,2.07
0900101-125,09,001,01-125,582.45,626.76,18.2,3.09,0.01
0900101-126,09,001,01-126,2414.47,2503.96,27.07,15.87,0.93
0900101-127,09,001,01-127,2269,3169,49,25,5
0900101-128,09,001,01-128,1237.97,1083.21,22.11,4.04,0.01
0900101-129,09,001,01-129,1954.38,604.69,38.01,6.01,0
0900101-130,09,001,01-130,1554,483,21,19,0
0900101-131,09,001,01-131,1562.21,837.99,17.16,11.74,0
0900101-132,09,001,01-132,167.79,90.01,1.84,1.26,0
0900101-133,09,001,01-133,1328,484,14,7,0
0900101-134,09,001,01-134,825.96,354.74,11.87,7.47,0
0900101-135,09,001,01-135,1053.04,452.26,15.13,9.53,0
0900101-136,09,001,01-136,1767.55,591.12,22.57,10.92,0
0900101-137,09,001,01-137,530.3,176.79,6.83,3.27,0.01
0900101-138,09,001,01-138,2549.15,755.09,42.6,13.82,0.99
0900101-140,09,001,01-140,305,113,3,1,0
0900101-141,09,001,01-141,0,0,0,0,0
0900101-142,09,001,01-142,1769,524,13,6,0
0900101-143,09,001,01-143,3525,722,19,17,0
0900101-144,09,001,01-144,1008,322,7,6,0
0900101-145,09,001,01-145,85.18,40.01,0.95,0.55,0
0900101-146,09,001,01-146,989.82,464.99,11.05,6.45,0
0900101-147,09,001,01-147,1756,1079,23,12,0
0900101-148,09,001,01-148,2380,1305,31,13,1
0900101-149,09,001,01-149,2314.78,1037.38,25.51,8.14,2
0900101-150,09,001,01-150,1318,896,22,4,0
0900101-151,09,001,01-151,2143.94,1334.65,19.13,12.35,2.05
0900101-152,09,001,01-152,1534,994,17,8,0
0900101-153,09,001,01-153,1807,1338,26,13,4
0900101-154,09,001,01-154,723.48,435.3,13.85,2.6,0
0900101-155,09,001,01-155,112.52,67.7,2.15,0.4,0
0900101-156,09,001,01-156,1871.56,994.63,25.43,10.17,1.45
0900101-157,09,001,01-157,644.31,342.41,8.75,3.5,0.5
0900101-158,09,001,01-158,1127,542,19,3,0
0900101-159,09,001,01-159,1589.66,1133.17,24.51,18.25,0
0900101-160,09,001,01-160,1040.75,611.27,12.45,6.45,0
0900101-161,09,001,01-161,1762.3,340.21,10.69,8.75,0
0900101-162,09,001,01-162,693.98,377.4,4.75,4.76,0
0900101-163,09,001,01-163,1233.25,620.02,9.69,12.59,0
0900101-164,09,001,01-164,1198.58,840.39,13.88,12.03,0
0900101-165,09,001,01-165,1738,1238,19,12,0
0900101-166,09,001,01-166,1881.84,1394.2,24.3,8.07,0
0900101-167,09,001,01-167,1077.25,935.19,11,11,0
0900101-168,09,001,01-168,1561.75,1210.81,13,16,0
0900101-171,09,001,01-171,2880.04,2471.64,43.08,24.02,0
0900101-172,09,001,01-172,635.04,506.64,11.94,5.97,1
0900101-173,09,001,01-173,2012.34,1362.27,36.03,15.02,3
0900101-174,09,001,01-174,2828.28,2455.91,72.08,16.02,3
0900101-175,09,001,01-175,3561.69,2377.45,67.84,14.97,0
0900101-176,09,001,01-176,1953,668,29,11,0
0900101-177,09,001,01-177,2780,1012,55,14,6
0900101-178,09,001,01-178,1560.9,479.55,30.76,4.73,0
0900101-179,09,001,01-179,417.18,128.17,8.22,1.26,0
0900101-180,09,001,01-180,1472.7,479.82,24.55,5.12,0.51
0900101-181,09,001,01-181,1837.79,594.13,33.25,6.77,0
0900101-182,09,001,01-182,1164,365,13,8,0
0900101-183,09,001,01-183,248.55,79.73,3.17,0.45,0
0900101-184,09,001,01-184,1470,458,20,5,0
0900101-185,09,001,01-185,365.1,142.09,4.34,1.18,0
0900101-186,09,001,01-186,2605,1259,59,17,1
0900101-187,09,001,01-187,2735.3,1381.67,69.06,17.02,1
0900101-188,09,001,01-188,2304.36,1162.53,40.39,14.78,0
0900101-189,09,001,01-189,815,260.31,10,5,0
0900101-190,09,001,01-190,740.59,292.68,5.93,7.91,0
0900101-191,09,001,01-191,1406.3,458.18,23.45,4.88,0.49
0900101-192,09,001,01-192,559.9,217.91,6.66,1.82,0
0900101-193,09,001,01-193,1766.62,884.31,18.99,6.99,1
0900101-194,09,001,01-194,318.67,155.54,3.79,0,0
0900101-195,09,001,01-195,181,70,1,1,0
0900101-196,09,001,01-196,280.75,181.98,3.31,0.41,0
0900101-197,09,001,01-197,546.47,310.02,10.98,3.86,0
0900101-198,09,001,01-198,720,559,5,4,0
0900101-199,09,001,01-199,1398.37,448.55,17.85,2.55,0
0900101-200,09,001,01-200,1147.22,370.88,20.75,4.23,0
0900303-001,09,003,03-001,2866,1875,61,18,0
0900303-002,09,003,03-002,2105.97,1153.47,50.03,14.01,1
0900303-003,09,003,03-003,2328,1441,58,17,0
0900303-004,09,003,03-004,701,772,14,3,0
0900303-005,09,003,03-005,1522.37,1554.41,40.95,11.99,0
0900303-006,09,003,03-006,1283.27,1359.21,20.99,6.24,0
0900303-007,09,003,03-007,876.33,1183.78,22.52,9.79,0.98
0900303-008,09,003,03-008,1652.35,1829.04,38.08,10.1,0.02
0900303-009,09,003,03-009,1773.86,527.66,22.99,3,0
0900303-010,09,003,03-010,2274.78,333.49,21.1,7.14,0.03
0900303-011,09,003,03-011,2015.2,138.91,4.96,5.88,1.96
0900303-012,09,003,03-012,2250.21,362.8,11.06,9.06,0.05
0900303-013,09,003,03-013,2691.81,334.8,17.88,8.92,1.96
0900303-014,09,003,03-014,1920.28,1621.03,29.8,12.91,3.97
0900303-015,09,003,03-015,1881.72,1766.97,42.2,15.09,5.03
0900303-016,09,003,03-016,1811.18,1559.49,49.2,11.06,5.01
0900303-017,09,003,03-017,1056.62,938.41,27.14,7.38,2.06
0900303-018,09,003,03-018,1516.09,1652.1,30,12,3
0900303-019,09,003,03-019,1463.91,1700.9,48,14,2
0900303-020,09,003,03-020,1908.41,1575.24,48.14,14.09,0.01
0900303-021,09,003,03-021,1754.59,1162.76,25.86,15.91,0.99
0900303-022,09,003,03-022,2149.2,1857.11,56.66,18.56,2.93
0900303-023,09,003,03-023,3099,3034,76,22,2
0900303-024,09,003,03-024,3860.88,2651.25,96.57,22.9,1.99
0900303-025,09,003,03-025,1767.72,1385.13,54.32,14.8,0
0900303-026,09,003,03-026,2473.82,594.35,16.73,3.94,0
0900303-027,09,003,03-027,1678.11,675.37,11.99,5.92,0
0900303-028,09,003,03-028,1535.07,468.29,13.29,8.14,1
0900303-029,09,003,03-029,2781,724,12,20,0
0900303-030,09,003,03-030,1922.38,810.1,17.89,8.95,0
0900303-031,09,003,03-031,2176,1021.61,120.13,8.06,1
0900303-032,09,003,03-032,2222,1231,35,12,0
0900303-033,09,003,03-033,634.03,542.89,29.4,1.96,0
0900303-034,09,003,03-034,838.97,698.11,25.6,7.04,1
0900303-035,09,003,03-035,1535,1300,27,11,0
0900303-036,09,003,03-036,529.12,451.39,5.23,4.06,0.01
0900303-037,09,003,03-037,2406.55,2223.34,54.76,20.91,3.98
0900303-038,09,003,03-038,2245.23,1489.54,62.56,17.87,3.97
0900303-039,09,003,03-039,828,532,16,6,0
0900303-040,09,003,03-040,2253.45,2013.66,56.24,20.09,0.02
0900303-041,09,003,03-041,2642.63,2268.05,66.21,16.06,3.01
0900303-042,09,003,03-042,358.02,320.02,11,0,0
0900303-043,09,003,03-043,2280.23,1193.99,34.28,14.69,0
0900303-044,09,003,03-044,108.44,66.28,5.04,0.02,0
0900303-045,09,003,03-045,565.6,351.78,12.81,4.93,0
0900303-046,09,003,03-046,652,511,11,0,0
0900303-047,09,003,03-047,1057,704,31,8,0
0900303-048,09,003,03-048,2805.38,1965.31,64.69,10.69,2.04
0900303-049,09,003,03-049,2138.95,1362.42,43,17.6,0.96
0900303-050,09,003,03-050,3223.29,1662.5,51.83,17.6,0
0900303-051,09,003,03-051,192.55,149.12,3.48,1.13,0
0900303-052,09,003,03-052,542.45,311.88,10.52,2.87,0
0900303-053,09,003,03-053,1521.37,925.18,43.09,14.07,0
0900303-054,09,003,03-054,2386.25,1560.18,67.36,15.81,0.03
0900303-056,09,003,03-056,3213.5,1645.04,56.69,18.9,0
0900303-057,09,003,03-057,3712.9,2871.32,121.39,32.41,3.09
0900303-058,09,003,03-058,230.17,228.33,13.81,1.84,1.84
0900303-059,09,003,03-059,93,12,2,2,0
0900303-060,09,003,03-060,1695,88,4,3,0
0900303-061,09,003,03-061,1650,180,6,12,0
0900303-062,09,003,03-062,899,153,10,3,0
0900303-063,09,003,03-063,1434,215,17,19,0
0900303-064,09,003,03-064,10.04,2.37,0.02,0.02,0
0900303-065,09,003,03-065,1087,65,4,3,0
0900303-066,09,003,03-066,0,0,0,0,0
0900303-067,09,003,03-067,1880,81,4,5,0
0900303-068,09,003,03-068,1713,72,2,8,0
0900303-069,09,003,03-069,690,81,6,11,0
0900303-070,09,003,03-070,735.25,91.29,4.96,3.97,0
0900303-071,09,003,03-071,345.05,40.33,1.49,5.23,0
0900303-072,09,003,03-072,116.95,13.67,0.51,1.77,0
0900303-073,09,003,03-073,1306.59,273.49,3.99,2,0
0900303-074,09,003,03-074,927.11,230.29,1.99,1.99,0
0900303-075,09,003,03-075,1561.26,309.85,2,3,0
0900303-076,09,003,03-076,1534,314,6,6,0
0900303-077,09,003,03-077,1500,319,9,5,0
0900303-078,09,003,03-078,1227,211,6,4,0
0900303-079,09,003,03-079,1251,358,10,3,1
0900303-080,09,003,03-080,1115.37,239.7,0.03,4.02,0
0900303-081,09,003,03-081,943,189,3,8,0
0900303-082,09,003,03-082,1275.63,203.3,7.97,4.98,0
0900303-083,09,003,03-083,936.75,164.71,14.04,8.03,0
0900303-084,09,003,03-084,426,59,0,1,0
0900303-085,09,003,03-085,1949,150,9,6,0
0900303-086,09,003,03-086,457,818,11,5,1
0900303-087,09,003,03-087,1698.88,656.95,34,10,2
0900303-088,09,003,03-088,3463.22,1273.71,48.94,15.13,0.02
0900303-089,09,003,03-089,2218.58,1193.95,45.69,7.06,0.99
0900303-090,09,003,03-090,3100.12,1157.05,53,18,2
0900303-091,09,003,03-091,1760.17,858.73,42.99,13.08,1.04
0900303-092,09,003,03-092,1551,934,33,11,6
0900303-093,09,003,03-093,1945.84,1138.56,35.8,8.96,0.99
0900303-094,09,003,03-094,2149.16,808.44,27.2,12.04,1.01
0900303-095,09,003,03-095,1568.02,508.61,33.38,14.73,2.95
0900303-096,09,003,03-096,2119,1861,68,11,3
0900303-097,09,003,03-097,1424,561,17,13,0
0900303-098,09,003,03-098,1131,513,6,7,0
0900303-099,09,003,03-099,1088,435,15,3,0
0900303-100,09,003,03-100,316,169,3,0,0
0900303-101,09,003,03-101,546,153,7,5,0
0900303-102,09,003,03-102,111,38,0,1,0
0900303-103,09,003,03-103,118,40,0,0,0
0900303-104,09,003,03-104,654,265,5,3,0
0900303-105,09,003,03-105,994,361,7,6,0
0900303-106,09,003,03-106,887,338,12,4,0
0900303-107,09,003,03-107,1053,461,14,5,0
0900303-108,09,003,03-108,594,259,18,3,0
0900303-109,09,003,03-109,1244.95,784.94,23.18,12.07,0
0900303-110,09,003,03-110,1922.39,1100.72,35.84,11.95,0
0900303-111,09,003,03-111,331.06,189.56,6.17,2.06,0
0900303-112,09,003,03-112,975,563,8,13,0
0900303-113,09,003,03-113,1512,683,16,9,0
0900303-114,09,003,03-114,1138,815,18,7,0
0900303-115,09,003,03-115,1523,1002,25,7,0
0900303-116,09,003,03-116,2168,1458,33,14,0
0900303-117,09,003,03-117,946,669,17,8,0
0900303-118,09,003,03-118,1172,774,22,12,0
0900303-119,09,003,03-119,1169,880,17,12,2
0900303-120,09,003,03-120,1173,948,36,6,0
0900303-121,09,003,03-121,1157,738,17,5,1
0900303-122,09,003,03-122,723,605,12,4,0
0900303-123,09,003,03-123,1368,1454,42,12,0
0900303-124,09,003,03-124,1394.14,1281.11,43.14,10.1,0
0900303-125,09,003,03-125,842,1015,16,7,0
0900303-126,09,003,03-126,1065.86,1060.89,20.86,14.9,0
0900303-127,09,003,03-127,2578,2142,42,11,1
0900303-128,09,003,03-128,2106.55,1368,44.41,18.34,1.93
0900303-129,09,003,03-129,1399.58,1139.95,24.94,10.39,0.04
0900303-130,09,003,03-130,2924.21,1643.64,53.92,20.02,3.97
0900303-131,09,003,03-131,3021.13,1557.79,49.9,22.67,1.88
0900303-132,09,003,03-132,2556.15,1494.29,72.24,17.38,1.07
0900303-133,09,003,03-133,1815.95,899.01,49.62,11.13,0.08
0900303-134,09,003,03-134,532,406,6,9,0
0900303-135,09,003,03-135,1849,1117,42,12,0
0900303-136,09,003,03-136,2890.86,1644.35,67.15,27.77,5
0900303-137,09,003,03-137,1509.26,904.23,45.22,14.08,0
0900303-138,09,003,03-138,2814.88,1558.42,50.63,18.14,0
0900303-139,09,003,03-139,1666.52,1789.02,41.43,13.15,0
0900303-140,09,003,03-140,1290.47,1338.72,25.26,7.12,2
0900303-141,09,003,03-141,1675.03,1608.95,42.92,25.02,0
0900303-142,09,003,03-142,817.81,816.05,26.47,6.22,0
0900303-143,09,003,03-143,1467.9,1624.1,20.26,8.29,0
0900303-144,09,003,03-144,1187.42,983.16,21.79,8.69,0
0900303-145,09,003,03-145,1035.37,1343.04,30.62,4.3,0
0900303-146,09,003,03-146,844.93,975.85,18.31,9.12,0
0900303-147,09,003,03-147,865.6,794.87,13.02,2.51,2
0900303-148,09,003,03-148,829.63,916.96,20.38,9.7,0
0900303-149,09,003,03-149,1192.25,1302.09,24.96,6.99,0
0900303-150,09,003,03-150,4422.01,4200.56,141.92,26.52,2.05
0900303-151,09,003,03-151,2538,867,32,15,1
0900303-152,09,003,03-152,3542,891,43,11,2
0900303-153,09,003,03-153,3869,827,42,17,1
0900303-154,09,003,03-154,3304,958,47,21,10
0900303-155,09,003,03-155,2620,1127,49,16,1
0900303-156,09,003,03-156,2684,1036,45,11,1
0900303-157,09,003,03-157,2735.85,884.42,47.73,18.89,1.99
0900303-158,09,003,03-158,3584.15,1152.58,45.27,14.11,2.01
0900303-159,09,003,03-159,2421,708,28,19,0
0900303-160,09,003,03-160,1584,1485,39,14,0
0900303-161,09,003,03-161,1017.5,519.96,24.31,6.1,0
0900303-162,09,003,03-162,1434,966,26,10,0
0900303-163,09,003,03-163,1928,1283,29,13,0
0900303-164,09,003,03-164,1620,1115,22,11,1
0900303-165,09,003,03-165,2117.33,1089.79,33.15,23.39,2
0900303-166,09,003,03-166,1407.37,202.31,11.73,2.93,0
0900303-167,09,003,03-167,2558.5,720.8,35.28,15.07,0
0900303-168,09,003,03-168,2285.12,285.89,12,10,2
0900303-169,09,003,03-169,1179,401,12,3,0
0900303-170,09,003,03-170,2374.08,1041.4,53.22,15.1,0.01
0900303-171,09,003,03-171,2288.87,862.37,29.33,12.95,1.04
0900303-172,09,003,03-172,1112.59,596.12,21.87,2.07,1.95
0900303-173,09,003,03-173,1894,1517,46,22,1
0900303-174,09,003,03-174,1834.46,1619.11,34.58,9.88,0
0900303-175,09,003,03-175,2851.25,1717.69,56.2,25.39,0
0900505-001,09,005,05-001,1154,1228,42,16,2
0900505-002,09,005,05-002,937,1393,21,15,1
0900505-003,09,005,05-003,622.11,512.66,9.36,6.5,0.01
0900505-004,09,005,05-004,442.89,210.46,6.05,2.04,1
0900505-005,09,005,05-005,403,563,19,3,0
0900505-006,09,005,05-006,755.82,248.62,8.95,12.93,0
0900505-007,09,005,05-007,548,574,17,2,0
0900505-008,09,005,05-008,354,587,15,3,0
0900505-009,09,005,05-009,409,594,10,10,0
0900505-010,09,005,05-010,1001.13,1651.61,43.41,11.22,1
0900505-011,09,005,05-011,1277,568,12,7,1
0900505-012,09,005,05-012,1835.12,1422.66,43.22,25.03,1
0900505-013,09,005,05-013,343.72,641.1,15.35,8.59,0
0900505-014,09,005,05-014,473.17,462.38,14.6,4.87,0
0900505-015,09,005,05-015,7.85,12.25,0.42,0.3,0
0900505-016,09,005,05-016,653,874,20,12,2
0900505-017,09,005,05-017,1087.35,1093.44,47.04,12,1.99
0900505-018,09,005,05-018,1018.76,1300.32,35.39,10.1,0.01
0900505-019,09,005,05-019,1495.61,1471.68,31.15,14.63,0
0900505-020,09,005,05-020,1428.62,1130.61,22.39,16.62,0
0900505-021,09,005,05-021,874.47,817.98,22.38,6.34,0
0900505-022,09,005,05-022,491,416,4,8,0
0900505-023,09,005,05-023,1153.9,1147.78,23.93,9.63,0
0900505-024,09,005,05-024,1150.68,1301.45,32.37,7.4,0
0900505-025,09,005,05-025,1460.31,1249.13,25.53,13.91,0
0900505-026,09,005,05-026,659,381,17,3,0
0900505-027,09,005,05-027,862,812,27,4,0
0900505-028,09,005,05-028,2477,3984,99,33,0
0900505-029,09,005,05-029,937,660,18,7,0
0900505-030,09,005,05-030,2017.11,500.54,16.95,12.96,0
0900505-031,09,005,05-031,1023.18,511.38,17.05,9.07,0
0900505-032,09,005,05-032,1550.29,2804.81,65.58,13.13,0
0900505-033,09,005,05-033,1898.71,2536.27,51.96,22.98,1
0900505-034,09,005,05-034,635.5,1091.38,19.86,3,0
0900505-035,09,005,05-035,179,129,6,4,0
0900505-036,09,005,05-036,178,208,4,6,0
0900505-037,09,005,05-037,899.9,1028.07,27.27,8.18,0
0900505-038,09,005,05-038,258.79,378.94,21.26,0,0
0900505-039,09,005,05-039,10.71,15.69,0.88,0,0
0900505-042,09,005,05-042,4.16,5.01,0.14,0.05,0
0900505-043,09,005,05-043,256,260,4,0,0
0900505-044,09,005,05-044,465,470,9,1,0
0900505-045,09,005,05-045,1461,770,25,12,0
0900505-046,09,005,05-046,1330.71,2197.19,34.42,7.87,0
0900505-047,09,005,05-047,1210,2059,31,8,0
0900505-048,09,005,05-048,967,1851,29,12,0
0900505-049,09,005,05-049,1085.16,1833.88,33.05,10.02,0
0900505-050,09,005,05-050,2304,2799,13,17,0
0900505-051,09,005,05-051,2882,2929,63,12,0
0900505-052,09,005,05-052,299,366,6,2,0
0900505-053,09,005,05-053,0,0,0,0,0
0900505-054,09,005,05-054,2962.24,3567.65,99.63,38.78,2
0900707-001,09,007,07-001,1701,853,29,11,2
0900707-002,09,007,07-002,4361.58,3304.85,98.75,24.96,0.01
0900707-003,09,007,07-003,5072.2,3833.77,112.1,43.5,10
0900707-004,09,007,07-004,1771.63,1067.94,28.78,11.91,0
0900707-005,09,007,07-005,1577,1413,48,16,1
0900707-006,09,007,07-006,150,175,5,2,0
0900707-007,09,007,07-007,0,0,0,0,0
0900707-008,09,007,07-008,636,742,12,4,1
0900707-009,09,007,07-009,2979.53,2730.57,87.99,25,1
0900707-010,09,007,07-010,4071.83,3759.09,139.59,48.19,4
0900707-011,09,007,07-011,3011,1635,44,23,2
0900707-012,09,007,07-012,1369.12,1265.63,39.09,5.84,0.97
0900707-013,09,007,07-013,1226.84,1317.97,25.08,17.16,0.03
0900707-014,09,007,07-014,132.51,109.83,2.84,0,0
0900707-015,09,007,07-015,2356.46,1987.71,44.23,20.11,1.01
0900707-016,09,007,07-016,1442,1356,39,15,1
0900707-017,09,007,07-017,1031.63,313.62,18.23,11.01,1.76
0900707-018,09,007,07-018,350,115,4,3,0
0900707-019,09,007,07-019,429.76,179.13,4.69,3.3,0.04
0900707-020,09,007,07-020,1140.75,787.75,24.05,5.77,0
0900707-021,09,007,07-021,2331,1094,37,9,1
0900707-022,09,007,07-022,1160,725,30,6,0
0900707-023,09,007,07-023,991,428,15,9,0
0900707-024,09,007,07-024,291.23,69.53,4.18,1.72,0
0900707-025,09,007,07-025,1375,756,24,12,0
0900707-026,09,007,07-026,967.17,607.91,27.41,8.81,0
0900707-027,09,007,07-027,1513,968,17,16,1
0900707-028,09,007,07-028,1839.42,908.48,34.98,13.19,0.2
0900707-029,09,007,07-029,759,389,22,3,0
0900707-030,09,007,07-030,1062.77,140.47,6.82,9.28,0
0900707-031,09,007,07-031,1777,1294,33,9,0
0900707-032,09,007,07-032,2476,1701,34,19,0
0900707-033,09,007,07-033,3155,2641,72,19,1
0900707-034,09,007,07-034,1319.58,1125.27,32.31,11.17,2
0900707-035,09,007,07-035,968.42,832.73,12.69,6.83,0
0900909-001,09,009,09-001,725.13,423.23,7.77,2.91,0
0900909-002,09,009,09-002,649,481,6,4,1
0900909-003,09,009,09-003,609.23,473.43,11.06,7.04,0
0900909-004,09,009,09-004,460.77,264.57,6.94,3.96,0
0900909-005,09,009,09-005,705.87,513.77,15.23,7.09,0
0900909-006,09,009,09-006,665,762,9,7,0
0900909-007,09,009,09-007,706,879,7,5,0
0900909-008,09,009,09-008,1543.49,2191.63,57.02,12.02,0
0900909-009,09,009,09-009,1912,1718,46,22,0
0900909-010,09,009,09-010,1910.12,1443.75,42.31,13.78,3.93
0900909-011,09,009,09-011,1045,642,6,3,0
0900909-012,09,009,09-012,1241.59,521.4,23.93,6.99,1
0900909-013,09,009,09-013,2000.67,1292.45,37.54,16.87,0.94
0900909-014,09,009,09-014,1764.96,1178.85,30.55,12.18,0.05
0900909-015,09,009,09-015,1494.23,1264.37,19.54,7.14,1.07
0900909-016,09,009,09-016,1096,747,18,8,0
0900909-017,09,009,09-017,2403,1696,46,18,0
0900909-018,09,009,09-018,1064,841,26,4,1
0900909-019,09,009,09-019,1385,1226,49,21,0
0900909-020,09,009,09-020,2103,1441,47,16,0
0900909-021,09,009,09-021,888,632,22,7,0
0900909-022,09,009,09-022,1288.24,994.44,29.84,12.31,0.09
0900909-023,09,009,09-023,648,546,18,8,0
0900909-024,09,009,09-024,1040.23,721.2,19.44,4.1,0
0900909-025,09,009,09-025,328.5,311.07,4.59,0,0
0900909-026,09,009,09-026,1578.98,1706.37,24.69,12.84,0
0900909-027,09,009,09-027,1487.21,1517.44,19.45,12.82,0.12
0900909-028,09,009,09-028,1553.86,1507.92,30.96,17.98,0
0900909-029,09,009,09-029,1091.14,1457.52,12,9,1
0900909-030,09,009,09-030,52.92,95.01,0.64,0,0
0900909-031,09,009,09-031,29.37,52.72,0.35,0,0
0900909-032,09,009,09-032,1261.14,1405.08,22.04,9.02,0
0900909-033,09,009,09-033,1314.56,1524.75,26.01,10,2
0900909-034,09,009,09-034,2043.26,778.95,17.6,18.28,1
0900909-035,09,009,09-035,1855.01,1085.62,28.45,9.21,0
0900909-036,09,009,09-036,2149.73,1111.43,26.94,12.51,0
0900909-037,09,009,09-037,1613,1240,38,8,1
0900909-038,09,009,09-038,1955,834,24,15,1
0900909-039,09,009,09-039,562.18,222,2.27,9.12,0
0900909-040,09,009,09-040,2080,562,22,10,0
0900909-041,09,009,09-041,2138,315,11,13,0
0900909-042,09,009,09-042,2808,789,20,25,0
0900909-043,09,009,09-043,2593.72,420.71,12,19.83,0
0900909-044,09,009,09-044,188.64,33.04,0.17,0.29,0
0900909-045,09,009,09-045,1933.65,597.24,11.83,7.88,0
0900909-046,09,009,09-046,2485,913,33,17,0
0900909-047,09,009,09-047,2759,1163,26,17,0
0900909-048,09,009,09-048,175,137,5,1,0
0900909-049,09,009,09-049,1685.82,1118,13.73,5.88,0
0900909-050,09,009,09-050,1714,669,15,4,0
0900909-051,09,009,09-051,529,200,2,9,0
0900909-052,09,009,09-052,4048.42,2328.15,56.25,22.04,3.99
0900909-053,09,009,09-053,3569.54,2308.29,61.77,27.89,1.99
0900909-054,09,009,09-054,1157.4,687.11,23.03,6.01,0
0900909-055,09,009,09-055,602,300,9,2,0
0900909-056,09,009,09-056,1399.92,659.24,23.27,6.79,0.97
0900909-057,09,009,09-057,704,293,13,6,1
0900909-058,09,009,09-058,618,235,9,5,0
0900909-059,09,009,09-059,1065,711,21,6,2
0900909-060,09,009,09-060,978.08,590.76,19.73,3.21,0.03
0900909-061,09,009,09-061,1260.87,939.91,21,10,0
0900909-062,09,009,09-062,1002,630,25,8,1
0900909-063,09,009,09-063,1226.48,933.99,27.86,10.17,0
0900909-064,09,009,09-064,2144,1675,30,14,1
0900909-065,09,009,09-065,1734.56,1384.86,42.11,15.65,3.91
0900909-066,09,009,09-066,1067.74,953.89,14.09,9.04,0
0900909-067,09,009,09-067,1493,1745,34,11,4
0900909-068,09,009,09-068,766,996,24,5,0
0900909-069,09,009,09-069,3255.89,2606.47,51.87,21.94,5.98
0900909-070,09,009,09-070,1309.08,1064.73,32.38,11.78,0
0900909-071,09,009,09-071,2084,1454,31,19,1
0900909-072,09,009,09-072,2002,1556,43,13,1
0900909-073,09,009,09-073,1353.48,1096.2,27.04,11.01,0
0900909-074,09,009,09-074,945.83,564.43,13.67,8.54,1
0900909-075,09,009,09-075,2111.04,2086.54,37.58,13.19,1
0900909-076,09,009,09-076,1196.46,1008.24,21.08,5.07,0
0900909-077,09,009,09-077,3351.38,2546.18,51.08,16.4,0.02
0900909-078,09,009,09-078,161.51,206.37,5.98,4.98,0
0900909-079,09,009,09-079,1136,1323,29,8,0
0900909-080,09,009,09-080,589,677,9,12,0
0900909-081,09,009,09-081,1151,1336,29,15,1
0900909-082,09,009,09-082,183,260,4,2,0
0900909-083,09,009,09-083,1018,1139,20,17,0
0900909-084,09,009,09-084,899,910,17,9,0
0900909-085,09,009,09-085,1458,1584,40,9,0
0900909-086,09,009,09-086,221.48,205.9,4.74,1.35,0
0900909-087,09,009,09-087,105.52,98.1,2.26,0.65,0
0900909-088,09,009,09-088,218.19,11.17,2.1,1.38,0
0900909-089,09,009,09-089,1062.17,95.13,10.16,12.93,0.92
0900909-090,09,009,09-090,573.15,124.6,1.92,1.92,0
0900909-091,09,009,09-091,213,45,1,1,1
0900909-092,09,009,09-092,728.62,147.6,8.03,5.01,0.01
0900909-093,09,009,09-093,216.59,35.83,0.03,0.03,0
0900909-094,09,009,09-094,685.14,171.53,1.95,1.95,0
0900909-095,09,009,09-095,579.38,164.4,2.97,0.99,0.99
0900909-096,09,009,09-096,171,25,0,2,0
0900909-097,09,009,09-097,2133,192,10,11,2
0900909-098,09,009,09-098,253.49,54.81,2.32,4.5,0.15
0900909-099,09,009,09-099,1092.51,122.19,6.68,10.5,2.85
0900909-100,09,009,09-100,1117.6,92.22,4.69,10.16,0
0900909-101,09,009,09-101,206.45,17.21,0.87,1.84,0.02
0900909-102,09,009,09-102,2253.95,235.56,11.44,10,4.98
0900909-103,09,009,09-103,294,105,2,1,0
0900909-104,09,009,09-104,981,323,4,2,0
0900909-105,09,009,09-105,207,89,0,2,0
0900909-106,09,009,09-106,996.74,243.98,3.97,4.96,0.99
0900909-107,09,009,09-107,1106.47,311.75,5.7,13.26,1.9
0900909-108,09,009,09-108,669,144,3,2,0
0900909-109,09,009,09-109,536,161,1,1,0
0900909-110,09,009,09-110,571,219,0,1,0
0900909-111,09,009,09-111,1186.2,467.72,5.63,2.81,0
0900909-112,09,009,09-112,57.64,22.67,0.27,0.14,0
0900909-113,09,009,09-113,1300.16,871.62,18.1,9.05,0
0900909-114,09,009,09-114,488,45,3,3,0
0900909-115,09,009,09-115,581,57,3,3,1
0900909-116,09,009,09-116,1702,104,11,5,0
0900909-117,09,009,09-117,625.91,33.29,1.66,3.33,0
0900909-118,09,009,09-118,126.09,6.71,0.34,0.67,0
0900909-119,09,009,09-119,576.83,45.87,2.84,1.07,1.08
0900909-120,09,009,09-120,546.81,29.83,0.9,3.62,0
0900909-121,09,009,09-121,1119,95,3,5,0
0900909-122,09,009,09-122,1316,101,8,9,0
0900909-123,09,009,09-123,2172,258,20,17,3
0900909-124,09,009,09-124,1969,233,15,15,4
0900909-125,09,009,09-125,1270,154,5,6,0
0900909-126,09,009,09-126,1223,180,7,4,1
0900909-127,09,009,09-127,1144,137,5,6,0
0900909-128,09,009,09-128,477,55,2,6,0
0900909-129,09,009,09-129,651,88,5,5,0
0900909-130,09,009,09-130,2059.78,2433.2,47.67,27.81,0
0900909-131,09,009,09-131,1658.22,2352.8,40.33,10.19,1
0900909-132,09,009,09-132,1344.84,1580.56,10.94,9.94,0
0900909-133,09,009,09-133,1490.11,1991.81,20.99,12.99,2
0900909-134,09,009,09-134,1043.05,535.63,16.07,8.07,1
0900909-135,09,009,09-135,1056,903,13,11,0
0900909-136,09,009,09-136,791.07,850.11,12.79,6.89,0
0900909-137,09,009,09-137,1663.93,2017.89,39.21,7.11,1
0900909-138,09,009,09-138,2706,2459,47,21,2
0900909-139,09,009,09-139,1025,893,11,10,2
0900909-140,09,009,09-140,1085.74,965.8,20.02,7,0
0900909-141,09,009,09-141,3291.79,5135.85,107.4,17.14,3.01
0900909-142,09,009,09-142,927.92,1961.55,31.09,6.07,1
0900909-143,09,009,09-143,1182.08,1973.45,15.91,11.93,0
0900909-144,09,009,09-144,1945.57,2353.26,49.83,14.07,0
0900909-145,09,009,09-145,720.12,1251.71,14.58,9.72,0
0900909-146,09,009,09-146,1340.17,1628.1,31.49,19.14,0
0900909-147,09,009,09-147,2753.84,2469.96,45.79,15.03,0.01
0900909-148,09,009,09-148,2799.4,2717.15,49.88,19.15,0
0900909-149,09,009,09-149,988.98,1045.83,22.9,6.69,0
0900909-150,09,009,09-150,428.64,503.84,9.11,1.02,1
0900909-151,09,009,09-151,1708.92,1192.11,43.45,9.5,3
0900909-152,09,009,09-152,954,746,27,9,0
0900909-153,09,009,09-153,1766.08,1568.89,36.55,12.5,0
0900909-154,09,009,09-154,2217,1840,38,12,1
0900909-155,09,009,09-155,1257,1031,19,15,0
0900909-156,09,009,09-156,1914.16,1755.28,59.08,14.01,1
0900909-157,09,009,09-157,1253.9,1044.42,19.86,2.98,0
0900909-158,09,009,09-158,2021.01,2109.26,49.03,9.81,0
0900909-159,09,009,09-159,943.21,1198.89,18.9,5.97,0
0900909-160,09,009,09-160,478.11,392.59,6.55,2.53,0
0900909-161,09,009,09-161,1651.63,1627.58,37.66,8.62,0
0900909-162,09,009,09-162,633.47,189.43,3.95,8.88,0
0900909-163,09,009,09-163,1208.94,283.84,6.17,6.23,0.12
0900909-164,09,009,09-164,483,267,3,4,0
0900909-165,09,009,09-165,1292.45,768.19,18.69,9.84,0.98
0900909-166,09,009,09-166,957.92,380.57,4.73,5.71,2.81
0900909-167,09,009,09-167,1840.69,1628.8,26.18,12.06,0.03
0900909-168,09,009,09-168,1550.7,1184.39,22.07,8.74,3.09
0900909-169,09,009,09-169,1195.49,737.02,9.48,6.01,0.85
0900909-170,09,009,09-170,769.73,491.71,4.41,3.25,0.03
0900909-171,09,009,09-171,1896.26,1146.83,21.1,9.13,1.06
0900909-172,09,009,09-172,1763.88,1144.22,24.9,7,0.01
0900909-173,09,009,09-173,1044.51,715.05,14.01,6.95,0
0900909-174,09,009,09-174,411.04,464.86,5.85,1.97,0
0900909-175,09,009,09-175,81.69,70.31,2.27,0.09,0
0900909-176,09,009,09-176,0,0,0,0,0
0900909-177,09,009,09-177,738.98,307.12,2.94,1.96,0
0900909-178,09,009,09-178,474.57,222.65,4.54,1.82,0
0900909-179,09,009,09-179,1057.67,376.74,5.22,1.16,1.01
0900909-180,09,009,09-180,1095.88,557.32,6.33,6.06,0
0900909-181,09,009,09-181,1437,818,17,5,0
0900909-182,09,009,09-182,1109,810,20,8,0
0900909-184,09,009,09-184,1806,740,16,18,0
0900909-185,09,009,09-185,1115.13,349.78,2.77,5.51,0
0900909-186,09,009,09-186,1622.97,578.18,11.13,9.89,0
0900909-190,09,009,09-190,2017.89,1924.96,33.04,11.03,0
0900909-191,09,009,09-191,1106.13,1890.73,42.18,11.88,0.05
0900909-192,09,009,09-192,1145.93,2514.4,33.12,11.31,0
0900909-193,09,009,09-193,1080.94,2113.86,29.7,17.81,3.95
0900909-194,09,009,09-194,3254,1474,32,27,1
0900909-195,09,009,09-195,602,343,5,4,0
0900909-196,09,009,09-196,1145.03,264.08,8.21,3.7,0
0900909-197,09,009,09-197,1518,438,7,10,0
0900909-198,09,009,09-198,1476,1214,18,9,0
0900909-199,09,009,09-199,1057.11,1001.04,11.96,8.97,0
0901111-001,09,011,11-001,703,817,23,5,0
0901111-002,09,011,11-002,2176.27,1776.64,81.67,25.26,0
0901111-003,09,011,11-003,1263.64,1073.5,40.27,15.67,0
0901111-004,09,011,11-004,1349.2,1052.94,42.74,11.66,0
0901111-005,09,011,11-005,382.64,303.78,11.65,0.9,0
0901111-006,09,011,11-006,2813,1658,64,14,0
0901111-007,09,011,11-007,2519,1489,41,13,0
0901111-008,09,011,11-008,1958,1138,40,9,0
0901111-009,09,011,11-009,547.95,668.12,27.76,4.96,0.98
0901111-010,09,011,11-010,1084.18,1219.83,46.88,20.95,1
0901111-011,09,011,11-011,1480.82,2037.17,69.12,21.05,0
0901111-012,09,011,11-012,1654,1018,46,16,2
0901111-013,09,011,11-013,1171,536,32,11,0
0901111-014,09,011,11-014,1416,912,55,18,1
0901111-015,09,011,11-015,1735,1203,73,19,1
0901111-016,09,011,11-016,1378.31,947.64,55.79,10.04,1
0901111-017,09,011,11-017,1850.14,913.7,26.7,11.87,0.99
0901111-018,09,011,11-018,1482,733,30,6,1
0901111-019,09,011,11-019,1392,1571,63,21,0
0901111-020,09,011,11-020,660,697,21,13,0
0901111-021,09,011,11-021,2430.51,2094.92,94.68,31.84,1
0901111-022,09,011,11-022,1259.25,983.76,50.44,9.93,0.99
0901111-023,09,011,11-023,833.95,576.45,31.48,8.09,0.01
0901111-024,09,011,11-024,532.38,523.85,10.39,10,0
0901111-025,09,011,11-025,666,866,37,7,0
0901111-026,09,011,11-026,1178.37,584.06,27.22,4.09,0
0901111-027,09,011,11-027,555,514,20,8,2
0901111-028,09,011,11-028,750,747,36,16,0
0901111-030,09,011,11-030,662,555,19,8,0
0901111-031,09,011,11-031,538,464,23,4,0
0901111-032,09,011,11-032,415,415,8,4,0
0901111-033,09,011,11-033,2853.45,755.53,40.32,24.01,0
0901111-034,09,011,11-034,2530.55,730.47,37.68,28.99,0
0901111-035,09,011,11-035,1528,559,21,14,0
0901111-036,09,011,11-036,1601,1710,49,15,0
0901111-037,09,011,11-037,969.76,760.15,20.84,6.94,0.98
0901111-038,09,011,11-038,2140.95,1306.15,71.58,22.31,0
0901111-039,09,011,11-039,800.9,565.98,24.16,8.05,0
0901111-040,09,011,11-040,2695.72,1704.79,55.56,25.8,0
0901111-041,09,011,11-041,1550.31,640.12,34.58,17.76,0
0901111-042,09,011,11-042,980.96,561.09,32.87,12.45,0
0901111-043,09,011,11-043,3226,2099,68,20,0
0901111-044,09,011,11-044,1333.39,1572.04,52.11,19.73,0
0901111-045,09,011,11-045,1285,1291,28,15,4
0901111-046,09,011,11-046,655.9,893.69,26.32,8.11,0.02
0901111-047,09,011,11-047,1424.69,530.24,23.75,5.93,0
0901111-048,09,011,11-048,2822.06,1989.98,64.13,19.03,0
0901111-049,09,011,11-049,791.91,488.1,16.4,3.24,0.04
0901111-050,09,011,11-050,1455.97,662.5,34.42,5.74,0.96
0901111-051,09,011,11-051,970.92,577.84,16.81,6.15,0.01
0901111-052,09,011,11-052,566,918,32,8,0
0901111-053,09,011,11-053,1572,1167,51,29,0
0901111-054,09,011,11-054,1667.84,1156.66,42.03,15.01,0
0901111-055,09,011,11-055,1876.32,1466.75,56.53,22.81,2.98
0901111-056,09,011,11-056,1800.84,1333.6,40.45,15.18,0.02
0901111-057,09,011,11-057,1486,1547,67,10,0
0901313-001,09,013,13-001,1044.93,985.67,26.67,7.9,0
0901313-002,09,013,13-002,1727,1482,54,23,2
0901313-003,09,013,13-003,1874.85,1588.88,60.58,17.88,0.99
0901313-004,09,013,13-004,2074.97,1773.85,77.11,30.38,4.97
0901313-005,09,013,13-005,1976.24,1780.42,77.93,18.98,7.99
0901313-006,09,013,13-006,3769,3457,103,29,11
0901313-007,09,013,13-007,1019.87,1059.62,39.07,7.02,0
0901313-008,09,013,13-008,3445.34,2779.47,123,26.61,0
0901313-009,09,013,13-009,1929.24,399.24,33.36,8.21,1.02
0901313-010,09,013,13-010,1144.73,356.77,26.36,9.18,0.02
0901313-011,09,013,13-011,1592.95,547.46,33.07,17.54,1.95
0901313-012,09,013,13-012,1098.8,444.87,31.92,11.62,0.03
0901313-013,09,013,13-013,2445,3204,54,17,11
0901313-014,09,013,13-014,760.16,919.35,29.56,8.74,0.96
0901313-015,09,013,13-015,1224.3,1312.34,61.46,13.27,1.04
0901313-016,09,013,13-016,824.54,1229.31,25.99,10.99,0
0901313-017,09,013,13-017,1879.65,1461.97,49.27,19.85,1.88
0901313-018,09,013,13-018,2698.09,2125.16,72.62,18.7,0.07
0901313-019,09,013,13-019,483,355,11,4,0
0901313-020,09,013,13-020,249,307,12,3,0
0901313-021,09,013,13-021,2778.71,1549.27,62.44,28.17,0
0901313-022,09,013,13-022,2717.13,1660.17,65.45,10.55,0
0901313-023,09,013,13-023,2068,1284.46,40.11,19.28,0
0901313-024,09,013,13-024,1695.16,1354.1,48,18,1
0901313-025,09,013,13-025,1714.38,1476.25,62.04,20.42,4.04
0901515-001,09,015,15-001,1330,1160,35,17,2
0901515-002,09,015,15-002,1875.94,2262.46,70.02,13.02,1
0901515-003,09,015,15-003,1163.22,1727.12,57.08,16.73,0
0901515-004,09,015,15-004,596.48,660.32,21.94,7.98,0
0901515-005,09,015,15-005,464,572,23,8,0
0901515-006,09,015,15-006,572,551,9,6,1
0901515-007,09,015,15-007,587.72,821.39,26.49,8.83,0
0901515-008,09,015,15-008,315.84,333.09,9.29,5.97,1.33
0901515-009,09,015,15-009,474.08,706.78,21.94,7.65,0
0901515-010,09,015,15-010,883.17,1234.32,39.8,13.27,0
0901515-011,09,015,15-011,160.16,168.91,4.71,3.03,0.67
0901515-012,09,015,15-012,454.92,678.22,21.06,7.35,0
0901515-013,09,015,15-013,526.17,734.83,23.69,7.88,0
0901515-014,09,015,15-014,738.68,1050.9,20.86,8.25,0
0901515-015,09,015,15-015,562.11,776.62,20.4,3.93,0
0901515-016,09,015,15-016,387.91,569.06,21.86,2.16,0
0901515-017,09,015,15-017,968.87,1298.8,44.85,16.95,0
0901515-018,09,015,15-018,215.22,412.5,16.94,1.99,0
0901515-019,09,015,15-019,1357,1113,39,13,2
0901515-020,09,015,15-020,1449.51,1375.71,55.11,10.82,0.98
0901515-021,09,015,15-021,613.49,817.29,21.89,5.18,0.02
0901515-022,09,015,15-022,401.84,531.5,22.76,3.96,0
0901515-023,09,015,15-023,639,1229,25,14,1
0901515-024,09,015,15-024,493.07,612.77,19.06,3.03,0
0901515-025,09,015,15-025,898.27,1313.57,43.05,10.01,0
0901515-026,09,015,15-026,310,416,6,3,0
0901515-027,09,015,15-027,348.67,662.66,11.89,3.96,0
0901515-028,09,015,15-028,569.62,326.64,18.75,9.78,0
0901515-029,09,015,15-029,1377.18,532.86,13.27,13.25,2.82
0901515-030,09,015,15-030,1776.59,778.42,25.92,19.85,0.18
0901515-031,09,015,15-031,1259.43,1037.67,31.8,12.29,0.02
0901515-032,09,015,15-032,353.14,141.98,4.46,5.13,0.01
0901515-033,09,015,15-033,2548,2520,87,23,1
