GEOID20,STATEFP,COUNTYFP,DISTRICT,G20PRERTRU,G20PREDBID,G20PRELJOR,G20USSRSAS,G20USSDJAN,G20USSLSIA
3100100001P,31,001,00001P,556,86,6,507,56,43
3100100001W,31,001,00001W,570,253,20,552,193,46
3100100002E,31,001,00002E,257.76,102.2,9.55,255.51,72.44,24.15
3100100002P,31,001,00002P,131,24,3,119,13,14
3100100002W,31,001,00002W,415.16,186.33,14.87,409.14,128.75,35.99
3100100003P,31,001,00003P,422,97,12,406,55,42
3100100003W,31,001,00003W,283.86,211.58,11.44,324.72,137.26,17.21
3100100004P,31,001,00004P,426.88,93.38,6.1,408.12,61.86,25.77
3100100005P,31,001,00005P,346.44,101.24,7.46,342.89,56.18,28.11
3100100005W,31,001,00005W,327.9,114.44,9.95,324.86,74.78,29.04
3100100006P,31,001,00006P,177.48,51.58,3.51,166.37,36.43,13.54
3100100006W,31,001,00006W,729.4,256.71,27.27,746.27,147.98,59.08
3100100007P,31,001,00007P,160,18,1,158,9,13
3100100007W,31,001,00007W,388,170,12,381,109,42
3100100008P,31,001,00008P,258,29,6,240,18,24
3100100008W,31,001,00008W,650.64,303.1,13.82,661.5,154.02,52.33
3100100009P,31,001,00009P,325,77,9,305,55,23
3100100009W,31,001,00009W,307.07,194.27,9.4,297.67,126.9,40.73
3100100010P,31,001,00010P,170,24,3,152,9,10
3100100010W,31,001,00010W,262.7,211.85,12.71,276.25,105.08,29.66
3100100011W,31,001,00011W,399.32,230.9,20.83,406.57,149.41,40.75
3100100012W,31,001,00012W,84.36,60.9,0.18,98.5,22.98,9.67
3100100013W,31,001,00013W,929.61,434.44,22.96,953.75,246.85,74.08
3100100014W,31,001,00014W,276,193,13,283,112,39
3100100015W,31,001,00015W,441.14,255.35,17.49,456.16,157.27,40.72
3100100016W,31,001,00016W,169,156,7,167,84,21
3100100017W,31,001,00017W,620.28,277.74,24.45,596.72,191.83,59.17
3100300001P,31,003,00001P,270,44,5,252,37,16
3100300001W,31,003,00001W,114,32,1,117,22,6
3100300002P,31,003,00002P,118,15,1,107,9,5
3100300002W,31,003,00002W,285.15,69.03,7,266.14,54.02,21.01
3100300003P,31,003,00003P,331,34,4,278,30,30
3100300003W,31,003,00003W,359.95,59.85,4.01,325.15,46.87,23.87
3100300004P,31,003,00004P,434,39,2,376,46,22
3100300004W,31,003,00004W,164,19,2,159,10,7
3100300005P,31,003,00005P,234.89,41.12,3.99,219.7,31.11,11.12
3100300005W,31,003,00005W,190,21,4,181,18,7
3100300006P,31,003,00006P,216,22,0,199,13,12
3100300007P,31,003,00007P,236,31,3,215,20,17
3100300008P,31,003,00008P,140,25,1,133,17,6
3100500001P,31,005,00001P,260,21,3,228,21,21
3100700001P,31,007,00001P,362,43,5,335,39,21
31009000001,31,009,000001,280.92,35.11,2.01,222.81,35.1,34.05
3101100001P,31,011,00001P,371,60,8,319,49,26
3101100002P,31,011,00002P,83,12,0,74,6,3
3101100003P,31,011,00003P,123,27,3,105,27,8
3101100004P,31,011,00004P,394,76,8,355,47,27
3101100005P,31,011,00005P,483,67,10,447,40,26
3101100006P,31,011,00006P,459,105,18,445,66,28
3101100007P,31,011,00007P,262,81,5,232,65,22
3101100008P,31,011,00008P,131,14,2,120,11,10
3101100009P,31,011,00009P,347,57,11,305,40,28
31013001301,31,013,001301,379.11,149.15,19.03,383.07,122.12,27.05
31013001302,31,013,001302,438,135,17,411,117,45
31013001303,31,013,001303,337.8,119.93,17.99,327.81,84.95,49.97
31013001304,31,013,001304,451.2,132.07,25.01,429.19,118.05,41.03
31013001305,31,013,001305,627.25,155.03,14.01,600.24,118.03,39.01
31013001306,31,013,001306,502,179,11,496,122,37
31013001311,31,013,001311,311.65,40.82,8.96,299.7,34.85,14.94
31013001312,31,013,001312,314.61,42.06,4.01,304.57,25.04,19.04
31013001315,31,013,001315,641,98,11,589,80,53
31015000001,31,015,000001,405,45,6,339,42,25
31015000002,31,015,000002,378,56,2,340,35,25
31015000003,31,015,000003,226.42,33.91,0,203.46,11.98,24.93
3101700001P,31,017,00001P,707,101,14,675,68,47
3101700002P,31,017,00002P,316,50,1,299,29,22
3101700003P,31,017,00003P,447.01,40.01,3.01,412.96,28.02,24.04
31019000001,31,019,000001,712.48,297.43,14.54,758.7,161.77,48.87
31019000002,31,019,000002,512,286,19,535,169,63
31019000003,31,019,000003,760.57,375.85,26.09,808.54,196.46,78.29
31019000004,31,019,000004,1172.48,457.04,21.02,1219.44,229.04,84.04
31019000005,31,019,000005,518,215,27,526,132,49
31019000006,31,019,000006,916,412.14,32.93,947.93,241.51,73.85
31019000007,31,019,000007,590,387,35,614,233,66
31019000008,31,019,000008,356,190,13,353,112,44
31019000009,31,019,000009,538,294,34,537,197,71
31019000010,31,019,000010,907.76,412.42,41.06,939.71,253.27,102.14
31019000011,31,019,000011,363.07,262.16,25.27,373.23,184.16,61.47
31019000012,31,019,000012,445,292,36,439,202,73
31019000013,31,019,000013,1058.83,491.58,45.7,1088.06,270.46,115.17
31019000014,31,019,000014,868.26,363.36,40.95,841.28,249.5,108.85
31019000015,31,019,000015,282,32,4,258,19,21
31019000016,31,019,000016,510,87,6,490,53,35
31019000017,31,019,000017,237.33,40.71,2.09,225.34,30.49,19.21
31019000018,31,019,000018,507.67,154.29,18.91,508.66,107.51,45.79
31019000019,31,019,000019,514,64,13,485,47,29
31019000020,31,019,000020,907.88,198.66,22.85,893.97,109.26,74.5
31019000021,31,019,000021,421.73,87.83,15.1,407.66,60.48,30.3
31019000022,31,019,000022,259,63,10,259,40,21
31019000023,31,019,000023,286,101,8,283,72,30
31019000024,31,019,000024,547,174,20,553,111,47
31019000025,31,019,000025,571,105,13,526,81,53
31019000026,31,019,000026,588.94,183.55,12.41,577.13,103.31,60.62
31019000027,31,019,000027,213.71,90.66,14.32,219.88,46.81,22.48
31019000028,31,019,000028,550,115,12,548,66,37
31019000029,31,019,000029,525.29,117.32,15.77,513.47,72.96,40.42
31021000001,31,021,000001,168.03,64.14,2.02,167.04,48.1,10.01
31021000002,31,021,000002,242.08,49.4,4.94,230.22,35.57,11.86
31021000003,31,021,000003,174,58,7,181,34,10
31021000004,31,021,000004,206.44,127.65,6.98,207.43,92.75,16.95
31021000005,31,021,000005,161,41,0,166,18,5
31021000006,31,021,000006,292,134,7,291,95,22
31021000007,31,021,000007,257.92,94.6,11.06,260.78,46.43,26.14
31021000008,31,021,000008,239,81,10,248,38,26
31021000009,31,021,000009,239.9,86.96,9,241.9,60.97,11
31021000010,31,021,000010,300.64,172.24,11.01,321.63,118.18,17.04
31021000011,31,021,000011,299,154,19,324,91,31
3102300001W,31,023,00001W,290.67,79.36,11.9,297.61,52.57,19.84
3102300002P,31,023,00002P,543,123,14,531,103,28
3102300002W,31,023,00002W,353,95,9,364,56,13
3102300003W,31,023,00003W,382.34,128.08,8.87,386.27,83.74,19.71
3102300005P,31,023,00005P,296,70,4,303,48,13
3102300006P,31,023,00006P,313,78,4,298,54,26
3102300008P,31,023,00008P,289.99,42.57,3.23,276.12,27.68,16.45
3102300011P,31,023,00011P,238,38,8,234,27,13
3102300013P,31,023,00013P,321,96,8,317,66,18
3102300014P,31,023,00014P,227,46,5,218,38,17
3102300016P,31,023,00016P,288,77,7,287,57,14
3102500001P,31,025,00001P,857.64,404.09,32.19,852.34,268.28,76.59
3102500001W,31,025,00001W,196.53,108.11,16.11,199.6,76.62,25.28
3102500002P,31,025,00002P,196.36,62.91,5.81,187.66,38.72,17.41
3102500002W,31,025,00002W,191.65,101.45,11.58,204.16,60.83,20.33
31025000031,31,025,000031,510.16,352.72,31.48,575.92,184.08,48.64
3102500003P,31,025,00003P,353,153,24,346,112,42
3102500003W,31,025,00003W,233.46,138.76,14.68,237.57,94.73,28.28
3102500004P,31,025,00004P,410,189,19,416,113,35
3102500004W,31,025,00004W,243.48,124.08,10.31,254.17,74.42,22.84
3102500005P,31,025,00005P,264,148,12,299,69,24
3102500005W,31,025,00005W,240.66,120.8,20.76,244.43,92.49,25.48
3102500006P,31,025,00006P,426.18,198.04,8.74,459.18,86.4,33.98
3102500006W,31,025,00006W,229,130,16,229,90,33
3102500007W,31,025,00007W,174.25,96.24,7.6,177.27,71.57,16.97
3102500008P,31,025,00008P,240.82,106.44,10.31,248.23,59.55,26.39
3102500008W,31,025,00008W,276.73,128.09,16.56,285.93,90.28,21.25
3102500009P,31,025,00009P,343.27,180.39,15.68,357,99.02,35.28
3102500009W,31,025,00009W,241.23,133.98,11.99,258.26,82.92,21.02
3102500010P,31,025,00010P,462.84,196.65,16.32,490.11,108,26.73
3102500011P,31,025,00011P,206.47,69.81,12.78,204.51,44.24,14.75
3102500012P,31,025,00012P,110.02,34.69,1.98,120.93,18.83,5.95
3102500013P,31,025,00013P,478.74,184.39,10.45,484.51,99.36,44.39
3102500014P,31,025,00014P,150.03,51.68,4.18,139.11,41.34,15.1
3102500015P,31,025,00015P,251.73,121.97,10.22,253.12,76.41,27.62
3102500016P,31,025,00016P,447,217,12,486,114,34
3102500017P,31,025,00017P,279.98,113.31,10.02,279.07,82.17,18.05
3102500018P,31,025,00018P,476.11,177.44,20.1,502.69,111.76,30.08
3102500019P,31,025,00019P,670.36,270.31,18.95,699.01,153.12,50.86
3102500020P,31,025,00020P,788.77,330.55,16.82,837.26,191.01,44.54
310250003W2,31,025,0003W2,157.82,87.18,7.11,151.22,67.27,19.2
3102700001P,31,027,00001P,157,33,4,151,29,11
3102700002P,31,027,00002P,360,67,9,326,50,27
3102700003P,31,027,00003P,179,25,5,172,21,7
3102700004P,31,027,00004P,386,50,1,338,49,21
3102700005P,31,027,00005P,248,28,5,230,17,7
3102700006P,31,027,00006P,86,15,2,79,15,6
3102700007P,31,027,00007P,986.38,175.35,19,943.28,121.27,47.06
3102700009P,31,027,00009P,134.62,33.65,0,124.72,26.73,5.94
3102700013P,31,027,00013P,396,71,10,364,51,35
3102700015P,31,027,00015P,142,12,1,115,12,14
3102700016P,31,027,00016P,473,85,10,440,62,38
3102700018P,31,027,00018P,97,29,4,99,23,8
3102700020P,31,027,00020P,529,101,27,520,68,45
3102900001P,31,029,00001P,264,25,2,258,19,8
3102900002P,31,029,00002P,327.19,29.8,3.04,312.15,20.52,17.07
3102900003P,31,029,00003P,349,31,8,309,31,22
3102900007P,31,029,00007P,280.81,57.2,2.96,274.85,37.48,8.93
3102900008P,31,029,00008P,519,83,11,512,65,23
3103100001P,31,031,00001P,138,8,2,98,8,18
3103100002P,31,031,00002P,195,20,0,162,11,23
3103100003P,31,031,00003P,30,4,1,22,6,1
3103100004P,31,031,00004P,75,5,3,52,6,13
3103100005P,31,031,00005P,125,7,0,92,11,19
3103100006P,31,031,00006P,631,136,11,582,81,57
3103100007P,31,031,00007P,562,97,13,491,76,47
3103100008P,31,031,00008P,385,59,9,341,46,33
3103100009P,31,031,00009P,24,0,0,16,1,5
3103100010P,31,031,00010P,19,1,0,17,0,2
3103100011P,31,031,00011P,44,1,0,30,0,2
3103100012P,31,031,00012P,25,0,0,13,0,7
3103100013P,31,031,00013P,73,5,1,53,8,6
3103100014P,31,031,00014P,95,7,1,78,8,6
3103100015P,31,031,00015P,30,0,0,20,0,4
3103100016P,31,031,00016P,44,2,0,27,3,7
3103100017P,31,031,00017P,57,3,0,52,1,3
3103100018P,31,031,00018P,82,7,2,60,3,8
3103100019P,31,031,00019P,131,10,4,96,12,10
3103100020P,31,031,00020P,79,1,1,63,2,3
3103300001P,31,033,00001P,312,27,5,264,36,34
3103300002P,31,033,00002P,239,47,4,216,30,26
3103300003P,31,033,00003P,338.8,64.96,3,314.81,55.97,15.99
3103300004P,31,033,00004P,265,31,7,244,25,17
3103300005P,31,033,00005P,437.63,114.62,9.47,399.74,96.62,37.89
3103300006P,31,033,00006P,791,195,19,746,154,60
3103300007P,31,033,00007P,399.28,127.07,14.01,379.26,98.06,43.02
3103300009P,31,033,00009P,428,127,14,392,115,43
3103300010P,31,033,00010P,602.09,121.31,21.52,549.01,107.32,46.09
3103500001P,31,035,00001P,185,47,3,172,27,14
3103500002P,31,035,00002P,362,112,17,344,85,40
3103500003P,31,035,00003P,256,36,3,234,20,13
3103500004P,31,035,00004P,210,43,4,214,21,9
3103500005P,31,035,00005P,188,33,0,164,25,19
3103500006P,31,035,00006P,193,21,4,165,22,16
3103500007P,31,035,00007P,288,80,7,275,51,30
3103500008P,31,035,00008P,329,65,9,318,38,19
3103500009P,31,035,00009P,362,77,4,323,64,31
3103500010P,31,035,00010P,319,80,18,309,47,34
3103500011P,31,035,00011P,156,38,9,142,32,18
3103700001P,31,037,00001P,595,308,20,601,243,41
3103700002P,31,037,00002P,701,126,10,698,75,27
3103700003P,31,037,00003P,382,243,8,375,189,32
3103700005P,31,037,00005P,516,271,14,520,198,44
3103700009P,31,037,00009P,442,77,4,458,42,12
3103900001P,31,039,00001P,632,164,11,626,102,46
3103900002P,31,039,00002P,396,87,5,388,61,11
3103900004P,31,039,00004P,374,92,9,386,57,21
3103900006P,31,039,00006P,417,73,12,416,40,34
3103900007P,31,039,00007P,538.65,108.77,11.34,551.23,58.35,24.53
3103900010P,31,039,00010P,600.2,211.03,10.96,624.87,122.42,35.63
3103900011P,31,039,00011P,549.15,134.2,14.7,573.91,68.23,25.84
3104100001P,31,041,00001P,0,0,0,0,0,0
3104100002P,31,041,00002P,20.33,3.2,0.56,18.8,2.92,1.25
3104100003P,31,041,00003P,125.67,19.8,3.44,116.2,18.08,7.75
3104100004P,31,041,00004P,203,20,2,200,15,9
3104100005P,31,041,00005P,430,94,15,420,59,30
3104100006P,31,041,00006P,78,2,1,71,3,2
3104100008P,31,041,00008P,0,0,0,0,0,0
3104100009P,31,041,00009P,219,26,2,207,12,16
3104100010P,31,041,00010P,420,44,4,379,40,24
3104100011P,31,041,00011P,374,41,7,344,26,21
3104100012P,31,041,00012P,226,40,5,198,34,26
3104100013P,31,041,00013P,206.36,33.4,5.88,196.64,17.72,12.75
3104100014P,31,041,00014P,82,6,0,83,1,2
3104100015P,31,041,00015P,23,3,0,18,3,4
3104100016P,31,041,00016P,0,0,0,0,0,0
3104100017P,31,041,00017P,366,53,7,341,31,31
3104100018P,31,041,00018P,73,2,0,70,1,2
3104100019P,31,041,00019P,124,25,2,121,21,8
3104100020P,31,041,00020P,166,9,0,158,5,4
3104100021P,31,041,00021P,0,0,0,0,0,0
3104100022P,31,041,00022P,75,5,0,69,3,4
3104100023P,31,041,00023P,50,5,2,47,4,3
3104100024P,31,041,00024P,0,0,0,0,0,0
3104100025P,31,041,00025P,127,13,6,118,11,11
3104100026P,31,041,00026P,96.3,12.43,2.44,91.18,8.29,7.07
3104100027P,31,041,00027P,123.14,15.9,3.12,116.6,10.6,9.04
3104100028P,31,041,00028P,126,23,3,123,16,7
3104100029P,31,041,00029P,0,0,0,0,0,0
3104100030P,31,041,00030P,24,2,1,22,3,1
3104100031P,31,041,00031P,56,5,2,47,5,9
3104100032P,31,041,00032P,98.43,10.29,1.79,89.03,7.16,8.95
3104100033P,31,041,00033P,121.57,12.71,2.21,109.97,8.84,11.05
3104100034P,31,041,00034P,175.56,22.67,4.44,166.22,15.11,12.89
3104100035P,31,041,00035P,134.92,48.79,7.14,146.69,27.42,12.3
3104100037P,31,041,00037P,524.61,137.64,18.29,519.44,89.03,45.6
3104100038P,31,041,00038P,221.1,51.17,8.69,217.24,32.83,18.34
3104100039P,31,041,00039P,0,0,0,0,0,0
3104300001P,31,043,00001P,319,110,13,313,83,22
3104300002P,31,043,00002P,566.15,250.73,11.28,563.01,216.06,20.53
3104300003P,31,043,00003P,165.03,45.73,2.98,153.1,31.81,10.94
3104300004P,31,043,00004P,172.97,80.27,5.02,161.9,68.19,9.06
3104300005P,31,043,00005P,200.56,80.48,7.59,201.84,65.76,9.68
3104300006P,31,043,00006P,422,97,9,408,67,19
3104300007P,31,043,00007P,399.39,254.61,9.98,398.39,209.68,21.97
3104300009P,31,043,00009P,197.35,216.62,9.18,189.09,199.18,18.36
3104300010P,31,043,00010P,363.19,489.38,15.57,385.68,390.3,31.13
3104300011P,31,043,00011P,393.62,484.76,13.88,408.72,388.64,42.72
3104300013P,31,043,00013P,216.9,226.39,7.86,245.34,168.36,8.56
3104300014P,31,043,00014P,344.67,287.83,7.22,344.67,256.25,16.24
3104300015P,31,043,00015P,165.17,120.2,11.45,178.26,90.76,9.81
3104500001P,31,045,00001P,139,77,7,140,62,10
3104500002P,31,045,00002P,426.78,199.55,19.07,418.58,156.43,38.23
3104500003P,31,045,00003P,315,183,13,333,128,23
3104500004P,31,045,00004P,200.22,116.99,11.78,209.64,80.87,21.99
3104500005P,31,045,00005P,191.41,143.06,16.77,208.18,96.69,21.71
3104500006P,31,045,00006P,354.22,70.45,8.93,329.42,54.57,29.77
3104500007P,31,045,00007P,200,38,9,178,39,14
3104500008P,31,045,00008P,313.59,85.94,5.23,306.82,45.31,27.29
3104500009P,31,045,00009P,120,28,2,118,14,12
3104500010P,31,045,00010P,378,68,8,361,49,27
3104500011P,31,045,00011P,238,40,4,223,37,19
3104500013P,31,045,00013P,54.78,32.01,3.22,57.36,22.13,6.01
3104700001P,31,047,00001P,147,12,2,144,10,4
3104700002P,31,047,00002P,220,39,8,208,24,20
3104700003P,31,047,00003P,78,15,1,75,12,3
3104700004P,31,047,00004P,219,27,9,215,16,14
3104700005P,31,047,00005P,183,44,7,190,27,10
3104700006P,31,047,00006P,114,27,2,117,17,6
3104700007P,31,047,00007P,126,11,2,103,15,7
3104700008P,31,047,00008P,182,35,4,175,24,14
3104700009P,31,047,00009P,295,78,2,292,51,20
3104700010P,31,047,00010P,214,52,3,208,35,19
3104700011P,31,047,00011P,481,77,6,443,52,48
3104700012P,31,047,00012P,689,202,21,681,131,63
3104700013P,31,047,00013P,728,192,19,741,125,34
3104700015P,31,047,00015P,650,172,9,637,117,41
3104700016P,31,047,00016P,673,168,13,636,126,49
3104700017P,31,047,00017P,110,141,4,114,123,11
3104700018P,31,047,00018P,220,234,9,229,168,25
3104700019P,31,047,00019P,425,304,12,455,233,27
3104700020P,31,047,00020P,511,357,11,537,260,38
3104700021P,31,047,00021P,259,310,13,260,264,26
3104900001P,31,049,00001P,292,56,5,278,40,17
3104900002P,31,049,00002P,276.51,30.74,8.91,256.68,29.74,21.8
3104900003P,31,049,00003P,302.69,54.3,6.09,302.5,34.29,23.21
3105100001P,31,051,00001P,360,95,6,323,91,26
3105100003P,31,051,00003P,215.9,39.98,7,216.9,34.98,10.99
3105100004P,31,051,00004P,205,33,7,190,22,19
3105100005P,31,051,00005P,250,44,16,247,30,21
3105100006P,31,051,00006P,266,53,14,234,45,33
3105100007P,31,051,00007P,103,30,4,90,26,5
3105100008P,31,051,00008P,167,57,7,146,42,16
3105100009P,31,051,00009P,182.94,48.42,9.06,163.41,35.83,25.18
3105100010P,31,051,00010P,173,63,5,167,50,10
3105100011P,31,051,00011P,187.1,58.02,12,180.1,38.02,22.01
3105100012P,31,051,00012P,94.22,50.06,5.01,98.2,38.04,4.03
3105100013P,31,051,00013P,130.84,79.52,4.92,150.39,48.12,13.79
3105300001P,31,053,00001P,343,79,6,325,58,29
3105300002P,31,053,00002P,203,42,3,200,21,14
3105300003P,31,053,00003P,197.99,53,5,191.99,27,20
3105300004P,31,053,00004P,366,100,5,360,55,32
3105300005P,31,053,00005P,476.49,129.86,10.99,479.49,61.93,33.96
3105300006P,31,053,00006P,392,147,8,391,86,35
3105300007P,31,053,00007P,514.92,189.79,12.97,510.93,128.89,50.89
3105300008P,31,053,00008P,180.57,119.33,6.31,192.19,74.43,16.51
3105300009P,31,053,00009P,236.92,90.24,2.75,233.4,44.96,23.43
3105300010P,31,053,00010P,594,288,18,613,173,67
3105300011P,31,053,00011P,220,112,9,228,72,23
3105300012P,31,053,00012P,292,201,7,311,125,42
3105300013P,31,053,00013P,444.18,291.52,27.58,497.37,180.23,52.2
3105300014P,31,053,00014P,382.7,253.23,9.3,434.63,128.45,31.39
3105300015P,31,053,00015P,315.68,227.42,8.03,315.76,170.21,31.06
3105300016P,31,053,00016P,412.6,277.28,10.87,456.13,144.45,42
3105300017P,31,053,00017P,262,191,16,277,117,36
3105300018P,31,053,00018P,212.4,135.72,6.13,233.87,70.55,23
3105300019P,31,053,00019P,199,136,7,206,77,24
3105300020P,31,053,00020P,388,233,20,405,159,48
3105300021P,31,053,00021P,582,280,10,654,124,30
3105300022P,31,053,00022P,617.99,313.76,16.02,696.74,173.37,30.32
3105300023P,31,053,00023P,110.16,117.21,9.38,120.23,74.25,20.79
3105300024P,31,053,00024P,201.84,146.79,10.62,203.77,119.75,22.21
3105300025P,31,053,00025P,287,213,13,298,154,34
3105300026P,31,053,00026P,188,104,11,190,74,22
3105300027P,31,053,00027P,271,172,13,281,118,38
3105300028P,31,053,00028P,382,233,11,392,164,47
3105300029P,31,053,00029P,559.42,295.11,17,557.39,200.05,53.04
3105300030P,31,053,00030P,345.01,131,7,345.01,83,31
3105300031P,31,053,00031P,450,164,19,445,103,41
3105300033P,31,053,00033P,354,77,12,350,46,30
31055001-02,31,055,001-02,777.21,701.81,27.67,821.47,404.34,113.31
31055001-03,31,055,001-03,380,571,12,460,333,45
31055001-04,31,055,001-04,310.11,794.2,26.45,355.62,559.91,59.18
31055001-05,31,055,001-05,421.17,727.12,18.99,450.27,457.59,91.39
31055001-07,31,055,001-07,341,1001,39,403,566,96
31055001-08,31,055,001-08,373,938,26,447,483,91
31055001-09,31,055,001-09,323,628,23,355,416,82
31055001-10,31,055,001-10,265,316,17,291,189,52
31055001-11,31,055,001-11,372,681,37,411,386,78
31055001-12,31,055,001-12,60,57,6,67,36,11
31055001-13,31,055,001-13,598,885,28,714,507,84
31055001-14,31,055,001-14,407,1275,32,554,567,83
31055001-15,31,055,001-15,512,1030,45,570,665,115
31055001-16,31,055,001-16,362,566,17,401,345,74
31055001-17,31,055,001-17,251,999,20,334,507,92
31055001-18,31,055,001-18,508,1190,23,717,470,92
31055001-19,31,055,001-19,471,821,25,590,347,85
31055001-20,31,055,001-20,440.93,687.94,14.19,502.26,402.53,75.77
31055001-21,31,055,001-21,458.92,816.3,26.88,565.44,484.8,76.65
31055001-22,31,055,001-22,456.4,621.02,7.94,556.61,275.78,49.6
31055001-23,31,055,001-23,414.88,674.14,19.54,465.35,435.22,70.47
31055001-24,31,055,001-24,381,659,21,455,395,67
31055001-25,31,055,001-25,284,602,34,357,379,72
31055001-26,31,055,001-26,189,778,16,262,330,47
31055001-27,31,055,001-27,509.08,579.19,19.19,607.4,288.79,60.79
31055001-28,31,055,001-28,485,605,27,529,372,67
31055001-29,31,055,001-29,441,576,35,483,378,69
31055001-30,31,055,001-30,502.88,699.21,27.34,570.52,445.84,82.97
31055001-31,31,055,001-31,559.52,846.2,18.32,664.21,473.49,68.55
31055002-01,31,055,002-01,266.12,595.8,29.32,287.58,415.35,69.04
31055002-02,31,055,002-02,221,689,30,247,504,70
31055002-03,31,055,002-03,302.36,902.12,25.77,340.03,649.33,69.39
31055002-04,31,055,002-04,118.68,623.32,11.98,133.58,477.44,40.78
31055002-05,31,055,002-05,97.21,491.42,16.39,116.55,366.13,44.23
31055002-06,31,055,002-06,133.44,584.56,17.93,148.38,409.29,54.77
31055002-07,31,055,002-07,101,623,11,115,466,36
31055002-08,31,055,002-08,92.45,634.26,10.94,99.41,496.07,49.71
31055002-09,31,055,002-09,52.35,717,12.04,77.4,561.17,25.2
31055002-10,31,055,002-10,86,633,10,104,488,38
31055002-11,31,055,002-11,140,839,12,177,581,57
31055002-12,31,055,002-12,224,851,28,282,630,48
31055002-13,31,055,002-13,54,541,17,67,430,36
31055002-14,31,055,002-14,237,835,28,287,533,81
31055002-15,31,055,002-15,112.41,977.85,19.02,144.54,736.43,55.05
31055002-16,31,055,002-16,109.41,694.24,13.92,151.18,498.3,43.76
31055002-17,31,055,002-17,194,729,21,225,533,59
31055002-18,31,055,002-18,137.62,284.28,6.98,179.51,144.65,17.96
31055002-19,31,055,002-19,113.09,635.63,22.44,145.49,470.7,46.47
31055002-20,31,055,002-20,89,608,8,95,491,43
31055002-21,31,055,002-21,74.65,648,7.96,86.6,468.83,43.8
31055002-22,31,055,002-22,58,590,8,83,446,24
31055002-23,31,055,002-23,231.64,522.88,12.23,247.97,353.67,58.61
31055002-24,31,055,002-24,339,582,26,358,420,71
31055002-25,31,055,002-25,317.89,865.8,34.55,357.38,611.09,90.82
31055003-02,31,055,003-02,261,957,18,345,560,75
31055003-03,31,055,003-03,292,1022,22,357,595,85
31055003-04,31,055,003-04,154,452,11,187,219,46
31055003-05,31,055,003-05,302.1,806.5,27.14,344.55,459.96,89.35
31055003-06,31,055,003-06,223.56,840.62,28.07,280.77,529.61,69.23
31055003-07,31,055,003-07,350,1163,36,464,655,110
31055003-08,31,055,003-08,347,819,27,430,399,81
31055003-09,31,055,003-09,430,988,29,532,519,95
31055003-10,31,055,003-10,215,496,14,272,254,53
31055003-11,31,055,003-11,149,417,12,179,295,36
31055003-12,31,055,003-12,361,645,17,427,332,57
31055003-13,31,055,003-13,310,767,27,381,456,84
31055003-14,31,055,003-14,445,843,32,531,427,93
31055003-15,31,055,003-15,408,940,35,503,477,83
31055003-16,31,055,003-16,304,770,19,403,386,72
31055003-17,31,055,003-17,360,815,25,436,528,76
31055003-18,31,055,003-18,236,873,17,275,520,76
31055003-19,31,055,003-19,291,1005,35,350,627,96
31055003-20,31,055,003-20,413,1053,23,556,433,77
31055003-21,31,055,003-21,301.9,959.5,38.86,424.45,538.04,94.65
31055003-22,31,055,003-22,185,492,14,209,366,56
31055003-23,31,055,003-23,467,746,21,600,374,61
31055003-24,31,055,003-24,350.61,672.49,18.82,452.62,353.58,49.52
31055003-25,31,055,003-25,447.77,596.4,28.22,494.8,349,76.2
31055003-26,31,055,003-26,468,733,22,509,480,80
31055004-01,31,055,004-01,166,327,14,168,266,34
31055004-02,31,055,004-02,366,546,18,374,389,70
31055004-03,31,055,004-03,205.35,620.88,24.25,247.45,457.6,42.69
31055004-04,31,055,004-04,372.97,687.1,39.89,426.82,479.67,80.78
31055004-05,31,055,004-05,641,757,37,712,484,93
31055004-06,31,055,004-06,350.85,713.7,25.99,373.84,567.76,71.97
31055004-07,31,055,004-07,378.22,489.73,30.11,424.35,349.11,52.27
31055004-08,31,055,004-08,507,613,25,551,420,79
31055004-09,31,055,004-09,202,393,11,201,299,41
31055004-10,31,055,004-10,238,658,12,263,529,45
31055004-11,31,055,004-11,476,599,23,523,412,70
31055004-12,31,055,004-12,542,550,32,573,406,69
31055004-13,31,055,004-13,384,591,27,446,365,69
31055004-14,31,055,004-14,164.2,372.53,17.02,158.26,283.65,58.06
31055004-15,31,055,004-15,308,663,26,322,516,64
31055004-16,31,055,004-16,397,667,24,427,402,96
31055004-17,31,055,004-17,327.93,384.57,15.9,347.8,297.12,38.76
31055004-18,31,055,004-18,178.48,532.49,10.85,179.47,420.08,37.47
31055004-19,31,055,004-19,414.01,547.71,25.21,454.18,366.94,87.79
31055004-20,31,055,004-20,529.39,468.78,23.4,588.98,263.42,52.39
31055004-21,31,055,004-21,474.9,826.01,36.5,532.96,575.23,96.12
31055005-01,31,055,005-01,573.4,756.64,23.19,653.54,403.54,99.47
31055005-02,31,055,005-02,528.59,838.02,27.82,691.18,385.37,82.37
31055005-03,31,055,005-03,679,774,27,792,423,84
31055005-05,31,055,005-05,447.92,571.8,18.83,479.63,376.57,68.38
31055005-06,31,055,005-06,432,526,17,470,346,54
31055005-07,31,055,005-07,824.48,904.39,48.7,918.95,571.43,115.24
31055005-09,31,055,005-09,695.06,594.31,26.81,805.42,283.06,60.73
31055005-10,31,055,005-10,613.59,615.19,21.25,690.43,348.56,80.86
31055005-11,31,055,005-11,703,721,37,792,432,104
31055005-12,31,055,005-12,703.39,651.11,27.52,742.27,412.28,84.5
31055005-13,31,055,005-13,1014.97,690.08,32.2,1132.85,327.88,92.73
31055005-14,31,055,005-14,850.35,713.51,29.33,959.21,393.15,89.32
31055005-15,31,055,005-15,726.47,638.61,30.17,860.97,339.9,70.05
31055005-16,31,055,005-16,692,592,26,786,320,76
31055005-17,31,055,005-17,832,625,24,957,313,64
31055005-18,31,055,005-18,743,670,29,824,389,99
31055005-19,31,055,005-19,599.92,478.55,18.9,660.61,262.65,66.66
31055005-23,31,055,005-23,559.07,710.87,33.25,648.71,344.73,65.07
31055005-24,31,055,005-24,599.04,642.68,36.7,649.62,396.71,103.15
31055005-25,31,055,005-25,806.41,657.81,26.75,896.57,378.44,91.14
31055005-26,31,055,005-26,371.69,386.59,11.4,433.05,213.9,40.32
31055005-27,31,055,005-27,540.18,410.01,12.09,603.4,212.91,49.28
31055005-28,31,055,005-28,572,532,27,653,299,86
31055005-30,31,055,005-30,791.42,637.56,30.26,909.78,340.89,78.63
31055005-31,31,055,005-31,730.91,611.06,39.3,882.2,280.97,66.8
31055005-32,31,055,005-32,432.15,347.72,11.8,503.87,178.85,38.13
31055005-33,31,055,005-33,177,192,7,181,127,34
31055005-34,31,055,005-34,289,264,12,302,165,44
31055005-35,31,055,005-35,825.08,804.45,28.1,996.39,421.35,66.34
31055006-02,31,055,006-02,602.28,631.3,11.31,747.56,255.93,50.97
31055006-03,31,055,006-03,591.87,595.13,21.96,684.96,280.65,68.97
31055006-04,31,055,006-04,566.5,698.01,16.32,695.17,321.31,63.13
31055006-07,31,055,006-07,438.71,726.21,22.88,567.04,337.24,48.75
31055006-08,31,055,006-08,596.15,795.17,15.86,765.43,302.09,67.34
31055006-09,31,055,006-09,687.08,738.11,18,815.1,336.04,81.01
31055006-10,31,055,006-10,724,752,22,834,362,88
31055006-11,31,055,006-11,723,864,35,831,491,104
31055006-12,31,055,006-12,558.9,574.12,34.92,596.99,361.46,106.62
31055006-13,31,055,006-13,862.62,810.49,37.38,956.06,473.11,111.15
31055006-14,31,055,006-14,700.03,749.72,33.4,785.47,420.14,95.1
31055006-15,31,055,006-15,574,556,21,720,224,53
31055006-16,31,055,006-16,785,664,24,950,286,66
31055006-17,31,055,006-17,579.65,445.64,26,650,235.47,56.14
31055006-18,31,055,006-18,192,171,7,191,114,31
31055006-19,31,055,006-19,847.84,625.64,21.53,934.45,326.46,72.4
31055006-20,31,055,006-20,728.22,602.4,20.47,790.62,325.56,91.61
31055006-21,31,055,006-21,882.85,593.34,17.18,1051.87,249.63,75.55
31055006-22,31,055,006-22,993.08,576.38,23.07,1143.53,259.21,57.5
31055006-23,31,055,006-23,620.51,374.49,17.48,662.37,204.19,60.43
31055006-24,31,055,006-24,812.49,509.82,29.78,874.94,295.01,91.38
31055006-25,31,055,006-25,500,655,3,647,268,53
31055006-26,31,055,006-26,497.1,597.29,21.4,607.99,286,74.9
31055006-27,31,055,006-27,538.63,679.11,28.96,657.58,340.43,74.28
31055006-28,31,055,006-28,730,695,29,817,387,76
31055006-29,31,055,006-29,656.35,498.36,16,743,235.53,60.86
31055006-30,31,055,006-30,407.38,262.15,7.31,491.42,108.7,22.84
31055006-31,31,055,006-31,947.24,610.92,21.53,1109.26,277.61,68.18
31055006-32,31,055,006-32,1077.12,620.06,31.59,1199.94,307.22,82.35
31055006-33,31,055,006-33,1029.85,592.6,34.54,1152.45,277.28,90.42
31055006-34,31,055,006-34,928.23,799.84,28.34,1100.17,380.87,91.17
31055006-35,31,055,006-35,429.92,395.33,16.8,467.47,251.03,47.44
31055007-01,31,055,007-01,485.16,715.37,33.3,548.86,479.19,95.41
31055007-02,31,055,007-02,631.07,789.09,25,713.08,487.06,79.01
31055007-03,31,055,007-03,594.92,850.75,29.54,681.27,506.1,88.79
31055007-04,31,055,007-04,639.22,689.5,35.77,711.17,427.74,88.98
31055007-05,31,055,007-05,492.76,858.02,41.22,557.95,532.07,90.12
31055007-09,31,055,007-09,540,773,39,590,535,78
31055007-10,31,055,007-10,549,793,36,611,498,91
31055007-11,31,055,007-11,580,753,35,634,484,99
31055007-12,31,055,007-12,702,728,27,832,375,65
31055007-13,31,055,007-13,781.56,658.79,37.93,917.31,333.39,83.85
31055007-14,31,055,007-14,609.25,475.08,21.51,699.55,242.67,55.79
31055007-15,31,055,007-15,440.31,711.4,31.35,494.35,483.29,80.36
31055007-16,31,055,007-16,489.83,481.21,14.79,531.61,264.54,59.16
31055007-17,31,055,007-17,671,562,30,796,279,57
31055007-18,31,055,007-18,504,838,26,564,565,88
31055007-19,31,055,007-19,544.15,897.67,38.28,642.94,529.77,102.92
31055007-20,31,055,007-20,715.85,687.33,16.72,880.06,281.23,54.08
31055007-21,31,055,007-21,892.62,667.3,20.34,1042.96,281.54,78.62
31055007-24,31,055,007-24,540.13,718.61,34.04,622.02,430.69,95.46
31055007-25,31,055,007-25,632.86,845.38,22.86,744.04,483.16,72.48
31055007-26,31,055,007-26,646.71,683.6,19.99,796.51,346.72,55.91
31055007-27,31,055,007-27,651.95,607.03,34.45,755.04,315.18,73.6
31055007-28,31,055,007-28,423.37,393.4,17.02,491.03,203.71,49.6
31055007-29,31,055,007-29,559.93,678.11,25.4,634,413.27,80.03
31055007-30,31,055,007-30,595.37,606.49,23.77,660.52,375.57,61.43
31055007-31,31,055,007-31,596.4,518.67,16.34,675.17,258.4,57.65
31055007-32,31,055,007-32,664.16,635.03,31.07,780.68,323.34,59.23
31055007-33,31,055,007-33,468.64,408.26,14.02,542.45,194.53,40.47
31055007-34,31,055,007-34,614.26,546.52,24.52,759.94,239.93,47.51
31055008-01,31,055,008-01,337.3,378.19,12.67,370.96,233.27,53.82
31055008-02,31,055,008-02,208,251,9,227,166,35
31055008-03,31,055,008-03,244.76,253.3,9.29,268.22,156.22,24.01
31055008-04,31,055,008-04,353,299,19,386,180,42
31055008-05,31,055,008-05,217.61,233.22,2.6,254.02,126.58,15.61
31055008-06,31,055,008-06,211,213,19,243,126,35
31055008-07,31,055,008-07,297.87,215.98,12.25,309.54,127.27,29.24
31055008-08,31,055,008-08,264.71,173.69,7,290.53,77.17,13.37
31055008-09,31,055,008-09,447.68,255.31,6.76,462.25,135.73,32.53
31055008-10,31,055,008-10,98.08,69.29,2.52,105.14,36.63,8.14
31055008-11,31,055,008-11,388.6,629.25,14.76,413.39,442.49,61.44
31055008-12,31,055,008-12,717.27,914.14,45.8,811.81,588.63,101.35
31055008-13,31,055,008-13,1153.88,467.41,26.32,1220.23,258.63,82.96
31055008-14,31,055,008-14,625.92,310.1,20.57,658.65,176.89,52.24
31055008-15,31,055,008-15,794.22,664.45,12.68,945.46,325.89,51.71
31055008-16,31,055,008-16,838.05,713.49,37.86,961.64,403.55,84.69
31055008-17,31,055,008-17,722.1,763.49,31.07,839.36,436.93,87.69
31055008-18,31,055,008-18,546.69,637.49,25.24,636.65,389.51,49.61
31055008-19,31,055,008-19,609.32,561.57,15.03,672.01,338.49,65.04
31055008-20,31,055,008-20,741.83,679.05,27.51,841.55,408.28,65.4
31055008-23,31,055,008-23,468.82,524.2,17.92,549.4,322.17,59.52
31055008-24,31,055,008-24,648.43,456.5,19.89,735.95,230.74,58.68
31055008-27,31,055,008-27,102.97,108.28,8.6,109.53,70.86,15.9
31055008-37,31,055,008-37,661.58,572.44,26.74,801.22,297.11,64.37
31055008-39,31,055,008-39,1495.81,797.45,40.35,1636.61,418.19,122.96
31055008-40,31,055,008-40,1259.44,561.41,32.71,1346.72,313.46,96.51
31055008-41,31,055,008-41,872.38,405.85,21.22,896.17,222.23,72.45
31055008-42,31,055,008-42,797.65,546.17,17.77,947.34,237.41,55.68
31055008-43,31,055,008-43,1038.77,818.59,23.29,1159.89,407.61,95.34
31055008-44,31,055,008-44,426.7,423.18,8.93,498.78,243.92,26.62
31055008-45,31,055,008-45,1016.61,631.99,19.87,1186.71,283.85,70.31
31055008-46,31,055,008-46,775.12,689.43,35.8,845.95,421.05,89.57
31055008-47,31,055,008-47,781.98,724.81,19.16,873.98,408.48,82.53
31055008-48,31,055,008-48,1057.01,432.96,20.36,1148.83,200.62,68.37
31055008-49,31,055,008-49,1202.31,869.48,48.27,1322.74,497.12,97.95
31055008-50,31,055,008-50,828.04,616.13,32.07,967.12,304.65,76.75
31055008-51,31,055,008-51,1073.87,991.02,29.85,1239.1,531.93,97.84
31055008-52,31,055,008-52,407.93,483.44,7.84,487.36,258.88,47.07
31055008-53,31,055,008-53,826.21,709.44,18.11,971.5,368.77,77.11
31055008-55,31,055,008-55,1308.4,703.43,27.08,1498.64,325.58,67.39
31055008-56,31,055,008-56,720,564,33,773,337,94
31055008-57,31,055,008-57,965.2,624.49,33.1,1075.12,366.48,76.81
31055008-58,31,055,008-58,737.38,450.88,13.15,820.88,249.62,56.34
31055008-59,31,055,008-59,660.95,639.93,24.65,755.8,356.35,77.91
31055008-60,31,055,008-60,337.67,835.58,22.52,401.16,602.87,73.56
3105700001P,31,057,00001P,332,51,3,308,43,20
3105700002P,31,057,00002P,295,23,5,281,15,14
3105700003P,31,057,00003P,147,14,0,136,9,7
3105700004P,31,057,00004P,109,17,3,110,10,7
3105900001P,31,059,00001P,256,89,15,258,58,27
3105900002P,31,059,00002P,225,57,8,237,40,10
3105900003P,31,059,00003P,189,38,5,187,15,12
3105900004P,31,059,00004P,258.97,90.85,7.87,268.27,57.23,16.45
3105900005P,31,059,00005P,318,120,9,336,70,18
3105900006P,31,059,00006P,103.03,36.15,3.13,106.73,22.77,6.55
3105900007P,31,059,00007P,246,82,16,259,53,13
3105900008P,31,059,00008P,289,94,7,289,59,24
3105900009P,31,059,00009P,170,28,2,171,24,6
3105900010P,31,059,00010P,304,58,9,306,36,23
3106100001P,31,061,00001P,363,74,4,351,54,24
3106100003P,31,061,00003P,281,52,0,263,34,11
3106100005P,31,061,00005P,500,93,1,488,60,26
3106100007P,31,061,00007P,293,57,6,296,42,10
3106300001P,31,063,00001P,189,31,4,179,20,14
3106300002P,31,063,00002P,392,56,8,387,33,22
3106300004P,31,063,00004P,313,62,4,297,45,21
3106300005P,31,063,00005P,99,5,4,94,5,3
3106300006P,31,063,00006P,236,35,2,226,26,13
3106500001P,31,065,00001P,320.19,60.75,4.93,311.98,41.6,22.99
3106500001W,31,065,00001W,63.8,12.1,0.98,62.16,8.29,4.58
3106500002P,31,065,00002P,150,24,3,132,14,20
3106500002W,31,065,00002W,85.46,16.22,1.31,83.27,11.1,6.14
3106500003P,31,065,00003P,234.65,41.79,6.97,230.73,29.17,14.8
3106500003W,31,065,00003W,115.56,21.93,1.78,112.59,15.01,8.3
3106500004P,31,065,00004P,92,15,2,90,12,4
3106500004W,31,065,00004W,57.93,10.32,1.72,56.96,7.2,3.65
3106500005P,31,065,00005P,298,60,3,280,39,22
3106500005W,31,065,00005W,246.43,43.89,7.32,242.31,30.63,15.54
3106500006P,31,065,00006P,73,19,3,72,18,5
3106500007P,31,065,00007P,91,10,3,87,5,8
3106500008P,31,065,00008P,335,64,0,318,46,26
3106700001P,31,067,00001P,895,379,27,902,259,66
3106700004P,31,067,00004P,891,278,26,903,160,58
3106700007P,31,067,00007P,541.79,226.46,14.99,578.26,111.22,51.58
3106700008P,31,067,00008P,471,153,12,461,96,44
3106700011P,31,067,00011P,404,145,5,418,94,25
3106700015P,31,067,00015P,718,313,15,726,221,56
3106700016P,31,067,00016P,681.21,355.32,31.95,679.58,250.12,91.07
3106700017P,31,067,00017P,978.56,531.65,39.04,1032.66,360.31,81.15
3106700021P,31,067,00021P,951,489,44,979,354,88
3106700026P,31,067,00026P,914.06,514.78,23.04,977.13,334.48,59.23
3106900001P,31,069,00001P,91,12,3,87,11,2
3106900002P,31,069,00002P,387,54,7,344,52,27
3106900003P,31,069,00003P,273,44,5,258,32,20
3106900004P,31,069,00004P,265,51,3,249,32,25
3107100003P,31,071,00003P,415.05,42.19,3.01,390.98,24.14,19.06
3107100004P,31,071,00004P,269.37,49.88,2.99,256.4,34.92,11.97
3107100005P,31,071,00005P,248.58,40.93,2.99,220.62,31.95,18.97
3107300001P,31,073,00001P,299,111,3,313,58,19
3107300002P,31,073,00002P,342,67,4,354,23,24
3107300003P,31,073,00003P,189,26,1,177,22,8
3107300004P,31,073,00004P,63,11,2,56,8,8
3107500002P,31,075,00002P,375,20,7,321,14,25
3107700001P,31,077,00001P,192,45,2,187,27,12
3107700002P,31,077,00002P,268,91,9,253,69,19
3107700003P,31,077,00003P,379,69,2,342,48,20
3107700004P,31,077,00004P,177,24,0,156,22,5
31079000001,31,079,000001,579.16,421.39,25.96,578.16,303.56,69.9
31079000002,31,079,000002,239,212,5,233,140,30
31079000003,31,079,000003,575.41,382.29,27.07,561.46,297.77,65.21
31079000005,31,079,000005,784,358,22,819,206,56
31079000006,31,079,000006,735,342,22,774,188,56
31079000007,31,079,000007,620,374,30,656,241,60
31079000008,31,079,000008,669.57,464.32,31.02,692.59,320.23,81.06
31079000009,31,079,000009,819.43,461.68,27.98,845.41,322.77,91.94
31079000010,31,079,000010,687,419,30,673,333,68
31079000011,31,079,000011,667.54,366.17,24.07,682.4,255.94,62.22
31079000012,31,079,000012,406,359,17,403,255,58
31079000013,31,079,000013,1153.77,454.52,29.97,1145.78,296.68,84.91
31079000014,31,079,000014,1264.23,434.48,17.03,1283.22,277.32,90.09
31079000015,31,079,000015,1135.7,469.9,25.46,1145.48,299.56,86.15
31079000016,31,079,000016,850.99,359,27,867.99,235,73
31079000017,31,079,000017,556.24,280.95,17.13,563.81,169.88,47.38
31079000018,31,079,000018,388.26,178.1,11.27,366.33,144.21,33.25
3107900004P,31,079,00004P,543,305,22,544,208,70
3107900029P,31,079,00029P,292.39,134.1,8.49,275.84,108.64,25.04
3107900030P,31,079,00030P,611,122,13,564,86,53
3107900037P,31,079,00037P,449.47,179.46,13.16,461.3,100.89,44.51
3107900039P,31,079,00039P,392.44,103.17,9.56,382.65,72.43,22.93
3107900040P,31,079,00040P,742.35,221.85,18.77,717.61,146.76,64.85
3107900041P,31,079,00041P,482.79,129.07,13.86,467.86,78.45,45.27
3107900042P,31,079,00042P,416.61,111.4,11.97,403.72,67.67,39.13
3107900043P,31,079,00043P,127.65,38.15,3.23,123.39,25.24,11.15
3108100001P,31,081,00001P,187,26,5,182,20,9
3108100002P,31,081,00002P,403,93,10,363,61,36
3108100003P,31,081,00003P,419,73,16,373,53,49
3108100004P,31,081,00004P,161,29,3,149,12,8
3108100005P,31,081,00005P,466.35,92.44,7.11,423.88,49.04,45.52
3108100006P,31,081,00006P,236.98,27,5,204.99,18,32
3108100007P,31,081,00007P,345.1,62.87,3.02,337.12,41.3,14.84
3108100008P,31,081,00008P,290.5,52.87,7.15,273,34.63,16.55
3108100009P,31,081,00009P,518,251,24,536,146,52
3108100010P,31,081,00010P,541,174,12,532,107,57
3108100011P,31,081,00011P,745.02,238,14,743.01,137,55
3108300003P,31,083,00003P,107.81,30.92,4.48,116.68,17.64,4.88
3108300004P,31,083,00004P,195.21,39.95,5.43,194.97,26.47,12.77
3108300005P,31,083,00005P,127.86,19.34,1.89,117.48,17.93,7.55
3108300006P,31,083,00006P,350.4,50.67,6.67,327.33,41.84,20.68
310830000P7,31,083,0000P7,364.94,60.85,7.07,352.89,46.39,18.89
31083008301,31,083,008301,250.12,53.25,0.84,226.67,36.29,20.93
31083008302,31,083,008302,218.67,27.01,4.62,192.98,21.45,19.31
3108500001P,31,085,00001P,158,14,2,152,8,7
3108500002P,31,085,00002P,165,7,3,150,11,4
3108500003P,31,085,00003P,171,13,1,155,11,12
3108700001P,31,087,00001P,276,36,5,251,35,25
3108700002P,31,087,00002P,148,21,10,139,16,19
3108700004P,31,087,00004P,500,57,11,463,47,38
3108700005P,31,087,00005P,340,61,4,326,46,27
3108900001P,31,089,00001P,176,44,3,150,30,21
3108900002P,31,089,00002P,552.51,65.81,7.21,499.22,62.67,36.4
3108900003P,31,089,00003P,454,41,9,371,42,26
3108900004P,31,089,00004P,227.58,25.09,2,185.54,21.02,18.07
3108900005P,31,089,00005P,348,23,3,283,31,31
3108900006P,31,089,00006P,142,23,4,125,17,17
3108900007P,31,089,00007P,443,58,5,386,61,24
3108900008P,31,089,00008P,490,50,1,412,41,39
3108900009P,31,089,00009P,538.49,97.19,20.79,490.78,84.33,49.6
3108900010P,31,089,00010P,423,105,10,394,77,38
3108900011P,31,089,00011P,462,73,6,423,53,33
3108900012P,31,089,00012P,269,37,3,236,41,18
3108900013P,31,089,00013P,244,44,8,210,42,22
3109100001P,31,091,00001P,376,59,7,349,48,17
3109300001P,31,093,00001P,246.4,43.68,9.07,228.35,36.47,23.16
3109300002P,31,093,00002P,146.27,20.76,0,134.95,11.32,8.49
3109300003P,31,093,00003P,221,42,3,206,31,11
3109300004P,31,093,00004P,721.32,203.56,19.93,705.7,141.2,48.35
3109300005P,31,093,00005P,569,132,15,548,85,37
3109300006P,31,093,00006P,171,40,5,168,30,16
3109300007P,31,093,00007P,345,110,11,332,70,40
3109300008P,31,093,00008P,366,56,4,337,41,23
3109500001P,31,095,00001P,235.5,128.15,11.01,246.52,91.11,29.03
3109500002P,31,095,00002P,183.38,86.76,6.9,192.25,59.16,18.73
3109500003P,31,095,00003P,304,137,18,319,103,32
3109500004P,31,095,00004P,340.84,165.44,13.95,382.7,91.69,31.89
3109500005P,31,095,00005P,157,43,4,169,21,6
3109500006P,31,095,00006P,310.38,104.79,7.98,323.36,67.87,15.97
3109500007P,31,095,00007P,243.62,85.24,5.1,248.75,52.84,15.27
3109500008P,31,095,00008P,178.16,39.56,2.05,168.3,29.31,10.11
3109500009P,31,095,00009P,321,122,9,362,71,12
3109500010P,31,095,00010P,341.5,103.85,5.99,351.48,76.89,19.97
3109700001P,31,097,00001P,444,175,20,469,114,29
3109700003P,31,097,00003P,213,66,12,213,55,17
3109700004P,31,097,00004P,71,22,4,73,21,3
3109700005P,31,097,00005P,233.6,107.01,9.26,251.83,63.35,20.78
3109700007P,31,097,00007P,432.4,227.99,14.74,445.17,133.65,44.22
3109700008P,31,097,00008P,124,49,4,124,30,11
3109900002P,31,099,00002P,345,90,7,332,47,27
3109900003P,31,099,00003P,90,18,2,85,8,5
3109900005P,31,099,00005P,211,40,6,201,30,16
3109900006P,31,099,00006P,87,17,0,81,10,6
3109900007P,31,099,00007P,396,89,8,383,51,32
3109900008P,31,099,00008P,253,28,5,238,15,22
3109900011P,31,099,00011P,222,42,8,220,27,20
3109900012P,31,099,00012P,75,16,2,71,10,7
3109900013P,31,099,00013P,307,106,20,322,65,29
3109900014P,31,099,00014P,395,132,11,393,86,29
3109900015P,31,099,00015P,441,123,12,464,63,27
3110100001P,31,101,00001P,236,61,1,224,52,12
3110100002P,31,101,00002P,132,25,3,120,21,15
3110100003P,31,101,00003P,402,57,5,394,34,18
3110100004P,31,101,00004P,376,64,3,349,54,24
3110100005P,31,101,00005P,235.06,37.12,3.09,217.02,25.26,17.01
3110100006P,31,101,00006P,140,20,0,135,16,7
3110100007P,31,101,00007P,220.94,34.88,2.91,203.98,23.74,15.99
3110100008P,31,101,00008P,534.76,155.96,7.56,514.79,108.92,39.81
3110100009P,31,101,00009P,370,74,9,352,55,22
3110100010P,31,101,00010P,330,94,10,317,58,30
3110100011P,31,101,00011P,278.24,53.04,7.44,265.21,39.08,24.19
3110100012P,31,101,00012P,289,87,5,263,66,29
3110300001P,31,103,00001P,83.64,8.45,1.4,69.6,7.5,9.36
3110300002P,31,103,00002P,94.35,9.54,1.59,78.45,8.48,10.6
3110300003P,31,103,00003P,138.68,16.04,0,131.13,10.38,8.49
3110300004P,31,103,00004P,164.18,15.51,1.08,152.43,14.9,5.82
3110500001P,31,105,00001P,132,25,3,119,24,7
3110500002P,31,105,00002P,299,31,5,279,22,24
3110500003P,31,105,00003P,195,22,6,183,20,12
3110500004P,31,105,00004P,355,67,7,338,59,17
3110500005P,31,105,00005P,582,123,22,539,119,52
3110700001P,31,107,00001P,566,157,9,537,122,41
3110700002P,31,107,00002P,691,149,12,626,123,41
3110700003P,31,107,00003P,796,144,16,713,101,79
3110700004P,31,107,00004P,176,47,1,155,30,14
3110700005P,31,107,00005P,176,160,7,183,127,13
3110700006P,31,107,00006P,296,67,5,254,64,24
3110700007P,31,107,00007P,513,97,10,437,78,42
3110700008P,31,107,00008P,507,84,11,471,63,34
3110900001P,31,109,00001P,455.79,416.65,17.85,519.88,231.47,41.84
3110900002P,31,109,00002P,362,384,26,394,248,61
3110900003P,31,109,00003P,458,550,25,513,375,61
3110900004P,31,109,00004P,201,272,15,238,160,27
3110900005P,31,109,00005P,312,453,24,362,228,48
3110900006P,31,109,00006P,227,359,16,237,202,42
3110900008P,31,109,00008P,172.52,447.07,19.34,187.11,277.55,54.14
3110900009P,31,109,00009P,154.5,520.1,19.79,196.94,263.78,47.47
3110900010P,31,109,00010P,367.54,421.05,22.6,438.85,221.83,39.15
3110900011P,31,109,00011P,349.07,326.27,18.84,416.51,169.58,27.77
3110900012P,31,109,00012P,296.93,259.73,15.16,349.49,120.42,28.23
3110900014P,31,109,00014P,427.84,366.35,20.63,512.14,192.96,33.58
3110900015P,31,109,00015P,317,436,13,403,236,34
3110900016P,31,109,00016P,342.75,328.39,17.05,389.41,201.88,38.58
3110900017P,31,109,00017P,271.22,356.43,22.78,312.53,233.83,40.27
3110900018P,31,109,00018P,361,344,16,408,210,27
3110900021P,31,109,00021P,491.5,547.26,16.12,577.29,309.23,51.27
3110900022P,31,109,00022P,344.25,325.62,8.83,405.06,170.65,20.6
3110900023P,31,109,00023P,534.25,695.13,45.06,622.65,409.12,97.13
3110900027P,31,109,00027P,366,444,20,407,289,56
3110900028P,31,109,00028P,350.25,363.49,30.72,369.52,259.69,47.42
3110900029P,31,109,00029P,273.73,366.3,24.93,312.5,249.83,48.57
3110900031P,31,109,00031P,438,564,50,486,354,76
3110900032P,31,109,00032P,207,260,19,253,167,24
3110900033P,31,109,00033P,60.79,114.03,6.68,69.4,77.48,11.77
3110900034P,31,109,00034P,281.36,527.74,30.9,321.2,358.61,54.48
3110900035P,31,109,00035P,301.55,542.13,26.87,371.81,354.73,46.43
3110900036P,31,109,00036P,252.7,315.48,17.48,276.54,197.08,38.14
3110900038P,31,109,00038P,238,309,15,276,197,33
3110900039P,31,109,00039P,131.33,225.89,13.13,143.15,158.91,30.86
3110900041P,31,109,00041P,210.17,356.54,17.36,233.36,252.86,44.7
3110900042P,31,109,00042P,68.67,118.11,6.87,74.85,83.09,16.14
3110900043P,31,109,00043P,273,392,30,285,293,55
3110900044P,31,109,00044P,337,426,13,357,310,46
3110900046P,31,109,00046P,290.45,570.54,28.29,339.49,348.92,67.9
3110900047P,31,109,00047P,279.55,523.46,25.71,320.51,352.08,46.1
3110900049P,31,109,00049P,170.63,475.71,18.56,189.68,273.28,40.98
3110900050P,31,109,00050P,386,644,25,451,367,57
3110900051P,31,109,00051P,187,369,13,227,203,30
3110900053P,31,109,00053P,238,415,9,271,230,33
3110900054P,31,109,00054P,194,366,9,230,218,28
3110900055P,31,109,00055P,177.99,320.15,13.82,210.33,204.56,24.96
3110900056P,31,109,00056P,250,355,15,276,206,29
3110900057P,31,109,00057P,149,225,15,156,147,30
3110900058P,31,109,00058P,172.44,173.3,10.55,211.66,84.68,14.17
3110900059P,31,109,00059P,217,336,11,255,162,32
3110900060P,31,109,00060P,323,344,9,394,161,33
3110900061P,31,109,00061P,381.23,470.09,16.66,446.45,245.13,49.21
3110900063P,31,109,00063P,274,407,16,313,238,35
3110900064P,31,109,00064P,235.3,347.19,7.06,287.32,149.7,37.81
3110900065P,31,109,00065P,248.7,271.81,12.94,285.68,143.3,22.19
3110900066P,31,109,00066P,296,298,13,354,146,24
3110900067P,31,109,00067P,314,424,11,389,207,46
3110900068P,31,109,00068P,314,437,10,364,220,38
3110900069P,31,109,00069P,280.48,370.5,17.06,329.76,212.26,37.9
3110900070P,31,109,00070P,183.49,231.91,10.22,215.23,131.29,20.45
3110900071P,31,109,00071P,340,544,19,424,305,40
3110900072P,31,109,00072P,454,496,15,545,228,39
3110900073P,31,109,00073P,447,476,20,534,251,38
3110900074P,31,109,00074P,297,377,13,362,160,42
3110900075P,31,109,00075P,317,328,14,367,178,18
3110900076P,31,109,00076P,463.83,443.99,14.15,555.72,211.52,44.22
3110900077P,31,109,00077P,290.24,359.37,23.25,345.43,197.56,37.5
3110900078P,31,109,00078P,239,317,16,275,194,30
3110900080P,31,109,00080P,304.68,389.1,9.7,386.19,215.41,32.99
3110900081P,31,109,00081P,404.78,524.92,36.78,471.68,344.29,46.9
3110900082P,31,109,00082P,371.21,493.59,21.94,423.5,302.27,49.72
3110900083P,31,109,00083P,354.4,444.15,27.97,408.88,286.5,51.79
3110900084P,31,109,00084P,607,613,30,691,358,61
3110900086P,31,109,00086P,280.29,293.98,11.79,307.9,175.9,28.52
3110900087P,31,109,00087P,305,348,15,365,197,21
3110900088P,31,109,00088P,387,420,10,452,228,21
3110900089P,31,109,00089P,350.41,338.37,12.02,413.27,162.71,25.89
3110900090P,31,109,00090P,344.13,465.66,16.29,439.57,232.45,41.99
3110900091P,31,109,00091P,346.19,416.24,10.01,396.24,239.13,36.02
3110900092P,31,109,00092P,266,310,13,318,149,27
3110900093P,31,109,00093P,376,338.67,4.44,433.78,178.67,28.44
3110900094P,31,109,00094P,417.94,597.05,22.5,498.32,321.6,49.17
3110900095P,31,109,00095P,301,350,10,343,196,41
3110900096P,31,109,00096P,99.06,123.29,6.06,112.9,78.73,10.38
3110900097P,31,109,00097P,283,517,31,321,367,52
3110900098P,31,109,00098P,193.14,298.89,13.22,237.94,172.58,27.91
3110900099P,31,109,00099P,266.2,366.41,18.77,292.76,240.31,47.47
3110900100P,31,109,00100P,342,427,11,405,234,34
3110900103P,31,109,00103P,312,520,21,356,316,34
3110900104P,31,109,00104P,388.76,496.25,19.47,444.12,294.87,48.05
3110900105P,31,109,00105P,195.76,248.25,6.47,202.12,167.87,34.05
3110900106P,31,109,00106P,340.47,528.18,20.97,388.4,287.55,52.92
3110900108P,31,109,00108P,274,498,30,329,313,50
3110900109P,31,109,00109P,216.46,631.81,9.61,274.9,304.66,28.3
3110900110P,31,109,00110P,174.53,591.82,11.03,259.6,250.45,25.08
3110900111P,31,109,00111P,237.47,449.8,14.73,291.2,227.93,42.47
3110900112P,31,109,00112P,347.07,554.61,23.31,401.22,312.87,63.91
3110900113P,31,109,00113P,382.54,598.96,28.09,449.6,366.95,61.03
3110900115P,31,109,00115P,247.53,354.91,18.2,293.03,215.68,30.03
3110900116P,31,109,00116P,282.94,390.14,10.59,347.19,185.46,28.39
3110900117P,31,109,00117P,452.82,451.62,16.91,568.39,219.13,27.38
3110900118P,31,109,00118P,425,484,20,493,288,47
3110900119P,31,109,00119P,540.24,519.81,22.55,633.33,243.76,58.87
3110900120P,31,109,00120P,409.94,444.01,21.33,453.74,296.72,44.51
3110900121P,31,109,00121P,211,555,22,259,283,38
3110900123P,31,109,00123P,173,535,13,205,302,35
3110900124P,31,109,00124P,218,519,8,281,229,35
3110900125P,31,109,00125P,169.9,451.42,13.95,202.73,242.94,29.55
3110900127P,31,109,00127P,169.15,585.68,15.64,200.44,324.62,57.69
3110900128P,31,109,00128P,118,513,14,154,309,25
3110900130P,31,109,00130P,210,695,29,259,438,58
3110900132P,31,109,00132P,167,723,24,191,445,75
3110900133P,31,109,00133P,163,476,12,181,305,30
3110900135P,31,109,00135P,178.12,651.12,23.71,215.32,405.69,58.23
3110900136P,31,109,00136P,163.05,359.1,15.53,195.08,223.22,36.88
3110900138P,31,109,00138P,248.63,196.17,4.92,294.54,81.42,14.75
3110900139P,31,109,00139P,222.8,634.45,28.42,271.74,414.95,42.83
3110900140P,31,109,00140P,263.2,540.76,30.07,279.74,401.27,58.3
3110900143P,31,109,00143P,213.21,537.95,34.73,255.23,358.51,55.07
3110900144P,31,109,00144P,262.59,558.13,29.18,296.48,384.95,63.06
3110900145P,31,109,00145P,107.01,324.71,8.31,121,220.57,26.9
3110900146P,31,109,00146P,171.3,556.11,21.04,204.36,349.69,44.1
3110900148P,31,109,00148P,60.07,139.45,7.09,75.18,88.01,11.18
3110900150P,31,109,00150P,170.82,498.63,23,209.14,318.62,41.48
3110900152P,31,109,00152P,193.7,604.82,21.09,209.99,400.64,75.72
3110900154P,31,109,00154P,295.75,440.44,18.79,325.1,311,42.4
3110900155P,31,109,00155P,302.54,491.37,23.5,324.44,309.41,57.28
3110900156P,31,109,00156P,468.6,640.67,25.28,510.4,409.29,80.69
3110900158P,31,109,00158P,463.28,628.59,38.45,510.37,438.29,77.85
3110900159P,31,109,00159P,311.66,393.96,20.47,353.45,272.7,48.97
3110900160P,31,109,00160P,307.88,425.56,20.46,326.37,313.39,41.85
3110900162P,31,109,00162P,409.21,552.27,30.02,472.56,374.17,59.38
3110900163P,31,109,00163P,330.38,294.36,7.05,365.47,181.86,23.15
3110900164P,31,109,00164P,470.97,482.24,15.67,529.11,293.29,42.23
3110900166P,31,109,00166P,448,397,8,498,235,40
3110900167P,31,109,00167P,406.53,319.98,13.2,455.13,185.19,33.88
3110900168P,31,109,00168P,375.21,440.78,25.08,399.38,320.06,61.25
3110900170P,31,109,00170P,377.15,506.76,31.09,394.41,379.1,71.24
3110900172P,31,109,00172P,323.27,431.58,37.99,375.93,297.27,55.15
3110900174P,31,109,00174P,291,508,30,307,363,64
3110900176P,31,109,00176P,379.2,388.62,24.45,414.5,277.57,48.66
3110900179P,31,109,00179P,459,476,11,558,208,37
3110900182P,31,109,00182P,234.86,285.39,24.77,262.6,203.14,40.63
3110900184P,31,109,00184P,542.72,451.13,21.46,607.9,248.11,50.46
3110900185P,31,109,00185P,455.7,495.09,25.32,507.28,340.37,52.51
3110900186P,31,109,00186P,590,287,12,606,149,57
3110900187P,31,109,00187P,384.24,241.99,20.54,418.08,137.2,31.05
3110900188P,31,109,00188P,518.1,268.28,17.11,552.72,153.08,35.55
3110900190P,31,109,00190P,508,240,23,516,156,42
3110900191P,31,109,00191P,696.28,487.34,29.28,737.06,304.83,69.88
3110900192P,31,109,00192P,555.13,364.75,19.81,609.2,217.31,48.24
3110900193P,31,109,00193P,453.71,478.92,26.44,525.53,256.36,58.12
3110900194P,31,109,00194P,94.91,100.17,8.88,106.05,63.59,13.69
3110900195P,31,109,00195P,298.16,161.18,7.01,307.19,82.1,22.02
3110900197P,31,109,00197P,477.27,304.75,8.83,518.06,157.64,30.77
3110900198P,31,109,00198P,377.96,159.87,6.91,391.78,101.65,22.7
3110900199P,31,109,00199P,504.96,305.58,9.14,548.71,153.34,41.93
3110900200P,31,109,00200P,216.04,142.01,8.31,228.48,86.12,19.07
3110900202P,31,109,00202P,932,478.03,19,963,273.03,66
3110900204P,31,109,00204P,677.11,316.44,17.93,703.84,183.44,49.88
3110900205P,31,109,00205P,618.9,509.07,22.63,658.7,317.35,51.59
3110900206P,31,109,00206P,438.51,149.97,8.48,430.29,109.03,38.84
3110900207P,31,109,00207P,427.88,204.77,11.34,458.37,117.64,28.76
3110900208P,31,109,00208P,622.9,273.43,26.44,656.76,171.68,44.73
3110900209P,31,109,00209P,477.52,202.1,18.82,519.13,117.89,35.67
3110900210P,31,109,00210P,634,361,33,647,239,68
3110900211P,31,109,00211P,357,136,9,370,79,18
3110900212P,31,109,00212P,330.01,402.03,19.14,359.18,301.75,42.85
3110900213P,31,109,00213P,382,445,20,395,337,58
3110900215P,31,109,00215P,402.53,519.77,31.26,415.23,411.32,65.46
3110900216P,31,109,00216P,517,356,10,599,157,29
3110900218P,31,109,00218P,280.29,520,31.69,311,329.83,58.44
3110900300P,31,109,00300P,0.27,1.12,0.01,0.28,1.06,0.02
3110900301P,31,109,00301P,518.83,539.52,20.95,638.03,253,50.94
3110900303P,31,109,00303P,929.17,562.13,15.17,1044.71,243.07,56.74
3110900304P,31,109,00304P,807.01,726.31,22.92,924.57,387.56,58.78
3110900305P,31,109,00305P,582.99,559.69,15.08,682.43,290.44,48.22
3110900306P,31,109,00306P,904.03,700.29,32.57,1017.05,379.93,70.63
3110900307P,31,109,00307P,453,501,9,540,247,33
3110900308P,31,109,00308P,1001.68,1044.35,40.73,1145.2,628.36,112.48
3110900309P,31,109,00309P,310,339,16,375,183,30
3110900310P,31,109,00310P,278.96,360.24,12.24,328.45,217.9,28.67
3110900311P,31,109,00311P,343.58,347.5,16.24,429.1,167.09,24.12
3110900312P,31,109,00312P,639.29,618.75,39.47,701.14,396.81,67.15
3110900313P,31,109,00313P,317,361,17,362,214,34
3110900314P,31,109,00314P,405.93,401.37,14.5,433.67,254.05,45.16
3110900315P,31,109,00315P,427.09,383.59,9.77,490.14,230.86,18.65
3110900316P,31,109,00316P,433.9,367.72,20.44,477.79,225.57,48.15
3110900317P,31,109,00317P,651.01,620.84,42.87,694.75,426.16,67.75
3110900318P,31,109,00318P,385.93,408.12,25.1,447.03,271.8,40.16
3110900319P,31,109,00319P,130.38,126.95,11.44,139.53,78.34,25.73
3110900320P,31,109,00320P,486,360,17,549,196,25
3110900321P,31,109,00321P,472.18,482.23,23.85,529.6,307.88,68.08
3110900322P,31,109,00322P,352,345,16,424,169,31
3110900323P,31,109,00323P,468.13,484.02,18.06,559.31,270.52,32.2
3110900324P,31,109,00324P,314,324,11,377,166,29
3110900325P,31,109,00325P,267,363,17,322,201,44
3110900326P,31,109,00326P,421.65,383.67,11.98,473.79,195.3,33.12
3110900327P,31,109,00327P,5.15,3.86,0,4.72,2.15,0.86
3110900328P,31,109,00328P,0,0,0,0,0,0
3110900329P,31,109,00329P,871.43,443.53,23.67,875.42,296.65,81.8
3110900330P,31,109,00330P,628.49,307.78,25.04,637.95,203.25,51.87
3110900331P,31,109,00331P,687.41,387.94,26.85,708.33,245.66,73.58
3110900332P,31,109,00332P,176.7,194.14,7.36,191.19,115.05,22.57
3110900333P,31,109,00333P,669.97,438.33,21.97,756.84,232.64,39.94
3111100001P,31,111,00001P,742,160,15,708,121,53
3111100002P,31,111,00002P,826.36,125.22,14.02,778.27,95.17,55.1
3111100003P,31,111,00003P,292,27,2,258,24,14
3111100005P,31,111,00005P,871.96,146.01,15.25,815.42,108.97,66.51
3111100007P,31,111,00007P,354,61,7,330,53,29
3111100009P,31,111,00009P,471,86,10,455,61,37
3111100013P,31,111,00013P,165,12,0,158,8,6
3111100014P,31,111,00014P,503.35,112.51,13.21,475.54,87.89,42.05
3111100016P,31,111,00016P,529,119,4,514,68,37
3111100017P,31,111,00017P,1067.67,197.96,18.26,1037.63,147.46,66.76
3111100019P,31,111,00019P,363.05,165.91,9.76,376.71,121.99,25.37
3111100020P,31,111,00020P,349,159,15,348,119,38
3111100021P,31,111,00021P,340.61,104.67,7.56,332.44,65.41,37.77
3111100022P,31,111,00022P,571,206,14,547,155,62
3111100025P,31,111,00025P,904.39,315.33,31.44,914.56,201.59,83.23
3111100027P,31,111,00027P,409,192,21,384,136,69
3111100028P,31,111,00028P,333,108,20,314,89,36
3111100030P,31,111,00030P,759.57,265.09,27.02,731.53,200.07,77.05
3111100031P,31,111,00031P,415.5,144.31,9.76,413.41,105.97,34.86
3111100032P,31,111,00032P,647,224,22,691,119,45
3111100033P,31,111,00033P,680.03,241.4,16.68,677.09,154.06,49.06
3111100035P,31,111,00035P,776,331,27,744,243,87
3111100040P,31,111,00040P,347.5,73.59,10.04,337.4,58.42,19.23
3111100041P,31,111,00041P,353,115,14,338,83,43
3111300001P,31,113,00001P,407,38,5,369,36,22
3111500001P,31,115,00001P,370,75,9,370,28,21
3111700001P,31,117,00001P,275,17,10,260,12,19
3111900001P,31,119,00001P,834.44,227.69,25.66,794.06,170.3,54.41
3111900002P,31,119,00002P,529.87,192.59,24.95,509.91,149.68,58.87
3111900003P,31,119,00003P,496,208,16,477,152,53
3111900004P,31,119,00004P,1079.16,301.35,19.51,1073.76,188.72,66.32
3111900005P,31,119,00005P,859,237,20,871,119,52
3111900006P,31,119,00006P,851,264,21,859,138,65
3111900007P,31,119,00007P,460.26,213.11,30.01,461.24,148.09,59.02
3111900008P,31,119,00008P,420,157,22,411,104,59
3111900009P,31,119,00009P,646.48,216.41,15.69,627.78,151.85,53.88
3111900010P,31,119,00010P,368.13,178.05,25.01,355.12,145.04,44.01
3111900011P,31,119,00011P,655.03,225.08,22.65,646.14,161.04,48.77
3111900012P,31,119,00012P,424.21,172.81,17.43,401.93,142.5,40.74
3111900013P,31,119,00013P,650.77,137.26,17.35,626.99,84.68,46.45
3111900014P,31,119,00014P,550.35,98.51,6.63,507.73,60.62,34.1
3111900015P,31,119,00015P,507,91,9,474,59,31
3111900016P,31,119,00016P,258,47,6,243,40,14
3111900019P,31,119,00019P,771,121,21,723,91,57
3111900020P,31,119,00020P,225.88,36.79,5.19,204.71,28.94,16.67
3111900021P,31,119,00021P,220.67,28.38,2.05,198.69,24.03,16.2
3111900022P,31,119,00022P,253,18,3,243,15,7
3111900023P,31,119,00023P,458,88,9,418,62,34
3111900025P,31,119,00025P,193.87,100.34,3.63,195.23,74.92,14.53
3111900026P,31,119,00026P,230.46,119.28,4.32,232.08,89.05,17.27
3112100001P,31,121,00001P,248,43,3,227,34,14
3112100002P,31,121,00002P,166,36,3,152,29,16
3112100003P,31,121,00003P,83,10,1,89,4,2
3112100004P,31,121,00004P,99,21,3,96,13,9
3112100005P,31,121,00005P,301,57,7,272,41,29
3112100006P,31,121,00006P,118,33,2,112,24,10
3112100007P,31,121,00007P,36,6,1,37,2,3
3112100008P,31,121,00008P,179.36,30.85,3.97,171.37,21.52,11.09
3112100009P,31,121,00009P,110.14,14.51,1.94,101.45,8.71,9.65
3112100010P,31,121,00010P,186,15,6,177,9,9
3112100011P,31,121,00011P,222.55,39.73,10.92,199.71,36.75,24.83
3112100012P,31,121,00012P,318.21,105.41,7.88,283.73,75.86,38.42
3112100013P,31,121,00013P,102.55,16.28,3.01,97.51,9.18,6.07
3112100014P,31,121,00014P,597,162,18,584,110,47
3112100015P,31,121,00015P,648.26,152.03,23,639.24,92.02,37.02
3112300001P,31,123,00001P,344,81,10,318,64,36
3112300002P,31,123,00002P,54,2,0,45,2,5
3112300003P,31,123,00003P,41,0,0,32,2,3
3112300004P,31,123,00004P,464,81,12,416,77,54
3112300005P,31,123,00005P,270,37,2,236,28,20
3112300006P,31,123,00006P,141,21,6,118,24,17
3112300007P,31,123,00007P,252.66,55.2,10.11,227.01,44.31,26.43
3112300008P,31,123,00008P,49,4,0,38,4,7
3112300009P,31,123,00009P,497.34,104.8,17.89,439.99,79.69,52.57
3112500001P,31,125,00001P,158,46,8,151,28,11
3112500002P,31,125,00002P,289.49,48.79,7.95,269.04,30.69,11.16
3112500003P,31,125,00003P,208.91,51.26,3.09,184.25,38.04,11.05
3112500004P,31,125,00004P,442.6,135.95,5.95,427.71,95.27,26.79
3112500007P,31,125,00007P,162,44,4,162,28,14
3112500008P,31,125,00008P,176,33,3,159,22,16
3112700001P,31,127,00001P,117,33,4,122,16,8
3112700003P,31,127,00003P,185.49,80.78,11.97,182.5,60.83,20.94
3112700004P,31,127,00004P,397,134,14,408,61,46
3112700005P,31,127,00005P,172,64,2,174,38,13
3112700008P,31,127,00008P,113,31,2,121,20,3
3112700009P,31,127,00009P,357,129,9,372,68,32
3112700010P,31,127,00010P,300.21,170.46,15.15,316.3,107.96,22.73
3112700011P,31,127,00011P,378.79,142.54,8.85,390.7,85.04,40.27
3112700012P,31,127,00012P,407,136,7,424,67,20
3112900001P,31,129,00001P,276,48,9,270,31,15
3112900002P,31,129,00002P,423,89,8,406,51,35
3112900003P,31,129,00003P,130,28,4,127,21,8
3112900004P,31,129,00004P,407.08,93.99,7.67,416.77,60.88,23.34
3112900005P,31,129,00005P,113.82,23.01,0.04,108.93,16.97,6.02
3112900006P,31,129,00006P,88,17,0,81,11,4
3112900007P,31,129,00007P,186.32,43.76,2.61,196.5,28.14,5.23
3112900008P,31,129,00008P,232.77,66.24,5.68,249.81,35.01,10.41
3113100001P,31,131,00001P,700,372,27,720,227,79
3113100002P,31,131,00002P,283,157,7,302,99,24
3113100003P,31,131,00003P,367,124,9,377,89,18
3113100005P,31,131,00005P,856,424,31,963,236,60
3113100006P,31,131,00006P,390,107,10,396,63,26
3113100009P,31,131,00009P,314,173,7,345,98,29
3113100011P,31,131,00011P,366.51,84.22,4.03,372.5,45.17,21.06
3113100013P,31,131,00013P,509,188,13,534,95,40
3113100014P,31,131,00014P,282,143,8,295,94,22
3113100016P,31,131,00016P,503,237,17,556,131,30
3113100017P,31,131,00017P,435.11,187.62,18.96,444.09,125.74,38.92
3113100020P,31,131,00020P,302.89,128.38,11.04,305.91,87.26,31.08
3113100021P,31,131,00021P,341,165,13,351,111,36
3113300002P,31,133,00002P,188,58,7,175,44,12
3113300004P,31,133,00004P,177,30,5,173,23,9
3113300005P,31,133,00005P,176,25,3,169,16,7
3113300013P,31,133,00013P,284.52,119.29,9.17,287.83,85.69,23.2
3113300014P,31,133,00014P,245.48,89.71,11.83,267.17,48.31,13.8
3113500001P,31,135,00001P,409.53,60.09,2.02,385.5,45.06,18.04
3113500002P,31,135,00002P,448.47,71.91,14.98,418.5,53.94,34.96
3113500003P,31,135,00003P,463,67,7,466,39,16
3113700001P,31,137,00001P,123,17,5,103,14,13
3113700003P,31,137,00003P,140,18,3,132,6,13
3113700004P,31,137,00004P,111.72,15.02,2.82,97.64,10.33,12.21
3113700005P,31,137,00005P,182,16,3,156,15,13
3113700006P,31,137,00006P,257,30,3,220,25,16
3113700007P,31,137,00007P,300,33,4,288,15,15
3113700008P,31,137,00008P,281,21,5,253,12,30
3113700009P,31,137,00009P,108,7,4,94,6,13
3113700012P,31,137,00012P,319.28,51.98,8.18,303.36,39.67,24.79
3113700013P,31,137,00013P,517,115,20,502,78,37
3113700014P,31,137,00014P,516,147,10,509,87,39
3113700015P,31,137,00015P,739.84,169.52,13.81,701.93,108.05,56.89
3113700016P,31,137,00016P,562.16,111.48,18.19,536.07,71.95,41.11
3113900001P,31,139,00001P,628,128,16,614,90,33
3113900002P,31,139,00002P,815,97,15,730,86,53
3113900005P,31,139,00005P,842.76,90.87,14.98,808.81,57.91,35.95
3113900006P,31,139,00006P,389,42,6,376,27,20
3113900007P,31,139,00007P,787.24,122.13,12.02,732.19,92.09,62.05
3114100001P,31,141,00001P,202,22,3,199,14,6
3114100003P,31,141,00003P,288,25,0,277,17,10
3114100004P,31,141,00004P,77,4,0,65,4,1
3114100005P,31,141,00005P,308.84,44.68,9.71,294.28,37.88,13.6
3114100006P,31,141,00006P,331.16,64.32,5.29,303.72,57.12,25.4
3114100007P,31,141,00007P,485,55,6,471,37,20
3114100009P,31,141,00009P,359,47,3,332,29,27
3114100010P,31,141,00010P,222,26,5,214,24,7
3114100011P,31,141,00011P,336,44,5,314,23,18
3114100012P,31,141,00012P,459,77,4,434,63,26
3114100013P,31,141,00013P,203,13,0,199,8,7
3114100015P,31,141,00015P,254,44,2,243,25,11
3114100016P,31,141,00016P,457.77,100.44,5.16,438.88,69.43,31.37
3114100018P,31,141,00018P,619.84,190.32,13.97,644.29,110,33.17
3114100019P,31,141,00019P,679.29,232.5,11.15,697.26,145.23,37.19
3114100020P,31,141,00020P,399.24,135.9,6.86,409.06,84.59,22.46
3114100021P,31,141,00021P,376.99,131.55,11.69,383.89,81.45,30.75
3114100022P,31,141,00022P,516.1,159.29,3.19,537.6,82.03,21.5
3114100023P,31,141,00023P,354,115,11,350,91,26
3114100024P,31,141,00024P,311.3,118.65,8.07,304.58,83.6,24.96
3114100025P,31,141,00025P,396.42,124.6,10.47,387.98,94.16,28.85
3114100026P,31,141,00026P,410,139,7,392,113,37
3114100027P,31,141,00027P,409.03,131.38,7.38,398.94,81.17,35.07
3114100028P,31,141,00028P,380.68,179.84,16.99,389.23,122.26,35.63
3114100029P,31,141,00029P,584.81,216.64,8.87,584.72,150.66,30.61
3114100030P,31,141,00030P,766.43,165.14,11.33,780.41,83.43,37.26
3114100041P,31,141,00041P,358.37,124.42,10.44,363.02,98.13,17.88
3114100042P,31,141,00042P,385.54,136.84,7.99,381.54,98.88,18.98
3114100043P,31,141,00043P,788.16,225.68,16.03,805.71,137,51.83
3114100044P,31,141,00044P,467.03,166.82,16.41,459.89,117.98,32.49
3114300002P,31,143,00002P,426,98,9,404,72,25
3114300004P,31,143,00004P,280,66,10,273,57,17
3114300005P,31,143,00005P,352,82,11,365,47,15
3114300006P,31,143,00006P,440,126,11,457,73,23
3114300008P,31,143,00008P,351,71,9,356,45,16
3114300009P,31,143,00009P,442,87,8,421,61,35
3114500001P,31,145,00001P,452.82,47.46,9.89,433.05,21.75,33.62
3114500003P,31,145,00003P,512.03,56.22,11.03,463.88,42.2,42.13
3114500004P,31,145,00004P,204.97,21.78,2.97,190.12,19.8,12.87
3114500005P,31,145,00005P,246,39,7,228,28,16
3114500006P,31,145,00006P,166,16,2,167,8,6
3114500008P,31,145,00008P,453,78,13,422,53,36
3114500009P,31,145,00009P,343,56,6,336,39,23
3114500010P,31,145,00010P,375,86,11,349,61,36
3114500011P,31,145,00011P,393,96,10,377,60,28
3114500012P,31,145,00012P,327.18,74.54,8.11,321.95,55.25,20.38
3114500014P,31,145,00014P,339,91,12,317,75,28
3114500016P,31,145,00016P,443,79,12,431,58,35
3114500017P,31,145,00017P,270,70,11,254,53,23
3114700001P,31,147,00001P,171,36,4,170,22,9
3114700002P,31,147,00002P,158,49,5,163,29,13
3114700003P,31,147,00003P,188.35,58.98,4.49,189.91,35.84,11.44
3114700004P,31,147,00004P,102,38,1,91,24,9
3114700005P,31,147,00005P,159,43,6,143,23,18
3114700006P,31,147,00006P,130,27,3,121,23,8
3114700007P,31,147,00007P,103,14,3,94,13,7
3114700008P,31,147,00008P,234.44,40.9,1.95,221.92,34.03,9.68
3114700009P,31,147,00009P,176.65,41.02,2.51,164.09,35.16,12.56
3114700010P,31,147,00010P,148,52,3,156,31,10
3114700011P,31,147,00011P,137,44,2,141,30,6
3114700012P,31,147,00012P,423.01,186.18,5.01,447.96,123.15,27.04
3114700014P,31,147,00014P,345,128,2,337,89,17
3114700015P,31,147,00015P,367,119,7,360,80,22
3114700018P,31,147,00018P,230.55,118.93,7.04,223.12,87.83,16.28
3114900003P,31,149,00003P,739.14,83.45,12.92,694.44,42.72,47.69
3115100001P,31,151,00001P,276,85,3,282,54,18
3115100002P,31,151,00002P,295,87,10,284,62,30
3115100003P,31,151,00003P,409,156,15,390,114,43
3115100005P,31,151,00005P,307.93,156.34,6.03,298.02,103.28,40.98
3115100006P,31,151,00006P,129,55,4,137,48,5
3115100007P,31,151,00007P,174,69,8,174,48,23
3115100010P,31,151,00010P,450,201,16,447,133,47
3115100011P,31,151,00011P,353,88,13,334,73,22
3115100012P,31,151,00012P,305,139,15,329,94,21
3115100013P,31,151,00013P,183.67,194.61,10.65,185.78,155.47,31.28
3115100014P,31,151,00014P,393.41,407.05,22.33,424.2,302.25,48.74
3115100015P,31,151,00015P,355,348,30,390,223,50
31153000001,31,153,000001,540,632,20,586,447,64
31153000002,31,153,000002,555,449,30,590,262,78
31153000003,31,153,000003,830,873,62,931,529,131
31153000004,31,153,000004,700,645,34,756,364,119
31153000005,31,153,000005,592.07,582.06,29,690.08,345.03,70.01
31153000006,31,153,000006,664,712,52,739,445,110
31153000007,31,153,000007,672,552,43,712,340,104
31153000008,31,153,000008,702.93,547.94,31,776.92,333.97,72.99
31153000009,31,153,000009,569.61,518.63,48.11,618.79,350.24,96.05
31153000010,31,153,000010,512.82,386.57,44.81,560.6,237.2,70.74
31153000011,31,153,000011,1113.14,894.75,77.18,1257.58,503.17,139.41
31153000012,31,153,000012,1136.86,814.78,66.79,1255.24,529.68,98.61
31153000013,31,153,000013,889,791,49,994,413,109
31153000016,31,153,000016,782,759,48,838,496,108
31153000017,31,153,000017,831,709,38,879,483,99
31153000018,31,153,000018,564.39,566.37,32.62,591.08,401.3,66.22
31153000019,31,153,000019,1494.83,1147.37,73.43,1649.8,679.23,163.39
31153000020,31,153,000020,882.61,951.63,44.38,978.92,592.7,120.78
31153000021,31,153,000021,1340,979,53,1514,497,114
31153000022,31,153,000022,782,784,68,894,510,103
31153000023,31,153,000023,1465,1056,56,1683,527,158
31153000024,31,153,000024,779.12,527.1,36.01,859.14,299.05,78.02
31153000025,31,153,000025,687,655,50,752,433,104
31153000026,31,153,000026,739.45,650.17,55.1,826.64,401.66,97.18
31153000031,31,153,000031,1588.69,1387.31,57.17,1875.21,703.81,155.38
31153000032,31,153,000032,692,571,35,741,348,88
31153000033,31,153,000033,751,825,32,857,482,108
31153000034,31,153,000034,871.29,863.3,52.96,946.23,555.55,130.89
31153000035,31,153,000035,851.12,742.02,45.06,974.23,412.62,109.15
31153000036,31,153,000036,912.68,585.03,23.76,1023.55,276.18,74.24
31153000037,31,153,000037,1508.76,1164.31,67.55,1685.74,624.6,157.57
31153000038,31,153,000038,787,698,46,894,362,105
31153000039,31,153,000039,1073.73,849.31,43.26,1206.93,439.01,112.8
31153000040,31,153,000040,862.72,676.74,43.82,939.64,379.75,114.9
31153000041,31,153,000041,1234.74,943.92,46.9,1396.33,478.81,132.36
31153000042,31,153,000042,884.54,754.35,60.28,994.03,416.44,113.74
31153000046,31,153,000046,1017.36,402.12,21.67,1038.32,214.13,85.65
31153000047,31,153,000047,589.63,257.9,33.26,578.85,172.62,75.06
31153000048,31,153,000048,1484.7,982.12,43.54,1695.47,497.78,124.5
31153000049,31,153,000049,1149.55,925.22,55.86,1322.56,508.33,113.92
31153000051,31,153,000051,2311.61,1483.73,76.3,2566.31,777.43,194.22
31153000052,31,153,000052,1639,1234,60,1828,705,149
31153000053,31,153,000053,1198.92,1047.7,49.81,1345.34,630.45,130.08
31153000054,31,153,000054,1054.08,947.3,39.19,1170.66,502.55,147.92
31153000055,31,153,000055,1404,1127,74,1596,609,166
31153000056,31,153,000056,877,680,48,960,381,91
31153000057,31,153,000057,823,832,60,926,529,114
31153000058,31,153,000058,864.43,373.86,24.62,934.64,178.72,61.09
31153000059,31,153,000059,918.43,481.47,34.93,987.69,258.61,77.07
31153000060,31,153,000060,768.29,476.18,29.53,815.08,259.93,79.64
31153000061,31,153,000061,2684.66,1494.36,78.45,2991.35,712.01,202.6
31153000062,31,153,000062,1363.5,1223.14,63.89,1553.3,667.93,138.81
3115500003P,31,155,00003P,623.62,199.6,19.04,608.61,125.41,59.16
3115500004P,31,155,00004P,919,280,21,900,189,61
3115500004W,31,155,00004W,639.83,291.24,19.02,640.84,175.16,66.03
3115500006P,31,155,00006P,399.51,101.14,12.01,381.51,92.07,25.04
3115500007P,31,155,00007P,259,92,6,259,54,20
3115500008P,31,155,00008P,323.85,92.79,6.92,325.87,62.16,11.84
3115500009P,31,155,00009P,347,112,10,352,61,29
311550000W1,31,155,0000W1,412.2,208.5,26.93,438.13,115.73,58.84
311550000W2,31,155,0000W2,523.5,265.76,31.1,554.59,153.42,67.21
311550000W3,31,155,0000W3,464.32,208.98,17.12,482.41,130.25,26.34
311550000W5,31,155,0000W5,553.03,219.42,13.9,570.9,131.06,39.71
3115500010P,31,155,00010P,988,345,26,999,185,82
3115500011P,31,155,00011P,359,96,12,351,60,38
3115500012P,31,155,00012P,438.97,100.57,7.04,424.98,62.38,31.07
3115500014P,31,155,00014P,552,220,11,576,122,43
3115500015P,31,155,00015P,685,273,33,710,147,66
3115500018P,31,155,00018P,622.74,225.92,23.98,637.73,131.94,43.99
3115700001P,31,157,00001P,175,32,1,161,30,14
3115700002P,31,157,00002P,105,18,3,103,14,9
3115700003P,31,157,00003P,449.36,78.66,7.02,417.01,62.54,37.28
3115700004P,31,157,00004P,287,81,5,294,54,20
3115700005P,31,157,00005P,555,77,12,539,55,29
3115700006P,31,157,00006P,247.95,49.98,3,236.95,39.98,15
3115700007P,31,157,00007P,283,59,2,270,41,16
3115700008P,31,157,00008P,425.96,83.96,14.52,402.26,65.81,36.78
3115700009P,31,157,00009P,717.34,290.15,16.25,723.16,191.3,59.57
3115700010P,31,157,00010P,674.02,291.9,20.37,666,214.4,60.59
3115700011P,31,157,00011P,429.47,197.17,18.97,423.43,152.68,43.29
3115700012P,31,157,00012P,809.52,305.1,23.92,788.46,229.06,75.81
3115700013P,31,157,00013P,188.64,37.34,0.98,168.99,30.46,15.72
3115700014P,31,157,00014P,294.05,49.02,5,278.05,32.02,20
3115700015P,31,157,00015P,168,72,6,172,58,17
3115700016P,31,157,00016P,216,43,4,212,30,10
3115700017P,31,157,00017P,213,83,9,207,69,21
3115700018P,31,157,00018P,235,83,6,235,64,19
3115700019P,31,157,00019P,311,93,11,312,66,28
3115700020P,31,157,00020P,58,9,1,57,6,6
3115700021P,31,157,00021P,687,274,20,707,164,56
3115700022P,31,157,00022P,579,351,22,606,234,53
3115700023P,31,157,00023P,201,238,13,215,177,35
3115700024P,31,157,00024P,105,137,7,100,114,19
3115700025P,31,157,00025P,432.41,202.71,14.26,436.25,142.47,32.46
3115700026P,31,157,00026P,369,204,15,362,156,41
3115700027P,31,157,00027P,439,230,28,434,171,50
3115700028P,31,157,00028P,509,240,8,521,165,45
3115700029P,31,157,00029P,263.28,102,15.7,253.43,87.28,27.49
3115700030P,31,157,00030P,525,184,8,519,126,41
3115900001P,31,159,00001P,242,86,8,237,62,15
3115900002P,31,159,00002P,189,52,7,179,44,12
3115900003P,31,159,00003P,534,209,9,543,126,35
3115900004P,31,159,00004P,452,105,15,448,73,26
3115900006P,31,159,00006P,231.56,98.31,6.16,256.91,36.36,12.79
3115900007P,31,159,00007P,291,68,13,300,37,15
3115900008P,31,159,00008P,304,92,12,294,59,18
3115900009P,31,159,00009P,238,55,5,229,39,15
3115900010P,31,159,00010P,172,39,3,168,36,7
3115900011P,31,159,00011P,320.8,92.36,8,328.8,57.26,17.86
3115900012P,31,159,00012P,545,154,21,542,101,41
3115900013P,31,159,00013P,745.55,418.26,24.03,804.54,233.19,63.07
3115900014P,31,159,00014P,541.89,258.42,28.81,527.55,182.45,69.14
3115900015P,31,159,00015P,339,179,11,392,89,24
3115900016P,31,159,00016P,745,335,23,838,180,38
3115900017P,31,159,00017P,403.68,140.35,15.12,429.8,73.84,35.26
3115900018P,31,159,00018P,195.52,56.29,4.88,200.4,34.9,10.88
3116100001P,31,161,00001P,415,74,10,387,57,30
3116100002P,31,161,00002P,353,46,1,303,46,38
3116100003P,31,161,00003P,163.04,12.01,1,138.03,9.01,11
3116100004P,31,161,00004P,241,49,2,209,46,22
3116100005P,31,161,00005P,350.96,64.99,9,316.97,55.99,36
3116100006P,31,161,00006P,331,56,9,303,49,27
3116100007P,31,161,00007P,157,17,2,145,13,14
3116100008P,31,161,00008P,281,21,6,240,14,31
3116300001P,31,163,00001P,145,45,4,141,31,14
3116300002P,31,163,00002P,226,113,11,220,76,30
3116300003P,31,163,00003P,204,48,2,176,42,20
3116300004P,31,163,00004P,307,44,7,290,29,25
3116300005P,31,163,00005P,225,53,6,210,43,18
3116300006P,31,163,00006P,215,40,3,196,26,21
3116500001P,31,165,00001P,375,48,12,348,34,31
3116500003P,31,165,00003P,266.39,23.94,2.99,248.43,17.96,15.96
3116700001P,31,167,00001P,691.47,176.31,19.7,639.26,126.08,66.98
3116700002P,31,167,00002P,209.97,49.03,13.23,182.36,36.45,27.77
3116700003P,31,167,00003P,98,15,3,88,10,9
3116700004P,31,167,00004P,209.18,39.84,3.98,191.25,22.91,14.94
3116700006P,31,167,00006P,134,21,1,121,12,7
3116700007P,31,167,00007P,382.59,82.63,5.01,341.02,62.6,26.9
3116700008P,31,167,00008P,329,60,15,287,37,40
3116700009P,31,167,00009P,43.41,8.37,0.99,42.98,4.4,3.1
3116700010P,31,167,00010P,49.82,12.16,1.02,42.75,6.09,8.06
3116700011P,31,167,00011P,50,9,2,48,5,3
3116700012P,31,167,00012P,71,13,1,64,12,4
3116700013P,31,167,00013P,57,12,0,44,11,10
3116700014P,31,167,00014P,66,9,0,61,7,5
3116700015P,31,167,00015P,93,7,2,82,10,9
3116700016P,31,167,00016P,74,17,0,67,11,7
3116900001P,31,169,00001P,328,71,6,314,51,20
3116900002P,31,169,00002P,268,58,10,269,40,19
3116900004P,31,169,00004P,163,46,2,167,24,12
3116900007P,31,169,00007P,379,127,6,401,69,18
3116900008P,31,169,00008P,366,69,3,368,43,13
3116900013P,31,169,00013P,390.69,133.12,9.65,411.91,74.28,22.19
3116900014P,31,169,00014P,413.31,119.88,11.35,425.09,70.72,18.81
3117100001P,31,171,00001P,376.08,44.89,4.99,328.19,39.9,20.95
3117300001P,31,173,00001P,89,33,2,91,23,6
3117300002P,31,173,00002P,143,25,2,136,20,4
3117300003P,31,173,00003P,59,8,1,58,9,0
3117300004P,31,173,00004P,508,142,6,531,82,10
3117300005P,31,173,00005P,44,6,0,41,3,0
3117300006P,31,173,00006P,102,39,1,95,33,8
3117300007P,31,173,00007P,32,239,1,40,191,9
3117300008P,31,173,00008P,140.47,189.32,6.03,149.58,152.8,14.17
3117300009P,31,173,00009P,62.53,440.68,3.97,76.42,371.2,22.83
3117500001P,31,175,00001P,311.55,48.7,4.16,289,40.91,15.76
3117500003P,31,175,00003P,282,48,3,268,26,21
3117500004P,31,175,00004P,293.19,70.91,3.89,281.61,47.56,19.44
3117500005P,31,175,00005P,263,53,3,242,41,18
3117500006P,31,175,00006P,278.31,73.55,4.97,278.31,43.73,21.87
3117500007P,31,175,00007P,238,71,4,246,39,11
3117500008P,31,175,00008P,234.95,46.84,3.98,216.09,41.8,14.94
3117700002P,31,177,00002P,332,96,11,336,55,19
3117700003P,31,177,00003P,531,119,15,532,62,38
3117700003W,31,177,00003W,552.21,275.16,30.31,570.17,167.86,65.26
3117700004P,31,177,00004P,393.5,134.52,5.87,374.65,81.31,37.33
3117700005W,31,177,00005W,510.29,279.86,21.97,545.99,140.94,59.08
3117700006P,31,177,00006P,772,259,26,802,133,50
3117700007P,31,177,00007P,651.29,183.8,12.99,642.3,110.88,58.94
3117700007W,31,177,00007W,482.29,221.21,15.84,503.88,118.75,52.46
3117700008W,31,177,00008W,547.34,279,26.16,584.16,156.94,53.28
3117700009P,31,177,00009P,436.69,182.12,12.73,440.61,92.04,46.02
3117700010P,31,177,00010P,624.68,297.13,25.12,638.55,186.18,60.57
3117700012P,31,177,00012P,1049.71,457.2,31.01,1090.7,257.12,84.06
3117700013P,31,177,00013P,552,300,23,565,176,57
3117700014P,31,177,00014P,773,351,10,802,173,59
3117700015P,31,177,00015P,375,119,9,380,70,21
3117900001P,31,179,00001P,234,30,12,229,25,15
3117900002P,31,179,00002P,261.04,35.61,9.04,248.21,16.36,15.05
3117900003P,31,179,00003P,408,37,5,357,29,41
3117900004P,31,179,00004P,390,56,6,352,38,26
3117900006P,31,179,00006P,311.15,73.12,10.15,291.74,42.26,33.17
3117900008P,31,179,00008P,209.63,63.59,5.96,203.67,45.7,21.86
3117900009P,31,179,00009P,298.01,171,22,311.01,108,36
3117900011P,31,179,00011P,268.99,129.7,9.85,303.2,73.7,11.91
3117900012P,31,179,00012P,263,196,12,282,116,28
3117900013P,31,179,00013P,411.19,229.98,31,422.17,143.98,48
3118100001P,31,181,00001P,199.01,39,4,200.01,24,11
3118100002P,31,181,00002P,449,116,13,419,78,31
3118100004P,31,181,00004P,374.99,87,8,362.99,62,19
3118100005P,31,181,00005P,256,65,3,250,44,19
3118100007P,31,181,00007P,232,28,2,211,22,9
3118300001P,31,183,00001P,305,38,3,259,37,26
3118300002P,31,183,00002P,133,21,2,128,12,10
3118500001P,31,185,00001P,754,165,5,742,98,45
3118500001W,31,185,00001W,457.73,145.71,21.28,493.68,72.77,28.65
3118500002P,31,185,00002P,285,76,5,274,53,21
3118500003W,31,185,00003W,413,162,18,425,115,35
3118500004P,31,185,00004P,475.27,102.29,10.72,474.32,66.23,24.35
3118500004W,31,185,00004W,321.64,154.92,13.06,359.39,81.71,29.18
3118500005P,31,185,00005P,381,83,6,347,60,30
3118500005W,31,185,00005W,560.46,212.52,26.69,599.01,121.58,44.48
3118500006P,31,185,00006P,542.91,129.56,9.25,527.6,90.71,25.34
3118500006W,31,185,00006W,479,195,25,487,117,42
3118500007P,31,185,00007P,260,49,11,256,41,16
3118500012P,31,185,00012P,407,155,25,421,100,38
