GEOID20,STATEFP,COUNTYFP,DISTRICT,G18USSDWHI,G18USSRFLA,G18USSOWRI,G18GOVDRAI,G18GOVRFUN,G18GOVITRI,G18GOVIMUN,G18GOVOGIL,G18GOVOARM,G18GOVOWRI,G18LTGDMCK,G18LTGRPEN,G18LTGIRIC,G18LTGIMCC,G18LTGOHEL,G18LTGOWRI,G18ATGDNER,G18ATGOGOR,G18ATGOWRI,G18TREDMAG,G18TRERRIL,G18TREOWRI,G18SOSDGOR,G18SOSRCOR,G18SOSOWRI
44001440101,44,001,440101,877.02,466.54,4.75,819.06,408.58,53.21,19.95,30.41,13.3,3.8,817.16,343.02,37.06,17.1,84.57,12.35,1039.51,172.93,13.3,902.68,417.13,0.95,936.89,381.03,0.95
44001440102,44,001,440102,1272.46,574.52,3.13,1182.58,507.18,73.05,19.98,35.36,19.9,3.13,1199.23,410.58,31.06,29.49,105.55,18.22,1438.65,245.34,11.51,1298.8,512.01,2.95,1330.77,477.75,2
44001440103,44,001,440103,967.92,465.44,4.83,1011.95,349.58,32.04,7.78,24.21,5.85,4.83,931.05,319.38,14.56,25.15,85.16,13.55,1147.72,138.62,18.35,1014.26,399.71,0.01,1026.9,378.39,0.97
44001440104,44,001,440104,1092.86,517.07,4.59,1030.57,459.21,45.93,16.54,43.92,10.12,4.59,1029.59,381.39,30.3,30.16,78.94,16.5,1277.98,170.69,10.13,1135.83,445.7,0.01,1146.13,429.01,1.83
44001440105,44,001,440105,1242.06,613.38,3.17,1218.66,493.28,55.72,17.62,38.67,18.37,9.17,1174.68,458.29,17.16,22.15,93.95,36.6,1429.04,222.37,21.37,1275.7,545.68,4,1307.05,507.08,2.07
44001440201,44,001,440201,461.04,391.72,5.77,404.25,340.71,58.71,11.55,25.02,12.51,0.96,459.11,283.93,22.14,20.21,28.88,13.47,600.6,172.28,6.74,527.45,309.92,0,510.13,322.43,0
44001440202,44,001,440202,360.69,167.29,0,331.68,137.31,29.01,11.6,10.64,5.8,1.93,319.11,121.84,11.6,19.34,20.31,12.57,387.77,88,4.83,383.9,134.41,2.9,372.29,131.51,2.9
44001440203,44,001,440203,1125.02,765.59,3,1044.91,662.53,82.08,24.02,47.05,16.02,4.01,1085.97,537.43,42.06,37.03,68.04,39.02,1438.19,250.27,9.01,1287.09,567.48,2,1271.08,581.48,1
44001440204,44,001,440204,778.27,458.9,3.1,692.84,406.51,64.11,18.35,34.99,16.23,6.16,744.55,327.65,42.91,24.68,29.85,13.26,908.8,210.45,7.14,837.09,368.07,0.04,824.59,367.71,2.04
44001440205,44,001,440205,757.71,627.51,4.89,639.25,559.96,101.81,17.62,47.97,11.75,7.83,768.47,421.93,45.03,33.28,41.12,12.73,976.01,266.27,6.85,845.81,490.45,1.96,868.33,473.81,1.96
44001440206,44,001,440206,683,406,2,561,373,66,17,47,17,3,657,285,42,19,37,12,828,185,3,754,306,0,732,328,1
44001440207,44,001,440207,523.31,291.71,0,497.32,252.69,32.99,5.4,14.36,5.2,3.07,493.89,200.16,19.4,28.66,24.69,17.43,633.23,101,2.17,581.1,226.59,0.1,568.71,227.49,0.1
44001440208,44,001,440208,576,342,0,483,297,63,19,29,14,4,538,249,27,15,40,14,654,176,10,597,304,1,610,280,1
44001440209,44,001,440209,131,61,0,108,72,10,0,1,5,1,126,41,2,7,4,2,148,26,2,132,50,0,132,49,0
44001443401,44,001,443401,601.16,318.13,3,539.14,280.12,38.01,18.01,24.01,17,6,562.16,219.1,34.01,34,30.01,12,660.2,189.06,7,604.17,288.11,3,623.18,272.1,0
44001443402,44,001,443402,777.52,647.45,3.01,675.46,589.38,67.07,26.01,45.03,17.02,4,788.52,466.32,39.02,20.03,47.03,9.02,987.69,277.2,14.01,839.61,544.35,2,880.57,507.37,0
44001443403,44,001,443403,1104.28,583.7,2.22,963.15,530.78,89.2,18.43,50.94,16.47,7.04,1023.21,416.65,46.83,44.76,66.08,23.51,1251.52,290.46,15.25,1153.77,492.63,2,1188.12,465.1,1
44003440601,44,003,440601,384.71,413.46,3.95,296.38,384.82,59.92,14.07,28.01,10.04,1,393.29,323.65,26.02,15.2,23.94,2.99,516.58,204.76,12.96,406.56,380.56,2.01,441.17,343.9,1.99
44003440602,44,003,440602,105.66,99.65,0,74.74,97.93,14.6,3.44,6.01,7.73,0,103.94,79.03,6.01,2.58,9.45,0,129.71,57.55,3.44,114.25,88.48,0,118.55,83.33,0
44003440603,44,003,440603,742.18,810.97,10.07,572.66,812.59,80.78,24.16,52.07,15.47,5.18,725.15,657.23,45.23,34.02,49.06,5.72,999.99,397.31,24.04,764.6,755.37,5.3,837.26,687.09,2.35
44003440604,44,003,440604,404.23,396.18,0,313.46,387.2,46.88,15.96,19.95,14.96,2,397.26,310.35,27.94,25.94,27.94,3,523,224.49,9.98,416.21,366.22,0,464.11,327.31,0
44003440605,44,003,440605,405.2,458.02,2.89,294.83,477.68,49.74,9,26.27,6.89,3.92,385.6,384.89,29.53,25.63,25.28,2.92,536.71,241.04,10.82,411.21,437.9,1.94,458.09,393.78,0.98
44003440606,44,003,440606,200.7,271.44,1.91,156.25,262.38,32.04,1.27,16.46,5.85,0.07,200.33,226.86,13,10.1,13.59,3.84,290.48,143,4.98,213.25,256.39,0.97,241.51,222.35,2.87
44003440607,44,003,440607,622.26,575.52,0.99,510.48,568.29,43.76,18.74,41.53,14.81,2.98,627.4,479.05,33.57,14.06,30.6,0.02,821.43,286.8,13.85,669.75,514.92,0.01,715.31,472.31,0.01
44003440608,44,003,440608,554.27,551.15,0.02,425.21,553.97,58.76,10.4,35.83,11.3,3.06,535.48,445.36,38.62,28.2,23.62,3.98,725.23,275.56,10.28,578.3,501.94,0,607.25,469.08,0
44003440609,44,003,440609,414.95,513.42,4.09,317.69,511,47.47,7.26,32.78,12.2,2.12,425.37,398.29,39.87,19.75,29.75,5.09,570.79,257.1,24.32,460.12,463.85,0.06,478.51,435.55,1.03
44003440610,44,003,440610,286,246,3,239,230,31,14,19,3,0,281,193,20,15,24,1,359,135,8,320,211,0,328,202,0
44003440611,44,003,440611,390.46,400.1,0.96,330.69,371.18,36.64,9.64,25.07,7.71,2.89,414.56,310.44,13.5,18.32,15.43,0,539.9,166.79,9.64,426.13,342.26,0.96,462.77,309.48,0.96
44003440612,44,003,440612,424.6,373.51,5,324.13,377.48,43.22,15.05,20.09,12.12,5,429.57,278.2,25.09,15.04,23.14,8,522.96,205.87,8.05,431.73,345.34,2,471.8,310.26,0
44003440613,44,003,440613,372.2,353.33,5,285.84,340.28,64.17,6.06,26.12,6.06,4.01,358.26,285.73,37.08,8.17,24.15,6.02,452.07,210.02,10.08,368.47,344.94,4,406.69,309.74,3.01
44003440614,44,003,440614,199.11,151.34,0.01,171.07,125.42,32.95,8.98,6.03,2.01,0.01,194.14,115.24,11,11.01,11.02,0.01,245.26,76.11,0.03,188.25,152.19,0,211.24,129.2,0.01
44003440615,44,003,440615,465.34,539.45,0.02,375.09,523.81,40.79,20.19,31.53,5.17,5.06,473.88,433.54,28.27,21.39,30.31,2,655.51,250.49,13.2,518.08,473.21,2.02,537.9,455.48,0.02
44003440616,44,003,440616,550.45,575.2,2.99,457.1,563.26,52.65,10.65,33.33,10.39,3.98,558.71,432.75,25.92,33.96,36.31,6.15,751.93,255.11,19.51,611.48,488.43,1.99,660.82,439.74,3.98
44003440617,44,003,440617,360.57,419.45,0.01,249.91,426.39,37.77,11.22,32.53,14.14,3.08,338.89,346.64,16.42,28.43,25.37,5.02,455.17,239.87,8.26,361.81,392.87,1.02,398.48,365.24,2.01
44003440618,44,003,440618,198,214,2,179,206,18,3,8,2,0,196,185,12,3,10,1,273,97,9,194,210,0,227,181,0
44003440901,44,003,440901,194.47,155.89,2.03,178.94,155.71,7.36,2.09,4.25,3.02,1.01,196.45,119.52,8.11,5.07,12.12,3.01,249.58,67.13,2.09,201.74,136.61,1,219.79,121.51,1.01
44003440902,44,003,440902,883.26,746.53,1,822.38,671.67,47.91,18.96,50.9,7.98,6.99,917.19,555.9,32.93,28.94,26.95,11.98,1220.59,222.56,22.95,914.2,663.69,3.99,1001.02,588.84,1
44003440903,44,003,440903,912.64,520.68,1.02,818.95,477.4,55.37,20.19,41.23,15.07,9.07,889.69,392.63,30.21,33.17,38.32,7.07,1079.95,232.45,11.11,922.05,478.12,2.02,959.15,449.98,0.02
44003440904,44,003,440904,908.75,679.61,2.98,792.66,646.86,58.54,17.87,44.64,11.91,7.94,926.6,502.01,26.8,23.82,54.57,4.97,1155.79,235.16,25.79,931.61,608.15,2.98,1009.94,537.75,0.99
44003440905,44,003,440905,876.21,780.3,3,830.25,704.37,55.95,14.99,45.96,5,5,899.19,581.48,51.95,26.98,51.95,5.99,1192.93,276.75,18.98,894.19,725.35,1,960.14,663.4,1
44003443501,44,003,443501,1044,737,2,875,720,71,27,47,22,10,1046,518,39,42,63,15,1317,304,30,1093,643,3,1148,593,3
44003443502,44,003,443502,910,640,2,717,638,78,22,56,22,13,905,486,35,27,46,14,1161,252,21,966,557,2,1010,511,4
44003443503,44,003,443503,448,313,3,371,298,40,7,33,11,5,474,217,21,14,24,3,559,125,15,493,256,2,505,240,2
44003443504,44,003,443504,902.71,408.76,2.07,761.28,404.9,55.85,22.37,33.63,17.26,10.22,898.72,288.57,27.59,21.44,35.07,11.48,1037.19,182.36,6.22,933.53,357.35,0.07,975.01,313.28,1.04
44003443505,44,003,443505,296.96,212.92,0.01,240.52,203.6,21.4,11.13,16.63,6.5,3.69,300.22,158.4,11.21,12.95,14.06,2.79,353.19,111.1,2.85,307.86,196.28,0.01,337.4,162.24,0.94
44003443506,44,003,443506,295.42,248.29,3,220.37,241.35,41.99,10,23,4.02,5.98,295.42,190.25,13.02,15.99,20,3,362.54,134,7.01,309.46,230.18,0.01,321.51,212.18,1
44003443507,44,003,443507,170.46,108.33,0,130.33,98.34,22.04,3.01,16.03,4.01,0.01,167.44,74.25,13.02,5.02,4.04,0,192.56,61.15,1.01,176.49,90.27,1,173.5,93.27,0
44003443508,44,003,443508,697.11,441.95,1.87,548.52,447.29,64.6,13.15,37.43,22.51,5.6,685.29,326.7,33.92,22.48,38.57,9.34,807.56,247.96,11.39,718.91,396.42,0.94,741.41,371.14,2.81
44003443509,44,003,443509,171,117,0,142,111,14,6,13,2,1,168,94,10,2,10,1,223,45,3,194,95,0,199,85,0
44003443510,44,003,443510,530.64,376.65,3.92,379.59,399.2,46.1,13.73,40.21,15.69,7.85,507.1,284.45,25.5,24.52,44.14,2.94,653.24,169.69,7.85,567.91,312.89,1.96,574.78,309.95,2.94
44003443511,44,003,443511,789,577,1,638,551,78,22,42,17,10,761,434,42,33,40,11,952,276,18,822,495,1,838,476,2
44003443512,44,003,443512,535,353,4,406,379,47,12,26,14,3,551,252,23,16,25,8,669,147,12,590,285,2,589,291,0
44003443513,44,003,443513,655.53,552.5,0.95,500.99,544.07,63.74,14.07,47.76,17.77,5.63,687.29,395.25,28.1,19.7,39.34,2.82,858.61,241.72,11.25,701.38,481.4,1.87,753.76,428.05,0.01
44003443514,44,003,443514,929.05,719.64,4.01,698.68,747.52,100.25,23.07,48.12,29.04,2.01,931.04,548.21,52.11,31.1,41.11,7.01,1192.53,318.85,18.04,981.18,624.41,4,1024.24,578.32,4
44003443515,44,003,443515,858.05,685.24,3.97,703.12,638.57,102.29,27.81,50.65,16.88,2.98,853.08,504.5,47.67,41.71,46.68,3.97,1058.65,353.55,15.89,910.68,588.91,0.99,938.49,552.17,1.99
44003443516,44,003,443516,225,197,1,168,195,18,11,18,8,1,219,157,13,11,9,1,267,112,9,229,176,1,252,163,1
44003443517,44,003,443517,264,221,0,200,225,29,6,17,5,2,263,172,11,13,17,3,327,116,5,285,191,1,294,181,1
44003443518,44,003,443518,840.69,781.79,2.98,681.61,748.13,80.46,20.87,60.61,26.82,4.97,874.37,564.32,47.69,32.76,59.61,4.98,1127.59,319.04,27.8,912.12,679.52,2.98,960.77,617.02,0.99
44003443519,44,003,443519,877.54,714.2,2.01,679.37,723.96,73.27,23.06,60.07,23.02,5,869.54,543.83,48.09,22.13,56.06,8,1067.94,353.66,18.02,906.7,636.97,1,942.73,611.87,1.01
44003443520,44,003,443520,692.09,482.72,2.03,533.77,510.39,67.68,13.18,22.53,19.23,4.04,667.42,377.83,46.4,24.28,33.51,7.04,818.6,257.69,19.24,719.72,428.83,1.03,765.13,389.3,2.01
44003443521,44,003,443521,621.94,517.55,5.04,496.36,515.19,56.71,13.6,42.04,12.76,8.24,617.3,377.85,38.2,17.84,43.68,4.12,769.61,249.3,13.48,642.9,458.52,2.08,686.14,411.24,1
44003443522,44,003,443522,469.52,398.36,0,353.4,375.38,68.05,14.01,43.02,9.01,4,469.5,306.28,27.04,17.02,21.03,8.01,575.62,202.19,11.01,503.54,345.32,0,514.58,331.29,0
44003443523,44,003,443523,803,675,5,671,626,83,22,56,12,5,855,451,38,38,50,8,1080,240,24,889,557,6,965,481,8
44003443524,44,003,443524,534.16,429.7,5.01,416.32,437.44,54.56,14.34,31.21,12.45,2.15,536.04,336.69,22.69,19.47,28.98,4.06,663.31,186,11.27,566.31,372.94,2.04,597.65,346.56,1
44003443525,44,003,443525,623,529,0,519,504,64,14,32,19,0,628,394,27,30,42,2,773,247,17,655,463,0,678,437,0
44003443526,44,003,443526,243,169,0,211,153,21,4,14,5,0,235,137,6,4,14,1,306,68,6,260,144,0,256,144,0
44003443527,44,003,443527,627.61,497.71,3,535.38,460.74,50.08,24.94,31.13,10.02,9.98,634.71,356.36,28,23.01,43.11,8.97,805.26,195.39,15.1,683.33,421.73,3,696.91,403.27,2.98
44003443528,44,003,443528,348,218,4,278,223,40,6,18,3,1,352,164,19,11,15,2,424,99,6,366,196,1,381,179,1
44003443529,44,003,443529,631.9,478.03,1.07,503.08,450.45,72.86,17.26,48.75,12.29,3.15,628.46,360.31,27.48,26.46,31.82,5.05,790.19,179.17,18.15,672.6,409.84,1.04,682.73,392.78,2.05
44003443530,44,003,443530,1033.5,822.73,6.29,861.78,785.15,89.61,22.13,74.84,16.24,5.77,1058.69,597,42.25,33.66,56.96,11.18,1328.85,330.9,18.24,1113.06,695.98,2,1160.72,647.14,5.29
44003443531,44,003,443531,940.62,861.37,2,858.51,769.23,80.09,30.03,43.09,16.01,3.01,974.68,634.02,41.06,31.05,52.05,13.02,1314.23,276.41,25.04,1041.67,718.22,1.01,1077.83,682.08,2
44003443532,44,003,443532,335.41,228.26,1.01,268.9,243.63,29.09,4.02,14.04,3.02,5.01,329.42,183.92,13.1,7.06,17.08,2.02,399.91,104.46,7.03,368.52,189.06,0.01,369.6,188,0.01
44003443533,44,003,443533,308,273,1,256,266,35,4,18,5,1,323,207,9,12,20,0,415,119,6,328,242,0,331,241,2
44003443701,44,003,443701,372.61,480.54,0,263.67,488.43,44.57,10.91,31.7,7.92,5.94,355.8,413.12,27.74,14.87,23.78,0.99,535.11,210.07,19.8,373.67,461.65,0.99,420.19,416.12,0
44003443702,44,003,443702,325.55,328.4,0.18,255.05,327.6,40.52,7.49,16.1,4.6,0.09,308.83,273.49,21.05,11.94,15.94,1.91,417.47,160.41,6.59,350.6,294.03,0.03,367.43,273.62,0.06
44003443703,44,003,443703,241,357,0,200,334,26,6,25,6,1,253,303,14,10,11,1,355,154,9,253,334,0,280,312,0
44003443704,44,003,443704,264.74,392.68,5.78,215.48,370.47,33.4,9.75,28.2,3.93,2.89,274.12,328.13,13.85,8.87,22.43,3.88,427.16,145.18,10.71,295.94,350.71,0.96,316.47,330.13,1.93
44003443801,44,003,443801,510.32,421.77,2.06,404.31,409.76,60.66,11.46,27.96,14.18,4.07,506.7,325.11,32.77,28.14,21.22,3.03,636.44,213.1,14.41,540.22,371.2,1.05,566.54,349.76,1.08
44003443802,44,003,443802,345.87,242.57,0.05,256.66,240.1,43.26,15.2,22.48,10.61,0.99,329.13,181.73,21.47,23,15.84,2,386.9,149.92,8.31,354.73,221.56,1.99,360.45,211.82,1.01
44003443803,44,003,443803,228.33,167.83,0,161,164.91,37.08,8.78,15.61,6.83,0.98,211.74,129.78,16.59,17.56,11.71,0,256.63,98.55,8.78,228.33,161,0.98,248.82,136.61,1.95
44003443804,44,003,443804,905.98,772.72,2.88,696.02,792.85,114.09,20.13,45.06,14.38,4.79,941.45,579.06,43.14,23.01,47.94,2.88,1186.88,338.42,21.09,978.84,667.26,1.92,1004.73,641.38,2.88
44003443805,44,003,443805,372.98,255.02,1.21,287.27,247.57,45.53,16.57,13.42,11.55,4.16,357.66,212.82,20.33,9.07,18.2,4.15,439.06,151.22,7.66,377.95,240.19,1.11,397.57,219.79,1.06
44003443806,44,003,443806,330.66,270.37,0.01,256.69,268.06,36.17,13.03,21.07,2.03,1.01,353.68,204.73,19.19,6.11,7.15,0.03,419.6,129.86,9.05,350.86,234,0.02,369.01,216.89,0.02
44003443807,44,003,443807,815.54,650.29,5,642.22,629.21,89.62,23.15,51.26,27.32,8,827.47,508.4,32.26,33.12,34.4,3,1026.58,352.47,19.15,851.9,591.81,3,886.1,559.58,3
44003443808,44,003,443808,701.83,669,1.02,551.08,649.07,85.27,17.1,38.2,17.09,8.04,711.95,503,45.23,26.19,49.25,4.05,934.27,308.76,18.08,760.13,573.49,2.01,791.44,552.19,0.01
44003443809,44,003,443809,414.66,343.92,0.7,336.93,354.41,25.22,9.81,21.01,7.7,4.2,429.37,254.26,19.61,18.21,18.91,2.8,541.45,147.08,7.71,446.88,296.99,0,465.09,275.97,0.7
44003443810,44,003,443810,469.02,325.39,0,366.66,310.28,52.25,14.29,31.52,18.34,2.02,469.57,234.98,30.55,19.49,24.5,1,558.26,190.73,6.29,498.22,279.97,0.02,512.82,266.25,0.05
44005441501,44,005,441501,1066.65,538.98,2.93,1000.46,448.83,60.67,20.51,47.76,6,4.87,1006.74,411.07,28.42,25.57,44.13,13.67,1388.16,113.83,12.7,1077.1,468.03,0.99,1112.37,446.4,0.98
44005441502,44,005,441502,1101.79,543.13,3.05,964.34,519.96,71.92,15.4,39.89,18.98,4.09,1018.99,411.99,37.4,39.3,63.57,13.24,1372.75,158.51,14.2,1092.16,500.65,2.01,1132.71,466.41,1.02
44005441801,44,005,441801,1114.03,765.75,6.7,1054.28,632.99,83.06,28.79,46.18,15.45,3.89,1060.38,629.86,32.85,35.47,55.8,5.79,1392.86,271.18,12.52,1123.63,705.03,0.02,1196.66,646.37,1.9
44005441901,44,005,441901,696.03,396.1,1,668.27,331.55,36.2,9.02,31.9,11.03,1,621.44,335.64,26.89,16.02,30.27,11.07,813.23,172.2,8.13,673.37,393.72,1.03,715.35,338.9,1.03
44005441902,44,005,441902,794,433,3,738,392,47,13,36,10,1,707,381,27,27,41,11,893,210,11,782,417,0,813,382,1
44005441903,44,005,441903,782.65,380.66,1.08,705.65,335.05,59.63,18.94,29.91,10.66,3.97,726.87,306.06,24.06,30.66,33.88,6.6,860.21,200.93,11.15,774.54,362.9,0,806.13,328.78,1.98
44005441904,44,005,441904,965.65,563.02,3.99,877.78,473.18,80.86,31.96,53.9,10.98,4.99,908.71,442.23,40.93,32.96,58.9,5.99,1123.35,279.52,13.97,969.61,529.08,1,1019.54,477.17,0
44005441905,44,005,441905,712.91,441.97,2.97,635.79,394.5,61.3,13.85,30.66,11.86,2.97,656.56,378.68,23.73,19.78,40.54,4.94,815.75,222.47,9.89,698.09,427.14,0.99,741.59,395.49,0.99
44005442101,44,005,442101,611.85,209.46,0.92,560.4,176.39,34.91,11.94,23.89,8.27,0,564.99,162.61,13.78,10.11,23.89,7.35,647.68,106.57,2.76,598.99,199.36,0,619.2,172.71,0
44005442102,44,005,442102,1063.74,346.33,2.99,942.92,294.44,54.91,27.98,47.9,19.97,3.99,972.82,263.51,32.95,25.99,44.92,11.98,1104.56,184.72,8.98,1043.7,331.39,2,1062.73,316.39,1
44005442103,44,005,442103,413.91,125.99,0,366.94,116.98,17,6,14,13.99,0,376.93,100.99,10,9,15,5,418.93,72.98,3,406.91,117.99,0,415.92,107.99,0
44005442104,44,005,442104,332,100,1,318,83,9,3,12,7,0,303,85,5,7,13,1,337,46,12,320,100,1,335,86,1
44005442105,44,005,442105,808,328,2,780,247,45,12,29,11,5,762,243,14,26,39,11,869,148,5,808,301,1,831,275,2
44005442106,44,005,442106,913,391,2,880,321,47,14,23,9,1,852,311,20,22,41,10,960,190,5,889,379,1,915,344,3
44005442107,44,005,442107,924,427,1,835,371,44,15,44,16,4,826,344,22,28,41,9,981,192,9,898,395,2,933,364,2
44005442108,44,005,442108,502,120,1,473,102,21,11,7,7,2,456,108,3,15,18,7,490,73,5,474,137,0,497,117,0
44005442109,44,005,442109,240.39,36.21,0.04,219.18,32.99,9.05,9.26,2.73,3.15,0.09,214.6,30.38,5.45,10.4,5.69,1.18,227.94,31.83,0.23,224.62,39.4,0.01,238.02,32.97,0.03
44005442701,44,005,442701,55,20,0,50,14,4,3,3,2,0,46,18,1,2,4,0,52,14,2,51,22,0,51,17,0
44005442702,44,005,442702,144,104,2,134,89,10,3,6,4,3,141,84,2,4,10,1,177,47,1,143,102,0,161,86,0
44005442703,44,005,442703,783.11,442.25,5.02,713.26,380.61,60.71,18.21,37.36,19.13,1.05,724.3,348.36,28.31,34.29,51.54,10.16,858.44,250.55,18.16,775.12,423.02,1.02,822.52,376.53,1.02
44005442704,44,005,442704,1017.7,659,2.97,910.68,578.73,89.18,25.76,44.59,15.85,5.95,916.63,547.02,38.65,36.66,67.39,19.82,1184.18,320.08,19.82,1018.68,630.26,1.98,1069.23,568.82,2.97
44005442705,44,005,442705,311.43,248.8,0.01,291.29,213.46,22.24,6.06,17.11,2.04,2.01,287.23,201.46,9.09,11.1,25.17,3.07,364.98,105.78,11.04,300.49,246.69,0,329.62,216.53,0.01
44005442706,44,005,442706,331.16,278.27,1,328.15,211.46,34.9,7.98,16.95,5.99,1,310.22,223.4,10.98,13.96,25.93,10.97,424.9,109.72,4.99,343.11,259.32,0,366.05,234.38,1.99
44005442707,44,005,442707,963.41,751.5,1.96,928.16,612.33,79.36,21.55,43.11,18.62,3.92,927.08,588.88,42.12,36.24,56.86,19.61,1200.47,314.49,15.69,969.27,704.48,1.96,1035.9,637.84,0.99
44005442708,44,005,442708,1100.62,732.34,2.07,1078.73,578.54,77.13,16.59,41.33,20.48,2.11,1022.88,592.72,32.26,27.96,73.33,24.37,1305.48,292.82,25.28,1097.24,692.57,4.02,1162.12,622.69,4
44005443301,44,005,443301,718.51,511.27,2.93,702.85,440.89,47.91,10.75,21.51,7.82,0.98,692.11,405.7,22.49,29.33,29.33,3.91,875.89,212.14,5.87,716.55,462.39,2.93,761.52,433.07,0.98
44005443302,44,005,443302,686.26,512.29,0,608.4,451.74,73.05,14.42,26.91,14.42,3.84,624.74,421.94,33.64,28.83,35.56,8.65,806.4,248.94,11.53,670.88,472.88,0,729.51,432.51,0
44005443303,44,005,443303,420,293,1,409,240,36,10,10,6,4,396,249,20,8,18,4,488,127,4,429,259,0,456,235,2
44005443304,44,005,443304,581.23,461.44,1.07,571.74,388.37,31.05,11.83,31.58,6.76,0.18,554.15,368.36,12.87,22.84,35.11,1.44,728.71,163.92,9.6,615.57,387.72,1.07,630.97,376.42,0.02
44005443305,44,005,443305,127,97,0,116,78,19,4,5,2,0,111,76,3,6,14,0,150,45,2,118,90,0,129,83,0
44005443306,44,005,443306,617.54,506.22,1.97,571.26,418.56,75.83,14.77,30.53,13.79,4.92,595.87,400.84,30.53,15.76,37.42,4.92,731.81,233.39,8.86,622.47,458.95,0.98,665.8,421.52,0
44005443307,44,005,443307,572.43,464.04,3.33,580.47,377.44,41.11,9.43,24.29,3.76,0.19,527.75,383.3,17.62,20.77,45.77,5.29,690.33,179.43,10.62,577.91,422.02,0,612.54,384.11,2.1
44005ZZZZZZ,44,005,ZZZZZZ,0,0,0,0,0,0,0,0,0,0,0,0,0,0,0,0,0,0,0,0,0,0,0,0,0
44007440301,44,007,440301,490.91,569.58,2.13,356.01,555.85,62.03,18.68,40.76,14.17,3.07,491.05,427.05,32.73,47.39,28.12,2.01,618.33,301.45,24.7,540.08,478.23,1.18,551.32,472.07,0.23
44007440302,44,007,440302,425.46,600.38,2.07,266.99,606.11,75.95,20.46,44.37,12.54,3.09,444.1,452.15,35.05,43.58,23.94,2.05,588.77,338.08,3.89,474.9,513.61,1.05,520.84,479.73,0.03
44007440303,44,007,440303,607.22,770.83,2.04,447.16,769.5,67,23.28,43.66,22.17,3.05,630.02,597.71,42.46,48.77,30.46,0.05,813.68,415.08,15.49,664.99,679.28,3,682.12,659.3,1
44007440304,44,007,440304,345.53,369.07,1.75,221.23,386.4,53.48,5.4,35.87,13.94,1.76,339.7,286.31,25.41,28.96,19.25,0.89,414.65,203.08,7.8,373.69,315.47,1.74,380.25,311.64,1.73
44007440305,44,007,440305,381.56,508.53,2.03,261.79,520.12,48.49,17.55,24.75,13.44,4.08,393.24,403.44,26.86,22.98,23.74,3.05,525.46,268.24,6.38,434.76,436.41,2.04,447.43,428.77,1.03
44007440306,44,007,440306,403.71,545.44,0.98,325.51,523.94,50.83,19.55,20.53,13.68,2.93,430.1,402.73,27.37,30.3,26.39,2.93,575.75,257.08,13.68,443.78,471.15,0.98,472.13,445.74,0.98
44007440401,44,007,440401,342.56,59.03,3.58,296.05,66.19,8.05,21.47,4.47,2.68,2.68,334.51,42.93,8.05,2.68,3.58,1.79,347.93,36.67,1.79,336.3,52.77,1.79,340.78,52.77,0.89
44007440402,44,007,440402,192,32,2,168,34,11,10,2,0,1,186,27,6,3,1,1,187,27,1,187,30,1,186,32,1
44007440403,44,007,440403,391.89,55.07,0.01,366.2,48.22,9.84,19.63,11.8,2,0.98,392.6,29.62,7.89,3.94,3,0.99,389.76,34.54,2.94,377.04,49.2,0.98,390.8,44.29,0
44007440404,44,007,440404,360,46,2,328,51,5,21,6,4,0,349,33,6,5,6,2,352,41,1,333,52,2,362,38,1
44007440405,44,007,440405,154.08,19.01,0,149.08,16.01,4,5,3,2,0,150.08,17.01,2,0,5,0,156.08,15.01,0,152.07,18.01,0,161.08,12.01,0
44007440406,44,007,440406,228.89,60.44,0.99,207.09,56.48,14.86,10.9,6.94,1.98,0,232.85,39.63,3.96,0,11.89,0.99,232.85,44.59,0.99,229.88,54.5,0.99,241.77,47.56,0
44007440407,44,007,440407,93,19,0,83,15,6,6,2,2,0,92,13,4,0,0,0,98,10,0,93,16,0,96,15,0
44007440408,44,007,440408,320.49,77.16,2.97,292.8,66.27,11.87,22.75,6.92,4.95,0.99,313.57,51.44,10.88,8.9,9.89,0.99,322.47,54.4,1.98,298.73,80.12,0.99,325.44,66.27,0
44007440701,44,007,440701,771.58,303.15,3.27,593.86,426.1,28.94,21.28,12.27,10.25,4,716.69,247.07,33.19,18.94,25.89,1.02,826.39,157.41,9.27,749.94,290.45,5,782.94,277.46,2.99
44007440702,44,007,440702,570.51,248.78,1.06,443.33,318.76,29.17,19.03,14.07,5.02,2.02,549.44,201.13,18.27,9.07,18.2,3.05,619.43,133.36,7.07,573.6,214.53,2.02,573.63,227.54,1.04
44007440703,44,007,440703,419.49,332.22,6.94,278.67,449.24,19.83,3.97,8.93,1.98,2.98,411.56,254.87,32.73,8.93,23.8,5.95,529.57,162.64,7.93,430.4,302.47,1.98,434.37,303.46,4.96
44007440704,44,007,440704,172.09,79.3,0,131.82,104.41,2.06,2.07,6.05,3.02,1.01,163.97,62.22,8.03,3.03,10.05,0.02,201.97,33.25,0.02,176.98,70.29,0.01,177.03,69.28,0.01
44007440705,44,007,440705,180,99,2,115,148,6,3,4,6,1,166,85,12,3,8,2,208,50,2,164,110,1,174,100,1
44007440706,44,007,440706,625.45,954.78,4.89,385.04,1157.07,41.04,8.8,15.64,1.95,1.95,700.69,734.9,34.2,14.66,42.02,7.82,1047.62,315.65,23.45,729.03,809.17,5.86,754.44,788.65,4.89
44007440707,44,007,440707,706.22,823.16,5.02,414.55,1029.32,49.91,9.16,22.36,9.11,4.04,746.5,607.61,53.34,17.18,46.38,7.02,1060.46,275.7,22.17,766.8,706.32,4.02,802,689.11,2.02
44007440708,44,007,440708,814.93,725.38,3.98,516.42,939.31,52.74,9.95,22.89,9.95,3.98,820.9,530.35,56.72,33.83,44.78,9.95,1102.49,263.68,14.93,877.62,612.94,5.97,922.39,578.11,4.98
44007440709,44,007,440709,980,980,4,602,1252,59,19,31,10,2,1027,727,60,25,51,7,1383,348,30,1089,821,0,1111,789,0
44007440710,44,007,440710,786.81,451.07,4.14,562.03,579.34,35.74,14.96,27.75,12.65,3.41,746.92,336.69,35.47,25.65,41.82,7.69,912.78,205.06,11.82,774.39,424.77,5.07,819.04,389.92,4.21
44007440711,44,007,440711,583.88,600.36,3.02,367.67,733.21,36.24,12.06,22.08,8.04,5,596.91,449.57,38.32,15.08,45.17,7.03,796.07,273.44,10.1,630.02,522.03,2.01,658.15,500.91,2.01
44007440712,44,007,440712,712,811,6,506,948,43,10,16,7,3,776,601,46,15,42,12,1106,273,16,820,681,2,806,698,3
44007440713,44,007,440713,648.54,653.5,0.99,443.27,796.3,28.76,8.92,16.86,8.92,0.99,711.02,481.94,37.68,7.93,28.76,2.97,919.27,244.94,19.83,724.9,543.43,0.99,723.91,540.45,1.98
44007440714,44,007,440714,154.53,95.48,0,114.18,121.07,5.91,1.97,1.97,4.92,0,139.77,83.66,4.92,3.94,8.86,0,163.39,60.04,2.95,137.8,101.38,0,147.64,94.49,0
44007440715,44,007,440715,487.46,328.63,0,319.64,448.5,26.97,5.99,10.99,5.99,2,475.47,243.73,21.98,19.98,19.98,4,583.35,148.83,5.99,508.44,276.69,0,506.44,288.68,0
44007440716,44,007,440716,616.67,543.85,3.09,422.29,679.72,37.72,9.15,12.29,6.01,0.05,622.4,415.53,50.48,12.26,27.8,4.16,810.31,229.91,15.45,640.94,488.8,1.13,660.41,469.44,1.11
44007440717,44,007,440717,320,153,0,242,202,13,6,11,6,0,295,132,13,9,10,1,366,66,5,326,139,0,334,133,0
44007440718,44,007,440718,350,282,1,236,358,16,7,14,6,0,350,219,14,11,10,6,443,126,8,365,247,0,374,242,1
44007440719,44,007,440719,542,544,1,343,675,33,15,17,6,2,562,419,35,12,28,3,768,202,8,611,448,1,599,464,0
44007440720,44,007,440720,222,210,0,157,255,4,4,6,3,1,230,146,15,10,16,2,302,73,4,240,181,1,240,183,1
44007440721,44,007,440721,843.26,427.11,0.14,612.34,573,33.44,26.97,21.28,14.66,1,788.75,352.39,29.74,21.77,39.42,9.61,949.3,188,13.38,829.24,401.85,4.2,864.97,372.6,3.06
44007440722,44,007,440722,410,237,3,274,334,22,9,11,4,3,386,205,18,11,16,3,483,125,5,406,224,2,418,218,1
44007440723,44,007,440723,1195.65,289.1,5,997.65,356.06,33,36.02,37.02,14.99,8.99,1080.6,222.02,35.98,31,52.04,28.08,1207.61,181.1,10.02,1169.64,275.06,7,1211.68,247.05,4
44007440724,44,007,440724,1024,281,3,912,309,26,17,27,13,5,927,203,18,38,43,27,1085,116,16,1005,275,2,1058,224,2
44007440725,44,007,440725,1180.89,483.8,2.05,878.96,629.98,68.72,29.14,30.49,19.62,6.35,1102.11,378.11,45.82,27.1,65.02,9.31,1261.32,255.42,20.17,1164.31,450.31,1.09,1214.98,413.41,4.12
44007440726,44,007,440726,563.9,268.17,1.85,411.21,351.43,33.3,13.92,17.59,9.25,0.01,528.7,216.33,24.04,24.03,20.38,8.32,608.12,164.63,5.56,549.95,263.49,2.78,573.98,245.97,0.93
44007440727,44,007,440727,514.29,176.24,1.93,424.72,206.1,22.15,9.63,16.37,6.74,5.78,462.28,145.43,15.41,11.56,27.93,12.52,552.81,87.64,5.78,509.47,165.65,1.93,521.99,163.72,0.96
44007440728,44,007,440728,18,7,0,13,9,2,0,1,0,0,15,2,3,3,1,0,15,10,0,10,14,0,15,9,0
44007440729,44,007,440729,0,0,0,0,0,0,0,0,0,0,0,0,0,0,0,0,0,0,0,0,0,0,0,0,0
44007440730,44,007,440730,844.48,1218.32,3.95,583.16,1386.06,56.69,14.01,26.85,8.98,3.99,902.37,963.76,61.55,27.04,45.54,7.91,1343.51,459.32,30.71,920.53,1094.57,2.97,949.6,1065.42,2.97
44007440731,44,007,440731,703,694,1,435,893,25,21,14,11,2,693,545,58,25,26,4,968,251,16,759,589,3,764,587,5
44007440801,44,007,440801,530.69,358.6,2.99,455.38,326.09,41.12,25.83,27.91,11.95,3.99,568.71,226.4,25.04,32.84,25.12,2.05,665.43,139.72,8.99,538.11,329.2,0.03,579.71,292.53,0.04
44007440802,44,007,440802,694.27,507.3,0,616.13,445.2,49.14,25.02,40.09,11.01,4.01,757.42,295.96,22.11,20.05,78.03,5,919.83,165.41,9.02,730.36,439.15,1,784.46,384.07,1
44007440803,44,007,440803,771,555,6,650,522,72,22,41,19,3,836,363,42,24,48,4,957,235,14,803,495,1,865,432,2
44007440804,44,007,440804,181,159,1,161,148,10,11,12,1,0,191,121,7,9,10,0,217,77,5,182,146,1,190,140,0
44007440805,44,007,440805,815,572,4,676,556,65,28,56,12,0,826,379,46,35,75,5,982,260,17,855,512,0,881,466,2
44007440806,44,007,440806,730.23,487.8,0,654.65,424,65.76,25.52,35.33,9.82,0.98,769.49,302.3,36.31,29.45,55.94,4.91,894.14,201.2,3.93,770.47,406.34,0,797.95,381.8,0.98
44007440807,44,007,440807,938.76,824.01,1.04,835.34,745.03,83.91,24.87,59.14,11.37,6.08,1037.43,557.14,56.01,32.98,63.49,4.13,1298.06,264.03,13.22,996.83,722.82,0.01,1069.91,656.83,1.02
44007440808,44,007,440808,907,832,2,851,725,60,29,46,16,8,990,521,43,36,87,8,1245,251,21,952,741,2,1022,649,2
44007440809,44,007,440809,264.77,282.62,0,248.91,231.06,30.74,7.93,22.81,4.96,1.98,333.2,168.58,11.9,4.96,15.87,1.98,383.77,95.2,4.96,301.47,233.04,0.99,314.36,219.16,0
44007440810,44,007,440810,636.49,271.93,5,515.84,260.98,59.94,35.36,36.3,9.94,3.89,621.34,185.99,31.36,25.59,38.33,3.94,669.73,161.31,7.94,639.01,247.92,0.98,648.27,241.62,0
44007440811,44,007,440811,719.05,466.9,4.23,603.51,436.52,80.88,28.46,31.46,14.34,4,789.63,287.9,32.38,23.54,47.53,3.08,876.92,204.19,12.27,754.99,403.84,3,795.67,357.17,4
44007440812,44,007,440812,621.41,394.67,0.99,548.17,351.41,46.46,20.72,30.59,12.83,3.95,640.28,265.14,28.66,23.7,39.5,2.98,745.23,187.78,5.94,642.24,351.12,0.01,664.92,323.52,0.01
44007440813,44,007,440813,249,201,0,219,184,23,6,16,3,1,269,136,15,5,22,1,302,100,7,263,176,0,268,165,1
44007441001,44,007,441001,885.25,495.22,5.95,799.73,425.58,75.7,20.87,36.74,12.93,5.95,905.25,341.91,28.8,25.93,44.74,6.98,1049.31,217.86,15.87,935.88,416.61,1.98,974.83,384.74,1.98
44007441002,44,007,441002,688.09,280.93,2.11,614.18,249.3,40.58,14.53,35.1,16.35,2.2,655.5,206.12,26.82,18.92,25.14,7.41,717.96,154.04,7.35,681.17,243.77,2.14,708.09,220.88,2.08
44007441003,44,007,441003,446,159,0,384,165,23,6,17,12,2,434,125,11,9,11,1,459,99,4,434,145,2,448,143,0
44007441004,44,007,441004,839.12,447.47,2.94,741.2,391.66,69.52,26.44,32.31,11.75,4.9,888.07,291.79,15.67,15.67,27.42,11.75,973.26,207.58,16.64,896.88,361.31,3.92,926.26,328.02,4.9
44007441005,44,007,441005,741.39,368.75,2.92,697.61,310.37,42.81,16.54,33.08,7.78,5.84,737.5,246.16,23.35,26.27,33.08,10.7,880.53,142.05,8.76,790.04,291.89,3.89,810.47,268.54,1.95
44007441006,44,007,441006,58.65,23.92,0,48.65,24.23,7.01,0.84,0,0,0.17,58.32,15.55,2.51,1.17,2.51,0.17,61.66,15.37,0,60.5,20.06,0,61.66,17.72,0
44007441007,44,007,441007,62.19,33.99,0,62.18,25.71,4.97,4.14,0,0,0.83,60.53,22.39,2.49,0.83,2.49,0.83,67.17,16.58,0,66.33,24.88,0,67.16,23.22,0
44007441008,44,007,441008,910.28,279.14,4.97,795.03,278.12,64.56,11.93,29.81,22.86,5.97,830.67,211.56,28.81,31.82,36.8,18.91,910.23,180.83,17.88,864.61,275.13,4.97,924.18,234.43,4.97
44007441009,44,007,441009,976.18,408.19,4.04,811.55,405.07,68.24,35.09,42.18,22.17,8.06,926.05,307.74,38.15,27.33,39.39,7.28,1033.85,224.01,12.07,967.06,362.04,3.02,1013.17,335,3.02
44007441010,44,007,441010,941,359,5,836,348,59,18,31,15,4,919,259,18,26,25,3,1044,145,2,944,309,2,991,276,0
44007441011,44,007,441011,886.95,453.86,3.96,774.23,432.11,57.35,35.6,27.69,13.84,5.93,883.99,302.57,35.6,36.59,34.61,9.89,1011.54,199.74,11.87,912.66,389.59,1.98,963.09,352.01,1.98
44007441012,44,007,441012,433.18,236.55,2,374.29,207.61,42.92,7.98,21.96,12.98,0,416.21,174.67,20.96,10.98,25.95,5.99,479.09,127.76,6.99,442.16,207.61,2,457.13,195.63,0
44007441013,44,007,441013,815.88,409.5,3.32,677.51,372.63,79.82,24.38,49.07,20.81,5.32,789.08,301.38,28.28,26.17,47.29,9.15,939.92,178.08,14.74,832.06,368.12,2.01,855.03,342.77,4.14
44007441014,44,007,441014,837.18,409.64,4.01,718.65,362.48,88.32,22.09,34.19,22.09,5.02,833.08,287.21,22.12,19.1,48.18,6.04,946.63,206.77,14.06,861.24,349.47,2.01,892.34,316.37,4.01
44007441015,44,007,441015,386,192,3,353,168,17,9,19,5,4,373,139,5,17,28,3,457,70,3,395,167,0,403,156,2
44007441016,44,007,441016,472.36,361.3,5.1,406.08,310.02,54.17,18.44,30.67,8.29,5.08,495.03,251.57,15.82,19.38,36.87,1.27,606.94,165.82,13.29,511.92,303.21,1.02,543.68,274.41,1.02
44007441017,44,007,441017,834.58,491.38,3.11,689.61,459.62,96.11,25.43,41.68,19.35,2.1,833.36,351.06,32.87,23.5,44.71,12.37,985.66,218.65,11.32,881.98,410.35,1.05,896.98,389.34,3.02
44007441018,44,007,441018,346.7,184.92,2.03,294.98,190.77,19.37,10.23,10.18,4.09,1.04,349.68,119.94,11.23,9.24,18.22,1.06,401.5,78.28,6.08,368.86,149.5,0.01,382.19,133.26,1.01
44007441201,44,007,441201,536.72,548.23,1.92,410.21,535.77,62.3,15.33,41.21,10.54,6.71,425.55,356.54,30.67,236.73,21.09,0.96,670.91,303.82,11.5,544.39,518.51,0,590.4,474.43,0
44007441202,44,007,441202,455.76,577.56,2.07,368.75,552.16,51.42,17.57,33.6,10.4,3.27,365.44,384.32,22.21,229,20.8,2.03,605.75,285.59,7.46,495.87,512.64,0.99,525.7,486.87,0.99
44007441301,44,007,441301,631.34,834.05,1.1,496.57,816.75,59.98,33.36,38.57,18.18,6.09,537.56,546.22,26.67,306.93,28.47,2.06,870.32,395.53,22.15,667.22,751.81,1,742.8,688.14,1.02
44007441302,44,007,441302,703,832,5,520,823,93,28,47,25,2,550,556,26,358,32,3,914,429,19,712,791,2,748,749,1
44007441303,44,007,441303,137.75,196.64,0,101.82,188.66,12.98,9.98,12.98,5.99,0,111.8,144.74,4.99,60.89,6.99,0,174.68,108.8,5.99,140.74,189.66,0,154.72,175.68,0
44007441304,44,007,441304,556.3,535.97,1.18,440.92,524.57,60.81,19.84,29.05,11.01,10.18,449.47,349.34,25.44,240.05,14.45,1.25,719.88,256.31,6.78,586.87,488.52,2.05,629.26,439.25,0.06
44007441601,44,007,441601,441.85,359.15,1.02,319.69,399.65,36.6,16.32,19.28,6.58,3.92,445.79,263.86,32.92,13.9,24.99,3.16,558.54,166.03,5.73,478.27,300.53,1.2,476.86,303.58,0.94
44007441602,44,007,441602,487.93,457,0,381.17,477.95,50.89,5.99,14.97,10.98,2,530.84,304.33,42.91,11.97,13.97,2.99,638.6,191.58,12.97,535.83,363.21,2,550.8,358.22,1
44007441603,44,007,441603,530.07,400,0,417.83,416.05,49.11,14.01,18.03,11.02,2,537.16,286.67,45.09,18.03,16.03,4.01,657.4,183.42,3.03,582.17,323.79,0,567.2,333.78,1
44007441604,44,007,441604,536.69,541.61,2,416.49,584.67,46.06,14.02,15.03,6.01,1.01,546.7,396.44,53.05,20.02,33.04,4,730.89,218.28,14.01,575.76,474.5,4,575.75,477.51,0
44007441605,44,007,441605,459,492,2,356,511,49,9,16,7,4,476,366,35,22,16,4,641,189,14,485,432,2,512,409,3
44007441606,44,007,441606,95,72,2,75,84,8,1,2,1,1,90,62,9,2,3,0,115,41,6,91,75,1,93,74,1
44007441607,44,007,441607,161.15,161.13,0.05,120.62,172.75,11,3.38,7.46,4.21,1.03,174.02,113.1,11.86,5.42,6.41,1.05,221.31,59.94,4.26,181.39,132.28,0.02,183.69,130.95,0
44007441608,44,007,441608,540.61,482.5,2.93,415.79,513.58,53.71,12.68,23.45,8.77,0.99,548.6,358.31,48.82,25.36,19.54,0.98,688.32,222.5,11.73,565.24,430.56,0,577.95,411.03,0.01
44007441609,44,007,441609,408.14,456.47,2.01,331.56,448.74,48.18,9.05,24.06,4.05,2.99,451.99,308.24,42.17,17.11,20.05,2,595.36,170.87,14.02,475.01,371.48,1,491.03,352.43,1.99
44007441610,44,007,441610,627.42,680.07,0.98,523.96,659.4,61.09,13.8,27.58,15.76,1.97,668.71,466.5,64.97,29.55,42.32,6.89,887.18,297.26,8.86,694.34,571.83,0.98,723.83,558.05,0
44007441611,44,007,441611,335.92,319.92,3,259.93,326.92,36.99,15,13,5,2,363.91,222.94,22.99,13,16,2,451.89,133.97,6,365.91,274.93,4,365.91,275.93,2
44007441612,44,007,441612,388.08,426.08,1,304.07,435.08,31.01,13,28,8,0,401.09,313.06,38.01,12,24,4,518.11,196.03,5,416.09,371.07,1,436.09,355.07,1
44007441613,44,007,441613,368.35,564.52,1.02,303.41,526.47,54.48,17.15,21.25,7.11,1.01,453.48,374.98,29.33,24.47,27.29,1.03,631.11,184.85,9.12,461.86,441.75,4.02,464.04,442.61,1.01
44007441701,44,007,441701,718.14,876.64,0.97,629.22,832.18,63.79,18.36,39.63,9.67,5.8,785.8,643.71,47.36,26.1,50.26,2.9,1089.29,319.93,30.93,775.17,785.79,2.9,803.2,753.89,1.93
44007441702,44,007,441702,432.5,291.41,0,380.42,266.42,31.04,10.01,20.02,5.01,1,471.54,179.29,20.02,12.02,25.03,4,551.67,110.17,4.01,452.54,257.36,0,472.55,233.35,1
44007441703,44,007,441703,517,413,3,434,374,57,19,26,21,4,550,289,24,24,34,2,658,196,9,546,370,2,562,358,1
44007441704,44,007,441704,751.78,604.25,3.89,603.59,598.33,64.87,29.31,38.7,17.45,7.74,808.5,419.59,29.12,26.23,40.69,9.68,982.32,270.15,14.56,788.11,543.56,1.95,821.34,510.47,2.9
44007441705,44,007,441705,572.33,446.23,2,451.28,415.22,69.03,15.01,45.01,21.01,2,596.36,313.15,34.02,29.01,31.02,6,745.41,201.1,13.01,627.35,385.2,0,637.36,365.19,2
44007441706,44,007,441706,169.31,154.97,0.01,149.93,145.97,11.2,2.05,10.09,2.03,1.01,190.47,103.37,8.11,2.08,12.14,0.02,226.1,66.79,2.04,172.47,141.73,0.01,189.52,125.68,0.01
44007441707,44,007,441707,179,154,2,167,146,12,3,7,1,2,195,110,5,10,8,3,236,66,6,192,137,2,198,133,0
44007441708,44,007,441708,745.19,609.79,2.96,620.18,613.99,63.65,17.05,27.03,11.02,4,795.61,421.96,35.84,26.92,43.88,6.93,986.97,246.77,10.91,794.66,534.4,2.95,809.77,518.23,3.93
44007441709,44,007,441709,271,238,1,230,222,23,14,16,5,0,300,168,10,12,13,2,364,103,4,292,210,0,310,190,0
44007441710,44,007,441710,323.41,204.98,0.28,271.51,189.76,28.54,16.75,8.3,9.73,2.35,343.66,139.02,14.68,6.57,11.37,2.42,391.52,91.73,4.67,339.5,182.5,1.08,348.78,168.4,0.1
44007441711,44,007,441711,276.99,174.44,5.64,238.57,164.76,22.09,11.56,11.39,8.63,0.04,292.39,123.53,9.65,13.25,13.33,1.92,325.13,104.87,6.65,300.77,147.75,0.02,317.84,130.59,0
44007442401,44,007,442401,387.06,249.23,1.91,301.98,263.98,28.55,12.37,21.57,4.99,4.87,406.04,167.88,16.47,15.5,12.58,6.13,489.17,103.23,7.54,407.18,221.92,0,434.49,194.82,0.93
44007442402,44,007,442402,501.46,309.64,1.98,390.72,344.09,28.69,17.83,19.73,9.94,0.02,508.09,197.3,40.39,19.8,18.82,8.87,612.62,138.12,8.88,514.21,274.1,1,549.71,242.56,1
44007442403,44,007,442403,502,349,1,406,358,48,10,16,11,2,501,251,27,21,28,5,620,142,10,524,307,2,502,318,4
44007442404,44,007,442404,291.03,215.06,0,222.96,220.98,39.46,7.89,5.92,5.92,2.96,285.11,154.89,25.65,14.8,12.82,4.93,368.96,103.59,3.95,311.75,181.52,0,323.58,176.59,0.99
44007442405,44,007,442405,411.94,264.91,2,329.02,277.99,34.54,9.11,22.08,3.08,3.04,423.86,185.1,27.35,19.2,13.17,5.07,505,118.4,7.05,435.22,234.46,0,437.38,232.39,0.01
44007442406,44,007,442406,565,401,3,463,406,47,15,26,9,1,607,253,44,20,26,10,739,135,12,620,326,2,623,329,1
44007442407,44,007,442407,553,451,3,411,489,55,18,23,6,4,609,295,51,13,19,4,752,174,9,610,380,2,612,384,1
44007442408,44,007,442408,504.38,279.81,2.01,412.49,272.63,52.53,11.12,23.24,13.13,0.02,502.72,175.98,37.55,19.27,24.36,7.06,597.59,136.54,6.08,552.96,217.88,0.01,550.21,221.77,1
44007442409,44,007,442409,277.02,152.46,0,220.22,146.48,32.88,8.97,12.95,7.97,1,275.03,104.63,19.93,11.96,8.97,1.99,317.88,77.72,1.99,290.97,134.52,0,288.98,129.54,1
44007442410,44,007,442410,439.89,274.95,1.02,328.32,303,33.51,16.42,23.39,9.07,2.02,463.03,175.6,36.44,9.29,16.25,2.02,555.77,103.01,4.15,471.4,229.09,2.05,479.77,219.82,2.05
44007442411,44,007,442411,483.6,492.58,1.99,394.86,500.55,48.86,12.96,11.97,5.98,2.99,549.41,303.12,50.85,23.93,21.94,1.99,724.9,144.58,6.98,580.32,363.95,1,571.35,377.91,1
44007442412,44,007,442412,464.04,299.56,5.51,371.24,314.26,50.54,11.03,15.62,8.27,4.59,476.91,203.08,35.84,13.78,21.13,0.92,572.48,130.48,3.68,498.96,243.51,0,509.99,238,0
44007442413,44,007,442413,289.59,195.28,0.13,223.54,195.82,32.51,13.16,12.05,7.79,1.95,299.18,140.76,17.88,9.89,12.02,1,347.82,102.4,4.95,311.54,164.86,0.99,305.68,168.42,0.96
44007442414,44,007,442414,291.16,200.05,1,226.79,202.14,21.07,17.25,15.94,3.16,1.09,296.02,145.32,18.1,12.05,10.11,1.16,366.07,81.69,5.98,311.2,165.54,2,326.32,154.86,1.97
44007442415,44,007,442415,386.78,203.47,0.04,323.5,204.16,29.23,16.26,15.12,4.02,2,398.57,131.49,21.02,6.07,16.06,4.97,464.38,90.56,6.04,426.19,151.73,0.02,422.65,157.44,0.03
44007442416,44,007,442416,833.71,589.47,3.32,684.2,608.32,58,19.66,29.92,17.49,4.27,916.63,383.44,54.18,29.85,26.26,1.06,1103.58,230.83,8.23,921.97,484.92,0,919.57,488.64,1
44007442501,44,007,442501,551.66,619.44,0.02,460.37,589.2,41.25,21.1,39.11,15.06,1.02,598.81,460.81,22.15,22.1,39.18,2.01,748.42,280.22,15.04,613.82,528.14,1.02,640,505.01,0.01
44007442502,44,007,442502,593.9,671.16,0.03,495.84,636.45,55.84,28.29,42.43,8.15,2.02,645.66,502.08,27.32,20.32,50.36,4.03,836.56,296.08,14.07,658.58,575.04,1.01,662.91,574.84,1.01
44007442503,44,007,442503,540.87,479.53,2,444.51,445.43,42.24,20.09,42.1,19.06,2.01,554.99,335.87,33.13,32.14,47.12,2.01,706.67,210.19,4.06,578.06,421.18,1,591.19,416.07,0
44007442504,44,007,442504,534.59,482.15,1.98,459.49,434.73,58.29,19.76,30.63,9.88,0.99,590.9,338.89,19.76,21.74,21.74,1.98,721.3,198.61,3.95,583.98,403.11,0,602.77,392.24,0
44007442505,44,007,442505,284.04,261.39,1.97,253.44,234.79,26.63,10.84,11.84,5.92,1.97,300.82,193.31,15.79,10.85,18.74,0.99,365.87,130.24,3.94,301.8,228.83,1.97,320.52,215.04,0.99
44007442601,44,007,442601,176.67,51.74,0,144.91,49.76,11.92,13.89,3.98,3.97,0.99,162.82,37.81,6.95,9.92,6.95,1.99,171.8,44.69,7.93,166.77,57.67,0.99,182.64,41.8,0.99
44007442602,44,007,442602,377.91,39.21,0,342.44,42.94,11.2,14,6.53,4.67,1.87,356.45,29.87,4.67,5.6,9.33,0,365.78,32.67,0.93,366.71,37.34,0,372.31,36.4,0
44007442603,44,007,442603,795.94,261.79,1.98,701.13,237.02,53.83,40.81,26.92,5.99,2.99,790.12,186.71,23.01,10.97,21.97,4.02,839.36,149.61,10.97,792.39,224.58,1.98,823.08,205.81,2.97
44007442604,44,007,442604,398.74,187.44,3.83,337.24,173.09,30.74,23.04,18.25,3.84,0.96,399.74,126.86,21.14,10.55,17.29,0.98,456.47,93.2,4.81,398.89,162.36,0.96,423.77,154.72,0
44007442605,44,007,442605,313,46,3,296,42,10,10,8,4,0,291,36,8,4,10,2,302,38,5,291,44,2,313,36,1
44007442606,44,007,442606,338.92,37.99,2,318.92,37.99,9,15,3,6,0,315.92,28.99,5,6,9,5,326.92,30.99,2,308.93,40.99,2,331.92,28.99,1
44007442607,44,007,442607,1047.78,182.35,1.97,951.19,160.67,34.5,40.41,25.63,17.74,1.97,969.92,127.15,22.67,28.58,36.47,17.74,1043.84,133.07,2.96,1045.81,158.7,0.99,1049.76,155.74,0.99
44007442608,44,007,442608,943.99,184.83,0.05,875.12,154.96,25.18,37.13,19.23,15.13,3.1,849.05,149.3,15.12,27.48,42.41,22.94,948.52,122.35,9.12,937.87,159.68,2.02,956.96,150.57,1.03
44007442609,44,007,442609,86.61,12.25,1.75,77.86,12.25,7,0.87,0.87,2.62,0,77.86,11.37,0.87,2.62,7,0,83.98,12.25,0.87,79.61,17.5,0,87.48,12.25,0
44007442610,44,007,442610,84,11,0,77,9,1,4,1,0,0,75,7,1,0,2,1,77,7,0,79,6,0,80,8,0
44007442611,44,007,442611,401.67,47.78,1.22,364.01,46.67,10.05,12.61,10.33,6.33,1.03,367.86,41.01,9.27,4.39,9.85,2.02,380.52,45.16,1.18,376.64,47.23,1.03,387.85,43.51,0.01
44007442612,44,007,442612,452,223,3,401,189,38,21,15,7,3,449,164,13,15,14,4,490,129,7,453,197,2,467,183,4
44007442613,44,007,442613,665.27,168.88,4.44,596.88,159.67,22.06,25.42,21.52,10.36,2.3,637.17,126.06,20.92,17.36,17.57,4.2,661.81,116.38,11.22,652.41,162.3,1.2,669.09,147.18,1.1
44007442614,44,007,442614,570,144,2,517,126,24,17,14,14,3,555,114,10,9,15,5,572,99,6,555,130,3,570,127,3
44007442615,44,007,442615,247,52,0,213,55,14,9,7,2,0,228,40,9,6,7,6,244,41,4,241,55,0,247,50,0
44007442616,44,007,442616,102.75,36.84,0,82.4,30.05,6.79,4.85,7.75,4.85,1.94,101.78,23.26,7.75,2.91,3.88,0,116.32,16.48,0.97,101.78,34.9,0,109.54,29.08,0
44007442617,44,007,442617,165.25,37.16,0,142.6,38.95,8.21,4.15,5.25,3.15,1.06,159.22,28.74,2.25,4.09,4.12,0,166.68,28.52,0.03,156.22,41.1,1,166.46,34.92,1
44007442618,44,007,442618,825,433,3,675,388,82,39,51,17,5,844,291,32,27,42,3,944,229,9,883,342,2,882,344,0
44007442619,44,007,442619,443,230,3,365,224,37,15,19,9,5,444,168,23,13,14,3,498,124,3,442,212,1,468,190,1
44007442620,44,007,442620,812,337,6,665,322,57,47,34,15,6,783,239,23,34,30,14,873,199,9,808,313,2,840,280,4
44007442621,44,007,442621,232,139,0,187,122,31,6,16,5,2,230,99,10,9,14,1,270,66,4,237,123,0,248,108,0
44007442622,44,007,442622,140,69,1,110,78,12,2,5,5,1,135,57,10,3,3,0,161,38,1,136,66,0,148,59,0
44007442623,44,007,442623,203,84,0,172,77,13,13,13,1,0,213,52,10,4,5,0,237,39,0,208,67,1,216,66,0
44007442624,44,007,442624,234,143,4,199,141,15,7,12,3,4,243,90,7,10,22,1,297,58,4,249,122,1,259,116,1
44007442625,44,007,442625,213,63,0,181,64,10,12,9,3,0,194,45,7,9,8,2,216,41,2,208,60,0,214,57,1
44007442626,44,007,442626,70.05,6.81,0,66.15,8.76,0.97,0.97,0,0.97,0,66.15,5.84,1.95,0.97,0.97,0,65.18,6.81,0,62.26,7.78,0,69.07,6.81,0
44007442627,44,007,442627,482.68,131.04,3.02,408.6,124.8,26.39,21.45,13.29,18.2,1.02,458.81,98.42,14.25,17.32,12.41,4.2,473.64,100.49,5.03,466.66,129.77,0.01,495.7,106.74,1.01
44007442628,44,007,442628,679.88,394.53,1.06,578.8,350.34,67.48,26.56,33.69,16.25,2.1,697.93,260.21,26.33,31.33,37.58,6.25,817.74,191.42,4.36,702.12,338.69,1.08,736.74,309.98,2.1
44007442629,44,007,442629,850.93,417.18,2,703.83,386.23,64.03,39.03,53,13.03,4,844.82,297.16,40.05,21.03,35.03,7,963.79,223.18,9,868.72,356.21,3,898.9,332.18,2
44007442630,44,007,442630,73.75,37.78,0.05,67.27,31.42,9.3,1.13,1.26,1.07,0.05,78.75,21.09,1.2,4.07,3.26,1.02,85.69,19.14,0.13,75.12,30.39,0.02,83.17,26.26,0.02
44007442631,44,007,442631,323,74,0,300,68,10,8,6,9,0,306,58,9,7,8,1,314,51,2,311,76,0,316,70,0
44007442801,44,007,442801,98.13,18.9,0.9,101.73,15.3,2.7,1.8,2.7,0.9,0,84.62,14.4,0.9,3.6,1.8,0,88.22,13.5,1.8,84.62,20.71,0,89.12,18.9,0
44007442802,44,007,442802,177,36,0,188,21,5,0,1,0,0,170,22,2,3,6,3,187,17,0,180,32,0,190,20,0
44007442803,44,007,442803,1056,162,2,1054,118,6,10,17,4,6,977,84,7,27,49,35,1077,83,9,1048,148,1,1076,114,7
44007442804,44,007,442804,370,21,1,345,21,2,4,4,3,2,331,16,0,7,13,9,349,16,2,353,22,0,358,20,1
44007442805,44,007,442805,1476,216,5,1442,185,20,17,17,10,6,1340,143,13,25,65,39,1477,99,14,1473,180,3,1477,165,9
44007442806,44,007,442806,97,17,0,99,11,1,0,2,1,1,90,10,0,1,7,3,100,9,1,98,13,0,100,13,0
44007442807,44,007,442807,0.42,0,0,0.42,0,0,0,0,0,0,0.42,0,0,0,0,0,0.42,0,0,0.42,0,0,0.42,0,0
44007442808,44,007,442808,934.16,134.85,0.98,897.03,109.44,19.54,9.77,14.66,12.7,5.86,872.6,85.99,12.7,21.5,39.09,17.59,948.82,79.15,0,941.98,114.33,0.98,942.95,106.51,0
44007442809,44,007,442809,1192.9,129.15,3.98,1125.6,115.69,23.27,11.14,19.17,17.13,6.08,1075.68,80.43,16.16,34.16,41.5,28.11,1162.63,105.92,5.95,1186.15,108.84,2,1193.14,107.65,1.98
44007442810,44,007,442810,65.59,6.65,0,66.54,2.85,0.95,0.95,0.95,0,0,56.08,2.85,0.95,0,3.8,2.85,64.64,3.8,0,65.59,4.75,0,67.49,1.9,0
44007442811,44,007,442811,597.13,68.9,1,546.2,71.9,9.99,24.96,7.99,6.99,3,561.18,51.92,12.98,9.99,9.99,4.99,576.16,62.91,3,567.17,69.9,3.99,583.15,64.91,3.99
44007442812,44,007,442812,624.25,113.86,1.96,563.4,113.86,22.58,23.56,8.83,7.85,1.96,588.92,91.28,21.59,12.76,10.8,3.93,604.62,94.23,3.93,607.57,105.02,1.96,630.14,92.26,0.98
44007442813,44,007,442813,447.87,48.1,0,412.8,51.1,15.01,11.04,8.01,10.01,0,419.82,37.08,5.02,6.01,11.01,4.01,425.84,48.09,2,435.83,46.1,1.01,447.85,35.09,0.01
44007442814,44,007,442814,305,52,0,256,61,12,11,10,8,0,278,43,9,10,8,4,296,48,2,291,54,0,301,51,0
44007442815,44,007,442815,743.56,215.62,2.01,742.23,173.55,14.12,5.14,16.09,3.06,3.01,690.29,157.43,15.08,18.1,30.12,19.06,795.54,70.45,13.01,763.55,175.54,2,782.56,152.53,0
44007442816,44,007,442816,1630.71,214.08,3.93,1536.06,213.95,23.7,23.75,25.64,15.79,8.86,1439.62,157.9,14.81,48.28,48.34,84.63,1594.36,152.87,12.82,1618.89,192.35,1.97,1632.73,180.51,2.95
44007442817,44,007,442817,1657.3,234.09,6.02,1592.82,205.09,17.12,20.12,30.13,15.08,11.05,1494.33,156.8,26.08,33.25,46.25,63.43,1675.12,127.78,16.07,1654.24,198.98,3.01,1668.31,188.92,6.02
44007442818,44,007,442818,868.42,73.31,7.94,814.11,71.33,12.29,23.18,12.03,17.94,9.32,778.41,52.13,24.13,27.92,26.89,28.74,822.2,87.77,6.99,841.03,80.06,5.97,857.27,68.95,6.94
44007442819,44,007,442819,895.49,294.16,5.07,776.23,319.19,34.57,24.52,16.53,19.97,5.18,904.39,203.73,26.33,12.16,17.71,8.54,973.21,147.16,15.43,894.94,258.51,5.09,921.37,250.42,6.04
44007442820,44,007,442820,112.33,49.25,0.17,88.47,59.71,8.56,1.34,1.48,4.26,0.14,114.73,34.27,5.11,1.43,4.65,0.03,117.68,35.03,0.11,113.41,43.52,0,115.75,42.35,0
44007442821,44,007,442821,574.96,124,0.97,504.89,128.86,21.42,23.34,12.67,7.77,3.88,544.95,82.08,19.46,12.65,12.64,5.82,580.16,65.3,4.87,564.4,107.37,1.95,581.91,107.32,0.98
44007442822,44,007,442822,157,13,1,147,15,3,3,1,2,0,145,11,5,3,3,1,152,17,0,151,16,0,156,13,0
44007442823,44,007,442823,823,77,0,746,94,27,25,11,11,1,771,50,16,13,12,3,762,76,2,767,82,1,786,71,4
44007442824,44,007,442824,1100.43,160.14,1.99,954.86,217.76,30.08,34.82,24.94,10.02,2.98,1037.63,115.9,17.13,15.1,27.04,8.01,1037.96,132.59,9.99,1039.97,156.02,5.97,1066.02,151.8,3.98
44007442825,44,007,442825,122,12,0,108,17,2,6,0,1,0,108,12,4,1,3,0,115,9,0,108,17,0,112,16,1
44007442826,44,007,442826,753,51,4,702,58,11,24,8,11,2,711,36,14,10,16,5,705,65,6,719,56,2,737,45,4
44007442827,44,007,442827,853,43,1,764,84,11,38,21,5,4,775,39,6,21,17,9,774,63,6,790,54,4,825,38,2
44007442828,44,007,442828,540,52,3,522,50,5,14,11,3,2,508,37,8,13,11,12,523,46,6,527,55,2,540,48,3
44007442829,44,007,442829,641,72,2,561,100,15,24,13,10,2,610,47,8,11,19,3,605,70,0,627,60,1,646,50,0
44007442830,44,007,442830,39,4,0,38,2,1,0,2,1,0,40,1,0,0,0,0,37,0,0,37,1,0,39,2,0
44007442831,44,007,442831,571.61,26.03,2,539.56,24.04,12.01,22.02,9.01,8.01,3,528.55,15.04,10.01,4.01,12.01,2,519.57,34.03,4,526.57,32.05,3,550.59,22.04,3
44007442832,44,007,442832,797,55,3,688,88,21,39,13,17,1,718,41,17,11,20,6,731,68,5,734,69,4,769,53,5
44007442833,44,007,442833,344.16,22.37,0,320.13,25.21,6.07,12.08,3.05,3.02,0,324.62,16.2,2.07,4.02,3.2,1.14,319.05,27.24,0,331.1,19.31,0,331.22,20.16,0
44007442834,44,007,442834,164.74,17.18,0,156.62,20.22,8.02,3.02,2.02,2.01,0.01,154.67,12.14,4.02,5.02,2.03,1.02,152.75,15.11,0.01,149.73,23.17,0,156.75,20.15,0
44007442835,44,007,442835,119.1,23.08,0.1,120.15,18.09,0.96,2.17,2.92,0.1,0,113.66,17.34,0.1,1.05,6.1,0.66,121.28,13.96,0.86,116.94,20.66,0,118.1,21.77,0
44007442836,44,007,442836,7.35,0,0,6.13,0,0,0,0,0,0.61,6.74,0,0,0,0,0,6.74,0,0,6.74,0,0,6.74,0,0
44007442837,44,007,442837,309.71,67.4,1.71,286.67,68.26,11.09,4.27,6.83,2.56,0,290.08,50.34,4.27,5.97,12.8,4.27,320.8,34.98,5.12,300.32,69.96,0.85,318.24,52.9,1.71
44007442838,44,007,442838,216,40,0,201,36,7,4,4,3,3,196,36,1,3,6,2,204,24,1,199,40,1,203,38,0
44007442839,44,007,442839,552.48,84.71,3.32,511.48,84.64,16.36,11.65,11.03,6.81,0,513,61.34,11.94,9.5,16.06,4.01,539.24,60.98,6.1,535.23,80.33,1.21,548.16,74.21,3.32
44007442840,44,007,442840,222.39,18.08,0.9,190.75,29.83,5.42,9.94,7.23,4.52,0,205.21,14.46,3.62,3.62,2.71,0.9,199.79,27.12,0.9,197.08,24.41,0.9,208.83,18.98,0.9
44007442841,44,007,442841,176,18,1,151,18,7,13,1,5,1,165,14,1,6,2,0,161,24,1,170,19,0,171,17,0
44007442842,44,007,442842,100,17,2,88,15,1,5,3,5,1,92,9,3,5,4,1,103,9,0,100,11,0,104,9,1
44007442843,44,007,442843,200,80,0,188,72,6,2,3,5,2,197,42,7,9,5,2,225,35,2,208,61,0,210,57,1
44007442844,44,007,442844,563,210,4,498,204,30,14,13,14,6,547,141,32,7,17,11,625,94,12,575,176,2,585,168,3
44007442845,44,007,442845,374.94,174.77,1.09,342.02,172.02,15.45,6.63,4.43,8.01,5.13,383.96,99.12,15.53,14.5,11.42,12.87,457.83,65.77,2.46,388.82,145.08,0,418.51,120.18,0.07
44007442846,44,007,442846,431.03,151.02,2,360.03,166.02,28,14,14,5,1,424.03,94.01,26,9,13,6,476.04,75.01,4,436.03,127.02,4,446.03,121.02,3
44007442847,44,007,442847,260.83,32.65,1.03,240.51,32.58,4.66,10.59,6.94,5.14,0.07,239.73,26.37,6.04,4.71,7.98,2.03,239.51,31.8,2.3,239.42,37.26,0.17,255.15,29.89,1.04
44007442848,44,007,442848,66.18,10.56,0.07,63.04,8.35,2.99,2.07,1.07,1.22,0.15,58.98,6.43,2.99,0.15,2.14,0.07,58.98,8.64,1.07,61.12,9.56,1.07,66.11,6.5,1.07
44007442849,44,007,442849,640.34,193.3,2.02,533.11,205.84,30.3,21.17,13.27,17.05,2.98,608.72,133.65,19.61,23.19,22.18,5.13,674.16,94.85,6.12,639.58,165.84,2,661.08,147.4,2
44007442850,44,007,442850,260.44,64.71,0,215.15,71.18,4.04,9.71,5.66,6.47,0,241.84,50.96,6.47,4.04,5.66,0,246.69,40.44,1.62,239.41,62.28,0.81,256.4,47.72,0
44007442851,44,007,442851,555,183,3,480,175,25,23,13,11,4,537,103,20,23,17,11,605,79,5,557,151,4,565,147,3
44007442852,44,007,442852,173,29,2,149,27,6,4,9,3,0,165,19,3,3,3,1,164,20,2,167,27,0,162,29,0
44007442853,44,007,442853,145,37,0,133,34,7,5,2,2,0,132,31,2,2,6,0,140,25,2,139,35,0,143,33,1
44007442854,44,007,442854,1147.69,274.7,1,991.86,301.67,45.95,32.96,30.96,16.98,7.99,1090.76,183.8,19.98,35.96,39.95,27.96,1209.62,156.82,8.99,1145.69,243.73,1,1182.65,215.76,2
44007442855,44,007,442855,859.51,166.36,1,777.31,169.4,28.06,28.04,21.04,8.02,2.01,850.44,106.24,19.03,12.05,18.05,7.04,868.59,103.21,7.01,840.51,152.32,4,878.56,132.28,2
44007442856,44,007,442856,30.27,7.12,0,27.6,9.79,0,0,0,0,0,29.38,4.45,0.89,0,0.89,0.89,29.38,6.23,0,29.38,7.12,0,32.05,4.45,0
44007442857,44,007,442857,65,9,0,55,15,1,1,0,3,0,61,6,1,2,2,0,58,7,0,60,11,0,59,9,0
44007442858,44,007,442858,219.83,31.73,1.07,188.53,43.09,6.47,12.18,2.29,2.11,1,206.89,26.68,2.29,3.25,9.65,1.29,216.19,23.25,1.22,207.32,34.84,1.04,216.41,27.79,1.07
44007442859,44,007,442859,170,21,0,154,17,1,4,7,3,0,152,16,3,3,8,3,164,13,1,159,19,1,167,16,1
44007442860,44,007,442860,86,16,0,83,13,2,5,1,1,0,83,12,1,2,3,0,85,10,2,87,14,0,86,14,0
44007442861,44,007,442861,840,131,3,745,136,16,26,21,21,4,772,85,15,29,19,16,801,112,4,824,116,4,837,112,2
44007442862,44,007,442862,906,120,8,821,124,25,16,19,15,6,809,88,23,15,33,15,861,96,9,860,121,2,894,102,6
44007442863,44,007,442863,417,46,2,366,54,14,13,14,4,1,382,31,12,7,12,3,384,51,1,391,49,2,400,43,1
44007442864,44,007,442864,228,13,0,204,17,2,11,7,3,0,193,13,2,5,8,6,206,17,0,213,16,0,212,13,0
44007442865,44,007,442865,121.58,5.4,0.74,113.69,4.05,3.85,0.14,4.51,0.79,0.75,110.38,2.98,0.12,3.73,5.98,0.02,106.95,10.15,0.06,111.21,11.2,0.02,114.98,6,0
44007442866,44,007,442866,701,56,4,641,51,15,21,16,16,3,623,40,4,20,23,25,665,52,7,684,54,2,698,50,2
44007442867,44,007,442867,80.33,7.88,1.03,76.74,4.97,0.95,0.84,1.98,2.72,1.87,74.95,5.62,0,2.64,3.21,0.84,73.99,10.05,0.84,76.82,9.4,0.84,77.77,7.23,0.84
44007442868,44,007,442868,581,37,1,573,37,6,10,9,3,2,556,26,7,5,8,6,555,35,3,555,35,1,572,30,0
44007442869,44,007,442869,80,4,0,74,4,2,2,1,1,0,71,3,2,3,3,0,75,6,0,77,4,0,76,5,0
44007442870,44,007,442870,507.83,71.36,3.04,471.13,76.78,11.06,16.03,8.05,5.16,2.1,486.57,59.08,12.07,5.16,3.21,3.03,485.13,51.84,6.05,479.89,68.32,3.05,501.88,61.26,1.06
44007442871,44,007,442871,343.56,69.24,2.95,285.65,86.4,15.93,8.93,5,8.9,2.97,315.8,43.38,9.96,4.99,12.97,3.96,320.21,52.84,3.01,324.84,53.42,2.95,340.71,47.42,2.96
44007442872,44,007,442872,60.05,12.4,0,54.72,12.64,1.08,1.98,1.99,0.03,0.01,55.08,7.38,0.07,1.01,3.01,3.89,59.21,9.13,1,59.06,10.4,0,62.04,9.38,0.01
44007442873,44,007,442873,68,9,0,60,12,3,2,0,0,0,62,5,3,2,2,1,65,9,1,67,8,0,67,5,1
44007442874,44,007,442874,589.23,199.55,1.06,485.85,224.23,32.96,25.14,17.5,10.89,2.13,560.21,155.38,23.56,9.81,18.89,3.79,610.62,114.85,11.31,578.44,180.53,2.82,594.4,171.82,0.06
44007442875,44,007,442875,669,117,1,581,141,23,24,22,9,1,638,84,17,19,19,3,653,93,2,661,101,0,664,108,1
44007442876,44,007,442876,412,57,4,378,73,0,19,7,7,2,391,46,7,7,8,5,390,47,4,386,70,3,400,58,2
44007442877,44,007,442877,210,49,1,186,54,5,11,6,3,2,204,26,11,3,8,1,213,33,4,206,40,1,209,45,1
44007442878,44,007,442878,23.57,5.89,0.74,19.88,7.36,0,0.74,0.74,0.74,0,23.57,5.15,0.74,0,0,0,24.3,2.21,0.74,22.09,6.63,0,22.09,6.63,0
44007442879,44,007,442879,468.32,23.91,0,434.44,32.88,8.97,15.94,3.99,6.98,0,426.47,27.9,8.97,7.97,10.96,1.99,439.43,24.91,0,438.43,38.86,0,452.38,31.89,0
44007442880,44,007,442880,550.95,48.77,1.05,501.63,49.89,14.11,11.5,16.76,11.94,1.15,500.93,41.36,6.26,12.1,19.94,11.84,523.94,50.54,3.96,541.46,48.76,1.03,552.46,43.79,0.08
44007443001,44,007,443001,693.53,1049.41,0.02,541.7,1021.75,94.19,14.94,57.48,12.91,6.95,721.18,821.27,52.61,55.61,33.74,1.99,1111.91,379.1,26.75,774.77,927.48,1.98,795.75,900.55,1
44007443002,44,007,443002,569.6,834.46,0.94,429.99,866.96,59.09,24.94,26.79,12.39,5.65,540.57,685.74,52.2,48,25.03,3.44,842.11,357.49,18.78,587.13,770.29,1.68,646.77,703.18,1.77
44007443003,44,007,443003,744.98,988.77,8.88,586.36,961.81,87.9,31.75,50.97,15.93,7.97,765.03,735.53,59.8,82.54,41.83,4.96,1101,404.92,13.13,823.86,877.85,0.02,875.41,818.34,1.99
44007443101,44,007,443101,775.48,819.69,2.02,622.08,804.44,82.54,28.17,44.33,12.52,7.3,799.55,554.21,51.46,110.13,42.32,5.37,1111.16,319.08,17.25,868.76,694.4,1.09,901.68,663.54,1.11
44007443102,44,007,443102,658.19,624.27,0,527.33,593.25,73.67,28.11,48.47,10.66,5.82,655.29,419.73,45.56,77.55,33.93,11.63,861.76,279.17,11.63,733.8,507.94,0,741.56,507.94,1.94
44007443103,44,007,443103,707.99,738.12,2.99,555.46,727.86,77.38,25.09,40.2,18.07,2.03,730.2,485.91,54.43,75.13,47.23,5.08,995.37,301.96,19.01,790.39,611.44,3.98,819.51,588.47,2
44007443104,44,007,443104,855.36,869.3,2.04,689.3,836.06,89.56,37.21,45.29,11.12,5.06,866.39,582.59,63.39,103.61,66.39,3.02,1210.66,346.94,12.09,912.8,770.59,0.01,970.05,711.31,2
44007443105,44,007,443105,754.7,689.03,2.82,619.08,652.43,77.19,29.16,47.95,15.99,3.82,789.53,468.66,38.56,70.95,37.55,3.75,1045.12,252.69,12.22,825.13,574.48,0.95,864.74,535.75,0.94
44007443106,44,007,443106,689.28,682.65,3.98,574.21,656.8,61.04,22.99,31.04,12.97,6,692.42,497.41,41.99,66.22,41.92,2.02,938.43,318.37,10.03,737.53,605.44,1,764.52,575.49,0.01
44007443901,44,007,443901,109,40,0,91,35,3,6,6,5,0,97,35,2,6,3,3,107,30,3,103,41,0,110,36,0
44007443902,44,007,443902,389.89,138.19,0.99,342.51,133.25,21.72,7.9,14.81,5.92,1.97,388.9,95.74,11.84,5.92,11.84,0,402.72,90.81,1.97,372.12,127.33,0,383.97,115.49,0
44007443903,44,007,443903,260.02,120.12,0.01,233.27,108.99,18.36,8.13,7.24,6.13,0,238.3,89.13,14.16,9.14,12.26,0.99,257.95,79.52,1.04,242.41,99.64,0.01,247.46,106.61,0
44007443904,44,007,443904,530.26,229.81,4.99,459.36,233.78,31.97,12.99,12.99,12.98,2,526.29,163.86,20.97,15.98,22.97,1,545.33,162.79,9.98,519.3,208.81,2,562.23,181.85,2
44007443905,44,007,443905,469.1,324.09,3.1,404.14,293.06,37.18,13.73,27.51,15.78,1.16,481.53,222.75,22.19,18.14,28.3,1.09,537.47,187.85,7.38,492.24,264.63,0.11,495.37,276.07,0.11
44007443906,44,007,443906,411.48,280.13,0.98,334.8,294.5,25.33,10.7,21.38,8.74,1.95,420.14,204.46,13.64,16.45,16.53,1.93,466.56,156.24,6.77,409.33,244.36,1.93,420.08,246.12,1.93
44007443907,44,007,443907,601.13,457.59,2.2,500.67,465.54,40.49,18.72,25.78,11.72,3.2,654.29,316.39,19.24,18.51,25.11,4.26,692.83,269.9,7.2,597.76,415.59,0.07,634.55,390.46,1.07
44007443908,44,007,443908,455.46,461.99,2.8,377.99,447.06,49.47,10.27,25.2,10.27,2.8,500.26,317.33,31.73,21.47,29.87,3.73,564.65,267.86,2.8,492.79,391.06,0.93,503.99,389.19,0.93
44007443909,44,007,443909,654,588,1,572,551,55,18,35,16,3,739,404,29,21,30,4,835,276,10,707,481,0,724,481,1
44007443910,44,007,443910,649.63,549.69,2.94,551.65,521.27,58.79,15.68,33.31,21.56,3.92,702.54,383.12,32.33,24.5,32.33,0.98,807.39,284.15,5.88,708.42,448.77,1.96,694.7,466.4,1.96
44007443911,44,007,443911,559,326,1,520,298,32,13,10,17,1,560,244,26,17,17,3,628,184,9,548,292,3,565,296,1
44007443912,44,007,443912,479.84,340.25,0,402.47,319.39,41.69,15.89,25.78,14.89,0,490.56,236.14,21.87,16.89,29.77,0.01,561.94,173.74,2.98,504.44,284.69,0.99,506.45,290.69,0
44009440501,44,009,440501,580.29,411.31,2,501.61,366.87,63.73,20.17,32.72,12.27,3.08,530.38,333.17,35.31,27.45,27.84,11.09,658.79,221.73,9.2,563.42,400.69,2,593.05,365.19,1.01
44009440502,44,009,440502,606,440,4,530,390,56,12,39,15,6,581,341,31,26,23,6,708,229,3,598,419,3,646,367,1
44009440503,44,009,440503,562.6,395.96,1.04,526.88,340.78,38.52,8.22,30.75,8.32,0.07,534.28,330.59,17.9,17.59,29.98,5.05,661.13,183.28,8.44,550.59,378,0.01,577.73,356.86,0.01
44009440504,44,009,440504,472.79,339.25,1.98,465.78,281.92,32.67,2,16.83,10.88,0,471.74,255.22,15.84,19.78,23.74,1,550.91,151.37,3.96,484.62,306.65,0,520.2,271.06,0
44009441101,44,009,441101,476.23,400.41,4.01,407.34,369.62,50.53,7.34,31.7,13.04,1.03,455.26,307.34,41.45,24.32,24.54,4.15,596.9,179.02,4.19,499.4,362.69,2.01,532.27,329.99,1.02
44009441102,44,009,441102,425.14,475.19,1.01,322.96,457.04,61.14,10.04,31.1,13.03,4,380.1,396.98,33.09,28.06,27.07,2,542.48,243.6,10.04,426.21,457.08,1,447.31,421.99,2
44009441103,44,009,441103,566.76,663.42,2.13,498.51,602.49,56.4,16.18,40.26,9.35,1.12,547.72,514.61,62.27,21.48,41.31,3.3,775.55,263.49,15.15,596.82,600.56,0.99,655.52,530.33,1.98
44009441401,44,009,441401,743.13,764.83,5.92,658.9,666.76,97.11,21.79,41.66,21.79,4.94,719.05,626.12,42.67,41.63,42.71,0.02,893.49,437.96,11.86,742.79,734.23,1.99,790.57,684.58,0.99
44009441402,44,009,441402,743.17,612.84,4,638.87,556.53,88.26,15.05,43.23,16.06,3.01,664.99,508.49,55.21,39.08,47.14,3.02,857.63,323.92,11.02,712.25,594.66,3.01,779.36,529.59,2
44009441403,44,009,441403,290.91,247.29,0.01,251.04,205.46,34.87,6.99,30.87,7.97,1.99,267.06,199.44,27.88,10.97,18.92,2.98,352.78,123.65,3.01,301.9,223.36,0.99,315.89,213.35,0
44009442001,44,009,442001,148.45,100.57,0.15,133.91,90.65,10.45,0.93,10.51,0.65,1.19,159.11,55.57,7.89,3.12,9.29,2.25,188.27,31.18,0.62,152.82,85.51,0.03,169.27,71.93,0.06
44009442002,44,009,442002,1010.77,672.1,4.82,838.05,612.39,76.25,28.92,78.08,20.3,5.79,1000.23,453.96,58.84,34.74,71.38,7.72,1254.11,254.94,19.29,1053.33,576.5,0.96,1129.48,496.5,1.93
44009442003,44,009,442003,1019.77,734.32,4.02,872.04,715.96,73.3,17.15,42.41,27.05,6.02,1033.65,526.47,44.27,32.14,55.32,8.03,1283.62,279.88,13.09,1086.85,629.99,0.01,1128.25,586.57,3
44009442004,44,009,442004,996.62,728.56,3,920.57,641.47,68.07,30.01,49.04,8.01,4,1019.7,507.36,43.03,32.03,52.03,7,1240.86,278.18,16.01,1032.66,632.49,3,1110.72,555.42,0
44009442005,44,009,442005,870.38,784.44,3,795.43,663.53,90.93,19.99,54.96,16.99,4,976.3,498.64,39.97,34.97,42.97,4,1199.14,254.82,11.99,926.34,684.51,1,1012.28,586.58,0
44009442201,44,009,442201,604,167,1,569,140,20,11,18,12,2,569,150,11,13,13,0,616,84,5,571,178,0,614,143,0
44009442301,44,009,442301,585.81,632.24,1.03,527.73,578.48,44.79,15.23,35.55,5.16,1.05,624.56,471.32,32.78,21.32,29.53,1.08,884.34,195.41,12.19,643.21,540.45,1.02,664.01,515.52,2.02
44009442302,44,009,442302,835.48,630.25,1.94,691.24,573.15,77.43,27.1,54.22,21.29,14.51,843.21,450.2,48.4,36.79,43.56,17.42,1062.98,263.32,16.46,884.83,551.84,2.9,951.62,481.19,1.94
44009442303,44,009,442303,934.18,712.89,1.07,807.07,643.62,78.78,24.01,59.12,17.79,5.47,931.3,533.15,42.67,35.36,44.81,8.58,1206.84,265.84,26.64,955.94,638.97,0.09,1008.41,600.36,0.06
44009442304,44,009,442304,903.52,695.63,1,765.6,663.63,60.97,15.99,65.96,13.99,5,888.53,531.71,41.98,45.97,45.97,4,1147.4,279.84,16.99,923.51,626.67,1,977.48,572.7,1
44009442305,44,009,442305,521.06,458.02,0.98,462.95,408.77,34.47,21.67,45.31,2.95,1.97,518.1,329.97,29.55,20.68,34.47,9.85,743.67,128.05,11.82,528.94,416.65,0.98,586.07,370.36,0.98
44009442306,44,009,442306,533,397,2,451,353,63,19,31,4,5,526,299,20,29,26,5,703,136,10,553,349,3,600,303,2
44009442307,44,009,442307,1091.73,655.65,6.73,940.66,592.09,76.04,31.76,77,17.33,2.89,1040.77,471.77,32.73,46.19,74.12,19.24,1304.56,247.45,17.33,1111.98,583.44,0,1197.63,510.28,1.92
44009442308,44,009,442308,1137.05,747.45,2.27,990.95,689.89,55.07,25.28,65.11,31.7,10.12,1088.99,541.03,46.32,47.86,61.99,19.78,1409.63,265.98,17.7,1167.86,658.54,1,1241.32,585.59,3.08
44009442309,44,009,442309,1071.88,664.5,0.99,965.7,589.15,62.51,26.78,64.46,19.84,4.97,1058.03,485.96,29.78,33.73,66.42,7.95,1316.85,258.88,19.83,1108.6,588.13,0.99,1171.09,523.65,0
44009442901,44,009,442901,875.41,821.07,0.99,710.41,769.69,81.02,20.75,70.15,26.68,7.9,783.52,700.53,37.55,46.44,78.06,10.87,1106.62,380.4,19.76,880.35,765.74,0.99,941.61,713.37,0.99
44009442902,44,009,442902,770.78,804.69,4.99,652.12,706.97,92.73,28.92,69.8,21.94,2.99,746.85,664.09,60.83,38.89,46.87,2.99,1005.11,409.82,25.93,821.64,732.89,0,886.45,672.07,1.99
44009443201,44,009,443201,315,242,0,288,219,21,5,13,3,1,308,171,14,16,15,7,404,87,1,322,214,0,337,204,0
44009443202,44,009,443202,868,478,4,758,432,53,14,45,20,11,832,330,50,31,46,9,1015,175,6,890,427,1,937,376,1
44009443203,44,009,443203,931,498,3,842,441,59,16,46,22,7,883,354,36,38,50,12,1081,193,11,950,437,0,989,399,2
44009443204,44,009,443204,939.89,313.01,2.88,800.09,280.25,54.86,25.01,55.04,18.36,4.84,866.4,217.26,27.08,33.82,40.58,22.09,949.09,195.49,4.83,924.41,300.28,3.83,963.09,254.81,3.84
44009443205,44,009,443205,1156.87,434.94,0.99,1001.96,402.17,46.67,19.86,72.49,25.82,7.94,1044.66,286.98,41.71,47.67,56.6,11.92,1241.28,183.71,5.96,1132.04,393.24,0.99,1191.63,321.74,1.99
44009443206,44,009,443206,651.29,374.54,6.85,564.25,349.11,44.01,15.65,30.32,19.56,5.87,596.53,268.93,41.07,31.29,33.25,14.67,740.28,145.71,13.69,623.91,351.07,0,682.58,308.04,0
44009443207,44,009,443207,1202.65,537.41,7.97,1055.23,497.71,60.3,19.75,53.44,24.35,10.02,1132.71,373.37,44.34,40.72,59.65,18.64,1339.27,206.78,10.02,1191.17,493.72,2.13,1260.53,419.16,0.17
44009443208,44,009,443208,1143.08,734.29,4.16,1060.23,620.57,93.13,19.37,41.03,20.47,9.19,1136.69,516.16,49.85,38.79,54.15,9.36,1359.72,304.89,15.19,1166.83,652.46,0.04,1222.2,594,2
44009443209,44,009,443209,475.75,287.7,1.07,429.91,246.01,35.84,6.35,26.3,5.49,3.34,437.8,213.33,17.97,21.76,22.14,7.24,542.67,132.06,7.18,469.84,260.6,0.1,508.07,226.26,0.1
44009443210,44,009,443210,719.74,380.64,1.93,639.56,334.27,51.2,9.66,36.71,13.53,9.66,691.73,287.9,27.05,21.25,31.88,6.76,827.94,169.07,4.83,721.67,350.69,2.9,756.45,313.02,2.9
44009443601,44,009,443601,349.31,282.01,0.01,334.85,251.48,24.43,3.89,10.81,3.91,1.94,342.59,227.32,16.55,6.84,17.5,0.01,409.91,130.58,10.68,347.3,269.28,0,361.09,255.5,0
44009443602,44,009,443602,925.83,554.76,1.06,860.77,503.11,55.45,17.63,35.23,16.29,0.13,869.53,458.91,36.19,35.88,39.47,2.09,1018.32,291.43,20.59,903.8,523.69,1.06,959.37,479.67,2.04
44009443603,44,009,443603,1013.29,551.33,1.96,951.5,456.17,81.42,24.52,38.26,12.75,3.92,960.32,448.32,35.32,33.35,42.18,1.96,1095.7,288.4,17.66,982.88,522.88,0.98,1070.17,457.16,0
44009443604,44,009,443604,814.77,666.17,1.95,826.39,533.13,63.13,10.67,35.95,2.95,3.88,795.45,530.2,36.88,16.52,47.51,3.88,954.7,280.6,18.43,782.77,628.29,2.9,845.89,573.89,2.91
44009443605,44,009,443605,859.84,699.63,3.01,865.01,559.51,67.52,7.14,44.23,11.93,2.06,867.36,552.53,33.37,20.11,28.64,2.06,1031.74,282.51,14.21,839.42,657.34,0.06,904.96,595.92,1.05
44009443606,44,009,443606,750.87,503.17,1.08,693.1,439.24,65.89,13.21,33.34,14.21,1.06,696.95,409.88,37.33,29.37,41.29,1.98,820.51,296.04,4.14,707.21,496.77,2.01,767.43,449.42,0.01
44009443607,44,009,443607,602.89,494.52,2,563.81,411.36,63.13,17.02,21.06,13.02,4.01,583.85,395.23,25.09,27.04,32.09,3,732.21,237.71,15.06,586.88,463.45,0,641.95,421.38,1
