GEOID20,STATEFP,COUNTYFP,DISTRICT,G20PREDBID,G20PRERTRU,G20PRELJOR,G20PREGHAW,G20PREIWES,G20PREOOTH,G20PREOSAN,G20PREOWRI,G20HALDWEL,G20HALDRBE,G20HALCHEL,G20HALIBEC,G20HALIHOR,G20HALIORR,G20HALITRU,G20HALOWRI,G20GOVDZUC,G20GOVRSCO,G20GOVIHOY,G20GOVTPEY,G20GOVIWHI,G20GOVIBIL,G20GOVIDEV,G20GOVUDIC,G20GOVOWRI,G20LTGDGRA,G20LTGRMIL,G20LTGPERI,G20LTGIBIL,G20LTGBCOR,G20LTGOWRI,G20ATGDDON,G20ATGRPAI,G20ATGPERI,G20ATGOWRI,G20SOSDCON,G20SOSRPAI,G20SOSPERI,G20SOSISMI,G20SOSOWRI,G20TREDPEA,G20TRERBRA,G20TREPERI,G20TREIWRI,G20TREOWRI,G20AUDOHOF,G20AUDPERI,G20AUDOWRI
50001500101,50,001,500101,437.09,372.2,14.73,1.96,5.89,18.66,0.98,2.95,453.78,329.97,6.88,20.62,6.87,1.96,8.84,2.95,142.43,667.84,6.87,7.86,6.87,1.96,0.98,6.87,4.91,315.31,504.78,4.91,5.89,1.96,0.98,491.1,311.31,24.55,0,416.46,350.59,15.72,42.23,0,365.39,396.75,19.64,32.41,0,654.11,100.18,8.84
50001500102,50,001,500102,382.65,313.35,7.81,1.95,0.98,6.83,2.93,3.9,407.06,244.04,2.93,33.19,2.93,1.95,1.95,0.98,131.78,563.24,4.88,4.88,2.93,0,3.9,0,9.76,281.13,406.08,6.83,5.86,0,2.93,400.23,261.61,20.5,0,350.44,287.97,11.71,38.07,0,303.59,310.42,30.26,31.24,0,536.89,78.09,3.9
50001500103,50,001,500103,1485.05,692.65,22.05,8,3.02,21.07,6,12.04,1490.04,588.49,14.05,38.1,27.03,7.02,21.05,0,625.97,1545.75,10.05,25.03,11,9.01,2.01,5,7.02,1148.27,962.36,44.07,30.06,10.03,7.01,1493.1,557.39,110.16,6,1309.74,605.54,79.1,163.3,0.01,1233.65,678.68,102.15,124.2,1.01,1665.86,337.5,9.04
50001500104,50,001,500104,667.19,147.75,12.09,4,3.01,13.14,2.02,8.01,651.65,157.1,8.02,15.17,5.06,4.02,3,0.02,269.68,571.35,2.02,6.04,2.02,1.02,0.02,0.02,2.04,545.24,264.67,20.09,5.1,2.01,2.01,650.54,147.12,24.18,0.01,622.95,160.36,16.16,29.43,0,588.65,178.61,20.14,22.38,0,676.3,79,2.02
50001500105,50,001,500105,1212.83,566.92,22.16,9,4.07,15.25,5.99,11.14,1225.78,529.27,11.21,23.38,14.13,5.1,13.19,0.02,452.42,1339.4,11.16,8.14,4.01,4.04,1.04,7.99,4.08,917,849.48,32.26,16.22,4.11,5.02,1256.89,476.92,52.7,0.02,1153.63,527.45,35.36,74.16,4.02,1043.43,597.97,59.53,68.75,0.03,1465.75,190.85,4.17
50001500106,50,001,500106,90,34,0,0,0,1,0,1,92,31,1,2,0,0,0,0,48,76,2,1,1,0,0,1,0,74,48,3,2,2,0,86,31,10,0,80,34,10,3,0,77,40,8,2,0,89,25,1
50001500107,50,001,500107,136,30,0,1,0,2,0,0,136,17,2,8,1,1,0,0,57,106,0,0,0,0,0,0,1,106,51,3,2,1,0,127,26,9,0,116,26,6,13,0,113,29,14,4,0,126,31,0
50001500108,50,001,500108,102,57,3,1,1,4,2,1,114,43,2,3,2,1,2,0,49,119,1,0,1,0,0,0,1,84,78,2,1,1,0,110,48,5,0,95,51,6,9,0,90,56,7,9,0,119,25,0
50001500109,50,001,500109,271.55,211,7.34,0,0.92,4.59,0,1.83,283.48,177.06,1.83,17.43,2.75,0,4.59,0.92,95.41,368.8,7.34,6.42,2.75,3.67,0.92,3.67,6.42,209.17,272.47,1.83,6.42,0,0,296.32,167.89,20.18,0,249.53,188.99,14.68,27.52,0,237.61,200.91,14.68,23.85,0,357.79,71.56,3.67
50001500110,50,001,500110,723,211,8,2,3,8,3,1,714,187,3,9,12,2,8,0,350,573,1,11,3,4,1,1,1,594,308,15,7,8,1,702,167,38,0,645,202,30,47,0,634,213,31,37,0,740,117,3
50001500111,50,001,500111,3479,732,39,16,11,39,3,12,3345,670,63,62,25,8,19,8,1625,2545,18,37,8,9,9,12,9,2776,1267,86,31,29,6,3249,657,164,11,3114,686,127,181,4,2934,834,165,134,5,3316,490,16
50001500112,50,001,500112,960,395,18,2,4,11,0,13,955,352,9,15,13,1,18,1,358,1010,4,8,5,3,3,3,6,721,601,24,15,9,10,962,329,53,4,879,361,36,82,0,791,419,56,73,0,1077,152,10
50001500113,50,001,500113,709.71,383.93,11.63,0.97,3.88,16.48,0,9.69,707.78,348.06,12.6,23.27,7.76,5.82,12.6,0.97,224.95,873.55,10.66,7.76,0.97,2.91,1.94,0.97,4.85,529.37,549.73,17.45,13.57,6.79,1.94,721.34,324.78,36.86,0.97,637.97,358.72,22.3,68.84,1.94,617.61,391.69,34.9,45.57,1.94,898.78,117.32,9.69
50001500114,50,001,500114,367,351,7,3,2,18,1,3,375,278,3,49,9,5,2,2,111,593,12,10,4,3,3,1,5,250,453,7,14,5,1,401,289,21,0,351,297,16,52,0,315,337,18,48,0,570,92,2
50001500115,50,001,500115,269.65,136.32,4.98,0,2.99,2.99,0,1,270.65,119.4,3.98,8.96,2.99,0,2.99,0,95.52,305.47,2.99,1,3.98,1.99,1,1,1.99,196.02,195.02,7.96,6.97,1.99,0,272.64,113.43,17.91,0,238.81,124.38,9.95,33.83,0,225.87,134.33,14.93,28.86,0,320.4,55.72,1.99
50001500116,50,001,500116,280,76,4,3,2,1,3,0,279,53,4,13,2,0,3,0,165,189,0,3,1,1,0,1,1,246,94,7,2,3,2,271,57,17,1,252,62,13,16,0,250,64,9,12,0,263,53,1
50001500117,50,001,500117,388.81,255.25,7.91,0,0.99,12.86,1.98,0.99,432.35,194.9,1.98,15.83,5.94,1.98,0,1.98,156.32,496.65,1.98,3.96,1.98,1.98,1.98,1.98,3.96,300.76,341.33,7.91,8.9,0.99,0.99,421.46,196.88,16.82,0.99,367.05,219.64,14.84,39.57,0,339.35,242.39,12.86,35.62,0,492.7,93,1.98
50001500118,50,001,500118,445,263,11,6,3,10,1,3,461,205,6,29,5,1,4,1,185,527,10,6,3,5,0,0,2,331,362,11,15,2,0,453,205,32,1,400,219,22,51,0,378,240,34,32,0,528,95,7
50001500119,50,001,500119,643.8,335.24,18.08,2.05,7.04,20.08,3.02,4.07,662.79,301.97,10.11,14.06,8.09,2.01,13.11,0.01,292.33,704.78,11.05,3.09,4.02,4.01,2.01,3.02,6.02,491.29,467.35,30.27,14.08,10.1,4.05,668.89,284.68,39.44,0.02,619.23,300.92,32.32,46.53,0,558.69,325.16,51.46,57.52,0,785.95,130.37,7.01
50001500120,50,001,500120,1020.64,430.27,15.08,5.03,5.02,5.06,2.02,2.04,1020.74,370.1,12.04,28.07,15.06,5.02,11.04,3,421.69,1039.25,3.05,13.03,3.02,1.02,3.01,0.03,4.01,766.42,663.4,26.13,8.09,4.01,2.02,1028.77,349.82,57.36,1,956.4,366.11,31.16,81.33,1.01,854.04,430.39,53.22,94.23,0,1145.82,182.75,6.01
50001500121,50,001,500121,229.13,111.73,2.37,1.03,1.14,2.49,1.01,1.14,237.33,97.72,2.24,2.6,4.16,2.07,0.29,0.06,89.07,254.81,1.23,3.19,0.15,0.07,1.03,0.14,0.14,160.7,174.25,6.21,5.2,0.11,1.03,228.26,78.35,34.47,0.01,219.08,97.22,10.42,19.32,0.02,202.09,116.21,9.63,10.99,0.02,294.39,39.69,0.26
50001500122,50,001,500122,526.25,85.64,5.19,1.05,2.02,5.17,1.07,3.09,507.85,81.95,8.07,12.81,3.07,1.05,1.05,1.02,224.18,393.68,0.12,2.12,0.07,0,0.1,0,1.24,427.78,168.89,11.16,3.14,2,2.07,490.68,85.37,19.5,3,479.47,87.02,15.28,20.93,0,439.33,109.56,23.73,13.76,0,498.02,69.89,1.1
50001500123,50,001,500123,148.45,103,1.66,0,0.08,7.41,1,1.17,159.52,74.94,1.17,13.57,1.25,0,2.41,0.08,51.59,178.2,3.66,2.58,20.25,1.33,0.08,0.33,2.58,114.83,135.53,4.17,2.58,0,0,153.68,84.11,9.82,1,141.47,85.01,5.32,16.48,1,123.39,101.09,8.32,15.15,0,193.21,28.44,1.33
50003500301,50,003,500301,928.99,511,21,3,3,15,1,2,921.99,411,4,68,10,14,5,3,385,921.99,78,7,54,3,2,4,3,715,616,37,33,8,0,852.99,465,63,0,791.99,464,51,91,2,738.99,492,62,75,2,1007.99,252,7
50003500302,50,003,500302,2221.51,1190.59,25.95,15.97,20.96,45.91,8.98,11.98,2193.57,920.14,31.94,144.71,53.89,18.96,18.96,10.98,1135.71,1865.23,311.37,42.91,62.87,9.98,11.98,8.98,8.98,1933.09,1228.52,101.79,74.85,22.95,13.97,1988.98,1021.94,225.54,8.98,1885.19,1002.97,136.72,239.52,5.99,1812.34,1040.9,147.7,230.53,3.99,2292.37,611.76,29.94
50003500303,50,003,500303,2147.49,1282.41,37.05,19.03,10.04,45.09,1.02,12.02,1842.43,959.86,28.06,180.29,51.11,31.04,29.04,12.02,1021.29,1919.77,316.63,46.09,71.13,19.02,16.02,14.02,15.02,1799.91,1326.48,108.21,114.15,20.05,17.03,1962.02,1097.06,223.46,8.02,1822.81,1064.03,137.28,273.48,7.01,1738.66,1135.1,156.3,245.47,9.01,2300.63,663.24,21.06
50003500304,50,003,500304,997,377,10,5,2,10,3,9,930,353,12,30,9,17,5,0,402,928,25,13,15,2,0,3,3,731,562,24,17,10,1,834,389,56,5,814,402,38,49,2,753,447,51,41,2,986,179,20
50003500305,50,003,500305,3,2,0,0,0,0,0,0,3,2,0,0,0,0,0,0,1,3,0,0,0,0,0,0,0,3,2,0,0,0,0,3,2,0,0,3,2,0,0,0,3,2,0,0,0,4,1,0
50003500306,50,003,500306,124.22,23.6,1.12,0.07,0.07,1.12,0,0.05,112.23,25.5,0.21,2.33,1.22,3.87,0.03,0,40.58,109.72,0.35,0.23,0.1,0,0.02,0.02,0,93.47,50.89,2.7,0.16,0.1,0.07,106.35,26.91,5.36,0.02,105.7,23.23,6.9,5.1,0.02,96.07,35.25,4.7,3.62,0.02,107.03,19.28,0.1
50003500307,50,003,500307,1985,732,21,5,7,26,3,6,1854,648,21,68,25,39,12,3,787,1809,51,22,38,1,4,4,8,1462,1074,61,36,19,3,1670,722,122,7,1624,709,101,124,3,1498,826,114,101,6,1883,378,21
50003500308,50,003,500308,220.65,71.42,2.02,2,3,1.02,1,2,198.4,67.49,2,7.05,0.02,14.07,0,1,116.84,170.3,3,5,0,0,0,2,1,177,105.02,7.05,1,1,0,188.28,77.51,18.09,1,183.28,77.42,13.14,13.09,0,170.07,84.7,18.07,7.07,0,208.26,38.37,4
50003500309,50,003,500309,892,831,21,5,5,23,0,1,902,658,4,89,32,16,4,1,457,999,209,22,32,7,7,7,2,766,828,42,55,9,4,837,744,93,0,790,707,52,133,0,762,733,60,111,2,1129,324,5
50003500310,50,003,500310,203,212,5,1,1,8,0,1,198,195,5,9,3,5,1,0,123,249,27,7,2,2,3,3,0,174,219,11,11,0,0,187,185,26,0,188,179,10,33,0,180,188,14,27,0,282,63,2
50003500311,50,003,500311,269,154,3,1,1,6,0,3,251,148,4,14,3,6,2,1,136,266,11,3,6,0,2,0,8,221,181,12,11,0,4,235,148,27,1,231,149,16,19,1,218,169,18,9,0,295,73,5
50003500312,50,003,500312,147.01,96,4,0,0,3,0,3,128.01,90,4,15,2,3,2,0,84,136.01,11,2,13,0,1,1,1,113,115,10,6,4,1,137.01,89,10,0,112.01,101,15,10,0,116.01,90,17,16,0,148.01,56,6
50003500313,50,003,500313,28,36,0,0,0,0,0,0,26,33,0,0,1,0,0,0,14,47,1,0,0,0,0,0,0,17,42,1,2,0,0,23,34,2,1,25,33,1,1,0,21,36,0,3,0,39,9,4
50003500314,50,003,500314,1343,816,19,7,11,20,1,3,1297,677,13,88,24,16,7,3,647,1333,144,12,33,2,6,8,7,1115,941,41,34,9,4,1225,754,91,2,1192,710,71,111,2,1111,773,84,106,3,1545,335,14
50003500315,50,003,500315,254,267,6,2,1,5,2,2,231,220,1,27,11,4,4,2,102,329,55,4,6,9,2,0,2,206,254,10,22,3,1,224,224,28,1,207,228,10,40,0,195,232,16,38,0,346,55,3
50003500316,50,003,500316,386,240,15,5,3,3,0,0,390,211,2,23,4,8,2,0,159,423,39,4,14,2,1,0,1,321,290,9,10,1,0,364,222,30,1,358,228,15,30,0,327,240,21,28,0,441,102,3
50003500317,50,003,500317,473.36,183.18,4.95,0.02,0.11,12.88,1,0.06,415.79,170.67,4.93,8.18,5.05,25,0.99,0,189.63,448.33,8.94,7.9,5.93,0.99,1.97,3.94,0.99,372.58,240.42,17.95,3.98,0.99,3.94,387.86,195.06,42.76,0,382.87,186.03,38.79,25.03,0.99,337.07,217.77,44.87,17.08,0.99,451.64,119.8,3.01
50003500318,50,003,500318,95,96,4,1,0,0,0,0,105,67,0,14,1,1,1,1,51,110,22,0,5,1,0,1,1,87,91,2,6,3,1,95,81,7,1,87,78,0,20,1,85,80,8,11,2,136,28,2
50005050050,50,005,050050,1213.48,1139.91,29.12,6.04,9.04,43.14,3.01,7.03,1328.48,945.35,11.1,37.18,34.14,9.06,9.08,3.02,424.62,1872.45,30.16,31.11,11.06,5.05,20.1,11.06,10.07,886.82,1409.2,39.23,36.17,6.07,5.03,1290.31,909.42,113.46,6.02,1136.88,978.46,68.34,145.63,2,1043.48,1061.68,85.37,126.69,3.02,1776.96,335.52,16.05
50005050501,50,005,050501,620.18,434.33,5.96,7.95,0.99,9.94,0.99,7.95,639.07,363.76,10.93,12.92,19.88,4.97,3.98,0,252.45,764.3,13.91,7.95,7.95,0.99,6.96,6.96,9.94,503.9,496.94,28.82,15.9,3.98,0.99,613.23,378.67,46.71,0.99,558.56,380.66,27.83,67.58,0.99,524.77,405.51,38.76,45.72,0.99,808.03,140.14,5.96
50005500501,50,005,500501,537.74,368.56,5.09,3.04,3,8.01,3.02,2.04,554.84,308.26,4.11,10.08,10.06,5.02,6.01,3,182.57,699.74,3,5.11,2,2,5.02,6.02,9.06,395.97,484.13,13.05,5.07,2.02,3.02,518.68,306.19,47.24,1.02,487.72,319.13,26.18,37.17,0,449.67,355.24,21.07,42.18,1,655.9,127.72,7.99
50005500503,50,005,500503,849.17,554.24,16.85,8.93,2.99,17.84,0.99,7,870.05,481.75,5.98,18.93,18.86,10.9,3.96,1.99,277.25,1126.15,14.88,8.93,4.99,1.98,8.92,5.97,5.95,592.21,796.22,18.89,10.9,1.99,2.06,850.83,464.96,49.87,3.98,796.31,488.99,22.94,69.44,1.01,766.79,521.47,31.82,51.57,1.01,1112.71,150.86,4.98
50005500504,50,005,500504,248,272,8,5,2,10,1,3,274,219,4,9,21,4,2,0,97,411,13,4,1,2,3,4,2,216,300,10,9,3,0,269,227,24,0,235,243,13,30,0,239,231,13,31,0,403,70,1
50005500505,50,005,500505,923.9,570.99,17.84,8.92,4.96,33.7,0.99,1.98,956.61,462.94,17.84,27.76,29.74,9.91,15.86,2.97,393.55,1098.37,15.86,21.81,4.96,3.97,5.95,2.97,2.97,664.18,780.16,44.61,21.81,9.91,2.97,940.75,477.81,71.37,0.99,842.61,496.65,50.56,101.11,1.98,790.07,546.21,64.44,79.3,1.98,1154.87,230.97,6.94
50005500506,50,005,500506,185.62,126.03,3.91,1.95,0,0.98,0.98,1.95,190.5,110.39,4.88,3.91,2.93,0.98,0.98,0,75.22,235.45,0,4.88,0,0,0.98,0.98,2.93,145.56,156.32,2.93,2.93,0.98,0.98,181.71,107.46,12.7,0.98,181.7,105.51,8.79,8.79,0,177.79,112.35,3.91,9.77,0,239.34,37.13,0
50005500508,50,005,500508,169.94,159.62,2.99,1.03,1.05,10.92,0.02,2.04,175.22,142.25,2.04,8.01,6.99,4.94,2,1.01,55.48,260.03,8,5.01,2.98,1.01,5.01,0.01,3.98,131.7,185.86,6.04,6.94,1.01,1.02,173.31,130.23,14,5.93,147.06,143.26,5.99,30.08,2.02,148.97,146.48,5.05,23.92,1.03,237.54,46.03,4.94
50005500509,50,005,500509,353.33,139.55,3.96,2.97,1.98,3.96,0,7.92,364.22,110.85,4.95,13.86,6.93,1.98,0,0.99,129.65,361.25,4.95,2.97,3.96,0,1.98,3.96,1.98,272.17,205.86,9.9,1.98,0.99,7.92,322.65,112.83,40.58,1.98,309.78,141.53,18.8,20.78,1.98,323.64,126.68,16.83,13.86,1.98,400.83,52.45,2.97
50005500510,50,005,500510,328.98,297.93,4,3,0,7,5,2,323,232.95,30.98,15.99,13,4,4,0,109,491.92,13,8,3,3,3,5,2,295.01,321.9,10,11,1,2,324.98,267.93,25,0,305.96,268.94,11,37,0,307.97,258.95,21,24,1,479.91,93.99,3
50005500511,50,005,500511,202.3,168.94,5.11,1.04,2.04,6.13,0,0.09,200.95,141.84,6.04,7.07,11.15,2.04,3.04,0,84.14,264.47,4.17,13.09,0,0,5.15,1.09,7.15,139.91,217,11.17,6.13,1.02,0.11,195.84,140.52,23.35,0,161.06,157.67,13.32,29.78,0,168.82,155.01,14.3,19.63,0,275.98,59.79,0.06
50005500512,50,005,500512,2051.57,1236.02,41.33,11.97,14.07,45.43,2.11,11.02,2047.14,1059.58,34.24,60.16,45.37,17.06,26.26,6.04,842.49,2340.67,55.68,38.28,19,16.07,33.18,19.06,21.44,1525.67,1638.99,74.84,57.23,23.05,9.36,2002.26,1085.33,143.32,7.04,1861.61,1095.47,109.36,205.69,1,1735.8,1159.13,123.15,222.97,4.99,2534.38,481.19,15.12
50005500513,50,005,500513,82.76,28.45,1.01,0,0.01,2.04,0,1,86.78,20.39,0.02,0.01,3.03,2,0.01,0,39.34,70.85,1.02,0.01,0,0,1.01,0,1.01,69.55,38.62,0.03,1.02,0.01,0,77.76,25.4,6.06,0,74.69,24.4,5.06,3.07,0,75.68,24.46,3.05,3.03,0,87.92,14.17,1.01
50005500514,50,005,500514,241.37,270.54,4.92,1.97,1.97,6,0,3.93,270.73,220.52,1.98,3.03,6.92,2.02,1.98,0.01,97.37,386.04,7.91,3.97,0.04,0.01,6.9,3.91,6.89,178.39,318.72,7.89,5.95,0.99,4.9,265.82,205.72,15.8,0.07,230.34,212.72,14.72,35.53,0.02,219.62,228.39,13.73,28.62,0.01,363.3,81.63,2.99
50005500515,50,005,500515,344.37,203.11,3.93,0.99,3.92,16.67,0.98,0.98,354.18,175.61,6.87,5.89,11.77,1.97,2.95,1.96,155,387.58,7.85,5.89,0.98,0,3.92,1.96,2.94,250.18,282.57,12.76,7.85,3.92,0.98,346.34,180.52,26.49,0,312,180.53,25.5,30.43,0,309.02,208.97,22.57,12.78,0,419.93,75.56,5.88
50005500516,50,005,500516,401.4,368.15,7.59,0.05,1.89,9.5,1.89,0.99,410.96,317.66,5.73,5.75,8.62,1.92,5.69,0.94,135.66,604.38,14.25,6.66,0.99,1.89,4.76,1.93,8.56,275.08,455.42,18.12,6.71,1.91,6.62,393.8,314.92,29.56,0.95,358.52,317.77,28.5,39.14,0.01,338.48,349.08,25.74,27.67,0.01,575.38,112.3,2.87
50005500517,50,005,500517,235.98,199.99,5,1,2,7,1,0,251.98,161.99,3,5,10,2,2,0,111.99,300.98,16,7,0,2,4,2,3,189.99,235.98,10,4,3,0,250.98,156.99,11,1,223.98,171.99,8,25,0,207.99,185.99,10,25,0,318.98,64,0
50007500701,50,007,500701,581.17,234.56,6.61,1.07,1.2,9.41,4.07,2.2,577.01,200.59,17.75,10.48,6.89,3.34,6.34,0.07,224.34,598.12,3.48,3.48,1.2,3.14,0,1.2,7,454.42,326.92,10.95,9.89,11.14,6.14,578.05,185.75,30.66,2.2,544.74,195.93,22.43,37.39,0,484.6,226.63,33.36,45.66,0,657.21,92.22,3.2
50007500702,50,007,500702,21.28,6.57,0.06,0.03,0.03,0.06,0.02,0.05,21.28,5.39,0.07,0.05,0.06,0.01,0.08,0.01,9.26,18.64,0.04,0.06,0.02,0.01,0.01,0.02,0.02,17.25,9.34,1.18,0.06,0.07,0.04,21.35,5.19,1.3,0.01,19.9,5.35,1.22,1.36,0,18.53,6.52,1.32,1.36,0,21.43,3.93,0.01
50007500703,50,007,500703,2365.05,168.33,22.88,23.27,10.51,14.06,4.27,3.34,1963.12,160.54,109.8,46.34,31.2,7.51,12.82,5.5,1374.76,1064.74,8.99,26.84,14.77,16.13,6.51,6.3,7.33,1831.44,315.67,155.95,34.73,100.55,11.1,1958.83,152.56,238.18,12.82,1853.56,159.16,194.96,165.75,1.61,1767.36,232.53,240.7,108.17,3.57,1723.44,497.94,7.24
50007500704,50,007,500704,2124.39,168.41,14.68,21.47,10.54,19.48,6.74,5.87,1771.07,140.48,120.84,44.79,36.35,6.31,12.72,3.47,1373.18,862.37,11.03,23.85,10.74,11.12,5.73,9.91,4.78,1673.1,296.91,147.5,31.9,88.69,12.94,1796.93,139.77,229.56,4.91,1680.5,142.53,193.93,166.18,2.79,1608.99,187.6,242.53,123.59,3.2,1563.73,487.99,5.99
50007500705,50,007,500705,2217.15,217.76,15.68,21.39,9.88,24.09,8.05,8.99,1903.83,189.02,102.31,43.11,33.34,6.33,12.71,3.16,1393.9,1015.91,10.29,21.22,8.85,7.49,4.58,8.59,4.52,1755.28,400.43,130.35,29.35,81.45,15.01,1935.5,182.46,212.22,5.5,1811.18,197.58,173.92,162.2,2.5,1716.23,248.82,218.31,135.07,3.19,1748.6,451.95,6.97
50007500706,50,007,500706,1741.21,346.68,15.35,11.2,6.6,17.85,6.27,8.08,1596.58,295.78,29.44,25.84,17.38,3.5,8.55,2.19,842.48,1235.71,11.92,13.84,6.99,5.09,2.72,2.81,2.92,1367.44,597.64,53.92,19.08,37.03,8.18,1668.47,263.2,102.06,6.8,1567.69,292.11,77.61,96.74,1.41,1422.89,362.32,97.96,123.85,1.07,1662.72,230.7,10.33
50007500707,50,007,500707,4494.23,419.9,28.01,34.07,22.16,31.12,15.26,17.82,3952.37,388.16,133.77,60.11,51.16,6.97,13.25,8.1,2387.64,2449.12,10.85,33.41,13.35,18.26,4.02,12.58,14.71,3609.27,867.96,183,42.63,94.44,37.78,4068.29,357.74,290.4,11.92,3810.35,394.97,263.38,240.11,5.58,3614.44,510.93,310.02,209.24,3.52,3680.86,695.98,20.98
50007500708,50,007,500708,1720.16,148.85,14.19,14.1,8.57,11.63,5.48,5.77,1478.27,137.16,61.05,30.03,23.47,3.3,6.23,3.04,944.97,880.46,5.57,15.37,6.5,9.15,1.3,5.65,4.96,1372.07,298.32,80.39,20.3,43.81,12.25,1519.52,129.13,124.24,4.79,1421.59,139.68,111.01,103.91,2.07,1356.31,185.96,129.86,78.24,1.72,1357.05,290.1,7.13
50007500709,50,007,500709,3406.56,745.51,30.76,19.86,13.43,33.72,12.18,15,3136.75,627.48,53.01,51.87,35.54,6.55,17.42,4.31,1584.08,2537.79,26.81,28.52,14.89,11.31,5.28,6.12,5.18,2669.18,1253.68,98.09,39.36,67.22,13.85,3304.35,555.62,188.92,13.12,3095.61,612.3,145.89,190.75,3.08,2793.91,758.36,182.86,255.23,1.94,3318.53,439.53,22
50007500710,50,007,500710,947.1,66.47,11.84,9.71,4.51,6.42,2.3,1.71,770.24,61.1,48.36,23.98,16.64,2.85,5.05,1.58,570.62,402.2,4.72,11.7,5.61,7.65,1.4,3.54,2.04,736.66,121.09,62.64,15.87,38.02,3.57,778.81,60.82,93.67,3.46,733.93,61.9,78.04,71.85,0.85,706.49,90.66,93.85,41.45,1.3,678.72,199.26,2.4
50007500711,50,007,500711,2285,511,32,9,12,27,4,6,2184,527,27,13,17,6,19,3,838,1979,4,14,5,2,3,2,3,1725,954,48,19,20,11,2136,465,68,3,2019,520,45,92,2,1807,645,83,104,1,2166,218,10
50007500712,50,007,500712,6580.34,2878.8,99.34,32.93,33.64,78.6,18.47,33.66,6546,2570.3,67.11,89.3,82.39,25.53,39.93,9.24,2167.39,7273.23,45.73,58.2,29.51,32.76,11.29,15.27,24.38,4669.6,4488.62,144.03,99.11,50.48,15.72,6683.02,2223.82,311.31,18.53,6171.55,2378.55,193.13,459.33,7.04,5120.53,2986.24,276.3,677.64,8.07,7536.21,854.58,37.94
50007500713,50,007,500713,3677.52,1391.86,46.9,9.49,22.26,38.79,8.31,25.36,3541.82,1387.96,15.08,55.8,28.16,15.59,20.75,5.53,1175.76,3903.22,16.9,26,17.47,16.77,13.85,2.87,14.69,2595.83,2284.02,91.84,49.09,19.93,16.41,3650.9,1146.42,139.31,9.58,3362.89,1253.58,81.3,232.45,4.46,2737.18,1443.9,93.28,593.69,5.4,4028.4,474.64,28.95
50007500714,50,007,500714,1127,452,25,4,4,10,0,9,1107,460,9,9,8,4,5,1,342,1230,11,6,8,7,3,3,6,832,725,13,14,9,1,1125,398,29,10,1043,425,24,55,0,839,490,26,173,6,1253,150,7
50007500715,50,007,500715,4721.98,1543.05,75.04,15.73,24.6,54.79,11.47,38.66,4490.4,1587.48,46.06,60.85,38.95,16.1,28.84,7.34,1563.58,4668.35,27.06,31.78,21.09,21.11,23.8,12.15,27.82,3445.83,2577.23,105.92,80.1,36.47,19.07,4600.38,1327.6,183.38,7.73,4253.24,1408.97,144.79,271.59,4.32,3496.89,1603.24,158.98,762.49,6.31,4959.82,634.06,28.92
50007500717,50,007,500717,2255.01,749.36,27.02,7,14.01,23.02,5,5.01,2219.01,669.33,22.01,26.01,19.01,5,43.01,3,989.42,2016.96,12.01,11,8,6,1,2,9,1687.78,1178.55,57.03,30.01,26.01,3.01,2251,568.3,92.05,4,2054.94,631.33,72.03,147.06,0,1837.86,771.37,91.05,162.07,0,2364.08,276.16,10.01
50007500718,50,007,500718,1017.55,302.99,10.86,5.92,4.93,11.84,2.96,8.88,1017.55,267.46,13.82,8.88,11.84,1.97,14.8,0.99,436.23,895.16,6.91,11.84,2.96,0.99,1.97,2.96,2.96,819.17,451.04,35.53,10.86,12.83,6.91,1030.38,229.96,57.24,1.97,944.51,260.55,42.44,69.09,0,873.45,292.14,61.19,69.09,0,1047.15,179.63,1.97
50007500719,50,007,500719,2657.92,905.12,28.06,9,8.01,30.02,10.95,14.02,2545.83,942.98,26.96,25.08,24,10.02,16.07,1.02,903.79,2663.4,17.97,18.96,3.99,9,4,1.01,13.99,1984.67,1466.37,61.01,22.02,29.96,9.04,2578.63,799.25,94.04,15.98,2442.68,851.14,67.97,123.21,2.01,2142.46,1012.27,104.01,197.2,1,2835.6,315.16,18.97
50007500720,50,007,500720,3318.3,2589.62,66.3,9.94,30.59,82.3,0.94,19.71,3369.13,2308.96,33.83,72.65,67.77,22.71,32.71,6.88,1003.53,4835.16,57.83,41.65,28,34.65,10.94,12.94,18.77,2210.34,3503.05,84.59,113.95,20.83,11,3649.39,1959.69,204.78,6,3093.87,2135.06,133.53,413.62,3,2414.17,2786.95,162.13,350.19,2,4479.36,624.45,35.59
50007500721,50,007,500721,2284.53,571.38,30.97,4,10.99,20.98,2,12.99,2225.6,558.4,22.98,13.98,24.97,10.99,11.99,2,894.03,1976.87,10.99,8.99,6.99,6.99,4,1,4.99,1789.07,986.93,45.95,19.98,13.98,11.99,2200.62,469.49,96.9,5.99,2096.74,536.42,51.94,106.88,2,1908.94,629.32,78.91,132.86,3,2237.58,287.69,13.98
50007500722,50,007,500722,310,131,6,0,2,1,0,3,284,127,3,4,2,1,15,3,112,322,3,2,2,1,1,2,2,213,210,6,3,6,0,300,105,16,2,278,120,11,17,1,232,153,14,24,0,348,44,3
50007500724,50,007,500724,4661.08,1006.46,27.9,10.21,11.84,27.29,4.72,35.09,4453.61,995.02,27.05,45.34,38.77,8.6,25.41,15.36,1598.46,4041.01,10.36,27.57,11.45,6.48,9.48,6.48,7.72,3435.06,2006.17,88.42,28.17,25.29,25.17,4419.75,873.57,129.6,12.6,4211.45,935.76,86.75,183.94,5.6,3756.32,1245.99,132.69,191.31,7.12,4512.98,418.74,30.09
50007500725,50,007,500725,2210.41,389.66,21.11,8.8,6.16,16.71,5.28,7.92,2104.86,379.1,14.95,31.67,20.23,4.4,17.59,2.64,849.68,1742.47,2.64,11.43,10.56,3.52,3.52,3.52,5.28,1685.29,803.07,39.58,15.83,16.71,15.83,2127.73,317.53,55.41,4.4,2008.98,355.35,49.26,87.08,4.4,1760.06,510.16,85.32,89.72,0.88,2107.5,202.31,7.92
50007500726,50,007,500726,2883.51,705.88,37.99,7,8,24,4,21,2733.53,720.88,23,31.99,15,8,16,6,823.86,2774.53,11,13,7,8,3,4,12,2093.64,1356.77,36.99,25,21,14,2815.52,577.9,71.99,7,2558.56,666.89,52.99,130.98,4,2217.62,877.85,70.99,177.97,4,2811.52,277.95,9
50007500727,50,007,500727,2687.83,514.72,28,13.2,16.57,20.73,2.24,10.2,2547.43,475.96,31.94,40.96,37.52,5.33,14.6,5.23,1184.04,1976.74,12.44,19.28,13.68,14.87,8.46,4.27,9.42,2043.2,945.45,78.34,45.59,35.85,12.59,2532.93,397.32,121.42,5.52,2353.45,446.56,105.12,163.78,1.09,2111.28,606.31,125.92,192.5,2.09,2437.55,389.85,11.33
50007500728,50,007,500728,1952.47,580.01,21.63,8.3,13,19.64,4.66,5.88,1882.21,523.31,24.72,35.21,21.25,6.57,29.24,2.8,806.53,1693.46,12.95,15.78,8.42,11.12,7.48,2.79,6.61,1454.06,932.57,69.22,27.99,31.06,5.69,1930.01,453.41,84.55,10.07,1748.24,498.37,71.05,132.97,0.07,1532.68,620.58,89.29,172.8,0.99,1903.65,305.21,6.79
50007500729,50,007,500729,1634.53,526.71,24.97,5.01,5,20.01,0.05,10,1553.54,537.82,9.06,25.95,14.02,8.99,16.96,3.98,642.96,1540.16,6.04,5.05,1.01,5.01,2.01,1.99,7.02,1230.08,865.08,39.03,14.01,10.07,10.97,1539.78,494.44,59.05,7.03,1469.62,506.6,36.08,100.91,2,1276.5,611.65,64.06,140.99,1,1680.04,206.1,7.04
50007500730,50,007,500730,964.34,413.11,19.01,7,7,11,1,3,927.32,398.11,16,17.01,6,3,9,0,325.13,1068.32,2,6,1,2,0,2,7,703.26,627.18,22.01,20,7,2,943.32,355.1,43.01,1,848.31,362.11,28.01,73.02,0,724.27,471.13,32.01,100.03,1,1063.35,124.04,3
50007500731,50,007,500731,5066.04,1739.71,61.53,23.13,31.58,65.95,4.36,30.86,4887.53,1663.34,54.08,66.64,43.74,18.47,67.91,4.22,1587.24,5268.87,21.55,32.77,12.67,19.53,12.55,9.07,13.61,3625.27,2994.98,87.1,61.64,52.21,14.59,4958.64,1467.53,178.22,15.19,4716.2,1551.17,95.87,256.4,5.14,4021.83,1931.15,143.67,405.95,1.26,5450.22,554.27,22.07
50007500732,50,007,500732,3083.71,605.84,32.86,26.22,8.54,23.8,10,12.1,2904.35,511.5,95.58,58.49,51.14,12.37,19.26,4.4,1605.13,2016.37,16.37,27.8,18.47,15.99,7.08,7.13,10.25,2361.86,951.55,133.1,45.3,146.95,18.24,2838.07,471.49,261.77,11.06,2668.24,496.08,194.45,224.31,1.99,2410.14,620.91,286.33,224.78,3.36,2662.94,613.4,16.37
50009500901,50,009,500901,7.19,7.19,0.02,0,0,0.02,0,0.01,7.2,5.15,0,1.06,0.02,0.01,0,0,3.04,11.3,0.03,0,0,0,0.02,0,0,6.16,8.18,0.01,0.03,0,0.01,8.18,5.14,1.03,0,6.15,6.17,0.02,1.06,0,6.14,6.17,0.02,2.03,0,10.27,3.04,0.01
50009500902,50,009,500902,0,0,0,0,0,0,0,0,0,0,0,0,0,0,0,0,0,0,0,0,0,0,0,0,0,0,0,0,0,0,0,0,0,0,0,0,0,0,0,0,0,0,0,0,0,0,0,0
50009500903,50,009,500903,55.13,73.16,0.01,0,0,2,0,0,54.17,66.1,2,4.01,2.01,0,2,0,29.03,92.28,1,2,1,0,1,1,2,45.09,85.21,0,0,0,0,46.16,62.12,12,0,50.11,60.12,6,8.04,0,47.1,66.13,8.01,6.03,0,92.2,21.06,0
50009500904,50,009,500904,253.49,335.9,7.05,2.02,3,4.02,2,1.01,263.73,276.58,3,6.02,18.02,3,3.01,2,96.36,401.9,4.06,10.02,1,4,9.03,4,12,197.17,371.1,11.03,4.03,1,0.01,269.65,233.38,23.2,1,238.51,275.55,16.08,41.13,0,224.49,270.65,17.05,48.1,0.01,395.45,100.4,4
50009500905,50,009,500905,26.65,34.54,1.97,0,0,0,0,0,36.52,20.73,0,1.97,1.97,0.99,0,0,5.92,58.23,0,0,0,0,0,0,0,18.75,44.41,0,0,0,0,33.56,25.66,0,0,22.7,25.66,0.99,7.9,0,20.73,26.65,2.96,6.91,0,41.45,12.83,0
50009500906,50,009,500906,230.92,232.92,6.97,0,0,6.97,1,2.99,234.91,172.2,1.99,46.78,6.97,3.98,0,1.99,80.62,362.31,14.93,1.99,1.99,1.99,6.97,0,1,196.09,245.85,4.98,13.94,0,2.99,245.85,165.23,35.83,1,190.11,202.06,6.97,47.78,1,188.12,199.07,6.97,52.75,1,327.47,80.62,2.99
50009500907,50,009,500907,262,343,11,0,2,10,0,2,281,295,4,16,10,5,1,1,100,479,13,10,3,2,11,5,4,172,399,11,22,0,0,280,287,27,0,232,294,11,56,0,221,288,9,65,1,430,103,8
50009500908,50,009,500908,69.05,65.06,1,1,0,0,2,2,74.05,54.05,2,2,2.01,1,1.01,0,33.03,96.07,4,0,1,0,4,0,2,61.04,71.07,0,0.01,2,0,73.05,54.03,5.03,0,62.04,56.06,4.01,10,0,69.05,52.05,0.01,12.01,0,98.09,21.02,1
50009500909,50,009,500909,5.94,7.91,0,0,0,0,0,0,5.94,6.92,0,0,0,0,0,0,1.98,9.89,0,0,0,0,0,0,0,4.95,8.9,0,0,0,0,6.92,5.94,0.99,0,5.94,6.92,0,0.99,0,5.94,6.92,0,0.99,0,9.89,1.98,0
50009500910,50,009,500910,19.94,22.94,0,0,0,0,0,0,19.94,18.95,0,0,1.99,0,1.99,0,12.96,26.93,0,1,0,1,1,0,0,13.96,25.93,1,1.99,0,0,18.95,11.97,11.97,0,14.96,20.94,4.99,1,0,18.95,19.94,1.99,1.99,0,33.91,7.98,0
50009500911,50,009,500911,59.25,67.5,3,0,0,0,0.75,0,61.5,40.5,0,22.5,0.75,0.75,0,0,25.5,97.5,3,0,0,0,0.75,1.5,0,45,80.25,0.75,0.75,0,1.5,56.25,68.25,2.25,0,51.75,65.25,0.75,6,0,51.75,65.25,2.25,4.5,0,93.75,12.75,0.75
50009500912,50,009,500912,25.58,23.58,0.02,0,0,1.02,0,0.01,21.59,21.43,0,2.12,1.02,0.01,0,0,9.2,39.9,0.04,0,1,0,1.02,0,0,13.49,28.61,5.01,3.03,0,0.01,22.61,20.41,5.09,0,19.47,13.5,10.02,4.12,0,16.47,21.5,4.02,3.13,0,33.82,11.2,0.01
50009500913,50,009,500913,0,0,0,0,0,0,0,0,0,0,0,0,0,0,0,0,0,0,0,0,0,0,0,0,0,0,0,0,0,0,0,0,0,0,0,0,0,0,0,0,0,0,0,0,0,0,0,0
50009500914,50,009,500914,243,366,8,4,3,8,0,1,275,296,2,15,21,2,3,0,110,451,18,12,6,5,9,6,2,191,383,12,21,3,2,253,300,42,1,208,304,19,61,1,206,295,24,67,0,415,116,4
50009500915,50,009,500915,67.25,74.32,0.02,0,0,2,0,2,64.33,68.2,0,1.02,1.02,1.01,0,0,12.06,121.53,2,0,0,0,2,0,0,45.18,88.41,3,1,0,0,66.31,63.24,3,0,61.22,63.24,3.01,4.07,0,54.2,65.25,0.03,16.06,0,108.39,15.12,0
50009500916,50,009,500916,43.7,61.45,0,0,0,1.97,0,0,44.68,54.45,0,3,0.99,0,0.99,0,17.88,82.33,0.99,0,0,0,3.94,0,0,31.82,72.34,0,0,0.99,0,43.74,57.41,1.03,0,39.71,52.53,0,8.92,0,36.75,52.53,0.99,10.94,0,84.26,11.97,0.99
50009500917,50,009,500917,17,36,0,0,0,1,0,1,21,29,1,1,2,0,0,0,5,47,0,1,0,0,0,0,2,6,46,0,0,0,0,24,29,1,0,14,32,1,4,0,18,30,0,3,0,36,8,0
50009500918,50,009,500918,0,0,0,0,0,0,0,0,0,0,0,0,0,0,0,0,0,0,0,0,0,0,0,0,0,0,0,0,0,0,0,0,0,0,0,0,0,0,0,0,0,0,0,0,0,0,0,0
50009500919,50,009,500919,0.53,0.75,0,0,0,0.02,0,0,0.54,0.66,0,0.04,0.01,0,0.01,0,0.22,1,0.01,0,0,0,0.05,0,0,0.39,0.88,0,0,0.01,0,0.53,0.7,0.01,0,0.48,0.64,0,0.11,0,0.45,0.64,0.01,0.13,0,1.02,0.14,0.01
50011050113,50,011,050113,185.15,88.37,5.04,1.31,0.93,3.27,0.84,0.65,193.09,72.4,1.68,4.39,3.08,1.77,2.99,0.37,66.61,200.28,1.68,4.02,0.93,6.17,1.03,0.65,0.65,128.73,128.35,5.89,14.57,0,0.37,187.58,73.52,12.8,0.47,143.95,69.03,7.47,53.62,0.47,125.27,121.91,10.18,15.69,0.37,211.77,42.32,1.96
50011501101,50,011,501101,394.57,271.79,8.99,2,3.99,10.99,0,3,425.57,228.79,4.99,7,3.99,2,5.99,1,127.86,538.49,7.99,7.99,2,5,1,2,3,285.69,360.69,9,15.99,4.99,1,415.61,222.79,22.97,0,349.63,230.8,12.99,76.93,0,240.76,340.72,51.91,37.96,0,515.54,98.89,4
50011501102,50,011,501102,285.83,403.96,9.03,0.01,5.02,8.06,1.01,2,355.15,309.46,1.02,17.07,7.05,5.02,5.04,0,107.7,551.85,13.08,10.05,4.03,9.08,7.04,2.01,6.02,223.31,441.23,5.07,23.18,2,1.01,346.17,309.45,18.15,1,275.61,309.52,14.1,85.54,1.01,218.48,414.97,12.11,28.19,0.01,542.93,93.55,3.04
50011501103,50,011,501103,639.37,589.42,12.99,4.99,3,16.98,3,3,745.26,444.56,4,22.98,3,11.99,10.99,1,197.8,1003.01,16.98,13.99,5.99,15.99,5,4.99,5,454.55,731.28,23.98,35.96,2,0,768.24,421.59,36.96,2,574.43,464.54,28.97,153.85,0,419.58,713.3,34.96,56.94,1,1007.01,155.85,6.99
50011501104,50,011,501104,1659.25,1235.38,55.39,6.05,12.01,38.33,2.05,6.07,1739.69,1102.63,17.06,44.22,24.13,10.17,29.21,1.05,511.34,2380.65,24.16,21.06,9.99,23.11,7.05,8.02,10.07,1165.67,1655.72,45.27,80.24,7.12,4.07,1744.37,1033.64,108.57,3.07,1477.84,1040.79,54.49,286.55,4.02,1096.56,1565.96,72.37,158.89,2.02,2262.13,359.23,9.17
50011501105,50,011,501105,633.83,483.03,7.23,3.02,4.1,15.24,3.01,9.07,716.6,367.32,6.11,18.4,10.26,6.12,9.16,4.06,191.36,905.05,14.18,13.16,4.08,16.34,3.05,2.04,5.11,447.74,632.42,19.23,36.67,2.03,2.05,734.98,345.16,33.62,4.04,602.56,354.4,23.37,136.39,1.02,416.9,648.53,20.42,38.97,0.02,934.08,99.4,12.14
50011501106,50,011,501106,482.75,284.62,16.61,1.95,0.99,13.67,1.95,2.93,502.31,251.37,2.94,9.78,5.87,6.83,8.79,1.95,181.66,599.35,6.84,2.94,0.01,4.89,1.95,0.98,2.93,330.33,425.28,11.73,11.76,4.88,2.93,490.63,249.36,25.43,2.93,423.16,255.21,20.51,68.45,0.98,361.44,356.04,16.63,39.11,0.98,612.87,96.77,6.83
50011501107,50,011,501107,318,407,11,0,3,14,0,1,390,327,1,8,8,8,5,0,84,621,14,8,4,14,2,5,11,217,489,7,29,8,0,379,326,27,3,308,335,6,89,1,212,496,10,24,0,620,71,3
50011501108,50,011,501108,1530.52,1305.53,34.22,8.01,13.07,29.2,6.01,15.13,1612.46,1132.5,10.09,33.28,24.29,13.09,22.2,6.04,394.73,2405.58,25.2,22.23,7.1,46.38,6.03,4.04,12.21,987.61,1748.08,32.39,90.85,5.04,5.09,1653.44,1057.38,77.67,2.03,1377.34,1071.36,38.33,310.46,2.02,727.32,1996.89,42.5,77.8,1.02,2264.95,304.7,20.12
50011501109,50,011,501109,696.5,974.5,14.99,4.98,4.99,20.95,1.99,3.01,819.21,763.02,3.99,34.92,14.97,13.96,11.97,2,213.48,1391.69,18.95,18.95,8.98,39.9,9.97,4.98,5,499.85,1098.34,12.99,59.84,1,2,906.88,684.33,50.89,2.99,647.56,726.2,25.94,234.41,2.99,509.8,1040.49,27.94,61.89,0,1302.92,215.46,7
50011501110,50,011,501110,448.9,277.94,10,3,2,6,4,4,461.9,235.95,4,17,6,1,5,1,243.95,456.9,17,12,1,1,5,4,6,352.93,315.93,25.99,23.99,3,4,417.91,227.95,55.99,0,382.92,222.95,34.99,72.98,1,343.93,277.94,42.99,30.99,0,523.89,124.97,5
50011501111,50,011,501111,431.7,475.46,7.96,0.99,3.98,15.91,0.99,0,508.29,354.11,4.97,15.91,12.93,4.97,8.95,0.99,171.09,670.42,21.88,12.93,6.96,19.89,9.95,2.98,4.97,308.35,532.16,16.91,47.74,0.99,2.98,509.28,353.11,37.8,0.99,375.99,367.04,23.87,133.29,2.98,363.06,460.54,25.86,44.76,1.99,691.31,134.28,9.95
50011501112,50,011,501112,437.14,535.12,21.03,2.02,4.01,12.07,1.01,8,537.48,395.48,2.01,21.11,11.04,5.05,4.04,2,113.69,823.36,8.06,10.06,8.02,25.12,5.03,0.02,5.01,295.57,646.45,13.03,23.21,1,6,534.84,393.16,32.16,2.01,405.99,411.3,15.08,122.76,1.01,282.63,621.25,16.09,48.18,1,771.08,112.7,9.01
50011501114,50,011,501114,779.9,372.24,21.25,5.51,3.93,13.77,3.54,2.75,813.34,304.95,7.08,18.49,12.99,7.48,12.59,1.57,280.56,843.64,7.08,16.92,3.93,25.97,4.33,2.75,2.75,542.23,540.65,24.79,61.38,0,1.57,790.13,309.68,53.91,1.97,606.37,290.79,31.48,225.86,1.97,527.67,513.5,42.89,66.11,1.57,892.04,178.25,8.26
50011501115,50,011,501115,218.71,104.39,5.96,1.54,1.1,3.86,0.99,0.77,228.09,85.52,1.99,5.19,3.64,2.1,3.53,0.44,78.68,236.59,1.99,4.75,1.1,7.28,1.21,0.77,0.77,152.06,151.62,6.95,17.21,0,0.44,221.58,86.85,15.12,0.55,170.05,81.55,8.83,63.34,0.55,147.98,144.01,12.03,18.54,0.44,250.16,49.99,2.32
50011501116,50,011,501116,100.51,47.97,2.74,0.71,0.51,1.77,0.46,0.35,104.82,39.3,0.91,2.38,1.67,0.96,1.62,0.2,36.16,108.73,0.91,2.18,0.51,3.35,0.56,0.35,0.35,69.88,69.68,3.19,7.91,0,0.2,101.83,39.91,6.95,0.25,78.15,37.48,4.06,29.11,0.25,68,66.18,5.53,8.52,0.2,114.96,22.97,1.06
50011501117,50,011,501117,298.01,142.24,8.12,2.1,1.5,5.26,1.35,1.05,310.79,116.53,2.71,7.07,4.96,2.86,4.81,0.6,107.2,322.36,2.71,6.47,1.5,9.92,1.65,1.05,1.05,207.19,206.59,9.47,23.46,0,0.6,301.91,118.33,20.6,0.75,231.7,111.11,12.03,86.3,0.75,201.63,196.21,16.39,25.26,0.6,340.86,68.11,3.16
50011501118,50,011,501118,394.99,188.53,10.76,2.79,1.99,6.98,1.79,1.4,411.93,154.45,3.59,9.37,6.58,3.79,6.38,0.8,142.09,427.27,3.59,8.57,1.99,13.15,2.19,1.4,1.4,274.62,273.82,12.56,31.09,0,0.8,400.17,156.84,27.3,1,307.1,147.27,15.94,114.39,1,267.25,260.07,21.72,33.48,0.8,451.79,90.28,4.19
50011501119,50,011,501119,2117.88,1549.23,33.91,4.03,9.96,36.89,1.01,24.9,2239.23,1278.73,11.96,46.85,42.8,15.96,28.89,6.97,577.18,3014.48,29.86,32.88,9.93,61.79,7,3.98,24.81,1359.15,2131.86,52.78,133.56,7.96,12.92,2265.12,1239.86,97.69,4.99,1761.97,1248.78,52.88,544.05,2.99,1324.32,2086.91,68.78,129.64,2.99,2921.44,412.48,25.95
50011501120,50,011,501120,1555.8,1535.78,37.74,3.98,15.89,41.72,1.99,13.91,1699.88,1236.74,18.87,67.55,43.71,19.87,27.82,9.93,423.24,2591.84,31.79,28.81,13.91,56.62,8.94,6.95,18.87,1023.32,1949.05,41.73,114.24,4.97,8.94,1763.45,1203.95,105.3,7.95,1351.19,1243.68,63.58,409.28,2.98,1037.19,1818.97,70.53,160.92,2.98,2454.83,398.32,25.83
50013501203,50,013,501203,191,147,3,1,1,2,2,2,199,123,2,10,3,2,2,1,76,258,3,4,2,3,2,0,1,136,188,13,6,0,0,208,126,9,0,179,120,12,29,1,162,141,16,12,1,263,51,2
50013501301,50,013,501301,550,499,10,3,4,8,2,3,572,423,5,15,14,8,11,3,195,817,10,12,4,22,3,3,3,396,610,10,36,5,2,589,396,45,5,477,405,23,127,3,436,508,23,61,2,812,131,7
50013501302,50,013,501302,831,538,6,2,5,18,2,7,899,446,6,13,8,7,10,0,254,1109,5,15,4,9,2,1,1,622,729,7,21,2,2,915,412,31,4,849,427,16,77,0,695,536,29,91,1,1124,129,7
50013501304,50,013,501304,430,250,3,4,3,8,1,6,443,226,6,5,4,2,6,1,135,556,0,6,1,1,0,0,1,321,353,12,9,3,2,453,211,22,0,409,217,10,50,0,363,256,12,47,0,561,69,3
50013501305,50,013,501305,903,376,13,2,0,6,3,6,918,322,3,17,6,4,17,2,264,1015,8,7,2,4,1,3,2,673,591,12,9,6,3,922,297,39,3,863,327,14,54,1,741,397,30,69,1,1065,78,8
50015501501,50,015,501501,79.22,93.14,2,0,0,1,1,0,84.23,79.12,0,5.01,1,2,2,0,28.09,139.26,1.01,2.01,0,2,1,1,2,58.16,104.18,2.01,6.01,0,0,86.22,77.12,8.02,0,73.19,76.12,3.01,17.04,0,64.15,88.16,4.03,14.02,0,131.27,27.06,1
50015501502,50,015,501502,1522.63,587.86,30.05,8.01,11.01,26.03,7,9.01,1524.68,528.69,16.03,24.05,24.03,7.02,18.01,9.01,540.74,1583.74,10.01,16.02,7.01,10.01,4.01,6.01,9.01,1130.19,921.17,39.06,37.05,6.03,8.01,1477.6,509.69,86.15,9,1330.4,517.77,67.1,168.19,9,1185.35,665.83,80.13,137.14,8.01,1669.84,264.42,23.01
50015501503,50,015,501503,303,313,3,2,0,8,2,3,324,233,3,23,6,4,8,1,132,452,12,8,6,0,4,3,5,210,377,8,11,5,2,328,243,25,0,261,261,14,55,0,253,264,22,45,0,432,101,4
50015501504,50,015,501504,447,149,2,0,1,7,0,0,451,123,3,4,5,3,1,0,144,446,1,2,0,1,1,1,11,344,232,9,2,8,2,410,147,13,6,406,145,13,18,0,378,152,10,20,1,451,67,3
50015501505,50,015,501505,1151.34,558.49,20.57,6.15,7.19,29.52,3.05,2.13,1196.19,475.88,9.37,26.77,18.56,6.24,10.24,1.04,392.08,1315.24,14.45,16.52,6.18,2.11,8.1,4.1,6.42,842.65,830.67,19.85,22.6,8.29,7.16,1127.6,486.18,82.98,5.11,1053.63,507.51,36.26,98.67,1.06,982.28,560.94,49.79,79.51,0.06,1343.19,210.36,14.2
50015501506,50,015,501506,988.82,525.25,28.85,6.96,4.97,18.9,0.99,5.97,1019.66,419.8,15.92,32.83,20.89,9.95,4.97,3.98,448.65,1060.45,8.95,14.92,5.97,4.97,4.97,7.96,3.98,720.23,712.27,38.8,28.85,17.91,8.95,970.92,419.8,91.52,0.99,850.55,469.54,61.68,115.4,0.99,817.72,506.35,76.6,83.56,3.98,1116.16,252.68,6.96
50015501507,50,015,501507,2226.21,822.4,35.53,9.87,12.83,36.54,3.95,7.89,2217.47,723.62,22.69,49.34,36.51,14.8,16.78,1.97,779.53,2235.56,30.59,34.53,11.84,6.9,6.92,5.92,28.59,1646.93,1312.89,51.29,37.51,16.77,9.87,2108.89,745.33,127.35,7.9,1991.42,760.17,76.96,170.75,3.94,1827.65,857.87,111.48,163.79,2.96,2357.82,407.54,14.82
50015501508,50,015,501508,2706,599,36,9,15,23,9,9,2518,637,21,39,26,11,19,10,875,2454,8,17,7,8,4,8,7,1889,1272,51,28,16,7,2294,711,114,13,2205,729,79,138,5,1948,882,92,151,7,2472,327,19
50015501509,50,015,501509,227.68,209.46,7.02,0,2.01,5.02,2,2.01,241.73,178.39,1.01,7.01,5.01,3,3.01,0,75.22,347.92,10.01,3.01,4,2.01,3,1,6.01,160.49,264.62,7.02,8.03,0.01,2,248.71,164.38,16.04,1,205.6,190.39,5.02,28.13,0,176.41,213.58,13.09,12.06,0,306.88,58.17,4.01
50015501510,50,015,501510,589.58,306.36,3.01,2.01,6,14.02,1,2,602.6,240.29,7.01,8.02,18.02,6.01,11.01,2,224.25,662.69,7.01,13.01,2,1,5,2,3,458.42,415.49,10.03,12.01,3.01,1,578.59,261.3,43.04,0,527.53,278.31,23.03,55.06,0,501.5,277.34,31.04,53.05,1,668.73,138.15,2
50017501701,50,017,501701,893,549,12,5,9,16,6,4,926,432,21,31,25,5,14,3,371,1045,24,5,7,5,7,6,4,856,560,18,22,4,5,859,480,69,7,776,499,54,82,3,748,533,47,74,4,1081,200,7
50017501702,50,017,501702,417.42,250.05,2.89,0,0.96,12.5,2.89,2.89,427.04,215.43,0.96,5.77,13.46,3.85,3.85,0.96,151.01,504.93,8.66,7.69,1.92,1.92,1.92,3.85,0,297.2,360.66,10.58,6.73,1.92,2.89,418.38,207.74,31.74,0.96,390.49,220.24,19.24,36.55,0,360.67,237.55,20.2,37.51,0,523.21,81.75,1.92
50017501703,50,017,501703,509.35,309.35,9.05,6,5.01,14.11,1.03,4.03,522.6,263.89,3.05,18.09,24.08,2.02,5.05,0.03,204.38,608.35,9.08,8.03,4.03,1.01,2.01,2,11.02,369.66,422.1,21.07,10.02,6,11.03,510.59,278.7,34.3,1.04,467.19,293.04,20.18,42.28,0.02,463.11,293.01,31.31,30.19,0.02,640.26,103.9,7.04
50017501704,50,017,501704,404.8,284.42,9.01,1.01,9,11.03,0,5.01,415.8,248.35,12.02,15.03,14.04,2,3.01,0,143.38,552.82,12.01,10.01,2.01,4,0,1.01,6.02,287.61,403.53,16.04,6.02,3.01,1.02,422.77,236.4,37.05,5,377.72,259.41,22.03,41.06,1,356.73,273.39,29.05,31.05,1,520.96,100.15,7.01
50017501705,50,017,501705,446.92,341.26,3.94,2.91,0.99,10.72,0,1.95,452.93,284.52,15.58,8.78,20.47,1.95,0.01,0.98,198.36,563.48,16.54,6.83,1.96,2.91,2.9,4.93,1.98,399.37,371.36,10.74,6.78,0.98,2.95,450.92,284.6,36.09,0,400.31,308.01,23.38,41.81,0,402.54,300.11,27.22,34.93,1,563.17,123.67,6.81
50017501706,50,017,501706,398.59,144.29,5.41,1.8,4.51,4.51,0.9,0,401.3,118.14,10.82,9.92,9.02,0.9,0.9,0.9,148.8,399.5,4.51,6.31,2.71,0.9,0.9,0.9,2.71,334.57,210.12,12.63,2.71,0,0,356.21,147.89,26.15,0,339.08,147.89,18.94,27.96,0,311.12,160.52,28.86,27.96,0.9,417.53,78.46,1.8
50017501707,50,017,501707,472.48,339.57,8.29,2.77,4.83,11.78,0.69,0.7,495.95,279.99,5.6,14.52,19.41,0.7,2.07,0.01,172.7,617.16,13.87,9.69,3.46,4.15,0.71,3.47,2.77,474.98,328.02,9.02,9.69,2.76,0.71,471.81,294.47,32.59,0,406.06,316.65,22.87,51.92,0,426.75,306.96,25.65,38.1,0.01,582.7,128.18,1.42
50017501708,50,017,501708,82.63,59.37,1.45,0.48,0.85,2.06,0.12,0.12,86.75,48.95,0.97,2.54,3.39,0.12,0.36,0,30.17,107.95,2.42,1.7,0.61,0.73,0.12,0.61,0.48,83.12,57.31,1.58,1.7,0.48,0.12,82.51,51.49,5.69,0,71,55.37,4,9.09,0,74.63,53.67,4.48,6.66,0,101.89,22.41,0.24
50017501709,50,017,501709,273.21,333.31,7.11,0.08,1.03,12.29,0,5.05,284.37,284.77,6.43,10.24,21.56,2.05,3,1.03,79.43,514.38,17.45,6.19,0.05,3.08,2.08,4.13,7.05,177.93,435.11,9.29,4.19,0.03,1.08,285.32,293.77,18.98,4,270.93,305.41,14.64,18.14,3,275.99,294.19,11.74,22.96,1.03,452.38,99.38,7.19
50017501710,50,017,501710,1686.81,802.11,23.02,11.01,17,36.06,4.02,9.01,1688.92,694.89,32.02,58.05,58.05,9.01,13.03,5.01,628.79,1868.13,19.04,17.01,11.02,8,6.01,13,15.02,1238.46,1228.46,53.04,31.02,9,6.02,1641.88,706.83,105.16,6.02,1515.7,706.99,65.09,197.14,0.01,1444.65,789.97,87.17,147.09,2.01,1920.19,364.45,10.02
50017501711,50,017,501711,655.97,118.02,8,3,1,8,2,4,653.97,100.02,14.01,5,5,3,2,0,330.99,444.01,2,9,1,4,0,1,2,547.98,205.02,18,10,4,0,594.98,103.02,47,4,588.98,95.03,26,32,2,542.98,120.02,46,27,1,577.99,101.01,2
50017501712,50,017,501712,1392.25,396.7,10.84,6.72,5.15,23.78,0.1,4.66,1392.54,334.24,23.53,15.98,17.75,13.14,4.76,1.03,652.43,1119.41,11.67,10,6.82,3.82,3.82,1.96,10.54,1169.16,551.05,38.64,12.4,5.59,5.59,1270.26,357.97,88.55,2.79,1206.91,382.19,56.09,65.46,0.93,1162.88,412.44,76.73,55.21,1.96,1339.35,231.18,5.79
50017501713,50,017,501713,273,356,4,2,1,8,0,2,317,280,8,10,14,1,3,0,105,494,17,3,3,2,4,7,3,238,382,7,7,1,3,320,272,27,0,271,300,13,32,0,268,306,20,15,0,467,86,4
50017501714,50,017,501714,508.54,310.66,5.94,1.98,0.99,16.82,4.95,3.96,540.2,250.31,5.94,13.85,12.86,2.97,7.91,2.97,222.61,599.56,9.89,3.96,4.95,0.99,1.98,0,4.95,409.6,409.6,11.87,4.95,0.99,6.93,529.31,234.48,43.53,4.95,476.88,277.02,25.72,40.56,1.98,464.02,273.07,47.49,26.71,1.98,616.38,127.63,5.94
50017501715,50,017,501715,263.51,133.71,4.99,3.99,0,12.97,2.99,4.99,247.55,110.76,36.92,9.98,5.99,2,2,0,154.7,248.51,2,7.98,1,1,0,2.99,2,225.58,154.68,18.96,5.99,5.99,1,248.54,113.76,24.95,1,237.56,123.73,16.97,21.96,0,220.59,123.74,22.96,24.95,0,283.45,67.86,2
50017501716,50,017,501716,302.89,280.07,6.92,0.99,1.98,7.92,0,1.98,324.64,213.78,10.89,7.92,15.84,1.98,0.99,0.99,106.93,453.26,9.9,5.94,2.97,0.99,0,9.89,4.95,187.17,391.81,9.9,0.99,0.99,4.95,316.73,222.68,30.68,0,285.06,242.47,16.83,22.77,0,315.71,225.66,13.86,10.9,2.97,421.62,85.12,3.96
50017501717,50,017,501717,129.36,92.99,2.27,0.76,1.32,3.22,0.19,0.19,135.79,76.66,1.54,3.99,5.31,0.19,0.57,0,47.22,169.05,3.8,2.66,0.95,1.14,0.19,0.95,0.76,130.08,89.8,2.47,2.66,0.76,0.19,129.16,80.67,8.92,0,111.17,86.72,6.25,14.23,0,116.85,84.06,7.02,10.43,0,159.58,35.09,0.38
50017501718,50,017,501718,318.46,153.16,4.76,3.48,3.34,4.73,0,0.35,327.44,120.75,10.69,14.11,3.24,0.96,1.34,0.07,146.95,318.38,2.82,2.69,3.48,0.28,3.27,2.14,0.76,268.53,196.01,8.76,4.9,2.42,0.41,303.82,138.26,21.33,0.21,282.29,142.06,11.99,25.61,0.07,271.25,149.18,18.44,23.86,0.14,359.45,52.45,1.41
50017501719,50,017,501719,852.94,917.47,31.8,2.98,9.94,22.86,0.99,11.93,915.56,761.38,6.97,36.77,54.67,6.96,2.98,6.96,229.68,1516.84,34.79,15.91,8.95,6.96,2.98,11.94,11.93,528.86,1222.67,26.84,10.93,1.99,8.95,968.2,729.6,50.72,4.97,836.02,796.2,39.77,77.53,3.97,883.76,756.43,27.84,69.56,3.98,1380.68,213.75,15.9
50019501901,50,019,501901,285.9,234.61,4,2,0,9.98,2,1,304.84,193.68,5,3.01,8,2.99,3.99,1,105.97,392.57,11.99,8.98,1,2.99,4.99,0,6.98,214.95,289.57,11.99,5,2.99,3.99,300.81,183.71,26.98,1.99,274.82,188.71,19.98,28.98,0,254.87,212.66,27.97,15.99,0,400.6,71.93,2
50019501902,50,019,501902,680.85,566.23,9.9,2.96,3.96,18.81,0.01,2.96,732.56,440.13,4.95,22.79,19.8,9.91,6.95,2.97,254.58,923.86,10.96,11.95,4.95,6.92,22.84,1,22.84,456,743.39,20.8,14.9,2.97,2.01,734.56,440,37.68,0.99,656.07,462.93,21.81,77.38,0,623.4,486.7,32.74,66.43,1,948.48,173.42,1.02
50019501903,50,019,501903,221.99,268.86,3.1,0.03,0.03,3.12,1.02,0.04,254.29,205.15,1.04,5.15,6.15,3.02,3.04,0.02,76.5,366.25,5.13,12.02,0.03,1.04,11.1,2.01,11,159.89,297.85,6.09,8.15,0.02,4.99,248.49,198.03,14.29,0.01,201.04,215.19,8.17,36.45,0,192.75,226.4,16.16,24.42,1.99,369.07,55.98,2.99
50019501904,50,019,501904,247.54,274.64,8.01,2,0,8.01,1,1,259.62,215.5,4,13.01,9.02,2.01,0.01,6,105.19,376.9,4.01,7.03,3,2,14.02,1,12.02,202.39,284.73,10.01,8.02,5,7.01,254.61,221.48,22.04,5,227.5,217.52,19.02,30.09,3,221.47,226.55,17.04,29.06,1,357.9,77.13,4.01
50019501905,50,019,501905,240.49,288.59,6.87,2.94,0.98,10.79,4.9,1.96,282.69,220.86,2.94,9.81,10.79,0.98,2.95,1.96,95.2,420.1,10.79,5.9,1.96,3.92,10.8,0,2.95,191.39,330.79,5.89,13.74,0.98,2.95,291.51,220.85,19.63,0,257.14,236.56,10.8,26.52,0.98,245.36,242.46,12.77,28.46,0,419.12,61.84,0.98
50019501906,50,019,501906,558.1,190.39,6,2,1,8.02,5,4,547.16,156.32,15,14.99,15,1.01,3.01,1,216.03,514.43,20.01,6.02,3,1.01,1.01,1,1.02,438.05,280.43,14.01,10,1.01,1.01,514.19,161.29,42.02,0.01,465.18,176.29,27.02,50.02,0,463.13,185.34,36.03,29.01,0,556.4,98.07,4
50019501907,50,019,501907,1145.69,1255.72,25.49,4.91,5.9,20.62,2.94,6.88,1248.67,1016.34,8.84,36.33,40.24,7.85,13.73,1.97,406.47,1887.92,36.31,25.52,4.92,5.89,36.34,8.82,12.77,830.45,1479.67,24.55,43.2,3.94,4.91,1280.93,957.6,83.45,1.97,1099.36,1023.31,50.1,160.96,0,1019.96,1097.85,59.88,124.68,1.96,1825.3,279.78,4.93
50019501908,50,019,501908,401,239,8,1,2,11,2,2,406,191,11,11,8,3,6,3,162,465,9,5,2,0,9,0,7,287,327,10,7,4,4,413,182,27,1,355,195,26,42,1,345,218,24,32,0,483,84,5
50019501909,50,019,501909,371.9,110.27,6.13,1.07,2.04,8.25,1.01,2.01,366.15,95.46,3.13,6.21,10.22,0.07,4.12,1.02,163.94,320.2,6.12,0.16,0.04,0.03,2.04,1.02,1.02,304.96,162.83,10.33,3.16,1.07,0.02,350.03,96.57,23.53,1.01,338.29,101.71,13.38,22.76,0.01,329.9,102.08,22.48,15.59,1.01,390.63,60.73,0.05
50019501910,50,019,501910,139.08,210.12,5,0,0,3,0,1,152.09,130.11,2,47.01,5,2,4,0,52.03,266.16,7,1,5,1,14.01,2,3,102.06,224.14,6,6,0,2,149.08,177.11,8,0,120.08,177.1,8,27.02,0,120.07,171.1,13,25.02,0,246.16,49.02,6
50019501911,50,019,501911,263.05,409.19,1.1,0.03,2.03,7.17,1,0.03,301.43,337.17,2.04,10.2,4.19,5.08,4.06,1.03,80.34,543.38,15.05,6.1,2.04,0.07,13.18,0.01,15.17,188.99,463.83,5.2,10.11,1.03,2.01,315.39,318.25,16.33,0.01,269.76,345.38,8.19,32.67,0,261.45,345.63,13.29,29.57,0.01,523.73,65.55,3
50019501912,50,019,501912,144.8,139.88,4.01,0,2.01,4.03,0,1,152.94,124.66,0.01,3.03,0.02,0.01,2.02,0,60.32,208.24,6.04,2.02,1.01,1.04,4.02,2.01,10.01,110.57,154.99,3.03,11.09,1,2.01,151.95,109.66,18.07,2,131.7,114.68,11.04,15.25,0.01,129.67,129.86,4.05,8.08,1,211.28,32.25,1.02
50019501913,50,019,501913,201.27,273.29,2.01,3,1,7.01,0,0,225.3,224.25,3,6,10.01,4,3,1,102.11,330.42,23.02,5.01,1,5,5.01,2,3.01,161.2,290.34,10.01,9.02,1,3,212.3,231.24,18.01,1,174.26,241.24,10.01,40.05,1,177.26,242.25,18.01,22.03,1,355.44,68.08,2
50019501914,50,019,501914,170.54,216.16,5.95,1.98,0,1.98,0,0.99,198.31,179.47,0,1.98,1.98,0,0.99,0,40.65,332.16,6.94,1.98,0,0,3.97,0,0,133.86,238.96,2.97,2.97,0,0.99,188.39,156.66,22.81,0,172.53,176.49,8.92,14.87,0,169.55,187.4,5.95,10.91,0.99,279.61,45.61,0
50019501915,50,019,501915,1022.99,756.93,8.21,4.94,7.87,20.75,1.99,7.89,1074.3,608.08,9.86,34.62,30.8,6.93,8.01,3.92,375.08,1303.93,26.85,18.89,10.77,3.99,37.53,3.07,14.79,700.96,1001.63,23.73,39.59,8.81,4.94,1046.71,621.62,75.25,2.95,906.64,651.89,58.16,124.18,0.97,884.86,691.06,52.51,110.92,1.01,1334.88,245.68,13.68
50019501916,50,019,501916,376.4,443.92,6.5,1.2,1.23,7.81,2.16,3.24,412.98,354.84,0.39,16.34,14.09,6.25,3.28,2.14,131.18,658.69,19.14,4.72,1.32,1.2,7.36,5.09,4.52,248.74,542.09,8.9,17.42,0.29,2.24,440.22,333.41,26.64,0.08,366.14,352.8,19.97,52.38,0.04,349.39,376,17.81,44.94,2.03,628.92,99.56,3.39
50019501917,50,019,501917,366.22,389.98,16.82,0.99,1,7.92,2.97,1,418.66,308.98,4.93,18.75,8.91,2.96,1.98,0,142.54,568.16,26.74,9.89,0,2.97,16.82,0.99,6.93,265.33,469.11,13.85,16.86,1.97,3.95,413.74,316.81,22.73,0,341.54,335.48,19.79,63.37,0,344.5,343.44,15.82,48.49,0,599.8,96.04,0
50019501918,50,019,501918,189.51,145.62,4.99,1.99,0,1.99,1.99,1.99,199.48,125.67,1.99,1.99,1.99,1,0,1,74.81,247.36,2.99,5.98,1.99,0,2.99,1.99,3.99,140.63,172.55,7.98,3.99,0,1.99,180.53,121.68,12.97,1,176.54,119.69,7.98,12.97,0,159.58,137.64,9.97,9.97,0,254.34,29.92,1.99
50019501920,50,019,501920,123.44,99.93,0.98,1.96,2.94,1.96,0.98,2.94,137.15,76.42,2.94,4.9,2.94,0,0.98,0.98,47.02,168.51,3.92,2.94,0.98,0.98,2.94,0,0.98,95.03,122.46,4.9,0.98,0.98,0.98,141.07,69.56,6.86,0,116.58,78.38,1.96,18.61,1.96,114.62,89.15,3.92,7.84,1.96,181.24,21.56,0
50021502101,50,021,502101,256.54,303.27,4.97,0.99,0.99,10.94,0.99,0.99,267.47,238.64,0.99,42.76,8.95,1.99,1.99,0.99,98.44,411.65,15.91,6.96,7.95,1.99,1.99,4.97,25.85,176.99,349.01,11.93,13.92,1.99,4.97,256.54,266.48,20.88,0,212.79,273.44,18.89,42.76,0,215.77,275.43,21.88,32.81,0.99,400.71,92.47,6.96
50021502102,50,021,502102,1213,896,19,3,11,37,1,4,1251,688,9,139,15,8,14,2,507,1544,46,22,12,5,4,7,25,921,1144,32,27,7,7,1245,745,84,3,1095,784,58,127,1,1026,847,87,107,2,1573,305,13
50021502103,50,021,502103,1056,1042,27,4,4,21,4,3,1064,808,15,162,19,8,8,5,411,1584,44,23,7,12,6,16,26,788,1228,34,41,10,5,1064,888,77,4,914,954,55,116,2,904,975,56,100,1,1503,312,12
50021502104,50,021,502104,464.42,336.69,11.78,4.91,4.91,12.76,0,1.96,459.48,287.62,6.87,53.01,3.93,2.95,3.93,0,175.75,620.44,10.8,6.88,2.95,1.96,2.95,0,6.87,344.61,443.72,8.84,8.84,2.95,2.94,448.67,303.33,32.4,1.96,411.37,320.99,15.72,39.28,1.96,381.91,363.2,21.6,20.63,0,605.72,105.05,4.91
50021502105,50,021,502105,656,782,11,0,2,15,2,1,661,636,5,102,8,6,4,1,235,1143,29,6,4,6,6,8,11,451,929,14,23,7,3,693,649,40,3,578,724,35,62,2,573,715,39,55,3,1028,233,7
50021502106,50,021,502106,329.21,409.26,6.08,6,3.08,9.15,0,1.16,332.44,329.34,4,45.46,17.15,12.15,5,0,155.6,549.33,25.15,7.15,8.39,3,2,0.08,6.08,235.9,462.26,19.15,16.99,8.08,0,329.21,349.81,35.3,1,274.75,374.11,24.07,51.3,0,289.75,373.19,35.07,25.23,0,532.63,123.29,2.39
50021502107,50,021,502107,672.83,690.71,11.1,2.63,7.41,18.45,0.06,1.12,694.46,548.79,9.35,96.6,9.7,9.35,5.29,3.12,263.81,1016.34,27.73,19.87,9.77,4.18,7.4,4.23,38.93,485.68,831.95,29.6,23.79,5.18,7.64,714.24,571.9,63.22,0.17,600.24,613.12,41.01,89.97,0.17,586.97,634.42,44.1,82.57,0.29,981.54,235.23,4.75
50021502108,50,021,502108,221,191,3,0,0,9,1,2,235,149,3,22,5,1,3,0,91,314,2,4,3,2,3,1,1,178,222,7,9,3,0,228,118,58,0,211,158,9,28,0,197,176,6,20,1,285,75,5
50021502109,50,021,502109,129.14,129.14,0.99,0,0,1,0,0,136.09,102.33,0,12.91,1.99,0,0,0,44.72,203.63,2.98,3.97,0,0,0,0.99,0,97.35,154.96,0,2.98,0,0,129.14,113.25,5.97,0,113.25,126.15,2.98,6.96,0,118.21,115.24,5.96,8.94,0,196.68,28.83,0
50021502110,50,021,502110,561.74,256.42,8.02,4.01,4.02,3.03,0,2.01,501.83,232.06,3.02,47.23,13.01,6.01,4.99,0.01,217.69,580.46,4.03,12.03,4.01,2,3,3,2.01,374.4,404.68,9.06,11.03,4.01,0.03,478.83,249.12,39.17,0.01,445.69,255.2,34.12,55.12,0,401.52,293.31,27.15,46.14,1,588.46,113.44,1.02
50021502111,50,021,502111,442.48,312.23,5.97,2.98,3.98,5.97,0,1.99,443.48,243.62,3.98,51.71,4.97,2.98,0,0.99,175.01,573.74,6.96,8.95,1.99,0,0.99,0.99,2.98,337.08,393.76,11.93,7.95,1.99,5.97,438.51,258.53,39.77,0.99,405.69,273.45,28.84,33.81,0,365.92,301.29,32.81,35.8,0.99,576.72,104.41,3.98
50021502112,50,021,502112,308.65,225.74,3,0,2,7,0,4,321.69,194.57,1,19.08,5.01,1,1,2,160.17,368.15,8.01,6.02,3,1,0,0.01,2,242.48,273.88,12.99,2.02,2,3,288.67,203.64,30.01,0,280.56,209.73,19,17.03,0,270.61,215.64,18.03,12.05,0,378.09,76.14,5.99
50021502113,50,021,502113,451.77,374.81,2,1,7,8,1,2,447.77,314.84,3,36.98,8,9,0,0,205.9,583.71,16.99,9,4,5,3,3,3,326.84,448.77,27.99,9.99,6,1,422.79,323.84,49.97,0,385.81,341.83,33.98,42.98,0,375.81,345.83,52.97,28.99,0,598.7,123.94,4
50021502114,50,021,502114,50.67,51.59,0.92,0,0.92,1.84,0,1.84,53.44,40.54,0,5.53,1.84,1.84,0,0,19.35,76.47,1.84,1.84,4.61,0,0,0.92,0.92,35.01,63.57,1.84,0,0.92,0,50.67,46.07,3.69,0,45.14,49.75,0.92,3.69,0,45.14,50.67,0.92,2.76,0,68.18,15.66,4.61
50021502115,50,021,502115,496,369,7,3,4,6,0,2,502,288,4,38,5,7,3,1,270,571,25,3,6,1,0,0,0,404,406,22,11,6,1,465,323,46,0,425,326,33,47,0,396,352,29,35,0,592,147,7
50021502116,50,021,502116,205.33,119.55,1,1,1,1.99,0.99,0,199.31,97.65,5.97,15.95,2,0.01,1,0,93.66,222.25,2.99,2.99,1,1,1,0,3.98,153.46,155.47,3.99,6.97,0,0,204.26,94.68,8.98,0.99,191.31,98.66,6.99,14.96,0,172.38,109.63,12.95,7,1,221.26,60.76,1
50021502117,50,021,502117,942.32,817.95,14.06,6.44,6.14,16.77,1,15.25,920.33,618.97,8.54,172.37,16.81,5.64,4.13,0,312.71,1367.29,27.89,29.84,13.42,4.4,2.34,8.15,27.39,647.9,1037.77,25.94,24.1,8.64,13.11,959.36,671.12,59.51,3.1,822.05,715.71,36.7,114.74,2.03,802.44,764.3,43.02,83.65,2,1288.34,238.1,14.37
50021502118,50,021,502118,795.41,711.56,17.91,10.37,6.6,23.56,0.94,1.88,821.8,566.42,5.65,107.44,11.31,5.65,4.71,1.88,339.28,1113.03,28.27,14.14,12.25,2.83,6.6,3.77,15.08,597.5,829.36,42.41,29.21,2.83,10.37,753.01,633.33,68.8,2.83,687.98,653.12,49.01,81.05,2.83,667.24,657.84,66.91,74.45,4.71,1050.83,247.86,12.25
50021502119,50,021,502119,495.01,363.44,11.12,4.61,0.94,7.42,0,2.79,496,285.64,5.55,57.43,9.23,7.38,0.94,0,164.88,678.74,9.28,9.25,4.62,4.62,3.7,1.87,3.7,361.36,479.51,10.19,12.03,7.38,0.93,485.84,321.66,37.89,0.94,426.53,338.38,30.5,51.83,0,423.6,351.45,21.33,53.64,0,669.19,119.46,3.72
50021502120,50,021,502120,1512.78,901.01,30.2,5.98,7.06,20.19,6.98,16.07,1479.16,680.68,12.08,194.9,18.04,11.04,9.06,4,522.7,1855.8,24.25,22.11,8.05,4.06,10.02,5.1,17.03,1051.57,1283.06,36.17,29.15,10.04,5.02,1496.98,744.98,72.35,7.05,1323.9,812.39,57.3,123.75,2.01,1298.24,860.04,72.45,97.68,6.98,1751.59,296.01,20.09
50021502121,50,021,502121,1198.33,762.39,23.89,3.98,5.97,18.91,5.97,9.95,1222.21,576.27,4.98,139.34,9.95,8.96,8.96,5.97,415.03,1491.94,26.87,15.92,14.93,7.96,6.97,6.97,17.92,859.93,1035.1,30.85,35.83,10.95,5.97,1198.33,608.12,69.67,4.98,1050.03,660.87,58.72,118.44,2.99,1046.05,690.73,59.72,97.54,2.99,1422.27,276.69,18.91
50021502122,50,021,502122,869.46,601.1,23.02,5.95,5.02,22.99,0,7.03,822.11,450.88,10,169.65,14.94,11.95,3.04,3.97,371.03,1011,30.98,35.82,15.92,7,5,5.04,14.93,649.82,729.24,41.84,34.88,15.92,5.97,854.72,501.81,78.75,5.01,720.65,525.08,66.78,126.76,3.98,721.06,534.62,84.77,98.89,3.97,1031.62,271.87,21.92
50021502123,50,021,502123,1100.96,765.92,22.89,1.98,9.93,22.87,5.93,11.92,1091.22,554.28,9.95,186.66,12.9,3,9.93,2.97,466.93,1319.65,33.79,33.71,15.86,6.96,8.93,9.95,11.9,789.1,978.69,43.65,40.67,14.87,5.95,1119.83,614.85,77.42,2.01,966.73,680.43,61.55,106.38,1,940.64,685.79,62.64,113.23,1.98,1350.52,277.37,11.94
50021502124,50,021,502124,1375.04,1035.63,28.05,0.16,8.03,24.09,0.11,11.02,1402.77,843.8,11.04,142.67,9.2,7.08,8.03,1.08,410.09,1961.45,31.15,17.47,7.26,7.04,5.11,10.93,7.27,933.93,1438.12,26.52,23.52,7.25,3.11,1390.54,891.26,55.03,6.94,1235.99,950.29,45.76,108.85,2.03,1164.29,1027.01,64.49,94.77,0.09,1816.07,280.52,14.15
50021502125,50,021,502125,394.99,267.99,10,3,5,5,4,0,386.99,230.99,0,43,7,6,0,0,180.99,463.98,14,6,5,4,1,1,2,294.99,343.99,21,9,2,1,379.99,236.99,24,2,346.99,246.99,28,32,0,345.99,250.99,27,25,0,507.98,85,2
50021502126,50,021,502126,252,128,0,0,1,2,1,4,246,106,4,14,1,3,0,1,99,279,2,4,0,0,1,1,0,197,169,6,3,2,2,254,103,10,1,233,105,7,17,2,221,122,11,9,0,299,41,5
50021502127,50,021,502127,170.14,163.13,4,0,0,4,0,0,173.14,145.1,1,12.02,2.01,0.01,2,0,81.08,242.18,5.01,0.01,3,0,0,1,2,139.09,185.15,6.01,2.01,1,0,164.13,140.11,20.01,1,157.11,150.11,5.02,16.01,0,148.12,160.11,7.02,9.01,0,231.19,67.02,4
50021502128,50,021,502128,703.07,563.06,10,3,5,11,2,1,699.07,452.05,10,72.01,10,10,3,0,301.02,907.1,24,16,9,5,3,8,6,498.06,681.06,24,19,20,0,675.07,476.05,63.01,2,593.06,507.06,44,70,0,589.06,528.06,63,46,0,869.09,217.03,8
50021502129,50,021,502129,315.07,416.02,3,3,1,4,0,0,333.07,321.02,4,33,7,3,1,1,136.04,544.06,21,7,5,5,4,4,0,239.06,442.04,15,8,5,0,307.06,346.02,41.01,0,271.07,362.02,25,40,0,262.06,368.03,30,36,0,503.07,109.01,3
50021502130,50,021,502130,79.27,71.53,1.03,0.01,1,1.06,0.01,0.01,85.32,51.21,0.01,11.21,2.05,1.01,2.01,0.01,25.49,106.06,0.09,3.03,15.02,2.01,0.01,1.03,0.14,61.86,85.75,3.06,1.07,2.01,0.03,82.26,60.35,4.11,0,75.04,66.38,6.09,1.23,0,68.06,75.37,3.11,2.17,0.01,109,27.46,2.03
50021502131,50,021,502131,510,613,17,2,8,15,0,2,537,476,2,117,8,4,4,1,178,883,34,21,14,3,6,9,6,367,716,26,29,5,3,563,513,43,1,471,530,38,86,1,445,578,33,65,1,826,212,5
50023502301,50,023,502301,969.72,528.87,15.48,7.33,7.74,18.34,0.81,2.85,963.61,429.04,15.89,22,69.27,6.52,7.33,2.85,337.77,1140.44,15.08,18.34,5.7,5.3,3.26,6.11,4.89,659.25,792.08,35.04,19.56,6.11,3.67,979.91,438.41,66.82,1.63,903.72,462.86,41.97,83.53,1.22,946.91,434.34,44.82,65.19,0.81,1139.63,226.95,6.11
50023502302,50,023,502302,464.26,253.38,7.42,3.51,3.71,8.78,0.39,1.37,461.36,205.57,7.6,10.53,33.16,3.12,3.51,1.37,161.63,546.26,7.23,8.77,2.73,2.53,1.56,2.93,2.34,315.57,379.46,16.77,9.36,2.92,1.76,469.19,210.03,31.98,0.78,432.68,221.77,20.09,39.98,0.59,453.36,208.12,21.45,31.2,0.39,545.78,108.63,2.93
50023502303,50,023,502303,956.42,524.42,15.34,7.22,7.65,18.09,0.81,2.83,950.81,425.68,15.6,21.69,68.31,6.44,7.21,2.83,332.03,1128.85,14.98,18.02,5.62,5.2,3.2,6.04,4.87,649.55,785,34.46,19.3,6,3.64,967.34,434.44,65.73,1.63,891.72,459.13,41.3,82.2,1.21,934.29,431.05,44.08,64.15,0.82,1126.76,223.52,6.1
50023502304,50,023,502304,2506.64,2089.76,56.95,14.96,24.96,49.93,2.99,11.03,2599.62,1759.21,22.95,54.99,178.58,19.96,11.97,11,588.91,3989.42,67.92,29.97,13,8.01,5,19.99,25.96,1536.75,3022.69,63.89,52.85,7.98,15.99,2758.28,1659.43,126.77,8.99,2440.81,1869.95,85.88,170.75,4.01,2545.66,1810.96,82.82,131.87,6.99,3656.99,505.17,34.95
50023502305,50,023,502305,976.83,525.68,19.39,4.11,5.14,16.37,1.05,9.08,989.85,463.48,9.27,11.37,34.57,4.11,4.14,0.1,322.66,1191.81,8.2,13.18,4.06,5.08,2.03,5.13,7.11,669.74,814.33,25.39,13.27,7.12,6.05,994.02,429.78,49.2,7.98,939.53,464.84,26.76,62.13,4.01,937.93,466.17,29.12,46.99,1.03,1178.6,192.54,10.1
50023502306,50,023,502306,573.34,306.05,8.25,8.13,6.04,8.61,3.01,5.07,586.79,259.75,7.3,11.29,14.41,5.11,5.09,0.06,208.83,676.45,3.44,5.16,2.06,1.03,2.16,1.12,0.21,440.73,412.23,19.47,7.22,5.18,2.04,545.68,269.41,33.14,3.04,530.31,272.89,20.84,35.29,0.04,529.9,266.91,29.91,25.65,1.01,647.86,124.18,5.33
50023502307,50,023,502307,886,221,6,10,3,12,7,3,865,212,20,9,14,1,5,1,436,663,8,10,5,0,2,2,4,686,369,29,8,11,12,824,199,50,8,798,223,35,38,1,799,214,50,30,1,842,166,9
50023502308,50,023,502308,612.24,227.22,8.46,0.97,2.84,5.68,0.93,2.85,595.84,200.32,10.22,6.71,12.28,4.65,4.71,0.95,212.43,623.3,6.52,6.57,2.81,1.88,0.03,2.81,0.08,435.76,370.88,13.28,12.09,1.91,1.91,582.62,175.41,36.64,2.77,550.57,204.9,19.83,33.17,0.02,507.54,228.46,18.96,36.72,0.03,639.12,99.64,2.81
50023502309,50,023,502309,1307.32,388.72,12.92,7.95,6.96,17.89,0.99,10.94,1277.49,358.89,22.87,6.96,23.86,1.99,4.97,1.99,549.77,1132.34,13.92,8.95,6.96,3.98,0,6.96,7.95,992.17,648.19,34.8,14.91,15.91,3.98,1249.66,313.16,66.61,3.98,1243.69,331.05,33.8,59.65,3.98,1213.87,345.97,49.71,50.7,2.98,1331.18,205.79,10.94
50023502310,50,023,502310,796,150,6,2,3,6,3,5,762,141,7,9,14,2,2,1,293,649,1,4,2,1,2,2,0,599,316,10,5,6,2,711,158,32,1,700,159,17,31,1,634,185,27,40,0,731,89,5
50023502311,50,023,502311,578.01,331.41,7.89,9.86,1.97,15.78,1.97,3.95,594.77,283.08,14.79,9.86,13.81,1.97,4.93,0,283.06,632.27,11.83,1.97,0.99,1.97,0.99,1.97,5.92,437.95,443.85,22.69,3.95,11.83,1.97,566.16,277.16,41.42,2.96,542.49,295.9,29.59,33.54,1.97,541.51,295.9,41.42,15.79,0.99,665.79,140.06,16.76
50023502312,50,023,502312,992.45,233.05,12.04,5.1,3.05,12.11,1.1,2.13,966.81,221.76,16.27,12.13,20.31,0.07,4.05,2.11,403.98,829.53,7.02,5.16,2.04,3.02,2,3.05,5.06,769.82,428.81,16.48,7.15,8.11,6.09,913.93,216.86,44.91,5.07,919.95,232.68,23.58,27.79,1.02,895.46,238.05,21.79,32.51,2.03,967.69,126.69,9.08
50023502313,50,023,502313,1751.05,183.61,11.62,15.64,3.86,11.96,4.2,6.94,1667.5,174.58,38.14,11.91,29.66,4.61,4.99,15.98,864.64,1048.85,5.03,16.12,6.51,3.1,2.3,5.76,9.97,1372.34,448.77,61.13,12.69,16.05,11.48,1546.21,186.39,105.13,11.12,1591.28,173.07,61.14,62.66,3.09,1558.55,198.19,79.05,41.96,3.05,1430.25,292.28,16.46
50023502314,50,023,502314,1464,150.18,9.61,13.11,3.2,9.93,3.52,5.76,1393.68,143.08,31.98,9.92,24.65,3.84,4.16,13.43,724.15,872.14,4.16,13.44,5.44,2.56,1.92,4.8,8.32,1148.13,370.76,51.18,10.56,13.44,9.6,1291.7,153.27,87.97,9.28,1330.01,141.8,51.18,52.18,2.56,1302.51,162.9,66.21,34.9,2.56,1192.79,244.14,13.76
50023502315,50,023,502315,1355.23,138.6,8.88,12.14,2.96,9.18,3.26,5.33,1290.07,132.09,29.62,9.18,22.8,3.55,3.85,12.44,670.51,806.74,3.85,12.44,5.03,2.37,1.78,4.44,7.7,1062.92,342.66,47.39,9.77,12.44,8.88,1195.6,141.56,81.44,8.59,1231.14,130.9,47.39,48.27,2.37,1205.67,150.45,61.31,32.28,2.37,1103.79,225.97,12.73
50023502316,50,023,502316,922.35,222.23,3.09,2.01,3.98,9.96,7.89,8.9,901.32,192.52,9.99,11.96,22.86,3.96,4,1.01,336.79,827.5,3.03,7.95,1.01,2,0.02,2.99,2.02,688.33,432.26,14.98,10.93,4.99,4.98,866.45,190.45,44.81,2.01,840.65,191.61,28.84,51.64,0.01,799.9,214.46,36.71,41.8,1.99,860.11,141.22,2.04
50023502317,50,023,502317,1491.25,827.72,45.49,6.92,13.84,38.57,3.96,9.89,1539.7,673.45,13.84,37.58,68.23,11.87,12.86,3.95,468.76,1869.98,18.79,21.76,4.95,9.89,3.96,11.87,10.88,1044.28,1268.74,30.66,27.69,6.92,5.94,1513,681.37,100.87,1.98,1406.2,718.95,64.28,121.63,2.97,1372.58,735.76,87.02,102.84,1.98,1748.38,348.08,10.88
50023502318,50,023,502318,607.37,166.41,9.01,7.01,5.01,14.02,2,5.01,604.34,148.38,18.02,8.01,12.02,3,0.01,1,341.58,444.18,4.01,7.01,3.01,0,0,4.01,4.01,482.04,263.68,28.04,9.02,5.02,2,586.31,140.33,42.07,5,563.3,146.35,29.04,37.06,1,532.27,151.36,50.05,26.05,0,600.39,121.22,2.01
50023502319,50,023,502319,281,134,7,1,0,9,1,0,283,116,5,6,5,2,1,0,107,308,4,7,1,1,0,2,1,206,195,12,5,4,2,277,108,20,0,262,122,7,20,0,249,119,15,23,0,309,62,1
50023502320,50,023,502320,1009.03,197.51,2.96,6.88,3.95,9.87,0.05,1.03,960.83,188.51,7.91,13.8,13.87,1.99,3.95,3.93,382.62,805.39,6.89,8.88,0.99,2.95,1.96,1,2.95,772.2,376.31,25.6,6.93,7.88,0.03,889.01,195.36,50.3,0.01,857.46,202.24,28.62,63.09,0,834.66,216.11,38.48,45.37,0.01,878.18,157.8,2.95
50023502321,50,023,502321,1058.31,182.77,17.06,3.13,4.08,7.19,7,8.02,999.38,183.6,14.15,14.26,19.26,4.04,4.08,2.08,465.32,776.4,1.13,16.17,4.02,1.06,3.04,5.02,1.06,826.78,378.19,21.49,12.13,8.15,0,946.01,192.74,54.96,1,882.4,209.87,38.55,81.21,2,848.97,231.13,50.74,54.87,0,918.8,171.02,6.06
50023502322,50,023,502322,2764.68,618.9,30.87,8.95,12.94,27.86,2,15.92,2632.44,583.88,16.98,46.74,55.73,8.98,18.91,4.97,932.56,2442.04,12.97,22.9,7.97,5.98,5.96,7.97,14.9,2001.28,1276.71,68.65,20.97,11.94,12.93,2573.72,573.71,129.45,1.02,2442.33,578.96,87.58,167.16,3.97,2321.75,674.53,96.51,143.36,4.97,2634.85,362.44,8.96
50023502323,50,023,502323,380.64,200.59,7.12,3.12,0.09,8.12,2.05,0.08,369.85,178.89,9.11,12.17,12.22,1.08,4.08,2,162.13,406.19,12.05,10.08,3.03,0.02,3.03,1.02,4,280.66,280.17,16.29,5.11,3.08,4.03,372.21,176.04,26.5,0.05,359.99,186.09,19.31,16.53,0,343.99,181.98,29.45,16.39,0.02,428.73,91.87,4.08
50023502324,50,023,502324,464,125,5,5,3,12,4,6,457,117,11,7,10,2,6,3,239,362,6,2,1,0,0,2,9,385,196,19,5,3,9,457,99,36,0,429,123,24,27,0,429,119,30,22,2,468,85,1
50025502010,50,025,502010,270.8,191.44,9.92,2.98,2.98,3.97,3.97,1.98,259.89,169.62,9.92,20.83,4.96,1.98,1.98,0,155.73,277.74,14.88,14.88,0,2.98,1.98,0,2.98,225.17,203.35,21.82,7.94,1.98,1.98,243.02,178.55,28.77,0,236.08,160.69,26.78,29.76,0,219.22,187.48,26.78,18.85,0,296.59,85.31,1.98
50025502501,50,025,502501,120.73,83.99,1.01,2.99,0,5.98,0,0.01,119.68,62.03,2.01,11.98,2.01,4.99,0,0,67.39,128.28,5.98,8.01,1.01,0.01,0.01,0.01,0,97.58,87.14,14.98,4,1,0,100.67,69.02,20.02,0,94.63,70.02,14.02,15.03,0,90.61,71.05,22,11.01,0,132.49,40.14,1.99
50025502502,50,025,502502,1868.52,504.43,17.2,5.35,3.08,24.36,2.15,7.03,1823.1,420.66,19.05,39.85,32.56,9.11,5.14,2.06,1027.83,1219.15,18.5,57.17,13.27,10.1,12.14,3.11,7,1537.33,683.03,76.87,24.53,5.3,3.07,1653.29,469.89,124.68,0.12,1607.29,463.83,96.36,115.18,0.07,1480.59,513.57,144.28,79.57,0.03,1655.05,384.22,2.13
50025502503,50,025,502503,1862.63,302.06,17.41,16.83,3.24,24.85,3.48,6.97,1746.66,243.05,46.69,42.32,33.43,11.17,7.36,6.07,1130.86,900.1,17.55,71.8,11.81,4.37,6.47,10.12,3,1584,407.84,84.31,25.49,11.81,9.96,1612.34,275.44,150.57,8.18,1554.79,272.28,119.21,131.23,4.13,1476.18,311.37,162.9,84.17,3.97,1463.83,416.36,4.37
50025502504,50,025,502504,1668,242.08,10.16,14.63,3.64,17.47,6.34,1.91,1564.7,200.69,44.74,39.29,26.58,5.57,6.4,2.79,1091.23,723.28,22.73,54.14,12.76,5.46,7.29,4.65,0.95,1416.53,329.14,85.76,24.66,12.76,2.86,1429.62,215.6,164.93,4.62,1382.9,212.86,106.98,143.97,2.76,1339.37,248.52,150.78,73.2,0.96,1298.89,381.16,5.46
50025502505,50,025,502505,225.18,98.43,3.05,0.12,5,6.12,1.02,1.04,222.96,85.07,5.05,9.17,4.12,3.12,1.06,0.02,131.55,194.5,5.08,2.27,2.13,4.04,0.05,0.03,0.04,185.57,126.06,9.53,6.21,3.1,0.01,205.28,89.11,21.58,0.02,183.05,97.08,18.51,22.47,0.01,173.57,102.32,24.62,15.46,1.03,224.26,69.81,0.11
50025502506,50,025,502506,613,296,17,5,3,8,0,6,578,279,3,25,7,12,8,0,261,630,18,15,7,13,3,3,0,490,382,20,19,1,0,530,306,42,1,534,285,27,58,0,481,316,36,46,1,628,154,4
50025502507,50,025,502507,1037.02,281.37,11.02,2.02,5,11.03,8.01,4.01,1010.96,236.31,15.05,24.05,15.02,3,3.01,0,611.41,663.99,11.01,26.04,3,0.01,1,4.01,2,861.76,368.5,31.06,14.04,8.01,5,918.78,249.35,70.17,1.01,901.79,253.3,46.16,61.1,0,866.7,285.39,56.15,40.09,1,965.76,198.3,1.01
50025502508,50,025,502508,267.16,130.75,2.06,1.05,0.02,7.08,0.01,3.01,264.07,110.35,3.08,11.19,4.09,7.06,2.04,1,105.97,294.68,7.08,2.16,4.05,1.02,2.02,0.02,0.01,206.17,171.14,18.39,7.12,1.03,1.02,238.55,106.5,42.58,0,226.43,125.45,23.45,18.37,2,216.21,117.57,36.58,20.29,0,265.72,87.41,4.02
50025502509,50,025,502509,979.98,346.36,12.05,10.01,1.01,10.07,1.01,0.02,964.86,270.13,19.05,28.11,15.09,5.02,6.01,0.01,568.73,702.27,15.05,26.15,7.04,8.03,0.03,5.01,2.02,813.09,411.84,39.2,21.07,11.01,2.01,903.41,293.26,62.33,0,857.28,284.25,44.26,86.3,0,810.94,322.38,66.38,56.21,0,958.42,198.02,4.01
50025502511,50,025,502511,405.72,149.01,5.99,4.99,3.99,5.99,2.99,2,398.63,126,2.01,13.98,7,19.02,1,0,210.74,341.96,7.01,4.01,5.99,1.99,1,1,0,296.8,231.89,19,9.98,2,1,356.69,150.95,56.93,0,351.65,147.98,33.97,28.01,0,327.66,165.95,39.02,23.98,0,385.74,122.89,0.01
50025502512,50,025,502512,730.02,340.46,7.85,3.93,3.92,7.85,0,2.94,659.38,282.58,11.77,21.59,13.74,52.98,1.96,0,307.12,737.85,19.62,12.75,5.89,0,0.98,0.98,0,536.72,448.4,42.19,8.83,5.89,3.92,602.47,307.11,82.42,0.98,566.16,319.86,58.87,67.7,0.98,518.09,336.54,100.08,39.25,0.98,696.65,207.03,5.89
50025502513,50,025,502513,514.96,91.68,4.88,4.88,0.98,7.8,1.95,2.93,498.38,77.05,11.7,12.68,4.88,0,2.93,0.98,358.91,248.7,2.93,10.73,0,2.93,0.98,1.95,0,447.67,126.79,15.6,9.75,1.95,0,453.52,86.8,42.91,2.93,456.44,76.07,40.96,25.36,0,433.04,98.51,37.06,21.46,0,448.64,76.07,1.95
50025502514,50,025,502514,835.63,258.88,5.96,10.9,2,12.91,1.99,3.97,814.79,221.19,6,18.88,12.89,11.88,5.95,1.98,467.72,576.35,8.93,25.77,12.87,4.97,4.95,2.97,3.96,673.01,327.37,52.52,21.82,9.91,0.99,745.31,226.18,61.57,1.99,716.56,226.17,53.64,51.61,0.99,668.95,250.02,65.51,47.62,2.97,750.31,191.45,9.9
50025502515,50,025,502515,1237.27,236.07,8.03,11.03,0.01,15.04,5.01,7,1196.16,186.87,25.06,25.1,16.07,8.03,7.02,3,806.96,594.18,13.04,53.12,9.03,3.02,4.03,3.02,5.01,1064.81,285.28,58.17,20.07,10.03,4,1090.91,192.91,107.36,5,1053.82,197.93,73.25,79.24,1,1003.64,226.02,99.37,48.17,1,1046.81,245.97,7.02
50025502516,50,025,502516,1718.61,725.14,26.59,20.61,9.62,33.95,5.99,2.99,1684.65,562.4,33.25,76.89,34.93,25.97,16.28,2,813.76,1524.19,34.6,64.86,19.96,9.3,7.98,9.98,5.99,1311.58,889.28,160.03,49.2,10.98,7.98,1466.84,624.59,241.47,1,1418.95,606.28,184.96,152.3,0,1326.86,650.89,239.46,120.04,1,1539.11,584.25,7
50025502517,50,025,502517,0,0,0,0,0,0,0,0,0,0,0,0,0,0,0,0,0,0,0,0,0,0,0,0,0,0,0,0,0,0,0,0,0,0,0,0,0,0,0,0,0,0,0,0,0,0,0,0
50025502518,50,025,502518,120.02,66.33,0.07,0,1.9,1.14,0.01,0.95,111.57,54.75,0.07,4.87,1.97,6.07,0.01,0,54.09,134.84,1.08,0.12,0.09,0.01,0.03,0.06,0.01,101.43,82.37,3.12,0.06,0.01,0.06,107.35,67.46,4.43,0,106.33,64.48,5.33,6.07,0.01,98.05,67.8,8.26,5,0.01,138.68,23.62,0.99
50025502519,50,025,502519,552.05,190.67,7.99,1,1,6.99,1,6.99,530.08,158.73,6.99,20.96,6.99,10.98,0,1,283.51,416.28,7.99,22.96,6.99,3.99,1,2.99,1,425.27,271.53,22.96,6.99,3.99,0,481.17,174.7,49.91,0,445.23,170.71,38.93,50.91,1,435.25,183.68,45.92,28.95,0,494.15,131.77,1
50025502520,50,025,502520,737.25,552.15,14.19,4.17,2.03,11.26,0.03,2.08,718.05,462.53,6.48,41.44,15.35,5.12,4.08,2.07,288.61,899.39,19.17,27.75,10.12,4.04,2.07,8.11,11.03,562.37,629.25,23.86,24.26,2.12,5.11,632.68,478.88,57.53,5.09,598.08,471.85,42.23,83.33,3.04,556.24,502.25,64.68,63.87,2.04,883.14,164.3,15.04
50025502521,50,025,502521,325,159,0,1,2,4,0,1,298,149,5,11,4,11,3,0,145,324,7,4,6,1,3,0,1,259,198,14,8,1,1,287,143,27,0,265,147,14,33,1,246,159,33,30,0,335,95,1
50025502522,50,025,502522,1280.19,419.39,12.32,13.32,6.34,16.95,4.98,1,1241.35,344.62,24.6,36.89,26.92,12.96,8.65,1,766.41,858.4,18.3,48.89,11.96,6.66,11.96,7.98,4.98,1095.6,509.63,65.48,29.63,9.97,1,1138.86,365.27,139.65,0,1100.94,372.61,94.39,98.14,0,1031.43,404.79,144.67,69.55,0,1105.72,382.46,8.97
50025502523,50,025,502523,399.2,341.56,22.08,2.02,1.02,10.03,0.03,3.02,377.11,307.38,6.08,23.17,7.04,7.02,7.02,2,191.27,486.26,39.12,14.12,12,4.02,1.02,4,0.02,320.83,367.65,20.18,19.06,2.02,3.02,353.98,314.45,38.23,0,323.92,314.31,21.22,56.24,0,313.78,327.52,30.22,42.15,2,499.41,129.69,8.02
50025502524,50,025,502524,797.82,342.57,11.08,0.08,5.02,8.13,0.03,2.05,732.54,298.32,3.2,40.22,16.08,12,5.05,4.02,387.15,698.26,12.05,23.18,7,4.05,2.02,7.03,4,653.67,422.17,23.27,15.17,3.03,5,680.77,335.49,54.74,4.05,647.82,315.3,47.7,68.43,2,636.42,334.69,45.63,59.37,2,778.69,177.3,10.03
50025502525,50,025,502525,191.44,85.54,2.08,0.02,2.03,8.07,0.04,0.04,177.32,67.11,5.01,7.22,4.09,10.29,2.01,0.01,70.76,196.92,7.14,4.19,3.06,3.01,0.04,1.01,0.01,128.2,126.36,13.37,4.1,3.04,0.02,163.12,77.24,30.5,1.01,155.7,78.28,29.52,9.43,0,122.4,85.48,38.65,12.34,0,167.94,85.5,1.05
50027502701,50,027,502701,222.47,134.13,5.01,0.02,2.04,7.05,1,2.06,216.07,118.62,1.06,6.16,4.08,18.44,0.04,0,95.44,250.1,10.09,4,3.1,1,1.04,0,1,172.84,172.39,16.26,3.99,0.02,0,216.78,117.97,15.41,0,203.14,117.06,21.52,16.43,0,184.92,137.11,24.68,12.25,0,260.67,53.77,1.04
50027502702,50,027,502702,63,72,3,0,3,2,0,0,67,61,1,4,0,3,0,1,28,101,1,1,2,0,1,1,4,42,87,5,1,1,1,62,56,6,0,55,59,7,7,0,40,66,9,8,0,86,34,1
50027502703,50,027,502703,458.67,174.59,4.93,5.92,0,7.89,3.95,3.95,460.64,151.9,8.88,8.88,5.92,3.95,3.95,0,195.3,440.92,0.99,7.89,5.92,0.99,0,0.99,1.97,369.9,251.53,11.84,1.97,1.97,4.93,432.04,148.94,32.55,0,406.39,167.69,15.78,33.54,0,385.68,173.6,23.67,38.47,0,460.64,99.63,1.97
50027502704,50,027,502704,744.72,391,15.12,4,2.04,11.5,3.12,3.12,766.11,307.61,11.04,32.23,19.54,9.15,3.15,0.04,322.06,792.2,14.35,9.31,6.08,8.08,0.08,3.15,4,579.91,532.42,21.42,21.27,4.08,3.12,720.75,324.31,67.27,0.04,670.64,343.81,39.77,75.46,0,640.45,363.5,62.81,58.5,0,843.94,181.27,6.08
50027502705,50,027,502705,372,212,5,2,5,4,1,0,371,177,1,25,3,8,2,1,138,433,3,7,2,2,0,3,5,262,306,11,6,2,2,347,186,35,0,308,200,22,30,2,291,214,28,26,0,436,85,3
50027502706,50,027,502706,463.01,295.09,7.95,4.97,1.99,7.95,0.99,4.97,438.17,263.3,4.97,16.89,7.95,24.84,5.96,0,175.86,561.37,8.94,16.89,6.96,0.99,0.99,0.99,1.99,316.95,396.44,34.78,11.92,6.96,0,413.33,268.27,62.6,0,376.56,272.24,54.65,49.68,0,353.71,294.1,67.56,32.79,0,485.86,189.77,3.97
50027502707,50,027,502707,1064.28,604.97,17.59,4.89,5.86,15.64,8.79,9.77,1034.97,498.45,2.93,55.71,20.52,68.4,1.96,3.91,418.29,1174.73,31.27,48.86,14.66,0.98,9.77,1.96,1.96,760.34,801.4,88.93,25.41,10.75,5.86,982.19,532.65,125.09,1.95,877.61,543.4,126.07,105.55,0.98,807.26,588.35,159.3,83.07,0.98,1176.66,367.48,11.73
50027502708,50,027,502708,1040.27,413.72,9.95,3.98,2.98,11.93,5.97,8.95,1025.35,364.99,9.95,22.87,10.94,14.92,3.98,2.98,362,1068.11,11.93,10.94,5.97,2.98,5.97,6.96,4.97,782.69,626.55,30.83,12.93,2.98,1.99,922.91,413.72,58.68,0.99,876.17,405.76,40.78,71.61,0.99,820.48,463.45,39.78,56.69,0.99,1031.32,191.94,5.97
50027502709,50,027,502709,3432.26,1145.76,36.59,12.86,12.85,47.46,2.99,15.85,3365.03,947.99,60.29,85.05,55.36,25.75,19.77,4.95,1561.24,2856.67,52.4,48.45,33.61,14.83,23.73,18.8,13.85,2578.65,1755.21,125.58,56.36,20.75,6.92,3070.2,1057.87,243.24,18.77,2845.78,1085.48,185.87,280.84,4.94,2778.33,1167.75,213.52,216.57,4.94,3237.67,768.33,20.77
50027502710,50,027,502710,1554.42,645.47,20.46,7.16,4.16,19.6,1.04,5.2,1555.57,524.98,13.76,30.08,37.7,13.32,5.25,3.06,641.74,1485.13,24.66,22.61,6.42,2.19,6.3,19.24,7.18,1191.62,921.19,35.59,26.71,8.26,6.09,1396.84,584.36,105.07,5.24,1277,606.72,87.35,149.55,1.06,1237.15,646.76,98.7,115.74,3.06,1569.95,349.71,10.26
50027502711,50,027,502711,720.16,473.89,13.06,10,5.01,14.04,2.01,2.02,711.1,362.78,14.02,45.16,8.03,48.09,4.01,1,296.76,867.33,17.03,15.01,6.03,5,2.01,5.03,3,514.55,616.55,45.03,20.03,6.02,3,657.98,395.99,95.18,2,588.8,403.06,94.19,75.13,0,573.61,437.15,98.24,44.14,1,795.16,251.56,5.03
50027502712,50,027,502712,2316,211,13,8,6,11,2,3,2266,193,22,16,5,2,2,4,1143,1307,4,9,7,2,1,9,8,1976,424,42,11,3,1,2010,234,97,5,1995,244,56,67,3,1894,296,80,49,3,1837,288,6
50027502713,50,027,502713,249.09,103.3,6.94,0,1,4.96,0.99,1.98,243.13,90.38,1.98,18.86,2.98,9.92,0.99,0,87.35,268.98,3.97,1,2.98,0,0.99,2.98,0,179.62,178.69,3.98,3.97,1.99,0,228.25,114.18,20.85,0,207.41,122.12,21.83,14.89,0,185.6,133.03,27.79,15.88,0,250.15,64.51,2.98
50027502714,50,027,502714,509,146,4,4,4,5,1,6,511,125,3,18,4,1,3,1,188,469,4,0,1,1,2,0,4,388,265,4,4,1,1,482,135,29,1,437,140,26,35,0,407,152,51,26,0,506,81,1
50027502715,50,027,502715,314.59,121.75,6.04,2.03,0.01,2.05,3,0.03,319.42,101.57,3.03,14.09,1.05,5.15,0.04,0,123.98,311.23,3.05,3.11,0.04,0.01,0.01,1.01,1.01,228.76,192.32,10.21,2.07,2.04,0,290.3,106.6,25.37,0,262.1,113.62,21.33,21.29,1,257.96,116.75,34.39,10.2,0,294.77,89.11,1.02
50027502716,50,027,502716,527.02,183.62,5,1.01,0.01,3.01,10,4,523.98,146.51,3.03,21.08,4.01,6,6,1,239.46,458.13,6.02,8.01,3,4,0.01,2,3.02,417.75,265.8,17.02,7.04,3,3,479.02,155.49,45.04,1.01,454.96,164.51,21.03,42.07,1,432.86,173.57,38.06,36.03,0.01,524.11,101.31,1.01
50027502717,50,027,502717,948.78,500.92,17.32,7.22,4.06,24.19,3.13,9.06,978.87,397.97,21.42,27.61,21.45,10.16,6.06,3.03,379.73,1034.91,27.39,16.22,5.19,4.03,5.1,8.03,10.06,707.12,695.39,38.64,15.19,2.1,8.06,918.75,409.54,70.28,4.03,789.92,460.87,46.06,113.89,2.06,776.47,478.92,61.12,78.16,3.06,1040.58,224.65,12.19
50027502718,50,027,502718,566.45,269.17,9.68,6.78,1.94,5.81,3.87,1.94,599.36,210.11,12.58,18.4,13.55,4.84,1.94,0.97,263.35,570.33,11.62,6.78,5.81,0.97,2.91,0.97,1.94,456.05,373.75,19.36,5.81,2.9,1.94,565.46,227.55,38.73,0.97,510.28,237.22,31.95,57.12,1.94,496.71,269.18,33.89,34.86,1.94,620.65,140.39,5.81
50027502719,50,027,502719,2603.79,1779.82,45.34,19.1,20.11,61.3,8.17,12.19,2580.22,1492.74,30.06,133.09,68.4,63.34,21.04,5.08,1090.16,3054.97,91.61,82.95,33.29,19.02,25.19,21.04,20.04,1877.85,2188.67,204.74,91.49,17.21,10.11,2427.18,1532.41,295.45,3.04,2073.15,1589.62,339.46,288.06,2.02,2021.76,1639.51,431.1,194.62,9.02,2791.99,1127.17,19.23
50027502720,50,027,502720,347.33,125.41,4.07,2.08,1,2.11,1.05,3.05,319.36,101.1,6.12,22.12,9.08,11.05,4.05,2,122.7,346.08,1.01,4.11,3.08,0.01,1,1.01,1.03,273.1,184.47,6.16,6.03,3.03,2.07,326.96,106.06,28.45,0,291.61,111.31,18.22,40.46,0,275.32,130.4,23.33,24.53,0,354.36,73.37,0.03
50027502721,50,027,502721,1042.94,735.52,16.89,9.06,4.16,13.43,1.08,6.1,1032.9,624.11,9.3,55.92,15.65,20.27,6.18,3.04,371.35,1358.06,40.53,23.63,5.18,5.22,5.16,6.18,7.26,738.82,943.11,67.3,28.73,2.1,2.08,952.55,633.06,125.12,1.04,844.57,666.86,114.53,102.1,1,778.79,725.62,134,80.35,1.02,1130.92,413.11,11.22
50027502722,50,027,502722,618.37,200.14,10.01,3,1,8,0,1,602.37,187.12,5,14.02,9,9.01,3,0,222.14,588.36,6,2,6,3,1,7,1,441.27,355.22,19.01,6,2,2,553.34,194.12,46.03,0,490.31,218.13,32.02,53.02,1,460.3,235.14,54.04,28.01,3,613.34,107.1,6
50027502723,50,027,502723,325.21,111.67,0.98,0.98,1.96,2.94,0,2.94,305.62,86.2,2.94,7.84,3.92,22.53,1.96,0,123.42,309.53,4.9,0,4.9,0,1.96,0,0,243.9,174.36,13.71,0,0.98,0,291.9,102.85,20.57,0,260.56,106.77,26.45,21.55,0,248.8,110.69,34.28,12.73,0,289.94,88.16,1.96
50027502724,50,027,502724,1240.87,526.34,44.11,2.94,7.84,21.56,3.92,4.9,1238.91,455.77,14.7,46.07,32.34,13.72,8.82,1.96,514.58,1200.68,26.46,31.36,8.82,10.78,7.84,8.82,12.74,936.04,754.71,64.69,36.27,4.9,3.92,1122.27,502.82,105.86,1.96,1023.28,493.01,76.45,153.88,0,984.07,531.24,99.98,116.64,0.98,1240.87,354.81,10.78
50027502725,50,027,502725,1644.86,401.97,18,6,4,18,5,11,1589.87,371.97,15,40,29,5,6,2,581.95,1445.88,10,17,7,4,0,11,10,1219.9,773.94,37,18,5,3,1457.88,393.97,77.99,1,1364.88,421.97,64,111.99,3,1292.89,484.96,80,79.99,0,1470.88,278.98,5
