GEOID20,STATEFP,COUNTYFP,DISTRICT,G20PREDBID,G20PRERTRU,G20PRELJOR,G20PREIBLA,G20PREONON
32001000001,32,001,000001,260.76,588.69,19.81,3.22,11.24
32001000002,32,001,000002,289.17,556.97,22.46,1.66,10.79
32001000003,32,001,000003,114.05,265.86,19.64,0.76,7.55
32001000004,32,001,000004,209.39,378.41,15.58,3.89,10.69
32001000005,32,001,000005,114.27,293.72,16.9,2.41,8.05
32001000006,32,001,000006,130.77,371.34,14.24,1.02,4.08
32001000007,32,001,000007,187.19,603.44,22.55,1.02,16.21
32001000008,32,001,000008,68.87,232.71,6.4,1.54,3.92
32001000009,32,001,000009,130.37,365.58,10.73,3.02,5.41
32001000010,32,001,000010,130.89,555.16,5.27,0.75,8.27
32001000011,32,001,000011,176.45,703.12,26.06,2,6.02
32001000012,32,001,000012,76.11,243.75,5.44,0.91,3.62
32001000013,32,001,000013,68.01,396.02,12,1,6
32001000014,32,001,000014,98.31,491.56,11.8,0.98,7.86
32001000015,32,001,000015,98.07,462.34,13.13,0.88,4.38
32001000016,32,001,000016,205.91,294.6,6.56,3.08,12.31
32001000017,32,001,000017,273.95,1040.25,15.72,2.25,9.72
32001000018,32,001,000018,266.16,889.59,21.01,3,6
32001000019,32,001,000019,120.79,522.62,13.55,1.03,6.16
32001007-01,32,001,007-01,0,0,0,0,0
32001008-01,32,001,008-01,20.38,68.55,1.82,0.45,1.14
32001008-02,32,001,008-02,1.52,2.7,0.11,0.03,0.08
32001008-03,32,001,008-03,0,0,0,0,0
32001012-01,32,001,012-01,0,0,0,0,0
32001012-02,32,001,012-02,0,0,0,0,0
32001012-03,32,001,012-03,0,0,0,0,0
32001015-01,32,001,015-01,0.77,3.63,0.1,0.01,0.03
32001015-02,32,001,015-02,0,0,0,0,0
32001015-03,32,001,015-03,0.64,3.03,0.09,0.01,0.03
32001015-04,32,001,015-04,0.26,1.21,0.03,0,0.01
32001015-05,32,001,015-05,3.97,18.73,0.53,0.04,0.18
32001015-06,32,001,015-06,0.42,1.99,0.06,0,0.02
32001015-07,32,001,015-07,0,0,0,0,0
32001015-08,32,001,015-08,0,0,0,0,0
32001015-09,32,001,015-09,0,0,0,0,0
32001015-10,32,001,015-10,0,0,0,0,0
32003001038,32,003,001038,189,231,2,0,3
32003001039,32,003,001039,382,548,2,0,9
32003001063,32,003,001063,649,573,15,3,13
32003001067,32,003,001067,45.91,104.56,2.1,1.99,2.1
32003001072,32,003,001072,61.45,192.55,1.05,2.04,3.02
32003001074,32,003,001074,646.57,975.73,12.74,1.96,10.78
32003001137,32,003,001137,583,563,11,0,11
32003001302,32,003,001302,1180,842,23,3,17
32003001303,32,003,001303,743,624,8,2,13
32003001304,32,003,001304,823,484,17,0,14
32003001307,32,003,001307,880,775,7,1,7
32003001309,32,003,001309,2.65,3.28,0.04,0.01,0.04
32003001318,32,003,001318,856,454,10,2,15
32003001327,32,003,001327,1051,618,23,4,18
32003001328,32,003,001328,806.48,579.8,13.19,3.73,13.1
32003001330,32,003,001330,684,882,13,6,12
32003001331,32,003,001331,780.97,535.79,9.92,6.9,6.93
32003001332,32,003,001332,323,273,7,1,3
32003001333,32,003,001333,575,523,3,2,5
32003001334,32,003,001334,782,655,15,4,8
32003001335,32,003,001335,639,664,12,0,10
32003001336,32,003,001336,612.25,432.12,3.94,0.98,5.91
32003001337,32,003,001337,839,676,14,6,11
32003001340,32,003,001340,1107.27,692.67,11.08,1.02,15.1
32003001341,32,003,001341,732,570,21,6,7
32003001342,32,003,001342,537,444,12,4,5
32003001343,32,003,001343,362,473,8,0,9
32003001344,32,003,001344,359,245,6,1,2
32003001345,32,003,001345,334,268,6,1,3
32003001346,32,003,001346,543,667,13,3,6
32003001348,32,003,001348,752.56,582.86,21.28,1.04,10.19
32003001349,32,003,001349,731.78,544.49,12.79,1.97,13.73
32003001351,32,003,001351,667,398,11,2,11
32003001352,32,003,001352,629,478,15,2,8
32003001353,32,003,001353,1175,756.2,28.53,1.96,14.79
32003001354,32,003,001354,490,305,6,2,9
32003001356,32,003,001356,954.89,711.92,13,1,21
32003001361,32,003,001361,1,1,0,0,0
32003001363,32,003,001363,1,0,0,0,0
32003001365,32,003,001365,10.47,13.19,0.14,0.03,0.13
32003001367,32,003,001367,966,670,12,4,12
32003001368,32,003,001368,902.24,590.61,3.96,2.97,14.84
32003001371,32,003,001371,9.76,12.12,0.2,0.04,0.18
32003001374,32,003,001374,0,0,0,0,0
32003001375,32,003,001375,1,0,0,0,0
32003001376,32,003,001376,10.88,11.5,0.22,0.04,0.2
32003001377,32,003,001377,17.84,18.75,0.32,0.06,0.29
32003001378,32,003,001378,218.76,233.81,4.47,0.81,4.07
32003001379,32,003,001379,0,0,0,0,0
32003001380,32,003,001380,0.67,0.67,0,0,0
32003001381,32,003,001381,11.78,14.46,0.24,0.04,0.22
32003001382,32,003,001382,0.06,0.06,0,0,0
32003001384,32,003,001384,1071.45,1134.57,21.89,3.98,19.9
32003001385,32,003,001385,3.5,4.7,0.07,0.01,0.07
32003001386,32,003,001386,0,0,0,0,0
32003001387,32,003,001387,0,0,0,0,0
32003001389,32,003,001389,557.57,514.99,10.45,0.15,8.47
32003001390,32,003,001390,1584.4,1265.42,32.96,5.09,22.29
32003001391,32,003,001391,834.52,722.98,12.95,0,13.94
32003001394,32,003,001394,547,716,7,2,2
32003001395,32,003,001395,534.74,729.68,4.02,0,8.09
32003001396,32,003,001396,548,442,10,1,8
32003001410,32,003,001410,835,811,23,4,14
32003001411,32,003,001411,616,577,9,1,6
32003001509,32,003,001509,643.12,762.46,10.52,1.97,9.96
32003001510,32,003,001510,336.47,623.28,2.07,1,7.14
32003001511,32,003,001511,517,601,12,0,8
32003001513,32,003,001513,626,975,15,4,16
32003001514,32,003,001514,672,862,12,3,18
32003001517,32,003,001517,305,418,4,1,5
32003001518,32,003,001518,620.26,868.61,10.06,2,13.31
32003001519,32,003,001519,164,386,9,1,4
32003001520,32,003,001520,321.26,360.32,0.98,0,3.91
32003001521,32,003,001521,383.31,637.28,7,3.05,9.23
32003001525,32,003,001525,651.91,848.57,0,0.98,3.93
32003001528,32,003,001528,696.47,854.07,10.36,0.21,13.33
32003001533,32,003,001533,22.36,26.63,0.32,0.06,0.29
32003001543,32,003,001543,0,0,0,0,0
32003001550,32,003,001550,349.23,508.29,4.93,0,10.85
32003001552,32,003,001552,378,443,3,6,7
32003001553,32,003,001553,18.64,13.86,0.33,0.05,0.35
32003001601,32,003,001601,574.26,382.88,7.94,4.24,15.12
32003001602,32,003,001602,527,338,8,0,14
32003001603,32,003,001603,542,300,5,0,11
32003001604,32,003,001604,550,412,7,0,6
32003001605,32,003,001605,602,381,8,1,8
32003001606,32,003,001606,240,281,5,1,10
32003001607,32,003,001607,174,140,4,1,1
32003001608,32,003,001608,726,854,9,5,16
32003001609,32,003,001609,901,693,23,2,17
32003001611,32,003,001611,775,431,9,0,9
32003001612,32,003,001612,892,833,15,2,13
32003001613,32,003,001613,476,340,8,4,4
32003001614,32,003,001614,459,414,7,0,5
32003001615,32,003,001615,521,420,12,1,5
32003001616,32,003,001616,381,356,5,2,4
32003001617,32,003,001617,705,457,6,3,15
32003001618,32,003,001618,756,485,3,1,10
32003001619,32,003,001619,891,775,16,5,16
32003001621,32,003,001621,502,351,6,1,13
32003001623,32,003,001623,261,201,2,1,9
32003001624,32,003,001624,300,245,4,2,5
32003001625,32,003,001625,449,370,5,4,7
32003001631,32,003,001631,658,460,11,0,14
32003001632,32,003,001632,388,258,6,0,7
32003001633,32,003,001633,826,405,7,3,13
32003001634,32,003,001634,609.16,235.11,8.74,4.86,6.8
32003001635,32,003,001635,483,196,8,2,5
32003001641,32,003,001641,480,349,5,3,5
32003001642,32,003,001642,347.92,178.96,7,4,5
32003001643,32,003,001643,512.98,509.57,5.39,1.43,9.34
32003001644,32,003,001644,8.35,7.11,0.17,0.01,0.11
32003001645,32,003,001645,133,84,3,0,2
32003001651,32,003,001651,170.98,399.95,4,1,1
32003001652,32,003,001652,1091,610,11,3,18
32003001653,32,003,001653,812,411,18,2,12
32003001655,32,003,001655,841,360,10,0,6
32003001661,32,003,001661,819,462,19,2,8
32003001662,32,003,001662,606,432,11,2,10
32003001664,32,003,001664,427,485,4,1,4
32003001665,32,003,001665,0,0,0,0,0
32003001668,32,003,001668,1165.44,1500.04,20.05,4,25.03
32003001669,32,003,001669,278.48,328.21,2.98,0.99,0.99
32003001670,32,003,001670,657,576,16,5,6
32003001671,32,003,001671,12.35,27.26,1.12,0.05,0.15
32003001672,32,003,001672,620,509,5,1,11
32003001673,32,003,001673,21.49,13.81,0.52,0.04,0.27
32003001674,32,003,001674,575.15,774.2,3,2,14
32003001675,32,003,001675,529.79,689.72,12,0,10
32003001676,32,003,001676,251,317,4,1,6
32003001677,32,003,001677,461,507,11,0,9
32003001678,32,003,001678,380,541,7,5,13
32003001679,32,003,001679,503,563,13,2,9
32003001680,32,003,001680,845,729,17,2,10
32003001681,32,003,001681,16.06,38.08,0,0,0
32003001682,32,003,001682,654,464,20,5,12
32003001683,32,003,001683,747.55,520.42,17.78,0.99,10.86
32003001684,32,003,001684,170,215,4,2,4
32003001685,32,003,001685,3.81,0.76,0,0,0
32003001686,32,003,001686,380.47,543.95,9.91,1.98,4.95
32003001687,32,003,001687,623,548,13,1,15
32003001688,32,003,001688,537,468,14,2,9
32003001689,32,003,001689,514,442,6,1,5
32003001691,32,003,001691,2.1,2.46,0.05,0,0.03
32003001692,32,003,001692,52.19,128.24,0,0,3
32003001693,32,003,001693,202,388,6,2,3
32003001694,32,003,001694,0,0,0,0,0
32003001695,32,003,001695,700.02,498.05,9,3,11
32003001702,32,003,001702,690,575,11,0,12
32003001703,32,003,001703,907,508,5,4,12
32003001704,32,003,001704,527.81,463.5,9.06,1.01,3.07
32003001711,32,003,001711,98.55,62.15,2.66,0,0
32003001712,32,003,001712,1111,1137,20,5,18
32003001713,32,003,001713,699.09,658.43,17,1.02,10.07
32003001715,32,003,001715,366.65,548.49,2.98,0,9.94
32003001717,32,003,001717,549.28,639.15,4.11,0.01,8.51
32003001718,32,003,001718,536.98,652.05,1.67,0,8.34
32003001719,32,003,001719,551.6,626.81,3.28,1.04,8.08
32003001720,32,003,001720,428.19,488.17,2.32,5.84,5.16
32003001721,32,003,001721,471.35,665.51,2.02,2,12.06
32003001722,32,003,001722,315.69,390.72,0,1.95,8.77
32003001727,32,003,001727,1087.59,1332.07,12.8,4.14,23.32
32003001732,32,003,001732,52,50,2,0,1
32003001750,32,003,001750,479,745,15,3,7
32003001751,32,003,001751,347.09,850.19,9.12,2.02,8.1
32003001753,32,003,001753,71,143,0,0,2
32003001903,32,003,001903,0,0,0,0,0
32003001905,32,003,001905,0,0,0,0,0
32003001906,32,003,001906,12.45,7.85,0.34,0,0
32003001907,32,003,001907,0.79,0.84,0.02,0,0.01
32003001908,32,003,001908,0,0,0,0,0
32003001909,32,003,001909,0.09,0.1,0,0,0
32003001912,32,003,001912,0,0,0,0,0
32003001915,32,003,001915,0,0,0,0,0
32003001917,32,003,001917,0,0.99,0,0,0
32003001918,32,003,001918,0,0,0,0,0
32003001919,32,003,001919,0,0,0,0,0
32003001920,32,003,001920,168.2,177.89,3.44,0.63,3.13
32003001921,32,003,001921,0,0,0,0,0
32003001922,32,003,001922,0,0,0,0,0
32003001923,32,003,001923,0,0,0,0,0
32003001924,32,003,001924,0,0,0,0,0
32003001925,32,003,001925,2.01,2.12,0.04,0.01,0.04
32003001926,32,003,001926,2.01,2.12,0.04,0.01,0.04
32003001928,32,003,001928,0,0,0,0,0
32003001929,32,003,001929,0,0,0,0,0
32003001930,32,003,001930,8.28,19.07,0.26,0.03,0.25
32003001935,32,003,001935,2.5,3.83,0.06,0.01,0.06
32003001940,32,003,001940,0,0,0,0,0
32003001943,32,003,001943,2.37,2.57,0.05,0.01,0.04
32003001946,32,003,001946,0,0,0,0,0
32003001959,32,003,001959,8.88,9.4,0.18,0.03,0.17
32003001960,32,003,001960,8.25,8.73,0.17,0.03,0.15
32003001964,32,003,001964,0,0,0,0,0
32003002008,32,003,002008,537,627,17,0,12
32003002037,32,003,002037,572,594,11,3,9
32003002044,32,003,002044,685,848,11,2,18
32003002078,32,003,002078,1.28,7.01,0.06,0.01,0.1
32003002126,32,003,002126,228,198,3,1,5
32003002352,32,003,002352,407,504,7,0,3
32003002353,32,003,002353,426.72,594.26,4.93,3.94,8.87
32003002354,32,003,002354,378.28,387.74,8.07,2.06,5.13
32003002356,32,003,002356,0,0,0,0,0
32003002360,32,003,002360,1133,468,15,3,15
32003002366,32,003,002366,681,516,9,4,10
32003002371,32,003,002371,515,469,6,2,6
32003002372,32,003,002372,612,430,13,2,14
32003002373,32,003,002373,424,362,7,0,8
32003002380,32,003,002380,681,419,13,3,15
32003002381,32,003,002381,860,385,12,1,14
32003002382,32,003,002382,922,551,11,4,19
32003002383,32,003,002383,868,564,18,8,15
32003002384,32,003,002384,920,753,30,0,25
32003002385,32,003,002385,601,451,16,3,13
32003002386,32,003,002386,825,607,12,5,8
32003002387,32,003,002387,1316.96,778.05,24,4,18
32003002390,32,003,002390,725,515,9,2,13
32003002391,32,003,002391,391,370,6,0,4
32003002392,32,003,002392,568,377,16,5,9
32003002393,32,003,002393,852,580,12,0,15
32003002394,32,003,002394,1154,616,18,7,15
32003002399,32,003,002399,1595.15,1007.47,37.57,3.12,28.24
32003002400,32,003,002400,1470.87,614.52,19.82,6.94,11.89
32003002401,32,003,002401,4,2,0,0,0
32003002405,32,003,002405,6.75,3.08,0.12,0.05,0.12
32003002406,32,003,002406,1,0,0,0,0
32003002407,32,003,002407,3,6,1,0,0
32003002408,32,003,002408,2,0,0,0,0
32003002409,32,003,002409,1034,603,25,5,17
32003002417,32,003,002417,119.19,69.36,5.86,0.98,2.93
32003002430,32,003,002430,699,346,15,5,9
32003002436,32,003,002436,0.29,2.22,0.01,0,0.01
32003002440,32,003,002440,669.47,797.36,6.99,2,6.99
32003002444,32,003,002444,136,112,5,1,0
32003002445,32,003,002445,0,0,0,0,0
32003002446,32,003,002446,845,480,21,4,13
32003002447,32,003,002447,0,0.92,0,0,0
32003002449,32,003,002449,942.14,690.34,11.02,5.02,12.03
32003002456,32,003,002456,847.31,464.81,19.37,1.94,19.37
32003002457,32,003,002457,991,1110,36,6,22
32003002458,32,003,002458,0.28,0.28,0,0,0
32003002463,32,003,002463,1242,514,17,4,16
32003002464,32,003,002464,1234.05,918.57,13.93,1,23.88
32003002465,32,003,002465,362.16,801.43,11.06,5.02,9.07
32003002466,32,003,002466,503.93,929.87,7,3,9
32003002468,32,003,002468,0.58,1.05,0.01,0,0.01
32003002469,32,003,002469,96.06,343.53,7.89,0.99,2
32003002473,32,003,002473,73.59,442.53,5.97,0,2.98
32003002476,32,003,002476,136.41,1276.47,12.03,0,12.02
32003002477,32,003,002477,704.84,1381.34,5.17,4.96,16.32
32003002478,32,003,002478,0,0,0,0,0
32003002479,32,003,002479,1086.68,703.91,19.43,3.11,18.4
32003002480,32,003,002480,909.53,681.64,17.99,4,21.99
32003002481,32,003,002481,1144,475,14,5,26
32003002483,32,003,002483,1553.29,637.23,26.96,7.71,22.4
32003002484,32,003,002484,723.48,466.62,11.55,0.89,8.89
32003002486,32,003,002486,1.5,5.41,0.12,0.02,0.03
32003002487,32,003,002487,0,0,0,0,0
32003002488,32,003,002488,0,0,0,0,0
32003002489,32,003,002489,0,0,0,0,0
32003002500,32,003,002500,602.39,640.3,2.99,2.99,5.97
32003002501,32,003,002501,9.69,26.27,1.03,0.01,0.01
32003002503,32,003,002503,2.06,5.05,0,0,0
32003002600,32,003,002600,497.77,654.88,19.22,0.92,9.15
32003002601,32,003,002601,7.12,19.57,0,0,0
32003002602,32,003,002602,55.83,95.71,1.99,1,3.99
32003002603,32,003,002603,555,705,14,1,13
32003002604,32,003,002604,512.41,468.92,16.07,3.78,3.78
32003002605,32,003,002605,460.17,633.29,9.01,3,10.01
32003002606,32,003,002606,596,409,10,1,6
32003002607,32,003,002607,860,439,10,3,15
32003002608,32,003,002608,0,0,0,0,0
32003002609,32,003,002609,6.51,2.97,0.11,0.05,0.11
32003002611,32,003,002611,796,741,23,7,14
32003002612,32,003,002612,0,0,0,0,0
32003002613,32,003,002613,648.31,653.39,14.65,3.21,9.62
32003002614,32,003,002614,475,541,14,2,8
32003002615,32,003,002615,490,686,16,5,5
32003002616,32,003,002616,440,227,7,0,18
32003002617,32,003,002617,477,324,7,2,7
32003002621,32,003,002621,662,731,19,2,15
32003002622,32,003,002622,435,521.02,11,1,14
32003002623,32,003,002623,0,1.98,0,0,0
32003002624,32,003,002624,341,558,7,2,4
32003002625,32,003,002625,1,4,0,0,0
32003002631,32,003,002631,12,12,0,0,1
32003002632,32,003,002632,1.98,23.82,0,0,0
32003002633,32,003,002633,370.26,806.4,16.57,1.54,9.61
32003002634,32,003,002634,412.55,443.03,6.33,5,13.66
32003002635,32,003,002635,622.55,756.53,7.99,3,10.99
32003002640,32,003,002640,0.07,0.19,0,0,0.01
32003002641,32,003,002641,3,1,0,0,0
32003002642,32,003,002642,26.3,49.99,0.82,0.05,1.32
32003002643,32,003,002643,617.27,931.91,12.66,1.95,13.64
32003002644,32,003,002644,383,826,7,3,8
32003002645,32,003,002645,29,85,5,0,1
32003002646,32,003,002646,3.8,9.88,0.19,0,0.38
32003002650,32,003,002650,421.92,673.99,7.87,1.97,9.83
32003002651,32,003,002651,288.15,467.3,4,1,9
32003002652,32,003,002652,869.84,816.55,18.08,5.71,17.13
32003002653,32,003,002653,382.44,783.06,8.71,1.58,7.92
32003002654,32,003,002654,351.01,462.01,8,2,8
32003002655,32,003,002655,384,674,12,4,4
32003002660,32,003,002660,313,504,10,1,6
32003002661,32,003,002661,743,908,23,4,20
32003002662,32,003,002662,119,153,4,0,6
32003002663,32,003,002663,278,684,13,0,7
32003002664,32,003,002664,9,6,0,0,0
32003002665,32,003,002665,51,138,1,0,0
32003002666,32,003,002666,1653.06,1223.46,27.72,6.93,21.78
32003002671,32,003,002671,670,1198,17,8,8
32003002672,32,003,002672,659.21,835.26,21.44,4.47,13.4
32003002673,32,003,002673,45,116,1,0,2
32003002674,32,003,002674,804.48,630.05,21.05,4.02,8.05
32003002675,32,003,002675,4.84,16.12,0,0,0
32003002676,32,003,002676,8.1,19.79,0,0,0.9
32003002681,32,003,002681,2,0,0,0,0
32003002682,32,003,002682,512.79,852.2,9.02,2.34,11.8
32003002683,32,003,002683,0,3,0,0,0
32003002684,32,003,002684,18.15,38.03,0.21,0.06,0.3
32003002685,32,003,002685,2.71,4.24,0.04,0.01,0.06
32003002691,32,003,002691,12.58,23.36,0,0,0
32003002692,32,003,002692,455.78,608.75,9.88,2.69,9.88
32003002693,32,003,002693,95.64,122.88,2.12,0.31,2.12
32003002694,32,003,002694,1,1,0,0,0
32003002695,32,003,002695,397,648,8,5,8
32003002696,32,003,002696,20,34,1,0,0
32003002700,32,003,002700,484,398,8,1,9
32003002701,32,003,002701,559.52,735.31,23.01,0,7.01
32003002702,32,003,002702,406,384,4,1,9
32003002703,32,003,002703,2,4,0,0,0
32003002704,32,003,002704,13.19,35.81,0.94,0,0
32003002705,32,003,002705,456,487,10,4,7
32003002706,32,003,002706,0.81,2.19,0.06,0,0
32003002709,32,003,002709,341,348,6,2,9
32003002710,32,003,002710,437,378,10,2,6
32003002711,32,003,002711,516,656,15,4,12
32003002713,32,003,002713,481,249,10,0,9
32003002714,32,003,002714,521,235,9,3,5
32003002715,32,003,002715,0,1,0,0,0
32003002716,32,003,002716,954.48,435.68,16.77,6.9,16.77
32003002717,32,003,002717,724,323,8,4,10
32003002720,32,003,002720,0.99,1.98,0,0,0
32003002721,32,003,002721,0.01,0.02,0,0,0
32003002722,32,003,002722,194.09,82.19,4.95,0,4.95
32003002723,32,003,002723,1.3,7.29,0.05,0.02,0.11
32003002724,32,003,002724,891.91,411.81,13.05,4,14.05
32003002725,32,003,002725,95.1,476.05,4.41,1.07,3.28
32003002726,32,003,002726,79.74,448.27,2.92,0.97,6.81
32003002727,32,003,002727,187.68,936.43,12.98,1,12.98
32003002729,32,003,002729,431.95,175.43,8.07,1,4.12
32003002730,32,003,002730,1096.23,486.51,25.19,7.02,11.19
32003002731,32,003,002731,707.5,1095.25,15.9,3.98,9.96
32003002732,32,003,002732,457.72,657.98,10.51,1.91,7.65
32003002733,32,003,002733,480,282,8,2,5
32003002734,32,003,002734,618,332,16,5,17
32003002735,32,003,002735,593,253,6,2,20
32003002736,32,003,002736,316,217,5,3,8
32003002737,32,003,002737,745,218,9,3,18
32003002738,32,003,002738,594,349,7,1,7
32003002740,32,003,002740,712,349,15,3,11
32003002742,32,003,002742,468,228,6,0,10
32003002743,32,003,002743,737,432,11,1,13
32003002745,32,003,002745,8.52,11.47,0.12,0.02,0.06
32003002746,32,003,002746,453,294,11,2,11
32003002751,32,003,002751,440,161,4,2,5
32003002752,32,003,002752,1035,311,12,8,15
32003002770,32,003,002770,62.44,19.05,1.99,0.99,2.97
32003002775,32,003,002775,416.86,752.64,4.83,2.89,9.17
32003002776,32,003,002776,752.74,1550.83,21.94,7.12,25.43
32003002904,32,003,002904,0,0.02,0,0,0
32003002906,32,003,002906,0.16,0.39,0,0,0
32003002907,32,003,002907,0,0,0,0,0
32003002911,32,003,002911,0,0,0,0,0
32003002914,32,003,002914,0,0,0,0,0
32003002916,32,003,002916,13.83,7.59,0.32,0.03,0.32
32003002917,32,003,002917,0,0,0,0,0
32003002919,32,003,002919,0,0,0,0,0
32003002920,32,003,002920,0,0,0,0,0
32003002927,32,003,002927,0,0,0,0,0
32003002930,32,003,002930,0,0,0,0,0
32003002931,32,003,002931,0,0,0,0,0
32003002934,32,003,002934,0,0,0,0,0
32003002938,32,003,002938,0,0,0,0,0
32003002946,32,003,002946,0,0,0,0,0
32003002948,32,003,002948,0.05,0.13,0.01,0,0
32003002949,32,003,002949,0,0,0,0,0
32003002951,32,003,002951,0,0,0,0,0
32003002957,32,003,002957,0,0,0,0,0
32003002959,32,003,002959,0,0,0,0,0
32003002961,32,003,002961,0,0,0,0,0
32003002962,32,003,002962,0,0,0,0,0
32003002969,32,003,002969,0,0,0,0,0
32003002970,32,003,002970,4.58,16.56,0.17,0.04,0.12
32003002971,32,003,002971,0,0,0,0,0
32003002972,32,003,002972,0,0,0,0,0
32003002973,32,003,002973,0,0,0,0,0
32003002974,32,003,002974,0,0,0,0,0
32003002975,32,003,002975,0,0,0,0,0
32003002976,32,003,002976,0,0,0,0,0
32003002977,32,003,002977,0,0,0,0,0
32003002978,32,003,002978,0,0,0,0,0
32003002979,32,003,002979,0,0,0,0,0
32003003036,32,003,003036,328,375,1,2,2
32003003037,32,003,003037,263,328,2,1,1
32003003040,32,003,003040,415.56,560.54,1.07,1.04,8.29
32003003151,32,003,003151,0,0,0,0,0
32003003152,32,003,003152,25.58,46.24,0.98,0,0.98
32003003191,32,003,003191,0,3,0,0,0
32003003217,32,003,003217,817,725,10,2,10
32003003361,32,003,003361,671,553,11,1,15
32003003363,32,003,003363,656,834,7,2,16
32003003364,32,003,003364,631,942,17,1,19
32003003365,32,003,003365,412,377,4,1,6
32003003366,32,003,003366,376,456,5,1,9
32003003370,32,003,003370,490,433,5,0,10
32003003371,32,003,003371,389.52,260,8.51,0,8.51
32003003372,32,003,003372,557,510,10,1,16
32003003373,32,003,003373,676,699,6,3,19
32003003374,32,003,003374,459,444,7,1,8
32003003375,32,003,003375,681,762,7,4,11
32003003380,32,003,003380,316,260,1,1,5
32003003381,32,003,003381,677,763,10,7,10
32003003382,32,003,003382,503.07,490.94,12.12,1.73,7.79
32003003383,32,003,003383,398.19,639.37,0.02,1.01,7.04
32003003385,32,003,003385,801,801,18,2,22
32003003386,32,003,003386,356,409,5,3,14
32003003391,32,003,003391,352,351,5,1,3
32003003392,32,003,003392,421,383,3,3,9
32003003393,32,003,003393,308,283,3,3,3
32003003395,32,003,003395,430,484,4,0,4
32003003413,32,003,003413,346,488,0,0,5
32003003414,32,003,003414,393,460,7,0,4
32003003416,32,003,003416,687,587,11,1,9
32003003417,32,003,003417,1051.83,732.91,18.82,4.95,27.73
32003003418,32,003,003418,314,359,7,0,2
32003003430,32,003,003430,574,454,4,3,9
32003003431,32,003,003431,521.46,526,4,1,8
32003003433,32,003,003433,1.54,0,0,0,0
32003003435,32,003,003435,758,606,12,3,13
32003003439,32,003,003439,1,1,0,0,0
32003003457,32,003,003457,1,6,0,0,0
32003003464,32,003,003464,483,605,4,1,4
32003003465,32,003,003465,445,468,9,0,5
32003003518,32,003,003518,1,10,0,0,1
32003003532,32,003,003532,167.86,353,5.15,0,3.44
32003003535,32,003,003535,349.89,392.89,7.43,0.79,5.67
32003003537,32,003,003537,0,0,0,0,0
32003003540,32,003,003540,137.67,281.19,7.2,0.9,1.83
32003003544,32,003,003544,510.01,670.07,11.93,0,9.94
32003003545,32,003,003545,6.94,14.11,0.37,0.05,0.09
32003003546,32,003,003546,1340.7,1330.63,38.71,4.3,26.07
32003003547,32,003,003547,795.46,1016.59,13.25,2.96,15.14
32003003552,32,003,003552,0,0,0,0,0
32003003553,32,003,003553,0,0,0,0,0
32003003557,32,003,003557,900,870,14,3,16
32003003559,32,003,003559,0,0.8,0,0,0
32003003562,32,003,003562,1,5,0,0,0
32003003564,32,003,003564,97.85,227.9,4.93,0.08,4.02
32003003565,32,003,003565,528.56,531.56,12.99,2,16.99
32003003566,32,003,003566,17.25,46.39,0.27,0.03,0.81
32003003571,32,003,003571,1.91,3.82,0.96,0,0
32003003574,32,003,003574,0,0,0,0,0
32003003576,32,003,003576,310,418,9,0,9
32003003578,32,003,003578,1.44,6.13,0,0,0.18
32003003579,32,003,003579,0.15,0.48,0,0,0.01
32003003580,32,003,003580,1.08,1.37,0.01,0,0.02
32003003581,32,003,003581,0.19,0.22,0,0,0
32003003582,32,003,003582,5.81,8.28,0,0,0.05
32003003583,32,003,003583,0,0,0,0,0
32003003584,32,003,003584,0,2,0,0,0
32003003585,32,003,003585,0,0,0,0,0
32003003586,32,003,003586,0,0,0,0,0
32003003587,32,003,003587,451.64,526.14,6.89,0.01,11.75
32003003588,32,003,003588,518.22,571.78,12.19,3.01,19.03
32003003602,32,003,003602,810.23,815.51,22.02,5.28,17.61
32003003604,32,003,003604,1157.76,817.45,22.12,2.06,22.12
32003003605,32,003,003605,100.72,319.8,3.02,0.01,1.99
32003003606,32,003,003606,495.28,501.42,14.65,1.99,7.9
32003003607,32,003,003607,821.68,510.82,27.4,2.06,15.22
32003003608,32,003,003608,475.12,1002.11,15.85,1.96,17.14
32003003609,32,003,003609,452.54,848.85,13.98,2.95,13.9
32003003610,32,003,003610,596.25,621.4,6.04,1.01,9.04
32003003611,32,003,003611,0,0,0,0,0
32003003612,32,003,003612,0,0,0,0,0
32003003613,32,003,003613,742.58,508.24,10.76,1.66,13.21
32003003700,32,003,003700,1.06,10.82,0.04,0,0
32003003701,32,003,003701,0,0,0,0,0
32003003702,32,003,003702,816.91,551.1,14.61,2.92,17.53
32003003703,32,003,003703,25.56,21.85,0.39,0.08,0.47
32003003704,32,003,003704,399.53,298.06,19,1,3
32003003705,32,003,003705,824.33,910.39,18.01,1.7,11.55
32003003706,32,003,003706,1179.83,1072.03,24.7,5.24,20.21
32003003707,32,003,003707,279.43,270.27,4.96,0,5.73
32003003708,32,003,003708,341.66,448.28,4.06,0.03,5.62
32003003709,32,003,003709,1518.54,1354.57,33.93,3.02,37.27
32003003710,32,003,003710,98,136,4,1,1
32003003711,32,003,003711,85.66,153.4,4.98,0,0
32003003712,32,003,003712,0,1,0,0,0
32003003713,32,003,003713,23,23,0,0,1
32003003714,32,003,003714,11.15,12.82,0,0,0
32003003715,32,003,003715,60.89,123.71,0.97,0.97,0.97
32003003716,32,003,003716,269.39,381.06,3.92,0.98,1.96
32003003717,32,003,003717,166.11,376.29,1.03,1.03,1.03
32003003718,32,003,003718,256.61,679.94,9.08,3.02,10.04
32003003719,32,003,003719,742.17,662.09,21.18,4.05,15.27
32003003720,32,003,003720,376,294,10,1,4
32003003721,32,003,003721,450.59,494.83,9.08,1.02,15.06
32003003722,32,003,003722,396,274,8,1,7
32003003723,32,003,003723,524.19,591.06,8,1,10.02
32003003724,32,003,003724,551.01,406.01,8,2,6
32003003725,32,003,003725,3.99,3.99,1,0,0
32003003726,32,003,003726,817,612,21,3,10
32003003727,32,003,003727,560,730,2,0,9
32003003728,32,003,003728,685.76,718.82,4.74,1.25,8.09
32003003729,32,003,003729,505.03,492.04,17,1,7
32003003730,32,003,003730,801,681,24,3,9
32003003731,32,003,003731,2.79,5.58,0.93,0,0
32003003732,32,003,003732,366.04,224.4,11.24,3,5
32003003733,32,003,003733,535,432,9,0,9
32003003734,32,003,003734,618.99,739.93,13.07,2,12.06
32003003735,32,003,003735,1.76,1.78,0.05,0.01,0.04
32003003736,32,003,003736,9.17,25.02,0.83,0,0
32003003737,32,003,003737,0,0,0,0,0
32003003738,32,003,003738,149,112,1,0,2
32003003739,32,003,003739,478,442,4,2,14
32003003740,32,003,003740,1435.13,1517.66,31,3.27,21.29
32003003741,32,003,003741,236.68,318.25,9,2.31,7.19
32003003742,32,003,003742,589.03,337.9,8.83,2.64,9.68
32003003743,32,003,003743,632.37,555.53,14.84,2.02,15.65
32003003744,32,003,003744,1,2,0,0,0
32003003745,32,003,003745,0.34,0.6,0.02,0,0
32003003746,32,003,003746,687.44,733.44,9.01,4,11.01
32003003747,32,003,003747,464,386,6,0,9
32003003748,32,003,003748,533,582,5,0,12
32003003749,32,003,003749,734,590,13,4,17
32003003750,32,003,003750,1,0,0,0,0
32003003751,32,003,003751,538,201,7,1,5
32003003752,32,003,003752,627,228,10,2,14
32003003753,32,003,003753,111,55,2,1,2
32003003754,32,003,003754,1069,563,12,2,13
32003003755,32,003,003755,450,323,7,2,2
32003003756,32,003,003756,182.75,387.32,6.99,0,2
32003003757,32,003,003757,359.81,616.16,8.95,1.18,9.44
32003003758,32,003,003758,351.74,715.15,13.06,2.04,10.13
32003003759,32,003,003759,593.43,697.63,10.92,5.95,18.85
32003003760,32,003,003760,897.42,586.76,17.02,3,14.02
32003003761,32,003,003761,590,327,9,0,6
32003003762,32,003,003762,529,378,13,2,13
32003003763,32,003,003763,0,0,0,0,0
32003003764,32,003,003764,847,448,14,3,15
32003003765,32,003,003765,811,509,16,1,14
32003003766,32,003,003766,310.68,381.4,1.03,0,6.02
32003003767,32,003,003767,6.99,31.93,0,0,0
32003003768,32,003,003768,506.01,441.07,8,1,9
32003003769,32,003,003769,476,431,6,0,10
32003003770,32,003,003770,665,395,12,2,9
32003003771,32,003,003771,435,338,6,1,8
32003003772,32,003,003772,663.71,446.81,11.99,3,9
32003003773,32,003,003773,576.84,352.9,11,1,4
32003003774,32,003,003774,423,362,6,5,11
32003003775,32,003,003775,363,315,2,2,10
32003003776,32,003,003776,0.01,0.01,0,0,0
32003003777,32,003,003777,0,3,1,0,0
32003003778,32,003,003778,0,0,0,0,0
32003003779,32,003,003779,0,0,0,0,0
32003003780,32,003,003780,612.19,695.84,20.05,3.82,9.56
32003003782,32,003,003782,258.45,222.29,11.01,2,2.01
32003003783,32,003,003783,620,367,14,4,10
32003003784,32,003,003784,492.7,290.17,8.76,0.97,12.66
32003003785,32,003,003785,502.3,247.83,8.24,1.03,14.34
32003003786,32,003,003786,793.25,720.68,18.01,4,15
32003003787,32,003,003787,654,577,15,2,19
32003003788,32,003,003788,498.08,685.16,1.93,0.97,7.72
32003003789,32,003,003789,478.36,527.3,2,2,4.99
32003003790,32,003,003790,489,494,2,0,6
32003003791,32,003,003791,453.88,236.14,4.8,1.6,6.4
32003003792,32,003,003792,460,251,0,2,4
32003003794,32,003,003794,558.78,274.65,5.36,2.12,3.5
32003003795,32,003,003795,526.34,266.21,8.84,2.28,8.1
32003003796,32,003,003796,104,49,0,1,2
32003003800,32,003,003800,434.48,432,4.49,0,8.49
32003003801,32,003,003801,361,136,3,1,3
32003003802,32,003,003802,519.85,251.93,1,4,12
32003003803,32,003,003803,29.15,18.07,1,2,0
32003003804,32,003,003804,657,360,13,4,11
32003003805,32,003,003805,59,20,1,0,1
32003003806,32,003,003806,279,256,6,0,9
32003003807,32,003,003807,611,587,8,1,13
32003003808,32,003,003808,423,464,3,3,8
32003003809,32,003,003809,516,402,7,1,11
32003003811,32,003,003811,727,305,6,3,7
32003003812,32,003,003812,141,71,0,0,1
32003003813,32,003,003813,627,311,9,2,10
32003003814,32,003,003814,445,269,15,1,10
32003003815,32,003,003815,460.42,280.24,8.04,4,6
32003003821,32,003,003821,3.93,0.84,0,0,0
32003003822,32,003,003822,10.54,30.67,0.96,0,0
32003003823,32,003,003823,7.08,1.52,0,0,0
32003003824,32,003,003824,143.1,96.33,4.11,0.78,0.1
32003003825,32,003,003825,4.27,0.86,0.04,0.01,0
32003003826,32,003,003826,203,167,2,0,2
32003003831,32,003,003831,79.65,61.55,2.85,0.21,0.9
32003003832,32,003,003832,30.85,35.52,0.88,0.15,0.88
32003003833,32,003,003833,180.15,207.48,5.12,0.85,5.12
32003003834,32,003,003834,601,282,13,3,10
32003003841,32,003,003841,859,314,17,4,15
32003003842,32,003,003842,599,311,11,0,7
32003003843,32,003,003843,787,376,14,3,16
32003003844,32,003,003844,448.92,295.33,3.02,4.01,13.02
32003003845,32,003,003845,23.05,37.04,1.23,0,0.41
32003003851,32,003,003851,1,0,0,0,0
32003003852,32,003,003852,71.36,97.13,0.99,0.99,1.98
32003003853,32,003,003853,16.42,18.24,0,0,0
32003003854,32,003,003854,505.58,283.76,8,6,5
32003003855,32,003,003855,847,335,6,6,21
32003003863,32,003,003863,455,338,9,4,9
32003003864,32,003,003864,742,536,22,5,9
32003003866,32,003,003866,161,179,0,0,1
32003003875,32,003,003875,0,0,0,0,0
32003003881,32,003,003881,0,0,0,0,0
32003003902,32,003,003902,0,0,0,0,0
32003003904,32,003,003904,0,0,0,0,0
32003003905,32,003,003905,0,0,0,0,0
32003003906,32,003,003906,0.03,0.34,0,0,0
32003003907,32,003,003907,0,0,0,0,0
32003003908,32,003,003908,0,0,0,0,0
32003003909,32,003,003909,0,0,0,0,0
32003003910,32,003,003910,0,0,0,0,0
32003003912,32,003,003912,0,0.03,0,0,0
32003003914,32,003,003914,0,0,0,0,0
32003003915,32,003,003915,0,0,0,0,0
32003003917,32,003,003917,0,0,0,0,0
32003003938,32,003,003938,0,0,0,0,0
32003003964,32,003,003964,0.78,2.48,0.03,0,0.02
32003003979,32,003,003979,0,0,0,0,0
32003003981,32,003,003981,0,0,0,0,0
32003003982,32,003,003982,3.32,10.53,0,0,0.18
32003003984,32,003,003984,0,0,0,0,0
32003003985,32,003,003985,0,0,0,0,0
32003003988,32,003,003988,0,0,0,0,0
32003003989,32,003,003989,0,0,0,0,0
32003003990,32,003,003990,0,0,0,0,0
32003003991,32,003,003991,0,0,0,0,0
32003003992,32,003,003992,0,0,0,0,0
32003003993,32,003,003993,0,0,0,0,0
32003003994,32,003,003994,0,0,0,0,0
32003003995,32,003,003995,0,0,0,0,0
32003004017,32,003,004017,781,93,3,2,15
32003004028,32,003,004028,625,48,5,0,10
32003004066,32,003,004066,54,14,0,0,1
32003004069,32,003,004069,44,25,1,0,0
32003004073,32,003,004073,15.12,14.03,0,1,0
32003004075,32,003,004075,0,0,0,0,0
32003004076,32,003,004076,1.64,2.16,1,0,0.01
32003004304,32,003,004304,788,267,11,1,10
32003004305,32,003,004305,950,272,13,5,19
32003004306,32,003,004306,988,292,8,6,16
32003004307,32,003,004307,825,259,8,0,11
32003004309,32,003,004309,580,109,4,1,14
32003004310,32,003,004310,609.17,52.58,2.98,0.99,6.94
32003004381,32,003,004381,337,147,4,0,6
32003004384,32,003,004384,490,156,5,0,7
32003004387,32,003,004387,837,254,9,1,12
32003004415,32,003,004415,322,64,1,3,6
32003004434,32,003,004434,53,69,1,0,0
32003004454,32,003,004454,1.23,0,0,0,0
32003004461,32,003,004461,910,107,6,5,8
32003004463,32,003,004463,39,11,0,1,0
32003004467,32,003,004467,403,30,3,1,10
32003004500,32,003,004500,475,227,5,1,3
32003004501,32,003,004501,1039,651,11,2,20
32003004502,32,003,004502,550,272,10,2,15
32003004504,32,003,004504,1156,422,18,2,16
32003004505,32,003,004505,601.81,273.25,9.22,3.35,6.71
32003004506,32,003,004506,664,344,8,2,11
32003004507,32,003,004507,978.34,218.18,8.97,2.99,14.94
32003004508,32,003,004508,496,65,3,3,7
32003004510,32,003,004510,380.87,174.77,2.9,3.83,9.8
32003004511,32,003,004511,0.13,0.03,0,0,0
32003004512,32,003,004512,309,206,3,3,8
32003004513,32,003,004513,277,205,3,0,2
32003004514,32,003,004514,779,213,9,3,14
32003004522,32,003,004522,324,169,2,1,5
32003004523,32,003,004523,472,161,5,1,8
32003004525,32,003,004525,517,253,3,2,6
32003004526,32,003,004526,517,95,1,1,9
32003004527,32,003,004527,965.43,227.82,9.03,6.01,17.06
32003004528,32,003,004528,933,227,6,5,15
32003004529,32,003,004529,631.11,160.77,3,2,4.99
32003004530,32,003,004530,567,230,5,2,5
32003004531,32,003,004531,803,300,22,3,16
32003004532,32,003,004532,544,153,3,4,2
32003004535,32,003,004535,764,282,10,6,9
32003004536,32,003,004536,802,301,11,1,13
32003004540,32,003,004540,404,179,8,1,3
32003004541,32,003,004541,702,248,8,4,15
32003004543,32,003,004543,315.53,111.5,3.62,4.35,7.44
32003004546,32,003,004546,573.11,221.29,5.68,3.39,6.48
32003004547,32,003,004547,295,96,7,0,9
32003004548,32,003,004548,253.36,78.21,5.7,3.26,4.07
32003004549,32,003,004549,290,122,9,2,3
32003004550,32,003,004550,269,78,3,0,7
32003004551,32,003,004551,420,144,6,0,10
32003004552,32,003,004552,603,170,7,1,6
32003004553,32,003,004553,914,327,9,7,16
32003004554,32,003,004554,213,26,0,1,0
32003004555,32,003,004555,540,165,6,3,9
32003004556,32,003,004556,492,148,3,2,5
32003004557,32,003,004557,651,186,9,2,3
32003004559,32,003,004559,630,151,15,3,21
32003004560,32,003,004560,380,136,3,1,4
32003004561,32,003,004561,454,164,4,2,3
32003004562,32,003,004562,283,125,2,0,2
32003004563,32,003,004563,258,160,4,0,4
32003004564,32,003,004564,110,22,1,1,3
32003004565,32,003,004565,832.27,295.82,13.04,6,16.04
32003004566,32,003,004566,675,230,11,4,9
32003004567,32,003,004567,987,277,7,4,13
32003004568,32,003,004568,82,20,0,1,2
32003004569,32,003,004569,557,135,5,2,1
32003004571,32,003,004571,69.79,30.52,1.43,0,0.43
32003004572,32,003,004572,0.52,0,0,0,0
32003004573,32,003,004573,113.42,33.66,1.53,0,1.53
32003004574,32,003,004574,0,0,0,0,0
32003004577,32,003,004577,941,256,11,2,13
32003004581,32,003,004581,927,354,15,4,15
32003004582,32,003,004582,681,284,3,0,8
32003004583,32,003,004583,782,263,5,1,10
32003004584,32,003,004584,687,263,12,2,19
32003004585,32,003,004585,506,172,9,2,10
32003004586,32,003,004586,1105,503,11,8,14
32003004590,32,003,004590,353.83,81.42,2.02,1.01,1.06
32003004591,32,003,004591,171.58,31.37,0.98,0,5.88
32003004592,32,003,004592,72,24,0,0,1
32003004593,32,003,004593,355,88,4,1,6
32003004594,32,003,004594,1,0,0,0,0
32003004596,32,003,004596,86,24,2,0,1
32003004597,32,003,004597,821,180,5,1,7
32003004598,32,003,004598,499,146,9,0,8
32003004599,32,003,004599,551,126,6,2,5
32003004601,32,003,004601,55,38,0,1,0
32003004602,32,003,004602,522,185,6,1,12
32003004603,32,003,004603,301,149,6,0,2
32003004604,32,003,004604,284.54,100.43,4.11,2.14,3.35
32003004605,32,003,004605,1185,472,15,1,18
32003004606,32,003,004606,53,18,2,0,0
32003004611,32,003,004611,417,170,9,4,10
32003004612,32,003,004612,751.05,363,15,2,9
32003004613,32,003,004613,9.46,4.04,0.07,0.09,0.22
32003004614,32,003,004614,82,35,1,0,2
32003004615,32,003,004615,1,0,0,0,0
32003004616,32,003,004616,895.51,100.38,2.95,3.94,15.75
32003004621,32,003,004621,476,474,11,2,7
32003004623,32,003,004623,694,453,9,4,7
32003004633,32,003,004633,627.51,382.56,10.06,1.02,7.02
32003004634,32,003,004634,907,444,11,2,16
32003004635,32,003,004635,428,234,3,1,11
32003004636,32,003,004636,0.21,2.22,0.01,0,0
32003004637,32,003,004637,0,0,0,0,0
32003004638,32,003,004638,0,0,0,0,0
32003004641,32,003,004641,79.28,82.22,2.94,0.98,0.98
32003004642,32,003,004642,381,155,4,2,6
32003004643,32,003,004643,350,112,4,1,4
32003004645,32,003,004645,10.42,2.41,0.07,0.01,0.15
32003004650,32,003,004650,176.34,20.75,0.94,0,0.94
32003004651,32,003,004651,1.57,0.36,0.01,0,0.02
32003004652,32,003,004652,695.66,159.48,4.97,0.98,9.88
32003004902,32,003,004902,0,0,0,0,0
32003004903,32,003,004903,0,0,0,0,0
32003005003,32,003,005003,97,42,0,0,3
32003005014,32,003,005014,0,0,0,0,0
32003005029,32,003,005029,643,273,8,2,17
32003005034,32,003,005034,731.87,308.44,5.02,4.01,6.02
32003005036,32,003,005036,549,345,6,2,7
32003005047,32,003,005047,729,677,6,0,11
32003005056,32,003,005056,355,113,3,0,9
32003005323,32,003,005323,630,275,7,2,10
32003005324,32,003,005324,494,378,8,0,7
32003005326,32,003,005326,403,464,8,2,11
32003005330,32,003,005330,850,561,11,3,11
32003005332,32,003,005332,289,121,2,2,5
32003005333,32,003,005333,579,265,10,1,11
32003005350,32,003,005350,629,249,3,1,8
32003005356,32,003,005356,280,142,1,0,2
32003005372,32,003,005372,514,176,3,3,7
32003005384,32,003,005384,389.37,177.71,5.99,3,2
32003005390,32,003,005390,363,262,6,1,5
32003005393,32,003,005393,420,359,7,4,12
32003005394,32,003,005394,422,454,3,2,11
32003005395,32,003,005395,246.68,269.38,1.03,1.01,1.07
32003005396,32,003,005396,575.09,421.35,2.57,0.88,6.06
32003005397,32,003,005397,828.91,693.65,4.43,3.12,14.94
32003005400,32,003,005400,381,248,4,0,8
32003005403,32,003,005403,350.13,178.56,7.98,2.99,9.98
32003005404,32,003,005404,670,330,8,2,7
32003005405,32,003,005405,756,383,6,6,21
32003005410,32,003,005410,673,375,4,4,8
32003005412,32,003,005412,710,372,5,0,12
32003005413,32,003,005413,738,388,11,1,14
32003005417,32,003,005417,500,231,6,4,11
32003005425,32,003,005425,514,284,10,1,7
32003005430,32,003,005430,646,354,9,2,13
32003005500,32,003,005500,1.46,1.4,0.02,0.01,0.02
32003005501,32,003,005501,192.54,185.6,1.98,0.99,1.98
32003005502,32,003,005502,2.84,3.76,0.05,0.02,0
32003005503,32,003,005503,0,0,0,0,0
32003005504,32,003,005504,474,407,10,1,9
32003005505,32,003,005505,639,437,5,1,12
32003005506,32,003,005506,0,0,0,0,0
32003005511,32,003,005511,344,191,3,0,5
32003005512,32,003,005512,617,343,7,3,13
32003005513,32,003,005513,810,464,21,2,8
32003005515,32,003,005515,339,282,3,4,2
32003005521,32,003,005521,287,194,5,1,4
32003005522,32,003,005522,572,284,6,4,13
32003005523,32,003,005523,582,413,8,1,6
32003005524,32,003,005524,185,247,2,1,2
32003005525,32,003,005525,126,206,2,1,1
32003005531,32,003,005531,213,263,10,1,4
32003005532,32,003,005532,339,213,3,2,5
32003005533,32,003,005533,517,261,4,4,4
32003005534,32,003,005534,334,184,8,0,5
32003005535,32,003,005535,322,169,3,0,8
32003005536,32,003,005536,647,309,11,0,10
32003005537,32,003,005537,620,274,4,2,10
32003005541,32,003,005541,65,37,1,1,3
32003005542,32,003,005542,435,134,6,1,4
32003005543,32,003,005543,286,80,7,1,3
32003005544,32,003,005544,580,279,9,1,8
32003005545,32,003,005545,858.51,553.65,12.01,3,13.01
32003005552,32,003,005552,600,411,9,4,9
32003005553,32,003,005553,445,262,6,0,5
32003005554,32,003,005554,449,364,7,5,7
32003005555,32,003,005555,399.36,290.49,5.89,2.63,5.47
32003005560,32,003,005560,477,343,5,0,7
32003005561,32,003,005561,0,0,0,0,0
32003005562,32,003,005562,376.64,234.51,7.11,2.37,5.53
32003005563,32,003,005563,0,0,0,0,0
32003005564,32,003,005564,542,238,11,3,7
32003005565,32,003,005565,612,293,12,2,16
32003005566,32,003,005566,453,336,5,1,9
32003005567,32,003,005567,533,355,7,3,11
32003005568,32,003,005568,487,390,6,0,6
32003005569,32,003,005569,441,356,9,4,10
32003005570,32,003,005570,554,514,10,1,5
32003005571,32,003,005571,650,367,6,2,6
32003005572,32,003,005572,562,379,14,3,14
32003005573,32,003,005573,465,306,4,0,12
32003005574,32,003,005574,178.11,163.19,2.99,0,2.99
32003005575,32,003,005575,280.89,174.81,11.01,1,6.01
32003005576,32,003,005576,332,252,4,1,5
32003005577,32,003,005577,383,240,4,2,2
32003005578,32,003,005578,355,230,9,1,7
32003005579,32,003,005579,239,121,2,4,2
32003005580,32,003,005580,644.78,263.5,2.99,6.99,13.97
32003005581,32,003,005581,718,194,11,1,5
32003005582,32,003,005582,594,304,2,3,13
32003005583,32,003,005583,471,184,7,2,9
32003005584,32,003,005584,417,161,7,1,6
32003005585,32,003,005585,632,260,12,2,10
32003005586,32,003,005586,569,229,3,5,8
32003005587,32,003,005587,584,511,9,0,9
32003005588,32,003,005588,169.2,179.45,2.9,0.01,3.85
32003005589,32,003,005589,182.82,232.5,2.98,0,2.98
32003005590,32,003,005590,1.22,0.5,0.01,0.01,0.03
32003005591,32,003,005591,349.54,196.74,5.99,0,3
32003005592,32,003,005592,425.46,204.26,4.01,3,6
32003005593,32,003,005593,485,276,9,0,9
32003005594,32,003,005594,451,353,7,3,10
32003005595,32,003,005595,387,196,11,4,10
32003005596,32,003,005596,750,291,7,3,11
32003005597,32,003,005597,253,93,9,2,4
32003005598,32,003,005598,701,305,8,1,14
32003005599,32,003,005599,13.63,14.29,0.01,0,0
32003005601,32,003,005601,646,395,11,2,8
32003005603,32,003,005603,669,515,19,1,16
32003005604,32,003,005604,739,469,12,4,14
32003005612,32,003,005612,337,193,4,3,13
32003005613,32,003,005613,556,237,8,4,11
32003005614,32,003,005614,438,108,12,4,5
32003005615,32,003,005615,283,202,4,1,3
32003005616,32,003,005616,469,368,7,7,6
32003005617,32,003,005617,1005,388,6,1,9
32003005620,32,003,005620,829,441,12,5,11
32003005621,32,003,005621,437,241,9,1,5
32003005622,32,003,005622,336,140,5,2,5
32003005623,32,003,005623,654,367,10,6,15
32003005624,32,003,005624,432,335,9,0,8
32003005625,32,003,005625,406,284,5,1,7
32003005631,32,003,005631,373,226,8,2,4
32003005632,32,003,005632,540,247,4,2,9
32003005633,32,003,005633,461,199,5,1,9
32003005634,32,003,005634,283,177,3,1,5
32003005635,32,003,005635,950.32,482.62,6.97,1.99,14.93
32003005636,32,003,005636,459,310,8,0,6
32003005641,32,003,005641,40.7,47.65,3.97,0,0
32003005642,32,003,005642,274,186,4,1,6
32003005643,32,003,005643,21.69,18.61,0.53,0.18,0.59
32003005644,32,003,005644,0,0,0,0,0
32003005649,32,003,005649,405.01,513.01,6,0,4
32003005650,32,003,005650,915,986,17,3,21
32003005651,32,003,005651,115.16,152.24,1.95,0.98,0
32003005652,32,003,005652,387.09,735.56,4.01,2,5.02
32003005653,32,003,005653,575.73,589.68,14.94,3.98,20.92
32003005654,32,003,005654,344.31,295.39,8.47,2.82,9.41
32003005655,32,003,005655,617.23,887.02,6.97,1.99,9.96
32003005903,32,003,005903,0,0,0,0,0
32003005904,32,003,005904,0,0,0,0,0
32003005905,32,003,005905,0,0,0,0,0
32003005906,32,003,005906,1.97,3.03,0.02,0.01,0.04
32003006040,32,003,006040,381.37,341.14,6.01,4,9
32003006057,32,003,006057,578,496,3,0,3
32003006062,32,003,006062,395,313,6,3,6
32003006066,32,003,006066,373.95,277.54,4.24,1.14,12.19
32003006109,32,003,006109,879,489,12,4,10
32003006362,32,003,006362,498,211,6,1,7
32003006424,32,003,006424,572,351,15,4,9
32003006431,32,003,006431,520,365,11,1,19
32003006434,32,003,006434,279.51,214.2,6.01,0,5.01
32003006440,32,003,006440,497,408,8,2,6
32003006463,32,003,006463,563,340,8,0,14
32003006467,32,003,006467,160.01,215.01,1,1,5
32003006468,32,003,006468,920.57,813.01,11.47,0.09,13.47
32003006469,32,003,006469,724,627,18,0,14
32003006470,32,003,006470,795,618,8,3,12
32003006471,32,003,006471,765,598,9,1,13
32003006475,32,003,006475,775,477,13,2,15
32003006477,32,003,006477,407,406,10,2,5
32003006484,32,003,006484,179.2,213.95,3.66,0.61,2.44
32003006486,32,003,006486,554.68,435.1,12.44,1.04,10.36
32003006487,32,003,006487,257,531,3,1,6
32003006488,32,003,006488,34.71,55.53,2.98,0,0.99
32003006490,32,003,006490,393,532,5,1,5
32003006492,32,003,006492,1445,1178,26,4,26
32003006493,32,003,006493,562,585,7,1,10
32003006494,32,003,006494,435,428,3,2,3
32003006496,32,003,006496,0,0,0,0,0
32003006497,32,003,006497,849,891,12,0,8
32003006498,32,003,006498,42.57,144.92,0.07,0.01,1.19
32003006499,32,003,006499,844.34,678.55,9.06,1.81,9.06
32003006500,32,003,006500,9.99,12.21,0,0,0
32003006512,32,003,006512,449,772,9,0,15
32003006513,32,003,006513,182.31,300.85,3.59,0.9,6.29
32003006514,32,003,006514,676.69,654.15,14.41,2.1,9.71
32003006515,32,003,006515,372,479,1,0,6
32003006517,32,003,006517,967,990,17,3,14
32003006520,32,003,006520,493.14,481.38,4.9,0,7.84
32003006521,32,003,006521,609,600,18,1,10
32003006522,32,003,006522,379,497,4,0,7
32003006526,32,003,006526,391,444,1,1,11
32003006527,32,003,006527,1297.8,1318.05,21.34,3.39,32.56
32003006530,32,003,006530,590,619,10,1,6
32003006531,32,003,006531,1293.05,1007.65,25.4,6,15.14
32003006533,32,003,006533,587.14,419.13,10,1,8
32003006538,32,003,006538,514,370,4,1,3
32003006539,32,003,006539,710,595,7,3,8
32003006540,32,003,006540,1008.91,774.16,18.98,3,10.99
32003006544,32,003,006544,506.95,496.35,10.6,0,3.86
32003006545,32,003,006545,643,449,11,2,8
32003006547,32,003,006547,823,694,18,2,17
32003006548,32,003,006548,624.15,579.17,9,5,10
32003006549,32,003,006549,682,496,5,1,3
32003006600,32,003,006600,650.68,694.15,4.17,2.02,10.15
32003006601,32,003,006601,670,577,10,2,13
32003006602,32,003,006602,648,497,14,4,10
32003006604,32,003,006604,823,472,18,1,12
32003006605,32,003,006605,98,59,0,0,0
32003006606,32,003,006606,643,299,15,2,11
32003006607,32,003,006607,645,382,12,4,14
32003006608,32,003,006608,131,41,6,0,4
32003006609,32,003,006609,943,627,20,2,24
32003006610,32,003,006610,1018.17,1190.68,19.83,1.98,17.85
32003006611,32,003,006611,399,388,4,1,7
32003006612,32,003,006612,655.59,455.61,11.44,5.92,8.24
32003006613,32,003,006613,373,378,7,1,10
32003006614,32,003,006614,0,0,0,0,0
32003006615,32,003,006615,160.68,195.69,0.54,1.06,2.72
32003006617,32,003,006617,1.42,0.93,0.03,0.01,0.02
32003006621,32,003,006621,523.31,429.76,12,1.01,10.02
32003006622,32,003,006622,579,301,8,2,9
32003006625,32,003,006625,352,436,5,1,4
32003006631,32,003,006631,355,336,9,2,8
32003006632,32,003,006632,364,318,8,1,7
32003006633,32,003,006633,556,515,8,4,12
32003006634,32,003,006634,367,462,3,2,11
32003006635,32,003,006635,491.28,612.08,8.03,2.01,10.04
32003006642,32,003,006642,416.72,396.92,2.97,0.99,3.96
32003006643,32,003,006643,550,453,12,2,10
32003006644,32,003,006644,697,607,8,2,11
32003006645,32,003,006645,710,573,13,5,19
32003006648,32,003,006648,760,526,13,3,13
32003006649,32,003,006649,731,524,19,1,8
32003006651,32,003,006651,813.73,742.61,9.55,1.32,15.55
32003006652,32,003,006652,278,355,2,0,7
32003006653,32,003,006653,417.27,374.39,5.45,0.68,5.45
32003006654,32,003,006654,600,467,9,4,16
32003006655,32,003,006655,532,585,7,2,9
32003006656,32,003,006656,545.86,525.87,7,1,11
32003006657,32,003,006657,659,643,7,4,8
32003006658,32,003,006658,1051,1036,12,3,16
32003006661,32,003,006661,527,501,8,1,11
32003006662,32,003,006662,324,414,8,4,5
32003006663,32,003,006663,373,292,16,2,3
32003006664,32,003,006664,411,261,4,0,6
32003006665,32,003,006665,508,470,6,3,10
32003006666,32,003,006666,789,653,19,1,10
32003006667,32,003,006667,495.93,568.15,19.26,0.96,8.67
32003006671,32,003,006671,364,267,7,1,6
32003006672,32,003,006672,450,354,8,1,4
32003006673,32,003,006673,916,657,18,4,13
32003006674,32,003,006674,545,404,7,0,16
32003006675,32,003,006675,483,483,7,0,14
32003006681,32,003,006681,474,685,6,1,6
32003006683,32,003,006683,236,363,3,1,4
32003006684,32,003,006684,212,304,5,0,3
32003006685,32,003,006685,514,384,11,4,9
32003006686,32,003,006686,453,316,7,0,4
32003006691,32,003,006691,348,236,9,0,9
32003006692,32,003,006692,351,314,5,0,7
32003006693,32,003,006693,839,526,14,1,15
32003006694,32,003,006694,379,348,9,1,5
32003006695,32,003,006695,570,471,8,2,5
32003006700,32,003,006700,9.86,9.62,0.1,0,0.16
32003006701,32,003,006701,307,303,3,0,7
32003006702,32,003,006702,516,382,7,2,6
32003006703,32,003,006703,701.57,428.64,14,3.5,16.62
32003006704,32,003,006704,584,333,9,1,9
32003006705,32,003,006705,431,188,8,1,12
32003006706,32,003,006706,458,233,6,2,8
32003006707,32,003,006707,876.47,722.89,10.07,2.27,13.28
32003006708,32,003,006708,586,480,6,2,11
32003006709,32,003,006709,341,302,3,2,4
32003006710,32,003,006710,994.43,493.99,15.14,2,11.19
32003006711,32,003,006711,0.94,0,0,0,0
32003006712,32,003,006712,173.75,314.75,4.11,0.11,5.05
32003006713,32,003,006713,267,185,7,0,7
32003006714,32,003,006714,287.64,184.77,4.99,1,8.99
32003006715,32,003,006715,496,428,7,3,2
32003006716,32,003,006716,853.15,785.36,14.06,1.02,13.06
32003006717,32,003,006717,453.94,508.86,6,1,4
32003006718,32,003,006718,462.01,359.49,4.58,1.83,5.5
32003006719,32,003,006719,792,790,16,1,15
32003006720,32,003,006720,334,330,10,0,5
32003006721,32,003,006721,705,606,13,0,10
32003006722,32,003,006722,0,1.16,0,0,0
32003006723,32,003,006723,117.49,79.65,1,1,1.99
32003006724,32,003,006724,893.58,580.12,5.35,1.11,8.39
32003006725,32,003,006725,854.06,746.14,18,2,12
32003006726,32,003,006726,364,527,3,0,7
32003006727,32,003,006727,421.7,456.6,2.99,1,7.98
32003006728,32,003,006728,915,1337.84,11,3,21
32003006729,32,003,006729,283,256,3,0,5
32003006730,32,003,006730,1128.63,742.02,16.32,3.76,24.42
32003006731,32,003,006731,568.82,532.06,4.82,0.96,10.58
32003006732,32,003,006732,655,516,15,4,8
32003006733,32,003,006733,1047,743,16,2,21
32003006734,32,003,006734,778.1,604.44,9.47,3.09,10.47
32003006735,32,003,006735,1279,999,24,3,16
32003006736,32,003,006736,434,355,2,1,9
32003006737,32,003,006737,1358.37,1007.98,16.68,2.24,13.58
32003006738,32,003,006738,1009,741,11,2,19
32003006739,32,003,006739,575,324,14,0,10
32003006740,32,003,006740,771.77,575.62,10.08,1.06,9.13
32003006750,32,003,006750,768.18,555.12,5.95,1.29,13.02
32003006751,32,003,006751,874.67,709.52,11.99,3.69,12.92
32003006752,32,003,006752,877.01,847.77,17.49,5.04,15.41
32003006753,32,003,006753,629,544,15,4,9
32003006914,32,003,006914,0,0,0,0,0
32003007012,32,003,007012,597.29,278.61,13.1,4.63,12.14
32003007047,32,003,007047,533.77,389.83,11,3,6
32003007048,32,003,007048,574,445,8,1,12
32003007049,32,003,007049,428,303,3,2,9
32003007050,32,003,007050,384,396,2,0,7
32003007054,32,003,007054,536.58,274.59,8.13,5.05,4.09
32003007079,32,003,007079,637.02,275.42,9.29,4.22,6.76
32003007097,32,003,007097,565,280,13,2,10
32003007311,32,003,007311,394,240,8,2,8
32003007312,32,003,007312,654.61,270.84,10.99,3,8.99
32003007332,32,003,007332,651,242,8,3,9
32003007334,32,003,007334,264.57,112.57,4.99,0.08,3.88
32003007341,32,003,007341,185.42,81.46,3.72,1.21,1.28
32003007351,32,003,007351,322.79,518.66,6,2,6
32003007352,32,003,007352,371.21,840.34,9,4,9
32003007354,32,003,007354,438,563,9,2,14
32003007355,32,003,007355,663.1,666.56,16.18,4.07,7.1
32003007356,32,003,007356,244,454,12,2,7
32003007357,32,003,007357,532.9,581.44,18.82,6.93,10.9
32003007358,32,003,007358,166,178,4,0,4
32003007359,32,003,007359,584.27,711.68,12.94,1.99,9.95
32003007360,32,003,007360,293.34,520.95,3.92,2.94,7.85
32003007361,32,003,007361,188.73,375.57,7.55,3.77,6.61
32003007366,32,003,007366,1517,1396,32,3,25
32003007387,32,003,007387,432,299,15,3,14
32003007395,32,003,007395,559,368,8,0,16
32003007402,32,003,007402,551.15,416.68,11.36,2.06,8.3
32003007403,32,003,007403,629,552,11,1,14
32003007405,32,003,007405,657,646,7,1,15
32003007410,32,003,007410,538,561,18,3,7
32003007411,32,003,007411,705,574,13,1,18
32003007413,32,003,007413,1031.99,818.5,17.88,2.97,13.81
32003007414,32,003,007414,1121,829,9,3,16
32003007415,32,003,007415,706,627,15,1,19
32003007416,32,003,007416,490,299,10,1,10
32003007417,32,003,007417,552.81,357.81,16.02,3,6.02
32003007422,32,003,007422,776,644,20,3,14
32003007430,32,003,007430,627,631,11,5,15
32003007500,32,003,007500,852.3,701.35,17.03,6,16
32003007501,32,003,007501,120.52,70.72,2.99,1,1
32003007502,32,003,007502,265.67,239.16,2.6,1.56,3.64
32003007503,32,003,007503,204,128,4,1,7
32003007504,32,003,007504,188.98,99.58,7.71,0.78,3.24
32003007505,32,003,007505,2.45,1.59,0.03,0.03,0.02
32003007506,32,003,007506,306.39,154.16,4.01,1,7.01
32003007507,32,003,007507,743,473,7,1,10
32003007508,32,003,007508,250.72,162.57,2.94,2.94,1.96
32003007509,32,003,007509,556,249,21,0,12
32003007511,32,003,007511,2.84,1.84,0.03,0.03,0.02
32003007512,32,003,007512,335,215,11,0,7
32003007513,32,003,007513,945,449,11,6,13
32003007514,32,003,007514,0,0,0,0,0
32003007515,32,003,007515,620,592,4,1,6
32003007521,32,003,007521,15,6,0,0,0
32003007522,32,003,007522,1447,771,22,4,17
32003007523,32,003,007523,167,110,0,0,1
32003007524,32,003,007524,531.25,326.6,9.12,3,7.09
32003007525,32,003,007525,431,229,9,3,7
32003007526,32,003,007526,338,161,12,0,2
32003007527,32,003,007527,432,233,10,1,8
32003007528,32,003,007528,843,459,10,5,10
32003007529,32,003,007529,527.83,291.97,10.03,3.91,7.51
32003007530,32,003,007530,447.23,318.17,8,2,11
32003007531,32,003,007531,541,303,8,1,6
32003007532,32,003,007532,491,323,9,3,13
32003007533,32,003,007533,0,0,0,0,0
32003007534,32,003,007534,786.7,1653.37,7,4,23.99
32003007535,32,003,007535,0.08,0.14,0.01,0,0
32003007536,32,003,007536,336,844,6,1,9
32003007541,32,003,007541,0.8,0,0,0,0
32003007542,32,003,007542,11.47,21.07,0.96,0,0
32003007543,32,003,007543,0.98,1.56,0,0,0
32003007545,32,003,007545,382.85,747.07,10,1.29,12
32003007550,32,003,007550,12.52,19.46,0.02,0.61,0
32003007551,32,003,007551,245,666,14,2,8
32003007552,32,003,007552,351.63,621.59,8.97,2.99,11.95
32003007553,32,003,007553,385,471,17,2,10
32003007554,32,003,007554,274,458,6,2,7
32003007555,32,003,007555,446.64,811.13,17.02,5.01,15.02
32003007561,32,003,007561,330.38,655.84,8.88,2.96,8.88
32003007562,32,003,007562,310,648,12,2,5
32003007563,32,003,007563,212,473,2,0,10
32003007564,32,003,007564,280.6,643.88,7.77,1.06,8.74
32003007569,32,003,007569,647,651,10,3,19
32003007570,32,003,007570,353,396,5,2,9
32003007571,32,003,007571,400,349,10,3,17
32003007572,32,003,007572,461,458,18,7,13
32003007573,32,003,007573,475,689,14,1,11
32003007574,32,003,007574,452,659,14,2,9
32003007575,32,003,007575,239,444,13,1,3
32003007581,32,003,007581,502,880,10,3,10
32003007582,32,003,007582,644,743,12,1,7
32003007583,32,003,007583,546,916,8,6,14
32003007584,32,003,007584,426,768,13,5,15
32003007585,32,003,007585,306,762,3,1,8
32003007590,32,003,007590,77.93,82.93,3.57,0,0.71
32003007591,32,003,007591,355,494,9,3,9
32003007592,32,003,007592,512.03,505.78,12.16,0,1.26
32003007593,32,003,007593,663.39,1115.9,25.32,4.4,14.85
32003007594,32,003,007594,716.11,971.66,18.12,3.81,18.12
32003007595,32,003,007595,262.92,681.46,4.53,1.28,4.55
32003007596,32,003,007596,191.5,313.43,1.56,0.78,7.03
32003007601,32,003,007601,490.83,941.17,17.78,2.96,20.74
32003007602,32,003,007602,565,888,16,1,10
32003007603,32,003,007603,715.53,1215.5,21.95,2,15.97
32003007604,32,003,007604,472.39,799.47,8.6,2.16,9.64
32003007605,32,003,007605,425.61,696.53,18.4,0.84,8.36
32003007611,32,003,007611,476.84,740.67,10.83,0.17,8.67
32003007612,32,003,007612,266.19,343.8,8.42,0.78,7.64
32003007613,32,003,007613,421.98,570.53,9.75,3.06,5.7
32003007614,32,003,007614,459,450,12,3,17
32003007615,32,003,007615,784,894,23,2,27
32003007622,32,003,007622,279.25,260.64,9.8,0.98,2.94
32003007623,32,003,007623,661.19,665.19,12.98,0,16.98
32003007624,32,003,007624,737,568,11,3,11
32003007625,32,003,007625,380,419,6,1,10
32003007631,32,003,007631,697,903,20,2,17
32003007632,32,003,007632,487,391,11,2,10
32003007633,32,003,007633,476,497,7,0,7
32003007634,32,003,007634,311,330,1,2,7
32003007635,32,003,007635,448,407,7,4,6
32003007641,32,003,007641,373,486,1,1,8
32003007642,32,003,007642,345,377,0,0,4
32003007643,32,003,007643,311,289,3,1,10
32003007644,32,003,007644,508,593,10,0,16
32003007645,32,003,007645,225,174,4,2,5
32003007651,32,003,007651,955,925,10,1,20
32003007652,32,003,007652,418,537,6,2,6
32003007653,32,003,007653,342,539,9,2,8
32003007654,32,003,007654,493,487,6,2,7
32003007661,32,003,007661,404,272,6,2,5
32003007662,32,003,007662,524,465,13,4,5
32003007663,32,003,007663,624,548,8,0,11
32003007664,32,003,007664,439,354,8,5,3
32003007665,32,003,007665,548.17,476.35,8.33,1,11.78
32003007671,32,003,007671,402,434,6,0,9
32003007672,32,003,007672,336.83,300.65,13.67,0,3.22
32003007674,32,003,007674,194,195,5,1,5
32003007675,32,003,007675,342,439,6,0,6
32003007681,32,003,007681,449,456,8,2,13
32003007682,32,003,007682,338,278,3,1,2
32003007683,32,003,007683,532,559,12,2,5
32003007684,32,003,007684,412,320,9,3,9
32003007685,32,003,007685,519,427,10,3,10
32003007691,32,003,007691,287,351,0,0,6
32003007692,32,003,007692,613,636,14,3,15
32003007693,32,003,007693,747,589,13,4,8
32003007694,32,003,007694,663,582,13,2,11
32003007695,32,003,007695,518,502,10,1,8
32003007701,32,003,007701,60.01,43.97,1.01,0.01,3.92
32003007702,32,003,007702,694.99,495.03,14.99,2.99,13.08
32003007703,32,003,007703,483,453,10,4,5
32003007704,32,003,007704,262.56,237.77,2.01,2,9.01
32003007705,32,003,007705,452.39,622.79,7.97,2.99,5.98
32003007706,32,003,007706,503,479,8,3,6
32003007707,32,003,007707,440,435,8,2,13
32003007712,32,003,007712,411.05,381.45,7.02,2.01,7.01
32003007713,32,003,007713,352,350,7,1,5
32003007714,32,003,007714,482,325,5,1,6
32003007715,32,003,007715,790,651,17,4,17
32003007720,32,003,007720,1.75,1.27,0.04,0.01,0.03
32003007722,32,003,007722,377,348,4,0,12
32003007723,32,003,007723,590.8,516.45,12.5,2.3,10.53
32003007724,32,003,007724,15,23,0,0,1
32003007726,32,003,007726,1091.6,616.22,16.03,4.77,15.2
32003007730,32,003,007730,1057.73,901.74,14.03,3,14.03
32003007731,32,003,007731,521,508,16,1,10
32003007732,32,003,007732,652,570,11,3,8
32003007733,32,003,007733,468,461,9,1,10
32003007734,32,003,007734,0,0,0,0,0
32003007743,32,003,007743,0,0.47,0,0,0
32003007745,32,003,007745,18.22,23.67,0.49,0.04,0.29
32003007906,32,003,007906,0.29,0.18,0,0,0
32003007908,32,003,007908,0.64,0.51,0.01,0,0.01
32003007910,32,003,007910,0,0,0,0,0
32003007912,32,003,007912,0.2,0.46,0.01,0,0.01
32003007920,32,003,007920,0,0,0,0,0
32003007923,32,003,007923,20.85,17.68,0.37,0.06,0.29
32003007926,32,003,007926,0,0,0,0,0
32005000001,32,005,000001,212.58,646.72,4.99,2,5.99
32005000002,32,005,000002,400.65,938.66,15.79,0.99,17.76
32005000003,32,005,000003,460.14,648.91,13.06,2,15.93
32005000004,32,005,000004,301,499,22,3,11
32005000005,32,005,000005,287.7,609.6,7.04,2.02,12.05
32005000006,32,005,000006,486.97,777.76,14.79,4.93,24.64
32005000007,32,005,000007,340.86,490.09,15.94,2,9.07
32005000008,32,005,000008,384,803,17,6,13
32005000009,32,005,000009,335,642,11,2,9
32005000010,32,005,000010,301.92,782.44,14.8,3.95,13.81
32005000011,32,005,000011,309.67,830.12,14.98,2,10.99
32005000012,32,005,000012,161.3,152.85,5.03,0.38,5.85
32005000013,32,005,000013,496,748,19,2,16
32005000014,32,005,000014,241.83,713.97,8.07,1.06,14.68
32005000015,32,005,000015,113,305,3,1,3
32005000016,32,005,000016,237,500,12,1,6
32005000017,32,005,000017,368.57,973.24,14.62,0.97,11.78
32005000018,32,005,000018,215,435,5,2,8
32005000019,32,005,000019,275.39,483.32,12.98,1.63,12.18
32005000020,32,005,000020,373.32,642.83,7.99,2.99,15.97
32005000021,32,005,000021,289,830,7,3,15
32005000022,32,005,000022,376,820,9,2,17
32005000023,32,005,000023,340.12,509.72,14.67,2.75,9.17
32005000024,32,005,000024,110.81,360.93,5.05,1.02,6.02
32005000025,32,005,000025,436.42,917.28,27.01,2,18.01
32005000026,32,005,000026,217,349,7,1,12
32005000027,32,005,000027,318,497,5,1,13
32005000028,32,005,000028,222,608,8,0,16
32005000029,32,005,000029,206.33,515.63,3.18,0.05,10.31
32005000030,32,005,000030,0,2,0,0,0
32005000031,32,005,000031,267,429,7,0,9
32005000032,32,005,000032,140,388,4,1,9
32005000033,32,005,000033,157.33,343.88,11.02,2,13.01
32005000034,32,005,000034,197.88,356.28,7.33,1.25,10.83
32005000035,32,005,000035,166.44,304.97,3.29,0.09,11.57
32005000036,32,005,000036,150.55,255.48,3.65,0.91,8.21
32005000037,32,005,000037,229,301,5,0,9
32005000038,32,005,000038,347.47,296.28,8.86,1.97,3.94
32005000039,32,005,000039,140.53,128.72,4.14,0.03,1.06
32005000040,32,005,000040,308.18,316.49,7.62,2.08,8.31
32005000041,32,005,000041,651.82,482.51,20.38,1.92,11.69
32005ZZZZZZ,32,005,ZZZZZZ,3.01,5.55,0.06,0,0.21
32007000001,32,007,000001,134,361,12,4,7
32007000002,32,007,000002,139.7,265.85,11.63,3.58,6.27
32007000003,32,007,000003,168,347,19,0,12
32007000004,32,007,000004,154,323,15,0,9
32007000005,32,007,000005,124,337,13,2,8
32007000006,32,007,000006,136.23,515.78,21.02,1.01,4.01
32007000007,32,007,000007,104,341,6,1,7
32007000008,32,007,000008,188,524,20,1,6
32007000009,32,007,000009,131,279,17,5,8
32007000010,32,007,000010,235.96,717.46,9.58,5,7.35
32007000011,32,007,000011,177.43,331.58,20.36,0.97,12.6
32007000012,32,007,000012,223.79,753.27,17.27,5.1,10.15
32007000013,32,007,000013,93.39,459.01,2.93,1.28,5.45
32007000014,32,007,000014,294.41,936.23,23.19,3.05,17.11
32007000015,32,007,000015,67,376,5,3,3
32007000016,32,007,000016,30.83,339.99,4.98,0,2.98
32007000017,32,007,000017,2.37,10.94,1.03,0,0.02
32007000018,32,007,000018,52.05,159.67,0.69,0.68,4.79
32007000019,32,007,000019,75.98,263.53,2.32,0.32,6.21
32007000020,32,007,000020,320.94,315.06,12.76,4.91,17.67
32007000021,32,007,000021,100,96,7,0,7
32007000022,32,007,000022,203,1264,24,3,13
32007000023,32,007,000023,264,1270,23,1,11
32007000024,32,007,000024,101,741,8,0,7
32007000025,32,007,000025,123,695,3,1,1
32007000026,32,007,000026,98.81,513.39,8.98,1.99,3.99
32007000027,32,007,000027,42.07,385.49,1.04,0.02,1.07
32007000028,32,007,000028,9,82,1,0,2
32007000029,32,007,000029,98.08,29.16,1,1.01,3
32007000030,32,007,000030,3.99,37.53,0,0.8,0
32007000031,32,007,000031,12.93,33.31,0,1.19,0
32007000032,32,007,000032,75,750,10,3,6
32007000033,32,007,000033,18.3,104.42,1.06,0,0.03
32007000034,32,007,000034,9.71,110.63,1.94,0,0.97
32007000035,32,007,000035,11.11,97.47,0,1,0.01
32007000036,32,007,000036,21.85,96.4,1,0.99,1.98
32007000037,32,007,000037,27.51,112.83,2.45,0.1,0.43
32007000038,32,007,000038,119.55,87.99,4.78,0,1.91
32007000039,32,007,000039,18,99,1,1,0
32007000040,32,007,000040,168,1155,19,3,6
32007000041,32,007,000041,179,1024,22,6,6
32009000001,32,009,000001,36,179,4,1,3
32009000002,32,009,000002,4.08,42.46,0.01,0,1.01
32009000003,32,009,000003,29.92,164.54,1.99,0,1.99
32009000004,32,009,000004,2,11,0,0,0
32009000005,32,009,000005,2,3,0,0,0
32011000001,32,011,000001,26.8,332.48,2.98,0,1.98
32011000002,32,011,000002,42,249,0,2,3
32011000003,32,011,000003,16.2,140.52,2.02,1,2.02
32011000004,32,011,000004,20,173,1,0,1
32013000001,32,013,000001,189.59,549.78,11.81,2.06,4.61
32013000002,32,013,000002,196.58,395.89,13.65,1.82,10.01
32013000003,32,013,000003,189.27,487.16,11.63,3.48,5.76
32013000004,32,013,000004,200.59,408.56,9.06,3.61,11.75
32013000005,32,013,000005,252,800.18,12.6,4.11,13.22
32013000006,32,013,000006,216.57,871.25,11.92,2.98,12.91
32013000008,32,013,000008,8.97,84.28,0,0,0
32013000009,32,013,000009,28.78,125.05,4.96,0,1.98
32013000010,32,013,000010,65.47,59.76,0.11,1.98,1.1
32013000011,32,013,000011,18.55,217.87,1.89,0.02,1.9
32013000012,32,013,000012,23.66,136.29,1.13,0.03,1.01
32013000013,32,013,000013,36.4,193.02,4.88,0.97,0.99
32013000014,32,013,000014,88.06,527.38,8.37,0.94,3.77
32013000015,32,013,000015,51,241,1,0,2
320130007-2,32,013,0007-2,123.5,779.53,10.97,0.99,6.97
32015000001,32,015,000001,77,326,7,0,5
32015000002,32,015,000002,122.21,328.69,7.59,0,5.06
32015000003,32,015,000003,39.47,160.53,0.4,0.05,0.15
32015000004,32,015,000004,66.53,528.47,7.6,0.95,2.85
32015000005,32,015,000005,142.79,630.31,8.41,4,10.94
32015000006,32,015,000006,7.97,62.77,1,0,2.99
32015000007,32,015,000007,13,85,0,0,2
32015000008,32,015,000008,3.03,15.23,0,0,0.01
32015000009,32,015,000009,24,61,4,0,1
32017000001,32,017,000001,49,576,4,2,1
32017000003,32,017,000003,45,470,4,2,4
32017000004,32,017,000004,110,505,4,1,7
32017000005,32,017,000005,1,35,0,0,0
32017000233,32,017,000233,95,395,3,3,11
32017000236,32,017,000236,30,86,2,0,1
32019000001,32,019,000001,169.03,480.1,8,4,5
32019000002,32,019,000002,157.77,529.22,5.99,4.99,7.99
32019000003,32,019,000003,242,501,3,3,12
32019000004,32,019,000004,90,346,2,2,5
32019000005,32,019,000005,20.21,44.2,0.4,1.02,1.2
32019000006,32,019,000006,319.14,969.56,12.05,3.99,10.04
32019000007,32,019,000007,184,791,12,0,9
32019000008,32,019,000008,69.5,272.84,5.03,0.03,4.05
32019000009,32,019,000009,365.9,814.94,11.51,1.97,11.38
32019000010,32,019,000010,69,153,7,1,6
32019000011,32,019,000011,318,778,12,1,7
32019000012,32,019,000012,180.28,380.48,9.8,0.03,3.4
32019000013,32,019,000013,454.15,1209.61,19.82,4.44,12.13
32019000014,32,019,000014,444.79,1130.5,15.47,3.83,10.66
32019000015,32,019,000015,378.32,738.4,11.46,2.58,13.75
32019000016,32,019,000016,375,758,9,7,18
32019000017,32,019,000017,132.92,381.5,3.59,1.23,3.7
32019000018,32,019,000018,114,270,3,0,1
32019000019,32,019,000019,175,260,4,2,6
32019000020,32,019,000020,81,44,1,0,2
32019000021,32,019,000021,235.57,783.05,16.02,4.71,5.65
32019000022,32,019,000022,90.75,287.66,2.73,1.2,3.17
32019000023,32,019,000023,238.22,575.09,19.54,1.22,12.47
32019000024,32,019,000024,140.01,391.06,15.94,3.95,5.03
32019000025,32,019,000025,210.91,542.61,12.88,1.02,7.01
32019000026,32,019,000026,137.92,415.37,18.22,9.06,4.07
32019000027,32,019,000027,352.26,935.51,28.76,2.15,10.36
32019000028,32,019,000028,182.5,468.85,11.65,4.8,10.61
32019000029,32,019,000029,116,321,8,1,4
32019000030,32,019,000030,243,449,17,3,7
32019000031,32,019,000031,196,488,14,1,0
32019000032,32,019,000032,275.03,476.8,21.25,1.05,5.13
32019000033,32,019,000033,392,701,36,5,17
32019000034,32,019,000034,62.45,185.5,1.84,0,4.59
32019000035,32,019,000035,78,185,4,0,3
32019000036,32,019,000036,109,247,1,1,4
32019000037,32,019,000037,260,610,19,2,6
32019000038,32,019,000038,282.87,733.91,24.72,10.15,12.38
32019000039,32,019,000039,316.9,791.98,15.32,3.07,7.21
32019000040,32,019,000040,213.94,484.26,17.16,3.58,9.35
32021000001,32,021,000001,108,227,7,2,6
32021000002,32,021,000002,92,239,2,1,3
32021000003,32,021,000003,72,112,3,0,4
32021000004,32,021,000004,71,115,6,1,3
32021000005,32,021,000005,67,165,1,0,2
32021000006,32,021,000006,96,163,3,1,2
32021000007,32,021,000007,16.93,68.67,1,0,1.99
32021000008,32,021,000008,4,24,0,0,0
32021000009,32,021,000009,22,73,1,0,0
32021000010,32,021,000010,5,3,0,0,0
32021000011,32,021,000011,239.15,109.48,9.01,4,12.01
32021000012,32,021,000012,36.01,124.03,2,1,4
32023000001,32,023,000001,100.04,278.04,6,5,3
32023000002,32,023,000002,5.91,50.28,0,0,0.02
32023000003,32,023,000003,52.09,23.72,0,0,0.98
32023000004,32,023,000004,17,56,1,0,0
32023000005,32,023,000005,13,6,0,0,0
32023000006,32,023,000006,133,256,5,1,2
32023000007,32,023,000007,13.17,52.16,0.03,0.01,2.01
32023000008,32,023,000008,1.84,2.78,0,0.06,0
32023000009,32,023,000009,475.25,1104.32,16.76,3.94,9.86
32023000010,32,023,000010,201,434,8,2,3
32023000011,32,023,000011,406,741,16,9,5
32023000012,32,023,000012,56,336,8,0,0
32023000013,32,023,000013,5,17,0,0,0
32023000014,32,023,000014,188,754,14,2,10
32023000015,32,023,000015,15,27,0,0,3
32023000016,32,023,000016,423.92,840.34,10.08,4.03,10.14
32023000017,32,023,000017,312.16,684.15,7.67,3.15,5.62
32023000018,32,023,000018,13.12,27.19,0,0.94,0
32023000019,32,023,000019,809.03,1827.41,27.41,6.52,25.46
32023000020,32,023,000020,353.42,793.73,8.79,1.95,8.79
32023000021,32,023,000021,401.75,1012.68,16.24,10.06,9.14
32023000022,32,023,000022,200.42,530.53,10.11,3.37,10.11
32023000023,32,023,000023,130.52,282.86,3.19,1.09,3.49
32023000024,32,023,000024,321,721,5,4,8
32023000025,32,023,000025,95,316,8,4,4
32023000026,32,023,000026,201,477,10,6,9
32023000027,32,023,000027,261,625,8,5,8
32023000028,32,023,000028,413,955,5,2,8
32023000029,32,023,000029,444.05,963.84,11.95,4.97,21.89
32023000030,32,023,000030,337,814,12,2,15
32023000031,32,023,000031,340,1010,11,5,12
32023000032,32,023,000032,530.48,1162.14,10.81,4.91,27.51
32023000035,32,023,000035,18.83,346.84,2.97,0.99,0.99
32027000001,32,027,000001,162,585,5,1,4
32027000003,32,027,000003,129,265,3,0,7
32027000004,32,027,000004,110,203,3,3,5
32027000005,32,027,000005,14,109,0,0,0
32027000006,32,027,000006,80,398,4,2,0
32027000007,32,027,000007,52,171,0,1,4
32029000001,32,029,000001,98.64,245.21,2.02,1,1.04
32029000002,32,029,000002,126.36,238.79,3.98,0,6.96
32029000003,32,029,000003,2.01,20.01,0,0,0
32029000004,32,029,000004,128.14,311.67,2.17,0.05,2.13
32029000005,32,029,000005,294.62,690,11.76,1.95,9.81
32029000006,32,029,000006,56.32,87.37,2.78,0,2.32
32029000007,32,029,000007,0,0,0,0,0
32029000008,32,029,000008,4.46,10.46,0.07,0,0.07
32029000009,32,029,000009,0,0,0,0,0
32029000010,32,029,000010,0,0,0,0,0
32029000011,32,029,000011,2,6,0,0,0
32029000012,32,029,000012,1.31,1.71,0.02,0.02,0.02
32029000013,32,029,000013,0,0,0,0,0
32029000014,32,029,000014,0,0,0,0,0
32029000015,32,029,000015,2.4,5.77,1.4,0,0
32031001000,32,031,001000,396,160,6,0,11
32031001002,32,031,001002,536.62,323.99,10.01,2.04,13.81
32031001003,32,031,001003,846.38,380.01,23.99,0.96,19.19
32031001005,32,031,001005,0,0,0,0,0
32031001006,32,031,001006,248,106,3,1,5
32031001007,32,031,001007,706.72,536.97,8.42,1,25.25
32031001008,32,031,001008,246,128,2,1,5
32031001010,32,031,001010,725,452,17,2,22
32031001011,32,031,001011,568,297,6,4,8
32031001012,32,031,001012,188.12,130.7,3.78,0,6.04
32031001014,32,031,001014,723,458,9,2,20
32031001015,32,031,001015,19,9,1,0,1
32031001016,32,031,001016,654.88,399.3,37.22,5,11.96
32031001018,32,031,001018,709,246,24,5,14
32031001020,32,031,001020,612,434,7,2,15
32031001022,32,031,001022,522.44,384.09,6.77,0,10.64
32031001023,32,031,001023,387.35,326.53,3.22,0,8.63
32031001024,32,031,001024,722,565,14,4,17
32031001026,32,031,001026,426,317,8,0,8
32031001027,32,031,001027,238,142,3,1,1
32031001029,32,031,001029,724,607,9,3,18
32031001031,32,031,001031,359,278,7,0,8
32031001032,32,031,001032,331,219,5,0,9
32031001033,32,031,001033,609,338,9,1,18
32031001035,32,031,001035,352,122,7,3,5
32031001036,32,031,001036,462,170,13,2,10
32031001038,32,031,001038,277,168,0,0,2
32031001039,32,031,001039,300,184,6,3,5
32031001040,32,031,001040,0.98,1.05,0.04,0,0.04
32031001043,32,031,001043,488,292,20,2,11
32031001044,32,031,001044,675.62,540.12,21.62,4,21
32031001045,32,031,001045,227.57,202.78,8.41,0.86,6.12
32031001046,32,031,001046,83.36,57.14,0.26,0,0.89
32031001047,32,031,001047,115.86,127.45,2.48,1.66,7.45
32031001050,32,031,001050,0,0,0,0,0
32031001051,32,031,001051,0,1,0,0,0
32031001053,32,031,001053,245,184,3,0,4
32031001055,32,031,001055,613,434,27,7,17
32031001056,32,031,001056,561,366,25,0,12
32031001057,32,031,001057,790,522,26,4,15
32031001058,32,031,001058,0,0,0,0,0
32031001059,32,031,001059,0,0,0,0,0
32031001061,32,031,001061,0,0,0,0,0
32031002000,32,031,002000,233,139,3,2,4
32031002002,32,031,002002,0,0,0,0,0
32031002004,32,031,002004,435,190,10,5,8
32031002006,32,031,002006,483.83,334.89,7.4,0.93,3.7
32031002007,32,031,002007,52,19,0,0,3
32031002009,32,031,002009,248.24,103.78,3.02,0,3.2
32031002010,32,031,002010,173,132,1,0,6
32031002013,32,031,002013,174,172,0,2,5
32031002016,32,031,002016,318.54,288.34,9,0,5.42
32031002017,32,031,002017,403,251,12,2,9
32031002018,32,031,002018,649,496,22,0,20
32031002019,32,031,002019,715.72,968.32,19.92,0,15.08
32031002020,32,031,002020,216,140,10,1,7
32031002021,32,031,002021,211.51,245.65,1.67,2.5,4.16
32031002022,32,031,002022,210.19,277.7,3.07,0.03,9.07
32031002023,32,031,002023,596,393,16,3,13
32031002025,32,031,002025,200,270,3,0,5
32031002026,32,031,002026,217,112,7,1,7
32031002027,32,031,002027,338,293,5,0,9
32031002028,32,031,002028,386,343,5,0,15
32031002029,32,031,002029,309.56,277.61,7.99,0,9.99
32031002030,32,031,002030,270,231,4,1,5
32031002031,32,031,002031,457,514,4,9,15
32031002032,32,031,002032,515,349,16,1,8
32031002033,32,031,002033,711.21,810.86,19.54,4.88,22.47
32031002034,32,031,002034,204,297,2,1,5
32031002035,32,031,002035,332,445,15,1,10
32031002036,32,031,002036,452,392,16,0,11
32031002037,32,031,002037,595.13,585.69,16.86,3.97,15.88
32031002039,32,031,002039,309,188,14,0,5
32031002040,32,031,002040,247,175,7,0,5
32031002041,32,031,002041,1066.66,1105.97,18.44,1.11,18.51
32031002042,32,031,002042,592,512,15,2,15
32031002043,32,031,002043,32.93,35.58,0.79,0.14,0.87
32031002047,32,031,002047,492.13,440.46,13.29,1.96,17.42
32031002048,32,031,002048,12.8,12.01,0.5,0.07,1.01
32031002049,32,031,002049,613,322,13,3,9
32031002050,32,031,002050,326.44,243.39,0.01,0,8.01
32031002051,32,031,002051,0,0,0,0,0
32031002057,32,031,002057,0.38,0.52,0,0,0
32031002058,32,031,002058,791.32,814.18,22.59,3.66,19.11
32031002060,32,031,002060,108.66,102.45,4.26,0.61,8.51
32031002062,32,031,002062,75.52,69.55,0,0,0.99
32031002064,32,031,002064,3.83,5.42,0.17,0.05,0.13
32031002065,32,031,002065,19.94,14.31,0.47,0,0.23
32031002068,32,031,002068,506.5,507.83,13.05,2.01,19.05
32031002070,32,031,002070,0,0,0,0,0
32031002073,32,031,002073,2,0,0,0,0
32031002074,32,031,002074,1.13,1.3,0.03,0,0.02
32031002078,32,031,002078,0,0,0,0,0
32031002080,32,031,002080,427.89,430.5,12.34,1.76,7.94
32031002081,32,031,002081,799.56,901.67,21.19,3.85,22.16
32031003001,32,031,003001,247.08,156.62,8.75,2.92,2.92
32031003002,32,031,003002,3,5,0,0,0
32031003003,32,031,003003,0.42,1.23,0.01,0,0.01
32031003004,32,031,003004,342,170,9,2,9
32031003005,32,031,003005,32.74,16.86,1.98,0.99,0
32031003006,32,031,003006,164.17,106.23,3,3,4
32031003007,32,031,003007,705,307,13,3,4
32031003008,32,031,003008,332.26,142.14,6.02,2.01,3
32031003009,32,031,003009,927.39,293.91,20.79,5.08,15.4
32031003010,32,031,003010,725,334,20,2,15
32031003011,32,031,003011,167.61,92.09,9.21,0.92,4.6
32031003012,32,031,003012,633,255,15,2,8
32031003013,32,031,003013,2,2,0,0,0
32031003014,32,031,003014,54,21,1,1,0
32031003015,32,031,003015,8.71,8.13,0,0,0
32031003016,32,031,003016,762,377,11,3,10
32031003017,32,031,003017,622.53,244.43,6,0,7
32031003018,32,031,003018,578.84,202.45,9.83,2.95,4.91
32031003019,32,031,003019,378.58,210.77,5.99,1,6.99
32031003020,32,031,003020,367,193,13,1,10
32031003021,32,031,003021,7.08,9.74,0,0,0
32031003022,32,031,003022,559,379,20,0,8
32031003023,32,031,003023,290,125,7,1,7
32031003024,32,031,003024,598,435,10,4,11
32031003025,32,031,003025,1.89,0,0,0,0
32031003026,32,031,003026,671.46,512.29,24.02,5,23.01
32031003027,32,031,003027,5.11,3,0,0,0
32031003028,32,031,003028,167.76,61.22,3.98,0,0.8
32031003029,32,031,003029,148,150,6,0,4
32031003030,32,031,003030,219,186,14,0,6
32031003031,32,031,003031,337.54,211.71,16.98,2,10.99
32031003032,32,031,003032,348,291,16,1,12
32031003035,32,031,003035,0,0,0,0,0
32031003036,32,031,003036,140,61,0,0,1
32031003038,32,031,003038,828.07,842.25,24.58,6.62,19.85
32031003039,32,031,003039,0,1,0,0,0
32031003040,32,031,003040,299,86,2,1,6
32031004000,32,031,004000,475,215,14,1,13
32031004003,32,031,004003,330.29,225.62,16.25,0.06,2.22
32031004005,32,031,004005,292.42,188.23,7,1.75,6.13
32031004007,32,031,004007,7,8,0,0,0
32031004009,32,031,004009,239.53,198.95,4.95,1.98,6.93
32031004012,32,031,004012,268.76,132.49,10.09,1.89,5.05
32031004014,32,031,004014,502,391,18,5,7
32031004015,32,031,004015,0,2,0,0,0
32031004016,32,031,004016,690.82,503.7,28.59,1.88,14.83
32031004017,32,031,004017,597.05,412.04,16,5,19
32031004018,32,031,004018,0,0,0,0,0
32031004019,32,031,004019,464,436,16,2,20
32031004020,32,031,004020,171,88,4,0,2
32031004021,32,031,004021,300.48,340.29,13.33,1.3,2.15
32031004022,32,031,004022,45.26,30.47,1.74,0.87,0
32031004023,32,031,004023,282.11,249.63,12.99,2.78,8.35
32031004024,32,031,004024,298.19,214.22,11.27,0.07,5.63
32031004025,32,031,004025,331.89,292.31,9.41,1.88,15.03
32031004026,32,031,004026,28.51,55.19,1.44,0.21,0.85
32031004029,32,031,004029,0.63,1.73,0.04,0,0.01
32031004032,32,031,004032,625.71,860.93,28.46,5.81,17.68
32031004033,32,031,004033,660.05,487.39,12.79,0.12,7.92
32031004035,32,031,004035,853.54,755.64,43.72,5.7,17.11
32031004036,32,031,004036,330,317,9,1,8
32031004037,32,031,004037,513,420,18,3,14
32031004038,32,031,004038,319.79,241.68,8.32,4.02,9.17
32031004039,32,031,004039,765.84,539.88,31.2,1.07,8.2
32031004040,32,031,004040,0.02,0.02,0,0,0
32031004041,32,031,004041,526.23,483.65,27.79,4.63,12.97
32031004042,32,031,004042,0,0,0,0,0
32031004043,32,031,004043,11,21,0,0,0
32031004045,32,031,004045,414.1,379.42,17.52,1,11.27
32031004046,32,031,004046,105.79,99.02,7.62,1.69,0.85
32031004047,32,031,004047,50.95,29.94,2.37,0.11,0.19
32031004051,32,031,004051,0,0,0,0,0
32031004052,32,031,004052,0,0,0,0,0
32031004053,32,031,004053,824.16,307.55,16.17,2.05,9.09
32031004054,32,031,004054,1.74,2.63,0.07,0.03,0.04
32031004055,32,031,004055,11.36,23.75,0.51,0.07,0.4
32031004056,32,031,004056,5.05,10.55,0.23,0.03,0.18
32031005000,32,031,005000,418,201,12,1,10
32031005003,32,031,005003,36,12,1,2,1
32031005005,32,031,005005,379,304,10,1,11
32031005006,32,031,005006,710.78,282.83,10.17,0.92,16.64
32031005007,32,031,005007,159.82,96.08,6.47,0,3.7
32031005008,32,031,005008,183.94,89.04,1.47,0.98,2.45
32031005009,32,031,005009,417.47,142.15,3.15,1.05,7.15
32031005010,32,031,005010,493,145,21,2,10
32031005011,32,031,005011,482,291,11,1,12
32031005012,32,031,005012,436.84,247.09,18.76,2.33,13.1
32031005014,32,031,005014,390,286,6,0,7
32031005015,32,031,005015,330.58,259.61,13.07,1.87,4.67
32031005016,32,031,005016,664,375,29,0,16
32031005018,32,031,005018,551,320,12,0,8
32031005020,32,031,005020,171.53,120.85,5.85,1.95,5.85
32031005022,32,031,005022,809.06,386.96,14.53,2.02,14.55
32031005023,32,031,005023,0,0,0,0,0
32031005024,32,031,005024,637,432,31,3,17
32031005026,32,031,005026,595,370,15,0,14
32031005027,32,031,005027,461,134,18,1,5
32031005030,32,031,005030,436.03,441.77,11.57,2.07,19.94
32031005031,32,031,005031,375.15,473.75,2.82,2.68,6.25
32031005032,32,031,005032,76.35,69.67,0,0.95,1.91
32031005033,32,031,005033,462,281,18,2,9
32031005034,32,031,005034,453.92,312.94,15,3,6
32031005035,32,031,005035,538.24,355.97,13.24,4.67,10.9
32031005036,32,031,005036,764,572,20,3,14
32031005039,32,031,005039,12.7,30.05,1.04,0.01,0.03
32031005040,32,031,005040,553.29,493.66,5.31,8.35,15.8
32031005041,32,031,005041,327,289,9,1,4
32031005045,32,031,005045,745.37,947.77,11.08,2.8,25.68
32031005046,32,031,005046,736.62,868.71,11.06,3.01,15.67
32031005047,32,031,005047,91.49,107.19,4.91,0.01,0.83
32031005048,32,031,005048,26.38,52.68,0.59,0,1.15
32031005049,32,031,005049,0,0,0,0,0
32031005051,32,031,005051,0,0,0,0,0
32031005053,32,031,005053,5.61,18.02,0.01,0,0.89
32031005054,32,031,005054,0.26,0.77,0,0,0
32031005056,32,031,005056,715,339,9,3,13
32031005061,32,031,005061,0,0,0,0,0
32031005062,32,031,005062,682,477,30,2,15
32031005063,32,031,005063,186.87,140.15,1.25,1.08,5.08
32031005064,32,031,005064,425,138,4,0,7
32031005065,32,031,005065,2.45,2.96,0.06,0.01,0.04
32031005066,32,031,005066,404,136,6,2,8
32031006100,32,031,006100,526,281,13,2,7
32031006101,32,031,006101,143,48,5,0,2
32031006104,32,031,006104,0,0,0,0,0
32031006105,32,031,006105,194,123,4,2,2
32031006106,32,031,006106,264,168,2,2,9
32031006107,32,031,006107,79.8,108.68,3,1,4
32031006108,32,031,006108,742,419,28,4,9
32031006109,32,031,006109,375,228,12,4,10
32031006110,32,031,006110,432,293,19,4,5
32031006111,32,031,006111,409,287,9,2,8
32031006113,32,031,006113,338,154,11,2,8
32031006114,32,031,006114,577,379,15,1,12
32031006115,32,031,006115,22,11,0,0,0
32031006202,32,031,006202,856.5,490.59,27.96,3.1,14.07
32031006203,32,031,006203,297.92,126.26,2,3,3
32031006205,32,031,006205,558.1,309.09,6.98,3.99,9.97
32031006206,32,031,006206,130.7,22.39,4.02,1,1.01
32031006207,32,031,006207,0,0,0,0,0
32031006208,32,031,006208,334,212,8,2,11
32031006209,32,031,006209,235,112,5,2,3
32031006210,32,031,006210,485,302,11,2,11
32031006211,32,031,006211,599,367,14,6,10
32031006212,32,031,006212,154.64,124.44,4.58,0,1.83
32031006213,32,031,006213,354,210,11,2,10
32031006214,32,031,006214,298.63,306.33,4.2,4,3.08
32031006216,32,031,006216,377,301,6,4,7
32031006217,32,031,006217,0,0,0,0,0
32031006218,32,031,006218,9.48,12.25,0.32,0.08,0.24
32031006300,32,031,006300,386,376,14,2,5
32031006301,32,031,006301,105.08,132.06,1.99,1.49,3.98
32031006302,32,031,006302,414,287,15,3,6
32031006303,32,031,006303,77.39,34.85,1.74,0,2.61
32031006306,32,031,006306,529,379,20,3,5
32031006307,32,031,006307,678,500,15,5,17
32031006308,32,031,006308,486,536,5,3,13
32031006310,32,031,006310,349,308,11,0,11
32031006311,32,031,006311,400,322,16,3,7
32031006313,32,031,006313,534,531,11,1,12
32031006314,32,031,006314,280,276,8,2,3
32031006317,32,031,006317,0.23,0.31,0,0,0
32031006318,32,031,006318,50,41,2.5,0,1
32031006319,32,031,006319,403.69,443.79,10.69,0,9.8
32031006320,32,031,006320,555,603,18.5,3,15
32031006400,32,031,006400,361.79,421.79,16.35,1,7.47
32031006403,32,031,006403,681.31,710.21,15.31,0,15.2
32031006405,32,031,006405,340,448,10,2,11
32031006411,32,031,006411,460.21,616.21,13.65,0,18.53
32031006413,32,031,006413,540.92,835.83,15.97,4.96,17.21
32031006414,32,031,006414,0,0.04,0,0,0
32031006415,32,031,006415,322.53,597.13,5.99,1,7.99
32031006416,32,031,006416,621,767,25,4,16
32031006418,32,031,006418,583.95,824.96,24.94,5.62,14.91
32031006422,32,031,006422,480.07,638.38,4.26,2.55,11.07
32031006423,32,031,006423,459,680.53,14.55,2.04,12.72
32031006425,32,031,006425,935.98,1229.7,35.85,4.96,23.93
32031006427,32,031,006427,0,0,0,0,0
32031006500,32,031,006500,733,822,22,8,18
32031006501,32,031,006501,673.39,573.06,16.4,1.93,16.4
32031006503,32,031,006503,4.14,4.57,0.01,0,0.02
32031006508,32,031,006508,297,297,3,5,10
32031006511,32,031,006511,393,273,11,4,14
32031006513,32,031,006513,383,313,15,3,12
32031006514,32,031,006514,553,393,14,9,14
32031006516,32,031,006516,780.61,799.94,16.6,3.07,19.6
32031006519,32,031,006519,604,640,18,3,17
32031006520,32,031,006520,238.9,210.46,5.69,1.9,9.48
32031006521,32,031,006521,168,172,3,2,4
32031006522,32,031,006522,232,305,1,0,11
32031006523,32,031,006523,115,130,6,0,5
32031006524,32,031,006524,921,980,20,7,30
32031006525,32,031,006525,58,72,2,1,3
32031006526,32,031,006526,274,208,9,2,6
32031006527,32,031,006527,11.37,22.32,0.54,0.12,0.3
32031006528,32,031,006528,6.02,7.77,0.2,0.05,0.15
32031006529,32,031,006529,0,0,0,0,0
32031006530,32,031,006530,0,0,0,0,0
32031006531,32,031,006531,0,0,0,0,0
32031007100,32,031,007100,0.38,1.88,0.38,0,0
32031007300,32,031,007300,148,13,4,2,2
32031007302,32,031,007302,1,0,0,0,0
32031007304,32,031,007304,218,162,8,0,9
32031007306,32,031,007306,55,24,0,0,4
32031007307,32,031,007307,8,12,0,1,0
32031007308,32,031,007308,15,11,0,0,0
32031007309,32,031,007309,5,10,0,0,0
32031007312,32,031,007312,341.43,275.65,5.12,1.03,7.09
32031007313,32,031,007313,93,65,2,1,2
32031007314,32,031,007314,307.05,281.06,9.63,2.89,4.81
32031007315,32,031,007315,1,0,0,0,0
32031007316,32,031,007316,435,357,14,7,10
32031007317,32,031,007317,1,2,1,0,0
32031007318,32,031,007318,54,41,2,0,1
32031007319,32,031,007319,188.95,110.12,6.88,1.14,3.48
32031007321,32,031,007321,58.22,24.17,0.83,0.08,1.36
32031007400,32,031,007400,188.51,293.28,9.22,0,7.68
32031007402,32,031,007402,396,461,16,4,7
32031007403,32,031,007403,1,3,0,0,0
32031007404,32,031,007404,21.1,44.54,1.31,0.1,1.52
32031007406,32,031,007406,1,5,0,0,0
32031007407,32,031,007407,289,784,10,4,7
32031007408,32,031,007408,181,535,2,1,7
32031007410,32,031,007410,356.86,613.43,7.99,3,12.98
32031007412,32,031,007412,318.07,191.38,4.58,3.98,4.97
32031007413,32,031,007413,0,1.92,0,0,0
32031007414,32,031,007414,450.63,884.68,21.46,4.88,11.7
32031007415,32,031,007415,480,961,22,4,14
32031007416,32,031,007416,278.3,602.22,7.45,1.86,11.17
32031007417,32,031,007417,291,732,13,1,15
32031007418,32,031,007418,402,948,10,0,11
32031007424,32,031,007424,71.15,48.84,3.54,0,1.57
32031007425,32,031,007425,380,844,20,3,11
32031007426,32,031,007426,8.25,11.25,0,0,0
32031007428,32,031,007428,0,4,0,0,0
32031007430,32,031,007430,304,718,12,6,8
32031007431,32,031,007431,21,59,1,0,1
32031007433,32,031,007433,142.05,221.19,2.01,1.51,5.02
32031007500,32,031,007500,97.76,127.32,2.08,0.43,2.43
32031007501,32,031,007501,184.34,140.68,4.46,1.11,5.34
32031007502,32,031,007502,581,465,19,2,16
32031007503,32,031,007503,3.52,2.7,0.21,0,0
32031007504,32,031,007504,581.38,505.05,21.51,3.13,16.38
32031007505,32,031,007505,128.85,86.63,2.91,0.73,2.18
32031007506,32,031,007506,133.91,337.25,3.97,1.98,1.98
32031007507,32,031,007507,95,139,4,0,1
32031007508,32,031,007508,46.33,19.31,0.02,0.01,0
32031007509,32,031,007509,4,4,0,0,0
32031007512,32,031,007512,17.56,33.7,0.02,0.01,1.82
32031007513,32,031,007513,288,275,14,4,9
32031007514,32,031,007514,233,192,8,1,4
32031007516,32,031,007516,13,28,0,0,0
32031007517,32,031,007517,177,139,0,1,4
32031007518,32,031,007518,3,0,0,0,0
32031007519,32,031,007519,170,486,6,0,5
32031007520,32,031,007520,350.63,484.93,13.7,6.9,7.34
32031007521,32,031,007521,16,39,1,0,1
32031007522,32,031,007522,43,44,2,0,2
32031007523,32,031,007523,591,1088,39,5,17
32031007524,32,031,007524,235.16,462.57,12.01,2.02,11.42
32031007525,32,031,007525,475.02,996.68,21.4,2.95,16.77
32031007526,32,031,007526,475.6,590.29,10.96,2.13,8.38
32031007527,32,031,007527,195,247,0,2,3
32031007528,32,031,007528,4,3,0,0,0
32031007529,32,031,007529,68.14,211.45,2.72,0.91,6.35
32031007531,32,031,007531,21.49,23.91,0.32,0.21,0.53
32031007532,32,031,007532,386.29,423.1,5.9,1.96,8.85
32031007533,32,031,007533,125,92,3,2,4
32031007534,32,031,007534,52,45,1,0,1
32031007536,32,031,007536,434.69,802.06,21.16,2.89,7.69
32031007537,32,031,007537,55.15,70.1,2.8,0.93,2.8
32031007539,32,031,007539,1.79,1.79,0,0,0
32031007540,32,031,007540,40.64,79.46,1.46,0,0.73
32031007541,32,031,007541,437,731,27,3,12
32031007543,32,031,007543,229,367,12,1,7
32031007546,32,031,007546,0,0,0,0,0
32031007547,32,031,007547,17,47,1,0,1
32031007548,32,031,007548,5.45,6.36,0,0,0
32031007549,32,031,007549,0,0.96,0,0,0
32031007550,32,031,007550,11.49,13.14,0,0,0
32031007552,32,031,007552,57.37,158.27,3.96,0,0.99
32031007553,32,031,007553,19.59,36.54,1.03,0.01,1.01
32031007556,32,031,007556,47.46,44.36,2.28,0.3,1.89
32031007557,32,031,007557,315,528,13,3,13
32031007558,32,031,007558,0,3,0,0,0
32031007562,32,031,007562,0,0,0,0,0
32031007563,32,031,007563,20,20,2,0,1
32031007565,32,031,007565,11.54,6.99,0.09,0,0.02
32031007566,32,031,007566,0,0,0,0,0
32031007567,32,031,007567,21.89,20.37,1.01,0.22,0.65
32031007569,32,031,007569,47.18,59.84,2.17,0.36,1.01
32031007570,32,031,007570,21.65,43.3,0.64,0,3.82
32031007571,32,031,007571,24,47,1,1,2
32031007572,32,031,007572,10,7,0,0,0
32031007573,32,031,007573,161.09,39.95,0.5,0.04,2.72
32031007574,32,031,007574,1.09,2.75,0.03,0.02,0.02
32031007576,32,031,007576,190.27,569.29,8.69,3.93,10.29
32031007577,32,031,007577,89.22,125.17,1.89,0.47,2.39
32031007578,32,031,007578,35.08,112.63,2.93,0.03,0.28
32031007579,32,031,007579,86.19,57.19,0,0,2
32031007581,32,031,007581,152.6,32.06,2.94,1.82,4.75
32031007582,32,031,007582,1,14,0,0,0
32031007583,32,031,007583,0,2,0,0,0
32031007584,32,031,007584,2,0,0,0,0
32031007585,32,031,007585,0,1,0,0,0
32031007586,32,031,007586,74,148,2,1,2
32031007587,32,031,007587,22.64,38.78,0.9,0.19,0.5
32031007588,32,031,007588,13.61,12.34,0.02,0,1.01
32031007589,32,031,007589,4.98,2.99,0,0,0
32031007591,32,031,007591,0,0,0,0,0
32031008100,32,031,008100,486.56,446.77,10.1,2.49,18.43
32031008101,32,031,008101,9,2,0,0,1
32031008102,32,031,008102,19.78,13.58,0.74,0,0.09
32031008103,32,031,008103,307.71,272.12,3.91,0,13.53
32031008104,32,031,008104,307,281,7,0,8
32031008105,32,031,008105,376,333,11,0,12
32031008106,32,031,008106,446,394,13,3,9
32031008107,32,031,008107,458.55,453.75,15.04,4.01,6.02
32031008108,32,031,008108,366.71,322.16,6.85,0.86,12.85
32031008109,32,031,008109,433.69,487.57,11.3,1.74,6.95
32031008110,32,031,008110,160,136,3,1,1
32031008111,32,031,008111,2.91,3.88,0,0,0
32031008112,32,031,008112,33.86,34.83,2.9,0,2.9
32031008114,32,031,008114,13,14,0,0,0
32031008115,32,031,008115,0,3,0,0,0
32031008116,32,031,008116,567,423,11,1,13
32031008117,32,031,008117,420,378,9,1,12
32031008118,32,031,008118,4,8,0,0,0
32031008125,32,031,008125,1,5,0,0,0
32031008126,32,031,008126,0,0,0,0,0
32031008127,32,031,008127,0,1,0,0,0
32031008128,32,031,008128,5,3,0,0,0
32031008129,32,031,008129,18.44,16.96,0.74,0,0
32031008200,32,031,008200,271.4,487.91,10.92,1.99,15.9
32031008201,32,031,008201,118,214,4,1,5
32031008202,32,031,008202,522,705,9,2,12
32031008203,32,031,008203,390,527,14,1,13
32031008204,32,031,008204,24.46,50.66,0,0,0.58
32031008205,32,031,008205,438,577,11,1,8
32031008206,32,031,008206,52,111,3,0,0
32031008207,32,031,008207,226.42,386.02,5.98,1,7.98
32031008208,32,031,008208,118,205,1,1,4
32031008209,32,031,008209,375.07,445.42,10.21,1.86,11.13
32031008210,32,031,008210,186.39,348.55,5.02,2.01,10.01
32031008211,32,031,008211,333.52,350.09,13.02,1.49,8.68
32031008212,32,031,008212,2.6,3.46,0,0,0
32031008213,32,031,008213,78,147,1,0,4
32031008214,32,031,008214,41,103,0,0,2
32031008216,32,031,008216,152.41,225.4,3,1.99,4.03
32031008217,32,031,008217,428.93,543.75,16.42,0.38,14.15
32031008218,32,031,008218,45.49,54.35,0.33,0.5,0.84
32031008219,32,031,008219,101,269,3,1,2
32031008220,32,031,008220,289.86,456.23,8.17,0.05,11.1
32031008221,32,031,008221,246,346,12,1,4
32031008222,32,031,008222,314.51,584.76,13.88,3.98,8.16
32031008226,32,031,008226,57.59,61.95,1.66,0.24,1.07
32031008227,32,031,008227,13,24,0,1,2
32031008232,32,031,008232,2,24,0,0,0
32031008233,32,031,008233,363.78,388.7,12.96,1.99,7.97
32031008234,32,031,008234,42,79,0,0,1
32031008235,32,031,008235,66,101,2,0,4
32031008236,32,031,008236,590,707,14,1,24
32031008237,32,031,008237,165.58,213.98,1.02,1,6.02
32031008238,32,031,008238,408,711,12,0,10
32031008240,32,031,008240,329.27,512.68,9.12,2.03,11.16
32031008245,32,031,008245,139,201,9,0,3
32031008247,32,031,008247,78.99,135.55,0,0,1.95
32031008250,32,031,008250,369,434,5,1,8
32031008253,32,031,008253,172,245,1,0,6
32031008254,32,031,008254,513.5,628.17,15.95,3.99,17.95
32031008256,32,031,008256,234.01,351.03,8,2,10
32031008259,32,031,008259,0,0,0,0,0
32031008260,32,031,008260,3.62,3.34,0.1,0.02,0.14
32031008261,32,031,008261,1.99,5.97,0,0,0
32031008263,32,031,008263,217,333,6,2,5
32031008264,32,031,008264,95,175,2,2,3
32031008265,32,031,008265,47.02,63.91,1.3,0,0.99
32031008271,32,031,008271,355,479,5,2,15
32031008273,32,031,008273,95.15,234.6,5.3,0.06,2.18
32031008275,32,031,008275,0,0,0,0,0
32031008276,32,031,008276,10.7,14.48,0.01,0,0.01
32031008277,32,031,008277,198,254,1,1,2
32031008290,32,031,008290,0,0,0,0,0
32031008291,32,031,008291,5.31,4.89,0.15,0.02,0.21
32031008292,32,031,008292,0,0,0,0,0
32031008294,32,031,008294,0,0,0,0,0
32031008297,32,031,008297,296.79,420.03,12.82,3.94,9.86
32031008400,32,031,008400,11.65,5.24,0.26,0,0.39
32031008500,32,031,008500,25.02,26.95,0.96,0,0.96
32031008502,32,031,008502,49.54,129.92,0.93,0,2.8
32031008505,32,031,008505,52.9,57.15,0.61,0.15,0.93
32031009101,32,031,009101,0,0,0,0,0
32031009102,32,031,009102,61.29,53.84,1.15,0.14,2.15
32031009103,32,031,009103,39.17,27.11,0.6,0.07,0.3
32031009106,32,031,009106,25.03,28.14,0.65,0.1,0.4
32031009107,32,031,009107,0,0,0,0,0
32031009109,32,031,009109,4.34,8.77,0.1,0,0.19
32031009115,32,031,009115,0,0,0,0,0
32031009116,32,031,009116,0,0,0,0,0
32031009120,32,031,009120,0,0,0,0,0
32031009121,32,031,009121,0,0,0,0,0
32031009122,32,031,009122,0,0,0,0,0
32031009123,32,031,009123,1.86,1.27,0,0,0.02
32031009124,32,031,009124,0,0,0,0,0
32031009125,32,031,009125,0.06,0.17,0,0,0
32031009126,32,031,009126,0,0,0,0,0
32031009127,32,031,009127,0.31,0.32,0.03,0,0.03
32031009128,32,031,009128,0,0,0,0,0
32031009129,32,031,009129,0,0,0,0,0
32031009130,32,031,009130,0.18,0.19,0.02,0,0.02
32031009131,32,031,009131,0,0,0,0,0
32031009202,32,031,009202,0,0,0,0,0
32031009207,32,031,009207,0,0,0,0,0
32031009208,32,031,009208,0,0,0,0,0
32031009210,32,031,009210,0,0,0,0,0
32031009211,32,031,009211,57.15,53.62,2.25,0.32,4.49
32031009243,32,031,009243,0,0,0,0,0
32031009244,32,031,009244,0,0,0,0,0
32031009248,32,031,009248,0,0,0,0,0
32031009249,32,031,009249,0,0,0,0,0
32031009251,32,031,009251,0,0,0,0,0
32031009253,32,031,009253,3.95,4.44,0.1,0.02,0.06
32031009254,32,031,009254,28.78,32.37,0.75,0.12,0.46
32031009303,32,031,009303,27.58,17.75,0.66,0.17,0.58
32031009304,32,031,009304,0,0,0,0,0
32031009307,32,031,009307,0,0,0,0,0
32031009308,32,031,009308,0,0,0,0,0
32031009309,32,031,009309,0,0,0,0,0
32031009310,32,031,009310,0,0,0,0,0
32031009311,32,031,009311,0,0,0,0,0
32031009408,32,031,009408,0,0.04,0,0,0
32031009427,32,031,009427,0,0,0,0,0
32031009428,32,031,009428,0,0,0,0,0
32031009513,32,031,009513,0,0,0,0,0
32031009516,32,031,009516,0,0,0,0,0
32031009520,32,031,009520,0,0,0,0,0
32031009523,32,031,009523,0,0,0,0,0
32031009532,32,031,009532,13.48,10.3,0.79,0,0
32031009533,32,031,009533,0,0,0,0,0
32031009538,32,031,009538,0,0,0,0,0
32031009540,32,031,009540,0,0,0,0,0
32031009541,32,031,009541,0,0,0,0,0
32031009542,32,031,009542,0,0,0,0,0
32031009543,32,031,009543,0,0,0,0,0
32031009546,32,031,009546,0,0,0,0,0
32031009547,32,031,009547,0,0,0,0,0
32031009548,32,031,009548,0,0,0,0,0
32031009549,32,031,009549,0,0,0,0,0
32031009550,32,031,009550,0,0,0,0,0
32031009551,32,031,009551,0,0,0,0,0
32031009552,32,031,009552,2.58,8.11,0.13,0.01,0.14
32031009553,32,031,009553,0,0,0,0,0
32031009554,32,031,009554,0,0,0,0,0
32031009555,32,031,009555,0,0,0,0,0
32031009557,32,031,009557,0.01,0,0,0,0
32031009558,32,031,009558,0,0,0,0,0
32031009559,32,031,009559,0,0,0,0,0
32031009560,32,031,009560,0,0.01,0,0,0
32031009561,32,031,009561,0,0,0,0,0
32031009562,32,031,009562,0,0,0,0,0
32031ZZZZZZ,32,031,ZZZZZZ,0.03,0.04,0,0,0
32033000005,32,033,000005,110.21,389.54,8.01,4.01,6
32033000010,32,033,000010,94,324,2,0,3
32033000015,32,033,000015,121.79,335.46,6.99,4.99,1
32033000020,32,033,000020,98.31,406.17,1.99,0.99,2.98
32033000025,32,033,000025,114,396,10,2,5
32033000030,32,033,000030,26.16,153.41,0.03,0.03,1.07
32033000035,32,033,000035,173.69,937.83,11.01,4.01,12.02
32033000040,32,033,000040,37,142,1,2,2
32033000045,32,033,000045,16.84,257.59,1.97,1.97,4.93
32033000050,32,033,000050,67,61,0,1,5
32510000101,32,510,000101,515,529,15,3,14
32510000103,32,510,000103,484,548,18,3,15
32510000105,32,510,000105,445,583,17,2,8
32510000107,32,510,000107,494,706,13,2,18
32510000109,32,510,000109,702,824,16,2,20
32510000111,32,510,000111,661,692,21,6,13
32510000113,32,510,000113,577.54,871.22,10.8,3.93,18.66
32510000201,32,510,000201,452.65,544.53,13.54,3.87,12.57
32510000203,32,510,000203,640.41,654.92,19.35,1.93,17.41
32510000205,32,510,000205,667.59,745.08,15.65,6.07,18.59
32510000207,32,510,000207,489,699,8,3,8
32510000209,32,510,000209,375,453,15,5,14
32510000211,32,510,000211,359.78,541.16,13.88,3.96,9.91
32510000301,32,510,000301,435.41,541.26,16.98,4.99,8.99
32510000303,32,510,000303,395.46,553.21,18.22,1.15,14.27
32510000305,32,510,000305,496.59,688.74,17.02,2.01,16.01
32510000307,32,510,000307,933,874,43,17,18
32510000309,32,510,000309,540.79,1011,14.76,6.13,31.36
32510000401,32,510,000401,443.35,479.47,30.46,4.13,9.43
32510000403,32,510,000403,703,872,36,10,18
32510000405,32,510,000405,525.54,632.79,8.78,5.85,10.73
32510000407,32,510,000407,567,1055,21,5,13
32510000409,32,510,000409,607,585,20,1,19
32510000411,32,510,000411,211.76,408.86,9.3,0.88,8.57
