GEOID20,STATEFP,COUNTYFP,DISTRICT,G16PRERTRU,G16PREDCLI,G16PRELJOH,G16PRECCAS,G16PREIFUE,G16PREGSTE,G16PREOWRI,G16HALRCHE,G16HALDGRE,G16HALLSTR,G16HALCCUM,G16HALOWRI
56001000103,56,001,000103,178,93,9,0,0,6,3,163,105,15,4,0
56001000104,56,001,000104,123,12,1,1,2,0,3,113,18,5,4,1
56001000111,56,001,000111,21.66,7.8,1.45,0.11,0.17,0.56,1,19.99,10.08,1.45,0.72,0.28
56001000112,56,001,000112,65.57,23.6,4.38,0.34,0.51,1.69,3.03,60.51,30.51,4.38,2.19,0.84
56001000113,56,001,000113,114.81,41.32,7.67,0.59,0.89,2.95,5.31,105.96,53.42,7.67,3.84,1.48
56001000114,56,001,000114,15.37,5.53,1.03,0.08,0.12,0.39,0.71,14.18,7.15,1.03,0.51,0.2
56001000115,56,001,000115,209.77,99.45,19.7,1.62,1.72,6.14,11.8,198.07,122.07,16.25,7.55,2.61
56001000121,56,001,000121,1270.52,610.87,130.22,15.88,5.41,30.85,57.63,1220.56,703.85,119.76,59.11,5.93
56001000122,56,001,000122,289.35,88.49,25.31,7.04,0.01,3.08,5.13,276.22,105.7,15.31,15.15,2.01
56001000301,56,001,000301,59.06,74.66,15.77,1.66,0.6,4.44,8.04,58.13,86.98,11.61,4.2,0.51
56001000312,56,001,000312,698.67,680.02,169.97,16.9,7.52,41.33,95.8,692,808.74,124.92,48.85,6.59
56001000313,56,001,000313,430.13,746.08,134.66,9.77,2.77,37.41,44.44,427.41,827.49,96.27,35.35,9.01
56001000314,56,001,000314,109.33,175.2,30.4,2.34,0.39,7.41,11.5,107.77,192.54,22.22,8.18,2.34
56001000402,56,001,000402,445.3,429.95,91.15,7.98,4.6,18.72,41.12,465.24,477.21,50.33,19.03,4.91
56001000501,56,001,000501,297.81,525.51,89.93,9.18,2.12,27.91,36.97,290.75,592.1,66.2,21.97,3.57
56001000511,56,001,000511,51.41,95.02,16.16,1.84,0.46,5.51,6.89,49.94,108.24,11.93,3.76,0.37
56001000512,56,001,000512,73.55,147.68,26.96,2.45,0.91,9.5,8.88,72.89,168.27,19.14,6.42,0.83
56001000514,56,001,000514,27.15,13.57,3.63,0.35,0.16,0.7,1.55,25.27,16.76,2.86,1.38,0.13
56001000515,56,001,000515,877.07,456.92,130.42,11.38,6.13,23.63,56.02,806.17,577.71,97.16,46.39,4.38
56001000516,56,001,000516,86.3,159.49,27.12,3.08,0.77,9.25,11.56,83.83,181.68,20.03,6.32,0.62
56001000601,56,001,000601,414.24,477.28,80.06,6.4,5.98,19.83,50.74,426.29,539.37,49.83,21.19,3.99
56001000602,56,001,000602,530.79,709.89,131.81,12.01,6.14,34.29,50.43,529.74,802.62,84.47,32.39,4.3
56001000614,56,001,000614,240.79,277.81,44.18,3.58,3.58,11.54,32.64,249.15,314.42,28.26,11.94,2.39
560010041-1,56,001,0041-1,684.61,661.01,140.13,12.27,7.08,28.78,63.22,715.27,733.67,77.38,29.25,7.55
560010041-2,56,001,0041-2,124.2,119.92,25.42,2.23,1.28,5.22,11.47,129.76,133.1,14.04,5.31,1.37
560010041-4,56,001,0041-4,0,0,0,0,0,0,0,0,0,0,0,0
56001004131,56,001,004131,163.58,157.94,33.48,2.93,1.69,6.88,15.11,170.91,175.3,18.49,6.99,1.8
56003000101,56,003,000101,624,102,45,14,5,7,19,548,178,26,46,2
56003000201,56,003,000201,209,13,8,4,2,2,26,217,28,4,12,0
56003000301,56,003,000301,69,2,1,3,0,0,13,68,4,5,10,1
56003000501,56,003,000501,51,3,3,1,0,1,1,49,6,4,2,0
56003000601,56,003,000601,82,13,2,1,0,0,2,82,13,2,4,0
56003000801,56,003,000801,132,15,3,0,0,1,5,124,18,5,9,0
56003001101,56,003,001101,784.66,185.79,62.33,10.28,4.02,10.03,23.43,711.44,274.1,35.2,60.68,4.01
56003001601,56,003,001601,208,38,14,2,0,2,6,194,58,6,9,2
56003002001,56,003,002001,1110.92,154.6,64.85,55.71,4.02,5.99,83.65,1067.94,215.56,38.88,133.46,2
56003002201,56,003,002201,379,25,16,16,0,2,32,361,51,16,41,2
56003002301,56,003,002301,257.3,28.81,14.9,4.97,4.97,0,15.89,244.38,47.68,9.93,22.85,0
56003002501,56,003,002501,82,14,4,0,1,2,8,73,25,2,9,0
56003002601,56,003,002601,79,10,4,0,0,2,1,72,16,3,5,0
56005001-01,56,005,001-01,314,44,20,1,1,0,10,268,64,23,20,4
56005001-03,56,005,001-03,292,71,27,1,0,5,4,254,96,20,18,2
56005001-05,56,005,001-05,620.28,71.26,33.75,1,0,4,3,525.53,116,28.75,33.75,0
56005001-07,56,005,001-07,636,53,29,9,2,3,16,553,99,20,52,1
56005001-09,56,005,001-09,638,63,27,1,1,6,8,552,102,36,35,4
56005001-11,56,005,001-11,251,29,6,1,1,1,3,213,52,12,12,0
56005001-12,56,005,001-12,650.55,70.27,42.17,6.04,1,1.02,7.08,582.72,113.5,24.21,46.54,2
56005001-14,56,005,001-14,231.26,37.64,14.29,2.21,0,2,5,194.68,58.15,15.07,17.43,2
56005001-15,56,005,001-15,810.95,120.84,42.94,5.99,3.99,3,21.97,743.04,167.78,31.96,38.95,2
56005001-16,56,005,001-16,758,68,28,2,1,2,15,676,106,39,30,7
56005001-17,56,005,001-17,566,34,22,3,4,0,12,491,61,27,33,9
56005001-18,56,005,001-18,479.25,56.98,26.95,3.06,0,4.88,9.17,422.57,89.95,21.1,27.65,1.06
56005001-19,56,005,001-19,599,73,26,1,1,3,15,529,112,28,26,1
56005001-20,56,005,001-20,223,12,6,1,0,0,9,192,34,9,7,0
56005001-21,56,005,001-21,309.92,21.99,10,2,2,1,3,253.94,38.99,14,26.99,3
56005001-22,56,005,001-22,273,17,17,4,0,0,5,233,38,14,21,4
56005001-23,56,005,001-23,800.68,51.11,45.8,3.16,0.47,2,18.09,702.08,111.53,35.18,42.11,1.31
56005001-24,56,005,001-24,378,34,13,2,0,1,8,335,48,14,27,0
56005001-25,56,005,001-25,545,69,22,1,2,4,7,512,91,15,16,3
56005001-26,56,005,001-26,278,24,12,1,2,1,6,245,43,14,8,2
56005001-27,56,005,001-27,223.56,10.83,9.25,1.67,0,0.63,4.8,196.14,22.41,8.62,16.16,1.04
56005002-01,56,005,002-01,344.48,8.96,12.94,0,1,0,2.99,269.81,30.86,16.93,20.91,1
56005003-01,56,005,003-01,788,43,20,5,0,4,5,671,78,29,52,3
56005004-01,56,005,004-01,757.52,43.04,14.06,8,1,3,6.01,628.19,84.14,41.07,46.09,4
56005006-01,56,005,006-01,214.45,12.73,7.83,1.96,0,0.98,3.92,175.28,23.5,9.79,25.46,0
56005007-01,56,005,007-01,162,13,0,0,0,0,1,131,21,4,8,1
56005008-01,56,005,008-01,109.66,3.99,1.99,1,0,0,2.99,101.69,7.98,2.99,4.98,0
56005009-01,56,005,009-01,78.79,2.51,4.77,0.79,0.01,0,0.03,69.28,8.07,3.97,1.62,0
56005013-01,56,005,013-01,193,5,10,0,0,0,1,174,14,4,3,3
56005014-01,56,005,014-01,608,29,12,5,0,6,7,506,78,29,44,1
56005014-02,56,005,014-02,338,5,4,1,0,0,2,282,24,14,17,2
56005018-01,56,005,018-01,435.08,20.01,10,2,1,2,10,362.06,53.01,22,30.01,0
56005019-01,56,005,019-01,304.17,12.59,12.59,2.91,0,0,1.94,256.71,29.06,12.59,21.31,2.91
56005022-01,56,005,022-01,222,19,11,0,0,3,4,193,31,10,14,0
56005023-01,56,005,023-01,598,30,15,1,0,1,10,505,65,24,36,3
56005024-01,56,005,024-01,721.96,40.46,34.39,4.21,2.53,1.48,16,636.18,83,29.5,49.75,3.68
56005026-01,56,005,026-01,25.09,3.77,2.27,0,0,0,0.01,22.8,3.05,2.26,2.27,0
560070001-1,56,007,0001-1,245,188,24,9,2,3,8,215,228,10,20,3
560070002-1,56,007,0002-1,411,129,38,2,5,4,19,350,198,29,21,1
560070002-2,56,007,0002-2,436,135,66,3,2,7,10,379,222,29,26,0
560070003-1,56,007,0003-1,292.45,136.71,46.44,3.15,0.02,6.09,18.3,250.62,202.99,28.24,9.24,1.05
560070003-2,56,007,0003-2,378.55,145.29,37.56,12.85,1.98,7.91,25.7,308.38,254.01,20.76,20.76,3.95
560070004-1,56,007,0004-1,12.07,3.02,0.01,0,0,0,0,11.05,4.04,0.01,0.01,0
560070005-1,56,007,0005-1,162.95,29.91,16.85,1.97,0.99,1.98,2.99,142,53.82,12.87,8.94,0
560070006-1,56,007,0006-1,19.35,0.02,0.01,2.88,0,0,0.01,13.56,3.88,0.97,1.92,0
560070007-1,56,007,0007-1,86.93,7.22,3.93,1.38,0,0.65,3.28,68.66,20.96,5.85,4.05,0
560070008-1,56,007,0008-1,248.56,51.22,14.04,2.99,1.01,1,13.03,199.22,86.48,12.05,25.03,0.01
560070009-1,56,007,0009-1,119.94,11.73,7.79,6.79,0,0.97,6.81,101.38,31.23,5.85,17.5,0
560070010-1,56,007,0010-1,48.7,4.26,0.18,0.15,0,0.02,1.15,40.29,6.7,2.13,1.4,0
560070011-1,56,007,0011-1,596,211,63,7,3,7,20,469,340,49,41,2
560070011-2,56,007,0011-2,261.7,45.49,9.74,0.04,1.62,0.86,8.14,207.22,86.66,9.7,13.67,1.59
560070012-1,56,007,0012-1,133.13,30.69,6.02,0.67,1.31,2.61,5.35,111.83,56.54,7.24,2.19,0.65
560070013-1,56,007,0013-1,168.34,41.95,8.93,0.89,0.9,0.89,8.03,141.39,69.7,5.38,11.61,0.01
560070014-1,56,007,0014-1,89.9,10.07,6.75,1.87,0,0.03,5.67,88.37,19.03,1.99,4.83,0
560070015-1,56,007,0015-1,303.34,15.55,8.74,2.9,0,0.97,5.83,271.5,39.75,6.77,11.61,0
5600701-2-0,56,007,01-2-0,11.12,2.89,0.84,0,0,0.12,0.3,8.96,5.05,0.48,0.6,0
5600701-2-1,56,007,01-2-1,156.65,38.96,11.68,0.15,0.01,1.61,4.37,127.49,68.44,6.62,8.4,0
5600701-2-2,56,007,01-2-2,2.14,0.55,0.16,0,0,0.02,0.06,1.72,0.97,0.09,0.12,0
5600701-2-3,56,007,01-2-3,3.36,0.87,0.25,0,0,0.04,0.09,2.7,1.52,0.15,0.18,0
5600701-2-4,56,007,01-2-4,25.12,4.93,1.58,0.09,0,0.21,0.66,21.04,8.92,0.92,1.25,0
5600705-1-2,56,007,05-1-2,1.35,0.25,0.14,0.02,0.01,0.02,0.02,1.18,0.45,0.11,0.07,0
5600706-1-1,56,007,06-1-1,0.42,0,0,0.06,0,0,0,0.29,0.08,0.02,0.04,0
5600707-1-2,56,007,07-1-2,47.31,3.9,2.13,0.73,0,0.35,1.77,37.34,11.38,3.2,2.14,0
5600711-2-1,56,007,11-2-1,65.24,11.28,2.42,0,0.4,0.2,2.01,51.61,21.52,2.41,3.42,0.4
5600712-1-0,56,007,12-1-0,67.81,15.6,3.05,0.34,0.68,1.36,2.71,56.96,28.82,3.73,1.02,0.34
5600713-1-0,56,007,13-1-0,14.58,3.65,0.78,0.08,0.08,0.08,0.7,12.26,6.05,0.47,1.01,0
560090001-1,56,009,0001-1,156,8,0,2,0,0,3,136,16,4,9,0
560090002-2,56,009,0002-2,335.82,41.62,10.74,1.97,0.96,1.01,4.9,297.94,72.5,2.17,21.36,0.97
560090003-1,56,009,0003-1,167.12,7.96,4.97,3.98,0,0.99,0,143.24,22.88,6.96,9.95,0
560090004-4,56,009,0004-4,380.13,23.07,15.65,6.43,1.84,1.85,4.62,314.86,65.35,12.9,26.68,0.01
560090006-6,56,009,0006-6,313.97,19.73,8.28,2.52,0.29,1.22,1,273.37,44.13,9.53,15.13,0
560090007-7,56,009,0007-7,158.24,14.85,5.77,1.64,0.82,0.03,3.34,145.89,23.96,4.14,9.04,0
560090008-8,56,009,0008-8,244,17,6,3,1,0,4,213,33,4,17,0
560090009-1,56,009,0009-1,495.48,81.36,35.29,2.94,2.94,8.82,10.78,429.74,132.36,20.6,38.24,0
560090009-2,56,009,0009-2,395.63,66.77,15.94,1.99,1.99,7.97,4.98,333.84,114.6,11.96,27.9,0
560090023-1,56,009,0023-1,272.4,43.55,23.53,1.05,1.01,1.05,3.2,237.45,64.3,16.35,15.42,0.05
560090023-2,56,009,0023-2,438.23,43.63,15.86,3.97,0.99,4.96,15.86,405.51,77.34,14.87,19.83,0
560090023-3,56,009,0023-3,479.38,52.66,22.45,4.58,0.19,5.13,12.4,424.03,83.05,19.97,30.67,2
560090023-4,56,009,0023-4,511.45,102.68,36.53,1.97,0.99,3.95,15.8,468.99,148.1,15.8,25.67,3.95
560090023-5,56,009,0023-5,265.55,34.68,6.18,2.03,3.01,1.02,5.08,233.93,51.23,9,19.34,0.02
560090023-6,56,009,0023-6,249,52,12,2,2,1,9,219,69,9,20,1
56009010-10,56,009,010-10,273.9,33.47,13.79,5.91,1.96,0.99,0,242.24,51.29,11.83,16.78,0
56009011-11,56,009,011-11,189,15,14,0,0,2,3,162,37,9,13,0
56009013-13,56,009,013-13,98.29,2.07,2.02,2.01,0,0,1,91.24,6.1,1.02,5.02,0
56009020-20,56,009,020-20,96.41,7.89,1.99,0.98,0,0.01,0.05,82.72,13.81,4.9,2.97,0
56011000101,56,011,000101,258,37,19,1,2,1,3,232,64,7,7,3
56011000102,56,011,000102,241,34,7,0,0,0,7,200,71,8,7,0
56011000202,56,011,000202,469,50,23,3,0,3,6,380,115,19,31,0
56011000303,56,011,000303,137,26,13,1,0,1,7,125,34,6,10,2
56011000707,56,011,000707,172,13,7,0,0,0,3,138,19,10,16,0
56011000909,56,011,000909,86,2,5,1,0,0,0,79,5,0,3,4
56011001111,56,011,001111,195.79,12.73,2.94,0.98,0.98,0,2.94,160.55,32.31,8.81,9.79,0.98
56011001212,56,011,001212,323.21,22.27,3.06,5.02,2.02,1,3.06,283.45,37.69,2.19,28.21,0.02
56011001313,56,011,001313,231,8,9,1,0,1,5,204,17,11,14,1
56011001414,56,011,001414,157,18,6,1,0,1,0,128,34,0,12,0
56011001515,56,011,001515,243,14,5,0,0,0,3,204,33,10,8,0
56011001616,56,011,001616,312,6,3,4,0,1,6,263,27,13,30,1
56011001801,56,011,001801,170,14,4,0,0,1,0,140,30,5,13,0
56011001802,56,011,001802,205,10,4,0,1,1,4,171,17,11,18,1
56011002323,56,011,002323,51.34,4.01,1.01,0,0,0,0.01,47.31,3.02,2.01,4.02,0
56011002424,56,011,002424,42,1,2,0,0,0,0,40,0,0,5,0
56011002626,56,011,002626,55,1,4,0,0,0,2,38,8,2,8,1
56013000101,56,013,000101,404,172.26,41.73,5.32,2.66,9.76,16.88,363.15,246.79,14.23,16.03,1.77
56013000102,56,013,000102,167.08,101.92,17.54,0.84,0.84,4.18,4.18,151.21,127.82,8.35,5.01,0
56013000103,56,013,000103,298.04,250.17,31.72,1.93,4.78,8.63,15.37,259.62,309.7,18.24,17.32,0
56013000104,56,013,000104,233,177,29,9,2,8,18,224,219,15,14,2
56013000105,56,013,000105,401,241,48,4,2,7,19,366,306,24,21,2
56013000106,56,013,000106,269.69,249.51,43.12,6.02,4.01,9.02,11.05,265.56,300.69,12.11,9.04,1
56013000201,56,013,000201,207.2,43.89,5.81,1.94,3.87,3.89,8.74,177.22,74.85,10.66,3.88,0
56013000301,56,013,000301,356.31,74.08,27.22,6.37,1.41,5.76,12.79,310.63,123.54,20.94,22.15,1.08
56013000302,56,013,000302,148.05,33.49,13.8,1.85,0.74,3.36,6.36,128.21,56.32,8.78,9.79,0.38
56013000303,56,013,000303,620.04,133.16,40.75,8.84,2.56,11.05,21.51,548.6,206.3,40.46,30.64,3.24
56013000304,56,013,000304,291.35,87.47,22.1,3.31,0.67,6.42,12.7,267.4,116.09,17.78,14.39,2.1
56013000305,56,013,000305,565.52,176.91,36.12,6.57,1.64,5.5,29.32,502.84,245.16,34.49,26.83,2.32
56013000306,56,013,000306,601.3,161.61,47.06,4.84,1.54,3.73,22.13,556.29,221.61,33.28,20.35,4.91
56013000401,56,013,000401,110.82,302.21,10.89,3.97,9.65,33.05,25.28,149.11,305.57,17.31,11,0.03
56013000501,56,013,000501,485.94,214.33,49.36,5.28,2.18,9.32,20.28,436.06,290.21,23.37,27.38,1.02
56013000601,56,013,000601,755.43,289.76,69.55,8.17,3.4,12.4,29.56,683.54,394.87,39.93,38.76,1.12
56013000701,56,013,000701,810.21,188.57,41.9,4.99,6.98,8.98,26.94,741.36,233.46,44.91,36.92,8.98
56013000801,56,013,000801,181.77,230.69,16.51,0.41,1.68,15.62,27.61,183.48,241.99,15.1,11.28,0.05
56013000901,56,013,000901,326.48,17.81,10.88,0,0,0.99,7.91,287.89,43.53,15.83,10.88,0.99
56013001001,56,013,001001,602.19,74.49,20.5,0.21,0.02,3.06,9.23,527.13,121.55,25.46,24.52,4.02
56013001201,56,013,001201,78.57,9.27,2.05,1,0,0.01,0.03,66.3,16.39,2.12,5.08,0.01
56013001301,56,013,001301,131.64,405.97,9.3,0,0.05,27.08,34.33,151.48,396.34,19.15,10.18,2.95
56013001401,56,013,001401,403.47,43.83,14.81,3.12,1.21,3.22,13.49,340.85,80.5,29.23,27.57,1.21
56013001501,56,013,001501,214.55,23.03,7.9,1.65,0.66,1.65,7.24,180.99,42.78,15.47,14.81,0.66
56013001601,56,013,001601,189.08,61.29,7.52,2.12,0.61,6.31,7.52,171.8,70.16,17.47,9.3,0.13
56013001701,56,013,001701,465.02,107.59,23.26,4.19,1.69,7.64,21.4,430.63,149.07,18.62,22.05,2.2
56013001801,56,013,001801,948.65,178.64,51.37,8.69,2.17,5.68,32.33,856.81,274.45,41.94,38.38,3.79
56013001901,56,013,001901,106.74,21.63,0.17,0.03,0.07,1.18,1.18,91.22,28.57,3.13,2.1,1
56013002001,56,013,002001,253.84,26.07,6.79,2.88,0,2.89,3.89,211.31,50.26,11.63,12.56,0.97
56013002101,56,013,002101,452.21,77.94,22.09,2.37,0.92,5.54,12.65,386.66,121.44,29.72,23.46,2.04
56013002201,56,013,002201,48.43,0.77,1.2,0.09,0,1.09,0.11,45.18,4.47,0.34,0.37,0.03
56013002401,56,013,002401,39.39,23.64,2.95,0,0,0.98,0.98,32.5,30.53,3.94,1.97,0
56015000101,56,015,000101,49,0,0,0,0,0,0,45,2,1,1,0
56015000201,56,015,000201,73,7,4,0,0,0,2,65,10,1,6,3
56015000801,56,015,000801,338.01,35.17,15.83,3.34,0.85,3.33,3.36,311.64,57.62,9.94,15.73,0.01
56015000802,56,015,000802,72.32,7.46,3.38,0.71,0.18,0.71,0.71,66.63,12.26,2.13,3.38,0
56015000901,56,015,000901,174.63,33.48,15.38,4.52,0.9,1.81,2.71,160.16,53.39,9.05,9.05,1.81
56015000902,56,015,000902,18.37,3.52,1.62,0.48,0.1,0.19,0.29,16.84,5.61,0.95,0.95,0.19
56015001001,56,015,001001,87.53,37.14,3.04,2.28,0.81,2.3,0.73,81.5,38.84,5.18,4.68,0
56015001002,56,015,001002,231.9,64.72,18.21,0.67,2.04,4.32,6,219.4,91.42,2.29,13.41,1
56015001003,56,015,001003,234.51,61.54,17.75,2.52,0.3,3.33,8.19,220.52,80.65,9.75,12.92,0.44
56015001004,56,015,001004,389.3,127.49,18.89,4.41,4.04,3.79,14,358.65,167.02,12.76,16.88,0
56015001005,56,015,001005,177.56,39.52,15.81,2.11,0,2.11,6.85,170.18,59.54,6.85,5.8,0.53
56015001006,56,015,001006,247,97,22,5,1,2,4,244,106,12,8,3
56015001007,56,015,001007,220,76,22,10,0,5,7,210,94,9,21,2
56015001008,56,015,001008,598.83,114.03,35.17,8.72,4.46,7.09,12.31,582.33,155.93,14.17,21.91,2.07
56015001009,56,015,001009,434.53,94.16,9.41,4.71,0.94,4.71,6.58,401.61,125.17,5.67,13.18,1.88
56015001010,56,015,001010,122.22,41.6,3.49,2.53,2.38,3.31,0.25,116.27,49.39,2.2,9.1,0.07
56015001301,56,015,001301,128.51,19.05,4.02,5,0,0,3,129.47,20.09,1.01,8.02,0
56015001501,56,015,001501,193.32,21.7,6.52,1.22,0,0.79,1.62,178.16,34.41,3.34,6.09,1.58
56015001502,56,015,001502,34.16,4.46,1.06,0,0,0.21,0,30.56,7,0.42,1.27,0.42
56015001601,56,015,001601,190.1,16.24,8.56,3.78,0,0,6.38,184.72,22.96,6.41,5.78,0
56015001701,56,015,001701,97,7,2,0,0,0,0,89,12,1,3,0
56015001801,56,015,001801,203.33,9.94,3.44,4.44,0.69,0,2,195.02,11.63,2.06,9.63,0
56015001802,56,015,001802,74.67,4.06,1.56,1.56,0.31,0,0,69.98,4.37,0.94,4.37,0
56015002001,56,015,002001,28.21,1.71,0.85,0,0,0,0,27.35,1.71,0.85,0.85,0
56017000101,56,017,000101,597,152,52,2,1,15,11,547,234,30,27,1
56017000102,56,017,000102,459.38,112.91,36.67,6.76,1.93,10.62,11.58,410.16,165.99,27.99,30.88,2.9
56017000204,56,017,000204,139.58,19.8,2.97,0.99,0.99,2.97,10.89,119.78,40.59,2.97,10.89,0
56017000303,56,017,000303,741.62,115.09,44.33,11.24,0.07,6.38,17.42,646.84,203.01,37.01,40.12,2.1
560190003-1,56,019,0003-1,307,75,23,2,0,1,12,288,103,14,10,0
560190003-2,56,019,0003-2,191,52,15,2,0,1,3,172,68,16,6,0
560190003-3,56,019,0003-3,198.96,51.3,12.15,1.93,0.03,4.88,1.52,170.68,72.73,12.76,7.61,0.03
560190003-4,56,019,0003-4,224,45,13,0,0,4,6,209,62,10,10,0
560190003-5,56,019,0003-5,103.77,29.38,3.67,0,0,0,5.51,86.32,42.24,6.43,7.35,0
560190003-6,56,019,0003-6,153.89,36.97,12.99,5,0,3,1,142.89,48.96,8.99,8.99,1
560190003-7,56,019,0003-7,191.07,42.01,8,0,2,2,4,180.07,56.02,5,8,0
560190003-8,56,019,0003-8,209.69,44.93,9.99,0,0,2,3.99,193.71,45.93,8.99,14.98,0
560190004-7,56,019,0004-7,618.11,92.33,27.17,2.07,0.97,7.12,12.97,564.86,139.01,14.82,27.05,0.97
560190004-8,56,019,0004-8,622,104,31,2,4,7,10,542,157,28,31,3
560190005-9,56,019,0005-9,72,10,4,0,0,0,4,72,11,0,5,1
56019002-14,56,019,002-14,147,22,6,0,0,0,1,137,31,4,3,0
56019006-10,56,019,006-10,79.83,10.25,2.2,0,0.73,0,0.73,71.77,15.38,1.46,2.93,0
56019008-11,56,019,008-11,232.17,16.75,2.8,4,0.27,1,1.27,212.22,25.62,4.54,13.07,0
56019009-12,56,019,009-12,82,6,3,0,0,0,0,77,4,0,9,0
56019010-15,56,019,010-15,44.52,0.08,0.02,0,0,0.01,1.01,41.47,0.11,0.01,3.02,0
560210001-1,56,021,0001-1,799.82,439.58,94.7,11.58,11.93,21.24,39.14,763.45,500.76,58.71,49.22,5.97
560210001-2,56,021,0001-2,389.62,321.39,57.36,1.98,1.98,10.88,14.83,372.81,339.19,35.6,23.73,0.99
560210001-3,56,021,0001-3,355.21,316.79,63.85,1.98,2.05,14.99,24.89,323.78,371.27,34.86,25.88,2.97
560210001-4,56,021,0001-4,187,203,29,3,0,8,15,180,223,15,14,3
560210001-5,56,021,0001-5,339,277,54,1,2,9,12,325,325,18,13,3
560210001-6,56,021,0001-6,345.65,383.29,52.49,1.98,1.98,9.9,20.8,318.91,439.74,30.7,13.87,1.98
560210001-7,56,021,0001-7,180,130,26,5,1,6,7,170,147,16,10,2
560210001-8,56,021,0001-8,390,322,59,5,2,11,33,353,373,48,29,3
560210001-9,56,021,0001-9,275,173,43,3,4,6,19,249,214,24,21,1
560210002-1,56,021,0002-1,267.35,149.71,26.51,0.02,0.02,2.1,13.2,235.09,182.26,22.3,12.13,4.02
560210002-2,56,021,0002-2,449.01,244,51,4,0,9,19,431.01,307.01,21,14,1
560210002-3,56,021,0002-3,512.49,320.31,48.06,6,1,5.12,25.35,508.61,376.49,16.12,7,4
560210002-4,56,021,0002-4,344,183,36,1,2,6,14,331,222,10,13,2
560210002-5,56,021,0002-5,536,322,52,9,3,10,21,519,378,21,27,2
560210002-6,56,021,0002-6,1060.48,524.3,101.29,10.2,2.03,14.14,54.81,1004.41,663.43,55.7,32.62,7.08
560210002-7,56,021,0002-7,678.07,400.87,73,12,3,17,31,609.07,479.87,52,41,5
560210002-8,56,021,0002-8,95.52,60.77,19.52,5.09,1.01,4.09,2.22,97.56,70.2,6.18,7.14,0.03
560210002-9,56,021,0002-9,374.69,189.86,55.59,8.98,1.02,9.01,23.38,378.74,236.34,19.24,15.19,2.99
560210003-1,56,021,0003-1,432,234,68,5,2,10,21,384,317,32,26,4
560210003-2,56,021,0003-2,268,180,37,5,2,12,15,258,201,30,17,4
560210003-3,56,021,0003-3,252,169,50,2,3,7,16,255,189,24,19,0
560210003-4,56,021,0003-4,351.53,246.24,41.05,4,7,12.01,15.02,338.48,291.31,17.02,19.02,0
560210003-5,56,021,0003-5,538.45,302.2,74.24,8.48,3.04,12.89,20.85,496.32,369.76,33.31,36.61,1.97
560210003-6,56,021,0003-6,488.77,251.68,65.13,4,1,6.02,9.02,465.6,294.64,19.19,26.11,1.02
560210003-7,56,021,0003-7,367.75,175.48,34.52,2.86,0.95,6.7,11.47,337.95,218.33,16.48,16.37,0.98
560210003-8,56,021,0003-8,417,226,53,7,5,13,26,387,263,43,29,4
560210003-9,56,021,0003-9,765,371,95,14,2,14,41,747,430,56,41,2
560210004-1,56,021,0004-1,76,19,5,1,0,0,2,67,25,6,1,0
560210004-2,56,021,0004-2,484.02,139.36,38.15,16.03,1,8.01,12.09,456.71,173.68,21.12,31.09,4.01
560210004-3,56,021,0004-3,24.57,1.97,0,0,0,0,0,21.62,0.98,0,0,1.97
560210004-4,56,021,0004-4,438,123,25,3,1,2,15,405,150,19,21,2
560210004-5,56,021,0004-5,59,5,4,0,0,0,2,54,10,2,4,0
560210004-6,56,021,0004-6,1062,276,69,10,2,12,31,972,377,49,39,3
560210004-7,56,021,0004-7,659.42,200.01,69.61,5.02,1.02,8.14,39.24,629.11,258.54,35.34,28.25,5.03
560210004-8,56,021,0004-8,477.61,223.76,52.76,17.45,4.08,13.84,19.99,433.8,275.76,38.57,46,2.05
560210004-9,56,021,0004-9,746.98,256.65,74.9,12.98,2,8.99,27.96,696.05,314.57,45.94,50.93,8.99
560210005-1,56,021,0005-1,347.51,120.83,19.67,2.81,1.87,5.62,12.18,314.73,144.25,23.42,16.86,0.94
560210005-2,56,021,0005-2,676.25,253.59,44.69,6.8,0.97,4.86,28.18,639.33,327.44,24.29,21.38,2.91
560210005-3,56,021,0005-3,882.32,231.75,62.5,10.05,2,11,23.23,791.23,325.11,40.18,44.18,3
560210005-4,56,021,0005-4,1460.34,362.31,118.33,4.17,4.49,12.58,36.55,1325.95,496.45,72.02,63.44,6.43
560210005-5,56,021,0005-5,119.42,41.7,10.95,1.96,0.01,1.04,2.03,105.03,60.07,4.07,2.1,0.96
560210006-1,56,021,0006-1,691,70,36,15,0,2,23,612,120,37,51,3
560210006-2,56,021,0006-2,640,89,45,12,1,8,7,584,132,30,40,0
560210006-3,56,021,0006-3,631,104,40,5,5,5,10,574,157,27,23,5
560210006-4,56,021,0006-4,86,8,4,2,0,0,3,82,11,4,5,0
560210006-5,56,021,0006-5,147,13,7,0,0,1,3,123,30,4,11,0
560210007-1,56,021,0007-1,45.19,34.86,6.01,0.13,0.8,1.52,1.66,47.5,35.49,2.64,2.01,0.04
560210007-2,56,021,0007-2,6.93,2.13,0,0,0,0,0,6.93,2.13,0,0,0
560210007-3,56,021,0007-3,100.5,40.13,7.82,0.14,0.05,1.2,1.43,91.14,40.39,9.62,6.08,0.93
560210007-4,56,021,0007-4,213.3,91.03,14.28,6.25,0.89,0.89,1.78,184.74,97.28,18.74,22.31,0
56021001-10,56,021,001-10,352.46,239.75,57.3,7.16,6.22,6.62,13.64,332.49,272.39,25.3,32.06,2
56021002-10,56,021,002-10,133.95,58.35,10.52,0.96,0,0,4.79,132.03,66.02,3.83,3.83,0
56021002-11,56,021,002-11,408.37,204.29,51.83,4.01,0.99,11.93,16.91,359.43,256.28,38.78,36.76,1.01
56021002-12,56,021,002-12,498.04,257.47,73.56,8.95,0.99,12.92,17.89,485.12,300.22,39.76,27.83,0.99
56021002-13,56,021,002-13,490.96,334.92,66.54,4.02,1.97,6.01,35.57,495.12,389.89,24.96,19.98,1.02
56021003-10,56,021,003-10,442.5,211.99,82.2,7.09,5.05,6.28,23.48,423.65,278.63,27.15,26.73,1.05
56021003-11,56,021,003-11,124.46,57.47,20.48,1,0,1.07,3.07,128.84,64.34,4.69,8.41,0.07
56021003-12,56,021,003-12,399,201,35,11,5,9,18,360,258,25,16,1
56021003-13,56,021,003-13,265.64,117.87,25.8,2.93,0.59,3.52,8.8,238.67,143.67,16.42,9.97,0.59
56021004-10,56,021,004-10,149.33,26.66,10.85,1.97,0,0.99,6.9,126.6,50.31,8.88,6.9,1.02
56021004-11,56,021,004-11,48.51,39.69,7.94,0,0,0.88,2.65,49.39,48.51,0.88,0,0
56023000101,56,023,000101,276,44,19,6,0,0,6,228,100,7,14,1
56023000102,56,023,000102,275,60,20,0,2,2,13,229,100,15,17,1
56023000103,56,023,000103,401,59,17,9,0,1,20,347,120,9,18,1
56023000104,56,023,000104,237,49,17,5,1,1,8,212,83,8,8,1
56023000106,56,023,000106,115.31,15.71,4.93,1.01,0,1.97,0.14,97.7,34.38,0.01,5.98,1.96
56023000107,56,023,000107,67,5,0,0,0,1,0,56,9,3,2,1
56023000108,56,023,000108,303.79,15.99,8.99,3,0,0,7,267.81,33.98,7.99,20.99,1
56023000201,56,023,000201,666.75,66.4,30.25,19.11,5.01,12.05,82.56,669.71,102.72,24.16,61.39,4.02
56023000202,56,023,000202,232.84,16.92,8.96,5.97,1,0,18.91,231.85,20.9,6.97,11.94,2.99
56023000203,56,023,000203,541,228,48,6,1,12,23,513,258,34,30,0
56023000204,56,023,000204,366,42,18,4,2,0,35,382,48,11,19,0
56023000205,56,023,000205,611,92,20,10,1,5,46,587,121,16,54,3
56023000206,56,023,000206,417,38,22,8,3,0,47,433,54,18,24,2
56023000207,56,023,000207,838.41,57.69,36.79,15.92,1,6.95,81.54,833.44,105.38,23.87,56.67,2.99
56023000208,56,023,000208,426,50,14,5,1,0,34,423,50,14,31,1
56023000209,56,023,000209,301.9,11.3,6.08,4.99,0,2.03,22.87,301.49,26.64,0,18.03,0.05
56023000210,56,023,000210,703,254,40,9,5,3,32,699,265,26,32,1
56025000101,56,025,000101,319,170,31,4,3,5,9,269,209,25,34,0
56025000102,56,025,000102,316,197.28,30.12,4.03,1.02,16.04,22.05,284.79,243.42,14.12,33.15,1.01
56025000103,56,025,000103,429,248,49,11,4,15,19,361,355,23,38,0
56025000104,56,025,000104,555,280,68,5,3,15,25,485,379,25,39,2
56025000105,56,025,000105,287,200,37,1,1,9,12,249,246,26,22,3
56025000106,56,025,000106,785.18,240.14,63.77,5.98,2.99,9.96,43.84,674.57,353.73,39.86,71.74,1.99
56025000107,56,025,000107,313,129,48,2,2,9,23,258,185,37,35,2
56025000109,56,025,000109,817,164,54,5,1,8,32,738,260,30,40,3
56025000111,56,025,000111,432,174,18,3,0,5,18,398,209,10,18,2
56025000112,56,025,000112,207,88,24,6,1,7,7,187,115,20,16,1
56025000201,56,025,000201,543.26,215.91,48.33,5.03,1.01,14.04,15.13,474.76,296.33,28.19,36.32,1.03
56025000202,56,025,000202,428,192,46,2,0,10,22,351,269,27,38,2
56025000203,56,025,000203,412,120,46,5,4,13,15,350,195,31,29,0
56025000204,56,025,000204,349,163,31,5,2,5,16,330,197,20,22,2
56025000206,56,025,000206,873,235,74,14,1,8,28,794,355,31,38,14
56025000207,56,025,000207,1018.03,224.64,68.16,15.02,1,9.01,23.09,865.62,375.02,43.11,59.16,5.01
56025000208,56,025,000208,1046.35,212.67,67.89,10.98,3.99,5.99,39.93,913.55,321.51,44.93,75.87,4.99
56025000209,56,025,000209,448.32,87.5,34.85,1.98,0,1.05,12.98,401.47,137.68,23.14,17.27,3.03
56025000210,56,025,000210,683,213,69,5,5,7,34,609,324,34,40,2
56025000302,56,025,000302,504.5,186.38,54.48,4.93,2.97,4.94,16.58,419.83,252.53,40.93,47.81,0.99
56025000303,56,025,000303,587,217,51,2,3,12,28,520,311,33,26,7
56025000304,56,025,000304,788.82,252.86,79.23,9.02,3.01,14.04,25.16,685.43,363.27,45.14,56.26,8.01
56025000305,56,025,000305,530,180,33,7,0,2,22,497,231,22,25,3
56025000306,56,025,000306,613.03,165.69,37.55,9.25,0.06,7.19,17.8,570.53,228.16,20.75,27.34,2.06
56025000308,56,025,000308,976.97,292.31,79.45,12.75,2.94,9.81,41.2,848.47,418.84,38.25,68.66,2.94
56025000309,56,025,000309,432,125,34,8,1,5,15,366,187,23,30,1
56025000310,56,025,000310,1796.09,453.84,109.58,14.55,3.88,17.46,60.12,1703.94,588.64,59.16,65.95,6.79
56025000401,56,025,000401,665.68,150.77,67.78,2.97,1.03,11.81,18.76,560.72,235,53.32,49,0.08
56025000402,56,025,000402,887.57,101.44,34.66,2.49,2.1,6.74,14.12,769.65,171.43,36.54,56.07,3.13
56025000501,56,025,000501,37,12,2,1,1,0,0,31,18,1,1,0
56025000701,56,025,000701,114.74,22.06,3.02,2,0.01,0.01,6.01,100.64,28.13,3.03,11.03,1
56025000702,56,025,000702,74.26,5.94,1.98,0,0.99,0.99,0.99,64.36,12.87,2.97,2.97,0
56025000801,56,025,000801,895.84,206.15,80.49,3.87,1.95,9.67,20.25,795.6,294.02,40.73,69.43,8.66
56025000802,56,025,000802,261.79,53.84,11.02,0.2,0.09,2.28,4.65,216.43,80.2,13.87,16.99,2.23
56025000803,56,025,000803,434.8,64.87,27.57,6.98,4.96,7.98,11.36,389.59,97.74,25.89,34.06,2.03
56025000804,56,025,000804,836.61,118.08,31.04,5.01,3.01,7.01,26.02,716.55,198.13,35.04,58.05,3
56025000805,56,025,000805,953,93,62,11,2,7,29,847,192,49,52,1
56025000901,56,025,000901,893.16,153.63,42.03,5.97,0.99,2.98,20.96,795.5,250.34,27.02,38.85,2.02
56025001101,56,025,001101,110,4,5,0,0,0,2,100,13,2,4,0
56025001102,56,025,001102,109,20,5,0,0,1,1,103,23,6,3,0
56025001103,56,025,001103,217,49,6,3,0,1,9,193,69,2,13,0
56025001104,56,025,001104,109,5,2,2,0,2,2,94,12,4,13,0
56025001202,56,025,001202,280,78,21,0,1,5,8,264,104,10,10,0
56025001301,56,025,001301,86,10,0,0,0,0,1,76,12,4,6,1
56025001302,56,025,001302,72,2,2,1,1,0,0,60,3,4,12,0
56025001401,56,025,001401,25,0,0,0,0,0,0,26,2,0,0,0
56025ZZZZZZ,56,025,ZZZZZZ,0,0,0,0,0,0,0,0,0,0,0,0
56027000102,56,027,000102,60,0,0,0,0,0,1,55,1,1,2,0
56027000302,56,027,000302,57,0,4,0,0,0,0,48,1,3,6,2
56027000401,56,027,000401,98,2,1,0,0,0,1,86,4,5,4,0
56027000601,56,027,000601,291,34,14,2,0,3,1,257,65,4,16,1
56027000602,56,027,000602,473,71,30,4,3,4,13,404,132,19,36,1
56027000701,56,027,000701,137,8,0,1,0,0,1,119,14,5,8,0
56029000101,56,029,000101,299.75,43.96,13.99,5,1,3,3,262.77,54.95,11,25.99,3
56029000201,56,029,000201,799.57,145.74,33.94,11.98,2,14.97,14.97,657.83,226.6,31.94,76.86,4.99
56029000202,56,029,000202,613.87,165.39,54.1,5.01,3.01,8.02,20.06,523.69,239.5,43.07,42.13,3
56029000301,56,029,000301,535.71,94.05,26.74,5.53,0.92,10.14,20.28,482.23,121.71,19.36,41.49,0
56029000302,56,029,000302,813.16,169.69,42.21,5.07,3,9.1,27.17,732.51,218.04,31.17,54.41,0.01
56029000401,56,029,000401,926.35,174.11,26.05,13.99,2,7.01,12.04,781.4,228.13,33.02,74,3
56029000402,56,029,000402,179.05,20.12,5.99,7.96,0,1,4.98,144.1,31.12,15.92,23.92,1
56029000601,56,029,000601,409,46,20,4,0,4,19,350,70,16,63,1
56029000702,56,029,000702,53,9,3,1,0,0,4,51,10,3,3,1
56029000801,56,029,000801,118,12,2,2,1,1,2,111,19,3,4,0
56029000802,56,029,000802,155,26,7,0,1,3,7,141,42,7,9,1
56029000803,56,029,000803,124.76,11.88,2.97,0.99,0,0,2.97,109.91,22.77,2.97,3.96,0
56029000901,56,029,000901,256,103,28,9,5,4,23,261,136,9,18,2
56029000902,56,029,000902,226,65,16,2,1,3,11,196,92,6,25,0
56029000904,56,029,000904,331,123,28,4,5,6,20,293,159,19,33,1
56029000905,56,029,000905,338,85,21,4,4,2,28,316,116,5,42,0
56029000907,56,029,000907,544,169,47,7,5,10,30,490,211,39,56,2
56029001001,56,029,001001,399,60,14,9,1,0,18,344,90,11,45,1
56029001002,56,029,001002,583.04,110.06,29.75,18.84,0.99,2.97,37.68,516.61,151.71,26.77,71.39,5.95
56029001102,56,029,001102,53,15,1,0,0,1,2,47,16,0,8,0
56029001601,56,029,001601,430.17,166.22,23.03,2.01,3,6.01,22.02,389.18,194.24,22.03,26.01,3
56029002101,56,029,002101,534.2,71.81,13.24,6.06,4.02,9.07,18.16,449.58,115.07,22.16,57.51,1
56029002301,56,029,002301,262.21,37.04,10.98,3.51,1.06,2.7,7.64,227.31,50.17,6.5,31.15,0.05
56029002401,56,029,002401,505,138,41,5,4,14,22,401,191,35,77,2
56029002402,56,029,002402,326,96,23,4,1,4,21,286,145,19,22,0
56029002403,56,029,002403,152,50,7,3,1,5,9,132,66,10,12,0
56029002501,56,029,002501,422,156,46,10,2,8,27,390,203,36,30,2
56029002502,56,029,002502,322,94,18,0,2,9,11,293,125,7,17,2
56029002503,56,029,002503,404.32,78.15,20.04,3.06,1,3.01,16.04,367.07,106.23,20.12,24.18,2.01
56031000014,56,031,000014,15.41,2.44,0.64,0.39,0,0.14,0.11,12.54,4.25,0.67,1.45,0
56031000101,56,031,000101,259,55,16,3,2,1,4,224,72,11,26,2
56031000102,56,031,000102,238,81,15,2,0,3,4,199,94,20,25,0
56031000103,56,031,000103,420,93,34,14,3,6,15,362,149,17,42,1
56031000104,56,031,000104,284,78,14,7,0,4,4,229,119,14,25,0
56031000106,56,031,000106,419.59,66.56,17.36,10.61,0,3.86,2.89,341.46,115.75,18.33,39.55,0
56031000201,56,031,000201,449,136,26,16,0,11,9,349,219,24,54,0
56031000301,56,031,000301,46,20,4,5,0,0,0,42,25,3,5,0
560310006-2,56,031,0006-2,139.4,21.52,2.15,0.13,1,0.04,4.09,116.86,31.01,6.06,10.35,0
56031000601,56,031,000601,178.6,27.48,7.85,6.87,0,1.96,4.91,150.14,52.99,2.94,18.65,0
56031000901,56,031,000901,62,9,2,0,0,0,5,55,16,0,6,0
56031001001,56,031,001001,166,21,10,2,0,1,3,145,36,10,11,1
56031001201,56,031,001201,479,57,13,12,0,3,8,407,112,14,32,0
56031002001,56,031,002001,281,51,18,3,0,1,5,239,81,10,22,0
56033001-01,56,033,001-01,353.16,80.05,30.14,1.88,3.77,9.42,9.42,309.84,129.02,20.72,19.78,0.94
56033002-01,56,033,002-01,387.76,88.44,24.3,1.94,0.97,6.8,8.75,330.43,138.97,21.38,18.46,0
56033002-02,56,033,002-02,251,127,26,1,1,8,12,215,175,14,18,1
56033002-03,56,033,002-03,545.65,166.03,52.05,2.69,2.69,8.97,12.56,491.8,254.88,17.95,24.23,1.79
56033002-04,56,033,002-04,451.31,148.09,52.03,6,0,12.01,17.01,404.28,227.14,22.01,21.01,4
56033002-05,56,033,002-05,734,284,47,2,3,14,30,673,372,30,26,4
56033003-02,56,033,003-02,171,138,40,3,0,8,11,163,178,21,8,0
56033003-03,56,033,003-03,109.51,37.78,6.02,0.55,0,3.29,3.83,89.8,56.94,7.12,6.02,0.55
56033003-04,56,033,003-04,464,169,41,3,4,11,24,412,245,31,20,1
56033003-05,56,033,003-05,543.5,171.73,35.13,4.88,0.98,2.93,14.64,478.12,258.58,13.66,21.47,0.98
56033004-02,56,033,004-02,434.59,144.52,45.93,7.35,2.75,18.36,15.69,390.12,204.6,19.34,32.19,0.93
56033004-03,56,033,004-03,538.72,156.16,51.03,5.01,2,10.01,28.02,478.62,230.27,37.01,30.02,1
56033004-04,56,033,004-04,122,52,13,1,0,5,7,116,61,10,11,0
56033005-01,56,033,005-01,135.31,32.32,8.91,1.05,0.12,2.29,1.3,123.99,37.89,4.64,3.62,0.03
56033006-01,56,033,006-01,473.45,103.81,22.32,5.82,0.97,3.88,10.67,408.45,176.57,9.7,15.52,0
56033007-01,56,033,007-01,227.48,56.11,14.03,3,1,4,4.01,196.44,90.17,3.01,11.02,1
56033008-01,56,033,008-01,410,138,26,4,2,4,7,375,179,20,8,2
56033009-01,56,033,009-01,47,3,0,0,0,1,0,36,7,3,4,0
5603301-01s,56,033,01-01s,11.07,2.52,0.93,0.06,0.11,0.29,0.28,9.75,3.97,0.63,0.59,0.03
56033010-01,56,033,010-01,138.82,15.98,4.99,2,0,1,1,121.84,31.96,4.99,3.99,0
56033011-01,56,033,011-01,588.87,135.29,26.03,3.61,1.19,8.04,22.42,496.52,234.24,20.05,24.23,1.87
56033012-01,56,033,012-01,1020,283,44,2,1,3,32,934,365,34,36,7
56033013-01,56,033,013-01,345.09,79.12,20.17,0.02,0,1.11,9.11,312.5,118.7,5.23,13.18,0.02
56033016-01,56,033,016-01,224,24,4,0,1,0,3,189,54,5,5,0
56033017-01,56,033,017-01,334,43,18,3,0,0,10,282,77,13,22,0
56033017-02,56,033,017-02,232.65,49.81,12.33,1.08,1.01,3.03,7.05,211.93,81.63,4.15,2.23,0.01
56033018-01,56,033,018-01,55.81,9.11,4.05,0.04,0,0,0.06,42.78,18.16,5.03,2.1,0
56033019-01,56,033,019-01,217,40,11,3,0,0,7,187,73,8,7,0
5603302-01s,56,033,02-01s,11.7,2.67,0.73,0.06,0.03,0.2,0.26,10,4.15,0.63,0.55,0
5603302-03s,56,033,02-03s,62.04,18.88,5.92,0.31,0.31,1.02,1.43,55.92,28.98,2.04,2.76,0.2
56033020-01,56,033,020-01,342.46,59.6,24.6,5.66,0.95,1.9,3.79,289.54,120.09,11.35,17.03,0.95
56033020-02,56,033,020-02,129.21,23.28,9.93,0.26,1.02,2.04,2.13,116.99,38.78,3.46,6.65,1.02
5603303-03s,56,033,03-03s,86.91,29.98,4.78,0.43,0,2.61,3.04,71.27,45.19,5.65,4.78,0.43
5603311-01s,56,033,11-01s,65.87,14.49,2.56,0.33,0.11,0.78,2.56,55.17,25.75,2.23,2.56,0.22
560350001-1,56,035,0001-1,614.09,221.07,52.08,11.79,1.97,8.84,29.48,553.18,335.05,30.46,29.48,2.95
560350001-3,56,035,0001-3,749.51,135.11,46.04,5.01,5,13,19.03,667.34,230.18,32.05,30.07,3.01
560350001-4,56,035,0001-4,486,63,21,3,2,2,8,414,105,17,28,2
560350002-1,56,035,0002-1,620.03,47.29,17.05,3.05,1,2,11.02,548.9,75.37,19.02,30.13,2.99
560350002-2,56,035,0002-2,322.9,28.9,7.97,2.99,1,0,4.98,281.05,47.84,7.97,21.93,0
560350004-1,56,035,0004-1,267.91,61.93,12.92,1.21,2.03,0.16,9.52,243.82,84.95,9.54,9.52,2.05
560350004-2,56,035,0004-2,203.56,43.69,8.94,5.96,0,0,3.97,180.72,54.61,4.96,17.87,0
560350005-1,56,035,0005-1,145,43,3,1,0,2,7,138,54,2,2,0
56037000101,56,037,000101,25.52,1.38,1.03,0,0,0,1.03,18.97,5.86,0.69,2.07,0.34
56037000301,56,037,000301,253.63,88.56,19.98,1.26,2.04,3.07,9.25,183.68,171.64,11.61,7.75,1.57
56037000302,56,037,000302,557.05,183.79,38.69,1.87,4.09,6.64,20.48,409.2,366.01,19.18,12.03,4.09
56037000303,56,037,000303,223.48,64.89,19.81,0.34,1.33,2.95,7.8,159.38,149.16,6.4,5.67,1.33
56037000304,56,037,000304,100.13,31.06,4.02,0,2,3,1.01,61.1,69.1,5.01,4.01,0
56037000305,56,037,000305,160.76,61.71,22.1,1.52,1.52,2.29,5.33,105.9,123.43,13.71,11.43,0
56037000401,56,037,000401,284.87,119.94,31.98,4,3,8,10.99,206.9,220.9,16.99,10.99,1
56037000402,56,037,000402,285.01,84,23,9,0,3,18,219.01,167.01,10,22,0
56037000403,56,037,000403,270.54,65.16,16.61,1.34,1.63,1.44,8.44,207.93,129.68,10.17,11.17,2.06
56037000404,56,037,000404,570,182,51,7,3,6,15,423,364,29,20,0
56037000501,56,037,000501,139,48,13,0,2,3,4,111,75,12,4,1
56037000502,56,037,000502,1098.89,263.48,80.85,12.28,5.67,12.63,51.27,800.41,591.77,39.9,49.13,5.75
56037000503,56,037,000503,1106.11,276.52,74.15,7.72,6.33,9.37,37.73,785.59,640.23,38.1,28.87,3.25
56037000505,56,037,000505,320.35,60.54,18.58,3.69,7.37,4.61,4.7,228.62,150.46,13.91,13,0.95
56037000601,56,037,000601,349.08,136.05,34.43,5,3.02,4.06,16.14,268.83,236.76,10.1,23.12,2.02
56037000602,56,037,000602,243.5,62.62,18.97,2.53,0,6.32,5.69,166.97,153.06,8.85,7.59,0
56037000603,56,037,000603,259,65,17,3,0,2,13,213,121,6,12,1
56037000701,56,037,000701,549.64,72.32,27.93,2.1,2.16,4.15,10.09,402.76,222.35,13.8,20.27,0.22
56037000901,56,037,000901,159,23,11,1,0,3,4,113,68,8,3,1
56037000902,56,037,000902,61.82,8.58,5.44,0,0,0,4.44,52.04,20.49,3.29,1.88,0.15
56037001001,56,037,001001,389,159,44,3,1,15,19,318,259,22,20,1
56037001002,56,037,001002,161,72,16,5,1,3,13,118,125,8,14,0
56037001003,56,037,001003,475,139,43,9,0,0,26,396,239,23,19,1
56037001004,56,037,001004,1339,370,119,22,6,14,58,1108,664,68,67,3
56037001005,56,037,001005,735,224,50,11,6,10,36,596,388,46,34,4
56037001006,56,037,001006,445.09,163.3,45.8,6.97,0,10.95,31.86,361.45,266.85,18.92,38.83,1.99
56037001201,56,037,001201,192.33,38.53,14.4,0,1,3,3.13,147.53,83.16,9.26,3.22,0
56037001202,56,037,001202,345.57,38.82,17.23,0.95,0.95,1.9,6.06,258.54,125.48,9.26,11.79,0
56037001301,56,037,001301,26,4,2,1,0,0,0,25,5,1,2,0
56037001901,56,037,001901,123.39,18.48,8.36,0,1,3.03,4.21,91.39,48.75,9.3,3.64,0.12
56037002001,56,037,002001,320.33,15.85,12.58,0,0,0.92,7.97,250.81,60.21,10.23,22.39,4.19
56037002101,56,037,002101,19.98,2.32,0.59,0,0,0.05,0.34,14.61,5.91,0.49,1.42,0.2
56037002301,56,037,002301,95.86,16.56,3.13,2.35,0.78,0,3.13,74.56,29.99,4.69,7.07,0
56037002401,56,037,002401,88,1,1,0,0,0,4,75,8,1,10,0
56037002501,56,037,002501,77.11,4.83,0.87,2.65,0.22,0,0.87,65.62,7.79,5.31,6.52,0
56037007011,56,037,007011,303.95,64.72,20.47,2.41,1.89,4.62,8.03,196.2,173.94,10.81,9.13,3.78
560390001-1,56,039,0001-1,410.68,576.41,66.58,2.91,2.8,10.3,38.83,468.84,572.38,41.37,14.27,1.96
560390001-2,56,039,0001-2,220,646,73,1,4,18,34,260,657,48,15,0
560390001-3,56,039,0001-3,237.14,337.77,29.49,3.03,1.14,8.05,23.26,289.91,320.27,13.94,13.45,0.34
560390001-4,56,039,0001-4,71.56,105.82,14.07,2.01,0,2.02,10.06,74.7,113.76,6.03,6.04,1
560390001-5,56,039,0001-5,246.94,681.29,64.15,4.01,2.01,19.02,46.09,264.07,706.28,43.09,17.03,3
560390001-6,56,039,0001-6,247.34,516.86,43.63,3.08,1.03,12.19,22.55,263.68,517.34,34.27,13.36,1
560390001-7,56,039,0001-7,179,482,33,1,1,4,36,207,494,18,3,4
560390001-8,56,039,0001-8,234,597,50,2,3,14,33,268,597,31,14,1
560390001-9,56,039,0001-9,210.1,585.89,55.07,4.87,1.97,7.88,17.02,207.19,601.25,37.31,16.62,3.89
560390002-1,56,039,0002-1,380.7,440.89,46.89,0.95,0,12.2,27.21,427.64,444.6,22.51,6.59,2.81
560390003-1,56,039,0003-1,125.72,164.63,21.95,3.99,0,7.98,13.97,132.7,177.6,19.95,3.99,1
560390004-1,56,039,0004-1,186,426,27,1,1,13,25,213,435,18,6,0
560390004-2,56,039,0004-2,348.66,641.22,50.14,2.15,3.05,12.35,31.99,432.09,607.28,22.5,7.64,0
560390004-3,56,039,0004-3,104.2,417.76,26.77,0,0.96,9.56,25.81,134.79,424.45,11.47,4.78,1.91
560390004-4,56,039,0004-4,105,167,25,4,1,3,15,138,174,9,2,1
560390005-1,56,039,0005-1,156.8,138.24,19.23,1,0.04,6.44,18.19,148.21,151.55,12.53,5.22,11.09
56039001-10,56,039,001-10,418,293,45,6,2,11,28,406,326,34,21,0
56039001-11,56,039,001-11,39,96,10,0,2,1,3,53,97,2,0,0
56041000101,56,041,000101,1030.24,297.41,115.66,28.19,6.8,26.24,88.45,1005.95,393.63,62.2,83.59,3.89
56041000102,56,041,000102,1248.96,277.23,97.11,12.05,3.01,13.01,75.13,1185.98,385.35,57.06,70.11,2.01
56041000103,56,041,000103,721.02,213.16,76.08,16.05,4.01,9.01,46.13,675.09,268.27,64.01,62.08,3.01
560410002-2,56,041,0002-2,207.05,35.01,12,2,0,5,10,187.05,51.01,15,14,0
56041000201,56,041,000201,685.98,93.7,41.92,16.62,4.15,4.72,47.03,690.15,137.03,23.59,38.02,3.07
56041000301,56,041,000301,679.47,100.03,22.03,9.01,4,6,54.03,564.41,184.1,28.02,70.03,4
56041000302,56,041,000302,437.53,32.97,27.97,11.99,2,1,27.97,383.59,96.9,20.98,32.97,2
56041000401,56,041,000401,412.76,61.77,24.15,4.95,1.27,4.23,22.19,355.97,118.23,17.96,26.1,0.58
56041000402,56,041,000402,440.32,46.88,38.34,11.75,3.91,6.88,30.54,386.75,108.21,23.66,46.14,0.01
56041000403,56,041,000403,286.91,43.35,16.51,3.3,0.83,2.89,15.27,247.28,82.56,12.38,17.75,0.41
5604102-1-2,56,041,02-1-2,3.75,0.49,0.22,0.09,0.02,0.02,0.25,3.78,0.72,0.12,0.2,0.02
56043000301,56,043,000301,387,51,32,4,0,6,10,372,77,23,14,0
56043000501,56,043,000501,621,124,36,8,0,6,30,582,185,26,19,5
56043000502,56,043,000502,614,137,52,10,7,8,31,595,211,14,32,2
56043000503,56,043,000503,405,79,31,1,1,12,8,367,123,21,24,0
56043000505,56,043,000505,885.42,141.2,43.03,8.01,2.01,5.03,20.11,818.22,203.41,38.03,40.11,0
56045000101,56,045,000101,580.55,47.67,14.4,3.07,2.02,1.02,6.23,452.53,120.32,26.41,46.69,0
560450002-1,56,045,0002-1,411,52,8,0,0,1,4,335,91,15,25,2
56045000201,56,045,000201,160,6,5,7,0,2,5,136,13,9,26,1
56045000301,56,045,000301,255,11,5,0,0,0,2,216,27,3,18,0
56045000401,56,045,000401,451,36,7,4,1,1,4,367,80,20,27,1
56045000501,56,045,000501,387.29,46.11,20.03,8.01,2,2,4.01,294.01,118.27,14.06,31.1,0
56045000502,56,045,000502,312.16,30.89,17.07,3.25,0.81,0.81,9.76,260.14,63.41,18.7,31.7,0
56045000503,56,045,000503,476,69.33,31.5,3.67,0.17,2.17,6,399.33,108,26.83,46.5,2
