GEOID20,STATEFP,COUNTYFP,DISTRICT,G16PRERTRU,G16PREDCLI,G16PRELJOH,G16PREGSTE,G16PREOFUE,G16HALRZIN,G16HALDJUN,G16HALLBRE,G16GOVRGIA,G16GOVDBUL,G16GOVLDUN,G16ATGRFOX,G16ATGDJEN,G16SOSRSTA,G16SOSDLIN,G16SOSLROO,G16AUDRROS,G16AUDDLAS,G16SPIRARN,G16SPIDROM
30001000001,30,001,000001,201.22,173.47,47.58,14.87,0.99,227.98,203.2,21.81,174.46,264.66,14.87,272.59,157.61,226.99,191.31,22.8,206.18,226.99,194.28,233.93
30001000002,30,001,000002,551.03,127.2,35.01,15.98,4.02,545.97,178.27,27.01,481.98,249.26,23,600.01,124.29,539.98,161.27,31.97,475.92,244.31,510.86,212.39
30001000003,30,001,000003,512.03,161.22,32.67,5.16,0.03,537.39,189.81,17.29,474.05,257.19,15.28,593.51,127.59,529.3,187.68,18.3,447.58,261.57,473.67,240.37
30001000004,30,001,000004,131,34,6,1,0,128,41,6,109,60,4,143,29,123,41,2,118,48,121,48
30001000005,30,001,000005,99.35,9.09,4.01,1,0.01,100.39,16.06,2.01,99.34,17.1,2.02,105.4,10.06,100.37,14.07,3.01,92.33,21.11,91.36,22.09
30001000006,30,001,000006,298.74,118.94,32.27,9.22,1.84,300.59,159.51,16.6,244.34,216.68,21.21,354.99,110.64,289.52,165.05,18.44,252.64,205.62,263.7,207.46
30001000007,30,001,000007,251.9,48.32,14.26,4.65,2.13,259.03,64.16,7.16,216.1,108.16,7.48,278.84,43.74,233.26,86.55,11.29,209.68,110.39,214.45,110.52
30001000008,30,001,000008,55.65,13.91,1.99,0,0.99,62.61,8.94,0.99,54.66,15.9,2.98,63.6,8.94,59.63,11.93,1.99,52.67,17.89,57.64,14.91
30001000009,30,001,000009,300,87,19,4,1,308,95,16,248,159,12,345,67,292,105,18,249,155,265,135
30001000012,30,001,000012,267.43,155.51,20.8,1.98,1.98,281.3,183.24,7.92,208,253.57,10.9,349.64,107.96,274.37,182.25,6.93,225.83,232.77,243.66,208.99
30001000014,30,001,000014,228.6,126.33,27.38,7.11,2.02,213.66,164.8,23.17,164.01,212.47,25.23,255.32,137.18,217.5,151.91,26.19,193.04,191.37,190.21,190.4
30001000017,30,001,000017,83.29,18.42,3.1,1.02,1.98,80.33,27.42,2.08,76,33.77,0.09,87.32,22.39,79.29,26.44,0.11,65.11,40.66,69.29,39.46
30001000019,30,001,000019,92.66,14.12,6.03,1.02,1,86.66,25.16,3.03,83.58,27.26,5.03,94.72,18.11,88.65,19.15,5.03,82.56,26.26,86.62,24.21
30001000020,30,001,000020,73.91,2.01,0.01,1,0,73.9,2.02,3.99,65.92,12,3,77.9,2.01,74.9,2.02,2,62.93,15.99,71.91,6.01
30001000021,30,001,000021,116.52,25.12,10.02,1.98,0,120.44,36.18,2.04,107.39,53.18,0.05,127.51,22.23,118.6,32.11,3.98,101.37,51.33,110.4,41.28
30001000023,30,001,000023,88.15,28.14,4.85,0.01,0,89.11,29.16,3.88,71.67,48.53,2.92,87.23,30.06,86.18,32.08,2.9,69.76,48.5,80.35,38.85
30003000001,30,003,000001,75.97,46.02,4.02,0.23,0.06,73.71,49.42,3.37,67.46,59.74,2.92,98.9,28.76,71.77,54.86,1.21,74.71,51.35,75.16,51.05
30003000002,30,003,000002,53.24,43.57,6.62,0.01,0,52.3,48.32,2.84,40.02,62.48,1.91,63.65,36.98,48.51,50.23,2.84,51.32,48.34,42.86,57.78
30003000003,30,003,000003,114.01,20,3,0,0,116.01,19,3,100,38,2,127.01,9,103.01,30,4,105.01,31,95.01,38
30003000004,30,003,000004,69.27,19.59,3.36,2.23,0.08,62.33,28.91,3.53,52.12,37.82,4.82,80.49,12.95,55.88,39.13,0.6,58.89,32.44,54.63,36.86
30003000005,30,003,000005,43.78,129.76,4.1,2.25,0.13,44.4,134.15,5.47,33.89,144.43,4.82,72.69,107.49,34.26,140.68,6.42,39.75,138.53,35.02,145.25
30003000006,30,003,000006,49.46,13.85,1.98,0,0,49.46,16.82,0,48.47,17.8,0.99,53.41,12.86,47.48,17.8,0.99,43.52,20.77,41.54,23.74
30003000007,30,003,000007,91.89,556.1,29.78,24.71,5.89,124.29,595.67,12.33,76.15,633.02,22.04,228.07,486.17,92.82,619.91,16.33,107.1,600.09,87.99,631.16
30003000008,30,003,000008,94.42,45.69,4.92,1.91,0.01,95.4,53.36,2.01,89.27,57.67,5.74,102.55,46.2,89.52,57.31,1.98,86.81,57.19,90.31,59.39
30003000009,30,003,000009,28.58,98.41,3.02,1.04,1.01,39.69,100.42,6.04,21.51,115.58,6.04,45.86,93.18,18.51,119.56,8.03,23.54,117.5,24.48,120.59
30003000010,30,003,000010,50,15.23,1.09,1.04,0,51.98,14.34,1.14,42.76,25.55,1.12,56.69,10.67,45.75,18.49,1.16,42.91,18.43,45.76,18.6
30003000014,30,003,000014,51.19,69.92,6.87,1.98,1,49.07,84.72,4,38.22,93.57,5.96,56.28,81.44,39.25,90.63,7.89,50.07,87.63,43.04,94.57
30003000015,30,003,000015,108.66,127.2,20.6,6.88,2.91,94.17,177.97,12.7,76.38,200.51,7.08,130.37,146.61,86.13,183.98,10.76,93.68,181.12,89.05,188.94
30003000017,30,003,000017,227.09,131.71,16.15,3.05,1,209.09,163.74,15.18,156.23,218.22,14.93,283.99,97.54,200.38,174.93,9.27,197.56,181.37,195.73,187.2
30003000018,30,003,000018,194,81,26,5,1,192,113,15,164,141,12,255,59,192,110,12,177,129,179,134
30003000019,30,003,000019,249.6,159.6,32.48,6.5,1.86,246.82,194.86,13.92,191.15,243.11,21.34,328.47,118.77,232.9,205.99,13.92,234.76,208.78,226.41,220.84
30003000021,30,003,000021,98.43,229.04,4.39,5.98,2.01,115.89,230.62,7.24,86.23,258.3,7.25,144.67,191.99,88,253.49,5.18,91.78,243.79,81.52,258.89
30003000025,30,003,000025,55.39,63.58,1.15,1.01,0.96,48.77,69.62,3.93,44.61,71.85,3.96,64.37,55.07,46.51,71.73,3.1,49.66,68.81,41.91,72.83
30003000026,30,003,000026,73.46,224.16,11,6.99,2.99,71.46,262.09,6.01,65.41,263.16,11,134.47,201.09,76.37,253.16,9.02,75.37,252.18,80.32,258.22
3000300004N,30,003,00004N,124.15,16.04,4.01,0,0,114.15,31.05,3,103.15,37.05,6,136.16,10.04,110.14,34.05,3,107.13,32.06,105.12,37.07
30005000001,30,005,000001,210.63,31.06,8.74,0,1.94,220.34,40.77,6.79,197.04,63.09,9.71,229.07,31.06,205.78,50.47,7.77,193.16,64.06,197.04,68.92
30005000003,30,005,000003,33.61,286.57,10.46,16.22,2.12,35.03,328.37,1.14,28.65,326.38,9.48,75.77,278.36,33.76,311.08,11.28,47.99,298.61,33.19,318.16
30005000008,30,005,000008,113,152,9,11,2,101,198,8,75,229,3,150,151,96,202,8,103,195,93,210
30005000009,30,005,000009,13.08,135.22,3.34,14.52,5.06,13.14,165.54,0.03,14.92,158.48,4.31,37.43,139.94,21.08,149.98,6.37,22.54,152.59,18.08,159.2
30005000010,30,005,000010,366.4,66.81,19.26,1.77,3.04,356.71,94.39,9.92,312.07,139.6,11.31,382.26,63.47,330.04,119.16,7.44,308.12,122.46,303.45,131.34
30005000011,30,005,000011,387.08,172.89,37.31,11.02,2.05,382.92,212.31,22.16,327.18,271.07,23.18,455.31,150.84,361.47,234.74,13.12,336.09,256.81,347.03,258.94
30005000013,30,005,000013,102.41,16.79,3.23,0,0.05,105.67,21.04,2.18,95.06,31.61,3.26,109.89,14.8,99.29,24.3,3.2,100.92,22.69,100.04,25.81
30005000015,30,005,000015,42.46,340.74,10.74,18.49,9.74,26.87,415.73,7.8,30.69,409.96,8.78,96.98,344.63,48.23,391.44,6.82,61.82,374.9,27.75,413.84
30007000001,30,007,000001,481.55,149.04,24.07,5.04,1.98,487.62,170.12,21.88,369.97,285.75,20.02,554.89,110.78,438.85,203.98,23.91,426.96,233.7,418.97,251.52
30007000007,30,007,000007,334.02,105.01,34,5,1,355.02,122.01,18,261.02,220.01,20,394.02,91.01,323.02,149.01,19,307.02,167.01,300.02,176.01
30007000011,30,007,000011,522.16,102.84,30.46,6.1,0.04,525.29,130.23,16.41,411.15,242.33,18.39,573.52,85.11,485.42,156.8,15.47,462.16,185.34,457.09,183.65
30007000012,30,007,000012,483.29,131.14,41.8,10.95,1,498.12,168.95,20.96,357.98,304.22,30.84,530.04,142.09,447.64,205.63,26.83,440.5,223.7,429.64,233.54
30007000013,30,007,000013,513.96,83.83,37.83,9.69,0.98,513.85,116.98,27.15,416.31,225.13,25.21,551.74,93.58,508.14,128.32,18.56,477.23,167.14,479.14,159.5
30009000001,30,009,000001,348.58,87.02,17.52,2.92,0.9,345.98,113.67,9.97,288.27,168.85,11.87,380.35,78.02,335.24,119.18,8.51,298.09,152.54,299.57,158.6
30009000002,30,009,000002,172.16,69.96,13.42,4.78,0.96,170.16,88.23,11.48,144.16,115.14,10.58,200.93,57.49,168.28,88.2,10.53,160.34,103.68,161.45,103.61
30009000003,30,009,000003,462.65,106.83,20.83,6.13,1.05,450.01,143.17,15.74,393.81,193.74,21.37,508.69,86.77,450.87,139.32,14.6,404.32,181.7,423.9,173.89
30009000004,30,009,000004,222.63,63.75,20.6,0.98,2.94,205.96,88.27,17.65,172.62,121.62,17.65,240.29,60.81,210.87,83.37,8.83,189.29,110.83,188.31,115.73
30009000005,30,009,000005,295.82,57.44,18.59,2.51,1.14,289.76,81.32,12.16,237.22,135.06,14.91,317.59,51.86,283.65,86.46,5.75,247.21,120.2,260.7,106.16
30009000006,30,009,000006,216.99,72,22,7,1,216.99,91.99,16,170.99,140.99,13,240.98,74,221.99,87.99,11,187.99,123.99,196.99,119.99
30009000007,30,009,000007,386.54,112.09,29.03,4.12,1.01,386.07,137.79,22.99,317.72,204.95,23.21,432.08,101.61,390.99,131.79,20.02,349.27,176.25,337.35,197.39
30009000008,30,009,000008,234.8,255.4,32.09,11.03,0.03,250.68,274.84,18.36,216.86,315.63,13.47,316.02,206.34,261.86,252.42,18.57,244.83,275.36,220.46,302.98
30009000009,30,009,000009,139.92,198.89,26.98,4,1,137.92,236.87,8.99,107.94,272.85,7,173.9,190.89,141.92,223.87,11.99,119.93,241.86,106.94,263.85
30009000010,30,009,000010,162.25,222.11,28.12,11,3,166.35,255.15,15.04,129.15,289.34,17.05,209.6,205.89,173.37,238.11,23.06,159.26,264.21,143.22,285.27
30009000011,30,009,000011,441.88,388.98,40.85,0.99,0.97,474.95,405.54,13.63,406.83,472.69,17.51,562.47,312.16,481.77,389.95,21.41,442.82,425.01,429.19,448.38
30009000015,30,009,000015,407.47,98.05,25.86,10.48,0.01,396.04,134.49,19.11,327.86,204.52,18.2,442.1,90.3,394.95,138.34,10.56,370.65,162.57,364.09,178.73
30009000016,30,009,000016,200.96,85.54,9.95,3.97,0,210.9,92.51,5.97,185.03,119.37,5.97,232.81,66.64,215.87,83.56,7.96,194.98,102.47,189.02,113.4
30011000001,30,011,000001,95.51,5.69,1.89,1.88,0,93.63,8.53,1.88,93.58,12.33,0.01,101.14,3.82,94.53,6.67,2.82,95.47,6.63,96.38,7.62
30011000003,30,011,000003,70.81,4.57,1.18,0.1,0,69.59,5.81,1.19,62.41,14.24,2.08,74.13,3.46,69.64,8.7,0.21,73.6,3.8,67.53,8.98
30011000013,30,011,000013,169.13,31.84,14.92,1.99,0.99,171.12,35.82,11.94,175.1,40.79,9.95,184.05,30.84,157.19,46.76,7.96,166.15,43.77,157.19,49.74
30011000014,30,011,000014,342.63,28.13,6.09,2.01,0.01,342.53,39.13,3.13,318.68,61.13,4.06,341.81,31.05,324.67,50.02,4.08,326.64,30.31,309.71,52.2
30013000023,30,013,000023,1798,1534,217,63,11,1781,1820,133,1354,2239,138,2352,1293,1878,1713,113,1679,1920,1523,2128
30013000024,30,013,000024,2024,1599,269,52,19,2056,1905,119,1584,2383,109,2665,1303,2133,1783,109,1887,2020,1653,2311
30013000025,30,013,000025,2027,1533,248,70,19,1979,1879,159,1577,2287,153,2610,1310,2074,1726,164,1869,1973,1703,2199
30013000027,30,013,000027,471.16,199.43,31.68,4.4,2.08,478.04,224.96,14.34,372.35,328.58,15.41,539.94,157.71,459.45,229.89,17.45,427.01,255.92,385.8,303.47
30013000030,30,013,000030,354.34,101.87,30.17,5.04,2.02,349.41,147.99,12.11,271.78,233.62,6.13,395.77,94.65,346.26,147.07,9.13,325.08,158.21,311.08,180.31
3001300019C,30,013,00019C,419.89,152.47,30.22,5.02,0.01,394.01,223.68,14.09,324.46,293.27,10.07,481.63,136.02,371.01,234.62,14.08,346.66,259.88,334.45,270.21
3001300019D,30,013,00019D,289,128,31,8,5,293,176,12,220,247,15,349,119,282,172,21,262,203,246,223
3001300019E,30,013,00019E,181.39,87.23,14.87,1.98,0,187.34,96.15,5.95,151.66,132.82,5.95,222.04,60.46,192.3,91.19,2.97,170.49,107.05,163.55,115.97
3001300020A,30,013,00020A,2723.11,1383.53,209.78,20.98,7.99,2836.99,1586.32,84.91,2317.54,2141.73,63.93,3422.37,966.98,2842.99,1525.38,72.92,2514.34,1775.12,2308.55,2084.79
3001300020B,30,013,00020B,799,456,53,10,3,799,518,28,672,651,30,1001,304,827,478,24,729,562,685,624
3001300021A,30,013,00021A,2421.18,1550.69,224.28,47.08,17.02,2409.1,1884.14,104.16,1821.62,2446.62,120.17,3070.77,1196.49,2432.23,1789.92,100.16,2196.01,1986.14,1881.76,2375.48
3001300021B,30,013,00021B,219.8,140.87,17.98,11.99,2,194.82,190.82,12.99,135.87,245.77,14.99,246.77,140.87,194.82,186.83,9.99,187.83,193.82,165.85,220.8
3001300022A,30,013,00022A,1480.54,1121.06,194.47,50.59,13.89,1373.44,1458.36,113.1,1007.27,1816.59,119.06,1873.43,976.23,1430.9,1357.24,105.17,1308.86,1494.16,1127.32,1732.24
3001300022B,30,013,00022B,680.52,306.01,69.92,9.15,5.07,686.27,389.61,32.25,513.14,555.85,39.2,805.89,272.99,640.67,416.85,34.42,592.11,464.63,555.97,511.85
3001300022C,30,013,00022C,27,12,4,1,9,31,15,9,30,19,6,42,11,33,11,9,31,20,25,27
3001300026A,30,013,00026A,1245.38,983.13,163.53,44.87,9.97,1209.49,1233.4,95.72,937.28,1504.6,96.72,1600.34,857.5,1291.25,1102.78,94.73,1156.64,1234.39,1013.06,1433.81
3001300026B,30,013,00026B,200.66,101.53,35.08,12.02,1.01,211.64,109.67,25.05,181.49,132.82,23.05,234.85,93.46,206.68,104.6,23.05,209.61,117.67,200.53,128.78
300130019A1,30,013,0019A1,305.72,93,21.77,4.95,0.99,292.86,119.71,30.67,247.34,176.11,22.76,336.39,98.94,290.88,126.64,24.73,278.02,148.41,235.47,187.98
300130019A2,30,013,0019A2,676,197,45,6,1,691,245,19,590,354,21,744,203,679,248,19,642,284,592,350
300130019A3,30,013,0019A3,280.56,73.22,13.03,4.01,0,264.58,103.25,11.02,225.47,146.35,6.02,306.65,66.17,270.56,96.25,7.02,240.51,126.29,228.47,144.34
300130019A4,30,013,0019A4,274.93,142.47,26.62,4.29,2.02,268.4,187.42,7.72,232.56,226.24,6.69,341.46,114.56,277.62,168.36,12.36,260.71,191.05,229.88,224.25
300130019B1,30,013,0019B1,51.8,11.3,3.77,0.94,0,52.74,15.07,1.88,46.15,24.49,0,57.45,11.3,55.57,13.19,0.94,45.21,22.6,48.98,18.84
300130019B2,30,013,0019B2,693.79,271.98,42.2,9.03,4.01,719.71,309.35,24.05,590.52,440.56,20.04,815.25,209.81,697.81,313.18,23.09,638.73,365.32,588.5,429.55
30015000001,30,015,000001,239.87,113.32,22.68,5.87,2.52,229.85,150.19,20.12,172.7,219.9,11.76,291.97,89.77,247.44,135.12,8.39,214.74,156.07,193.72,186.33
30015000002,30,015,000002,290.44,167.21,31.76,9.51,1.22,301.5,197.36,19.58,228.68,283.11,12.96,384.65,120.22,296.81,202.1,14.68,292.08,201.79,252.34,251.3
30015000003,30,015,000003,196.24,74.14,20.77,3.95,0.99,200.15,92.97,7.93,155.65,136.49,10.88,253.46,42.61,210.95,80.2,6.92,198.12,85.13,187.19,108.89
30015000004,30,015,000004,164.11,50.77,5.46,4.52,0.91,162.32,67.04,2.74,134.2,94.28,3.63,192.22,32.65,153.32,67.93,4.53,151.46,65.25,137.87,82.48
30015000005,30,015,000005,4,115,1,5,0,5,128,0,6,121,4,16,111,7,118,2,9,117,5,123
30015000006,30,015,000006,203.87,53.36,9.36,2.08,2.01,207.73,58.92,6.23,171.12,99.61,5.18,235.64,35.99,212.98,56.63,3.13,198.67,63.83,184.52,82.17
30015000007,30,015,000007,116.06,32.35,10.42,0.62,0.27,113.17,43.32,6.07,93.06,65.71,5.23,128.83,28.71,111.89,45.81,2.92,108.5,46.87,96.38,60.07
30015000008,30,015,000008,202.91,65.86,15.87,0.38,1.06,209.24,85.57,4.7,177.13,117.81,6.57,236.15,51.66,200.14,92.64,5.46,197.38,85.26,188.43,102.53
30015000009,30,015,000009,241.09,54.15,12.89,4.57,0.91,231.96,79.79,9.17,201.64,111.04,8.27,257.7,52.25,229.22,81.62,6.42,218.25,88.92,206.28,106.39
30017000001,30,017,000001,536.66,205.8,58.1,5.91,5.91,498.26,296.39,47.27,399.79,389.94,49.23,572.11,240.27,450.99,330.86,47.27,464.78,341.69,439.17,379.11
30017000002,30,017,000002,510.15,192.03,44.78,4.07,0.83,500.32,247.43,27.71,439.21,304.47,28.52,597.88,150.72,484.78,254.82,24.46,462.9,280.82,424.7,323.92
30017000003,30,017,000003,835,314,70,3,5,823,407,33,706,516,33,962,253,791,427,26,751,464,710,513
30017000004,30,017,000004,779,268.03,81.81,19.08,2.08,735.46,394.34,41.65,604.15,505.6,61.66,866.59,263.42,710.83,398.8,48.63,704.97,425.98,654.64,488.47
30017000005,30,017,000005,119.7,43.5,5.72,0,0,115.01,59.52,3.79,112.93,62.54,1.93,136.66,35,114.04,59.58,1.89,108.33,65.24,108.28,65.29
30017000006,30,017,000006,122.21,20.77,7.91,0,0,119.25,29.64,3.96,104.42,45.46,2.98,128.13,21.73,116.22,35.58,2.03,109.35,39.52,116.24,33.6
30017000007,30,017,000007,127.49,40.47,7.13,0,0,127.2,49.22,3.14,115.46,61.02,3.99,139.21,31.23,125.2,52.13,1.09,119.04,55.39,111.29,63.13
30017000008,30,017,000008,359.02,75.44,21.36,2.91,1.17,354.76,108.08,10.43,310.89,141.19,14.52,389.33,65.79,341.26,114.76,8.66,327.22,118.87,298.69,157.47
30017000009,30,017,000009,81.14,7.92,2.05,0.03,0.01,78.31,10.99,0.07,73.24,15.94,1.04,79.41,6.99,74.43,11.99,1.92,70.58,16.62,74.05,13.31
30017000010,30,017,000010,30.51,2.46,2.05,0,0,30.3,2.67,0.95,29.95,3.97,0.07,30.38,2.39,29.08,2.74,1.09,28.8,3.08,30.02,3.77
30017000011,30,017,000011,43.35,0.05,0,0,0,42.39,0.96,0,39.44,2.13,0.91,42.44,0.05,38.63,2.79,1.83,35.79,7.56,38.48,2.94
30017000012,30,017,000012,26.68,0.95,0,0,0,25.69,0.99,0,21.76,5.78,0.04,26.64,0.95,23.62,1.08,0.09,21.59,5.09,20.77,3.93
30017000013,30,017,000013,50.11,2.95,0.98,0,0,50.11,2.95,0.98,48.14,4.91,0.98,50.11,1.96,46.18,3.93,2.95,48.14,3.93,47.16,3.93
30017000014,30,017,000014,32.09,1.01,0,0,0,31.09,1.01,1,28.08,5.02,0,32.09,1.01,28.08,3.01,0,30.09,2.01,31.08,1.02
30019000002,30,019,000002,102,25,9,1,0,100,29,6,75,49,10,103,23,88,37,7,89,34,94,36
30019000003,30,019,000003,237.52,35.55,13.77,1.95,0,243.26,43.4,6.03,234.29,55.31,5.04,253.23,29.6,228.6,48.38,6.92,232.54,46.34,223.67,54.3
30019000005,30,019,000005,209.36,57.24,20.72,0.99,0,208.38,68.09,16.77,185.69,94.73,14.8,232.05,48.35,196.53,75.99,12.83,203.43,71.06,188.63,87.83
30019000006,30,019,000006,174.26,49.19,7.07,2.01,0,74.29,58.23,7.03,147.25,88.29,3.03,181.35,51.16,151.22,72.25,11.04,165.24,61.24,159.19,68.29
30021000001,30,021,000001,254.95,83.5,17.9,4.9,1,244.02,108.35,15.14,240.33,111.85,20.18,269.79,87.3,222.48,128.77,14.97,243.94,113.7,222.99,135.18
30021000002,30,021,000002,369.69,93.66,34.87,3.99,1,345.77,141.49,20.92,348.76,134.51,25.91,384.64,102.63,329.83,156.44,16.94,354.74,145.47,334.81,163.41
30021000003,30,021,000003,560.78,182.1,26.65,7.84,1.97,544.35,236.68,18.98,554.11,226.8,22.07,609.56,160.81,510.41,263.74,20.8,585.58,211.28,516.55,262.62
30021000004,30,021,000004,303.54,106.38,31.14,6.02,1,278.44,144.58,28.09,290.45,135.55,30.11,321.6,121.42,253.37,171.64,25.07,285.48,159.59,267.39,172.67
30021000005,30,021,000005,232.67,39.82,10.28,2,0.01,231.35,49.29,5.27,232.98,50.51,3.46,230.75,48.01,205.16,67.46,4.27,224.58,53.19,207.31,65.47
30021000006,30,021,000006,715.9,103.98,31.01,2.95,0.03,686.31,155.81,30.13,659.79,167.01,48.37,731.33,120.3,641.24,190.25,26.17,708.6,149.98,651.14,195.75
30021000007,30,021,000007,884.68,178.08,32.32,5.31,1.99,820.81,262.55,38.6,822.46,251.68,52.07,901.49,184.22,753.42,323.57,29.92,852.15,252.5,775.8,313.73
30023001-78,30,023,001-78,35.49,38.09,6.06,0,0,33.76,44.15,1.73,25.97,52.81,3.46,40.69,34.63,33.76,43.28,0.87,15.58,64.93,22.51,52.81
30023002-78,30,023,002-78,25,35,3,3,2,19,42,6,11,50,7,29,38,20,45,3,16,51,16,50
30023003-78,30,023,003-78,44.31,61.92,1.5,1.1,0.95,37.67,67.32,4.93,29.71,80.6,0.47,51.48,58.12,34.02,76.95,0.63,13.71,96.1,28.25,80.52
30023004-77,30,023,004-77,60.16,27.37,9.03,0.03,0,58.21,40.41,3.98,45.14,53.53,2.98,68.3,32.15,67.04,32.48,2.02,39.01,61.5,48.1,50.42
3002301-77E,30,023,01-77E,157,260,44,12,2,146,328,17,95,380,22,212,266,140,331,16,70,421,112,370
3002301-77W,30,023,01-77W,195,302,24,2,1,180,350,9,134,402,5,243,268,177,344,7,65,471,129,387
3002302-77E,30,023,02-77E,104,159,17,6,1,94,183,15,66,206,20,127,154,95,182,12,61,224,83,202
3002302-77W,30,023,02-77W,123,185,27,10,1,117,225,13,72,269,17,150,193,108,227,20,64,293,86,267
3002303-77E,30,023,03-77E,124,144,21,11,2,110,193,18,75,225,17,134,172,108,187,17,49,266,81,229
3002303-77W,30,023,03-77W,111.69,142.06,29.39,9.8,2.94,93.07,187.12,22.53,53.88,224.35,22.53,112.67,174.39,89.15,177.33,30.37,57.8,239.05,69.56,220.43
3002304-78E,30,023,04-78E,137.19,99.77,23.02,5.76,3.84,123.76,137.19,17.27,69.07,197.63,16.31,135.27,128.55,113.2,145.82,20.15,69.07,207.22,96.9,171.73
3002304-78W,30,023,04-78W,166.51,110.93,8.05,4.11,1.11,155.49,131.4,13.8,118.43,170.24,14.54,178.16,115.86,155.07,133.44,11.13,87.91,213.93,126.68,169.24
3002305-77N,30,023,05-77N,269.99,267.09,35.16,6.05,3.01,247.99,343.25,15.14,189.51,405.78,14.11,328.23,259.09,242.92,338.28,21.14,123.4,482.92,193.67,400.61
3002305-77S,30,023,05-77S,207,223,27,3,2,209,261,15,162,311,15,255,212,207,259,8,98,380,159,311
30025000001,30,025,000001,1278.34,153.89,44.99,4.02,1.99,1218.54,226.82,44.97,1061.7,367.66,46.96,1259.49,162.91,1120.7,262.82,42.96,1193.55,198.8,1098.68,280.77
30027000002,30,027,000002,662.68,163.79,44.34,8.31,2.08,669.36,211.05,22.41,583.03,295.18,29.94,734.96,142.57,648.78,215.75,21.21,630.53,228.19,642.87,238.39
30027000003,30,027,000003,333.41,65.77,14.56,2.09,0.21,325.31,92.48,9.54,290.11,135.37,5.72,359.15,55.46,322.89,97.5,4.56,316.13,92.74,325.54,90.66
30027000004,30,027,000004,261.32,43.62,23.37,0.13,1.01,270.04,63.38,9.28,227.25,109.24,6.24,302.72,34.59,271.82,61.6,5.15,239.81,86.37,247.56,85.84
30027000005,30,027,000005,305.22,36.34,9.87,3.16,0.05,286.98,56.37,10.72,249.84,101.62,4.78,307.5,35.25,274.92,70.4,5.76,266.28,74.15,279.14,68.45
30027000006,30,027,000006,259.54,138.98,20.63,4.6,2,252.94,162.53,15.12,211.76,202.31,18.29,303.6,115.55,255.99,151.3,16.29,259.99,151.91,257.59,155.82
30027000007,30,027,000007,229.1,75.71,17.7,3.93,0.98,208.45,106.19,18.68,186.82,128.81,23.6,263.51,65.88,215.33,103.24,15.73,214.35,107.18,213.37,116.02
30027000008,30,027,000008,213,53.15,17.95,5.89,0.09,207.8,69.51,11.7,174.63,108.92,12.86,236.16,48.43,198.9,76.67,13.15,197.49,83.84,203.62,83.07
30027000009,30,027,000009,206.06,65.79,27.7,2.6,0.87,210.39,84.84,12.98,175.76,126.39,7.79,245.88,58.87,210.38,83.97,11.25,195.67,100.42,200.86,100.42
30027000010,30,027,000010,206.43,90.53,14.93,5.93,1.01,195.66,110.4,26.72,165.75,149.17,19.83,235.35,83.49,203.58,107.37,15.86,199.43,113.42,198.46,122.34
30027000011,30,027,000011,288.2,132.07,18.01,6,1,275.2,154.09,24.01,232.17,198.13,20.01,326.24,113.05,288.21,148.08,12.01,278.19,155.09,287.19,157.1
30027000012,30,027,000012,65.76,15.13,10.07,1,0,76.79,16.18,5.03,76.66,19.32,2.02,85.88,9.1,79.79,13.18,4.02,66.7,24.25,78.72,17.25
30027000013,30,027,000013,375.34,130.45,27.7,2.62,2.04,381.04,171.75,15.1,318.74,239.41,10.5,460.94,92.3,389.85,156.65,11.38,363.55,172.45,365.26,185.22
30027000014,30,027,000014,242.89,59.63,21.45,1.96,0.97,238.03,92.77,6.85,199.94,132.84,4.89,288.68,48.86,248.66,84.08,2.94,219.53,113.13,231.2,102.48
30027000016,30,027,000016,200.93,27.52,14.01,2.03,0.01,204.57,41.71,7.1,186.08,59.19,7.09,215.94,29.28,195.55,48.63,3.04,192.07,45.03,185.56,58.69
30027000017,30,027,000017,279.27,92.12,16.57,0.99,2.74,292.77,108.75,7.61,254.17,143.82,10.26,319.67,74.74,295.59,99.63,8.39,267.34,116.98,270.07,120.73
30027000018,30,027,000018,171.77,16.89,4.48,1.04,0.03,165.67,24.62,4.19,152.61,36.92,4.31,175.18,13.32,160.99,26.54,1.22,151.73,30.81,159.61,28.98
30029000001,30,029,000001,376.33,186.14,41.28,9.13,4.01,357.32,234.37,36.22,307.91,274.79,43.24,427.84,164.93,366.38,213.31,32.2,362.22,232.49,351.12,251.62
30029000002,30,029,000002,462.36,325.28,49.94,20.44,1.05,465.31,362.06,44.74,376.91,441.52,60.81,525.09,311.57,455.52,350.88,48.67,433.97,390.48,429.65,405.94
30029000003,30,029,000003,480.87,307.29,39.99,18.44,1.95,478.81,340.43,31.31,419.21,401.85,34.26,553.75,277.27,487.5,332.72,28.33,464.15,358.12,450.53,377.59
30029000004,30,029,000004,516.27,348.16,64.66,29.84,0.99,524.23,414.81,42.77,441.67,486.43,53.72,616.74,334.23,506.32,394.91,61.67,513.29,427.74,491.4,458.58
30029000005,30,029,000005,777,270,47,17,5,756,325,49,670,419,52,872,239,767,295,47,759,338,719,379
30029000006,30,029,000006,1546.97,632.99,83,19,5,1641.96,673.99,54,1442.97,859.98,63,1794.96,506.99,1657.96,631.99,44,1520.97,763.98,1484.97,808.98
30029000007,30,029,000007,699.68,254.55,38.19,12.03,3.01,721.61,282.73,21.17,610.1,377.18,35.22,778.82,222.59,687.54,294.74,24.19,672.48,313.94,646.41,344.98
30029000008,30,029,000008,668.26,172.33,31.13,11.94,4.98,684.49,197.7,18.68,594.74,277.22,32.35,745.24,130.74,671.22,196.18,22.29,646.82,228.32,637.86,233.24
30029000011,30,029,000011,694.72,179.61,34.75,17.27,1.05,710.36,221.29,29.92,623.99,297.56,37.46,771.83,164.96,715.29,204.35,25.58,656.71,274.73,660.9,268.63
30029000013,30,029,000013,960.8,349.56,65.92,14.98,3,1007.74,376.53,56.93,907.87,475.41,51.94,1086.64,300.62,1015.73,358.55,49.94,956.81,411.49,969.79,410.49
30029000014,30,029,000014,421.06,130.67,20.33,4.84,0,421.06,153.9,12.58,369.76,197.46,17.42,453,119.06,412.35,141.32,20.33,411.38,153.9,392.02,176.17
30029000015,30,029,000015,718.64,168.2,39.04,3.01,2,705.65,205.23,35.03,622.58,273.3,48.02,745.7,173.18,710.65,186.22,38.02,671.62,233.25,673.61,237.26
30029000016,30,029,000016,529.04,319.38,59.21,25.08,1.02,527,392.61,37.21,414.4,496.19,45.22,604.34,300.32,517.98,379.55,35.18,505.72,402.87,481.75,438.88
30029000017,30,029,000017,154.47,128.99,8.74,7.23,1.07,152.35,142.76,6.79,130.16,165.87,6.82,168.55,128.77,155.25,139.56,4.69,140.37,149.74,139.51,152.75
30029000018,30,029,000018,859.67,390.56,59.19,22.38,5.86,848.93,456.47,60.36,678.29,621.9,62.78,946.21,375.76,845.03,439.6,52.04,771.52,530.09,779.98,533.44
30029000019,30,029,000019,660.68,143.79,40.68,11.26,5.2,645.16,193.09,32.87,554.24,271.03,45,688.49,153.2,633.03,187.91,35.47,633.85,210.43,611.37,225.14
30029000020,30,029,000020,615.75,851.41,98.05,40.02,6,691.78,918.46,46.01,535.67,1053.55,56.03,807.89,759.33,669.78,861.41,70.03,620.76,918.43,589.72,980.49
30029000021,30,029,000021,749.27,201.6,56.12,9.69,3.78,747.93,250.01,39.94,617.27,373.72,47.77,787.44,221.03,746.11,240.23,34.33,718.24,289.62,700.86,300.83
30029000023,30,029,000023,503.55,226.06,58.21,10.67,3.88,496.76,283.31,34.93,391,374.51,51.42,548.18,241.59,492.88,263.9,44.63,468.62,314.35,464.74,328.91
30029000024,30,029,000024,595.75,99.17,22.97,6.4,1.18,587.09,127.58,26.95,513.14,186.14,37.67,621.75,96.22,581.91,118.74,27.42,558.82,156.45,561.45,154.22
30029000025,30,029,000025,804.99,210.64,68.89,7.06,1,790.46,267.41,59.76,655,398.05,61.68,868.77,226.77,777.62,263.39,57.67,749.27,334.28,741.38,339.24
30029000026,30,029,000026,472,124,20,5,2,454,151,28,424,187,23,495,115,471,132,26,449,158,448,157
30029000029,30,029,000029,1184.9,332.26,82.72,14.52,0.39,1198.22,393.78,46.68,1045.22,542.22,56.24,1300.01,294.54,1207.8,360.62,54.24,1139.3,447.96,1128.59,458.46
30029000031,30,029,000031,1358,572,106,16,3,1425,627,53,1239,797,72,1559,485,1429,590,62,1349,672,1273,776
30029000032,30,029,000032,482.76,264.87,53.97,17.99,1,450.77,319.84,52.97,379.81,384.81,61.97,543.73,262.87,458.77,304.85,47.98,464.77,332.83,446.77,361.82
30029000033,30,029,000033,269.44,74.29,22.78,0.99,0.99,256.56,91.13,27.74,212.97,121.84,31.7,281.32,80.24,252.6,96.09,20.8,245.66,114.91,241.7,121.84
30029000034,30,029,000034,1036.36,330.8,58.96,8.99,1,1053.35,369.77,41.97,949.42,481.7,33.98,1142.3,292.82,1062.35,358.78,24.98,1001.38,407.75,989.39,421.74
30029000035,30,029,000035,823.37,382.7,83.71,16.27,3.07,817.24,452.49,63.73,674.18,602.49,58.75,923.41,364.51,806.19,461.29,49.62,783.3,491.38,747.4,531.42
30029000036,30,029,000036,1134.83,328.76,55.93,15.7,1.96,1140.76,372.9,52.96,992.63,519.05,50.03,1221.19,291.48,1122.1,363.1,52.97,1080.92,419.96,1078.92,403.36
30029000037,30,029,000037,1252.62,413.2,97.19,18.13,5,1220.71,502.41,82.1,1025.6,712.43,73.18,1362.97,391.17,1253.55,468.36,60.24,1207.68,522.45,1139.68,605.47
30029000038,30,029,000038,1086.23,434.24,41.59,18.8,1.89,1101.17,477.67,46.09,973.12,615.05,42.45,1193.45,386.3,1093.84,466.17,43.33,1035.39,539.61,1025.89,543.52
30029000039,30,029,000039,368.35,258.1,34.02,17,2,382.35,281.12,25.02,314.31,344.16,30.02,416.38,244.09,382.35,257.11,35.02,362.33,292.13,356.33,298.12
30029000041,30,029,000041,907.01,474.36,75.11,16.94,1,947.54,518.59,46.24,840,640.95,39.32,1086.23,386.23,950.38,510.61,33.33,870.73,587.72,874.62,589.76
30029000042,30,029,000042,1135.43,353.11,47.58,19.19,2.12,1141.45,400.82,38.97,1030.22,522.63,41.69,1203.5,321.95,1143.9,382.15,38.77,1077.26,437.92,1071.64,459.04
30029000043,30,029,000043,1019.91,349.28,54.14,17.46,2.62,1043.48,394.69,39.29,931.71,516.07,36.67,1125.56,316.1,1019.91,399.93,43.66,987.6,445.34,983.23,447.96
30029000044,30,029,000044,756.49,459.68,62.96,25.98,0,818.44,490.66,33.98,685.54,606.58,40.97,876.4,425.7,776.47,498.65,39.97,768.48,505.65,707.52,585.59
30029000045,30,029,000045,565,587,41,21,7,636,589,28,533,683,35,702,485,615,562,39,585,603,552,636
30029000047,30,029,000047,367,669,73,36,2,428,702,36,340,777,52,490,600,406,650,63,396,684,369,730
30029000048,30,029,000048,515.25,280.59,35.95,10.98,0,535.22,316.54,9.99,459.33,382.45,20.97,615.11,225.67,539.22,281.59,22.97,526.24,297.57,494.28,337.51
30029000049,30,029,000049,489.9,456.31,53.95,26.36,1.09,579.73,438.36,23.98,490.97,525.04,24.01,611.31,389.05,541.67,433.09,37.84,536.47,448.56,523.61,471.61
30029000050,30,029,000050,821.32,169.45,56.81,9.97,1.99,799.39,224.27,52.83,643.9,362.82,66.78,866.18,179.41,779.46,226.26,58.81,760.52,287.06,737.59,301.02
30029000089,30,029,000089,414.68,87.41,15.92,5.26,5.03,392.78,102.13,37.87,334.34,165.54,32.82,421.1,93.79,403.47,103.97,19.87,385.79,132.91,381.76,135.64
30029NAHD10,30,029,"NAHD10",0,0,0,0,0,0,0,0,0,0,0,0,0,0,0,0,0,0,0,0
30029NAHD15,30,029,"NAHD15",0,0,0,0,0,0,0,0,0,0,0,0,0,0,0,0,0,0,0,0
3003100059A,30,031,00059A,138.25,183.15,17.7,5.18,1.02,163.62,177.82,9.42,137.79,208.78,6.3,178.23,160.18,156.68,179.42,13.51,143.89,193.33,157.16,180.02
3003100061A,30,031,00061A,757.26,889.82,92.56,14.27,2.07,827.21,945.8,40.61,731.36,1063.87,26.54,930.54,824.21,854.27,863.05,60.72,785.74,952.82,766.36,969.2
3003100061B,30,031,00061B,727.83,778.7,91.56,29.59,3.7,772.22,831.41,50.87,687.14,941.47,45.32,890.6,720.43,803.67,766.68,57.34,742.63,838.81,756.5,842.51
3003100061C,30,031,00061C,372.91,1149.12,112.24,49.08,4.01,412.05,1262.26,60.13,337.82,1357.55,49.11,492.36,1151.95,411.13,1170.09,100.15,444.96,1181.28,410.98,1239.3
3003100061D,30,031,00061D,756.94,1035.77,98.04,27.28,0.29,866.33,1076.83,41.91,769.8,1203.28,31.49,996.43,931.31,891.75,1015.85,45.41,795.07,1107.39,789.14,1121.67
3003100062A,30,031,00062A,281.59,1214.67,117.81,33.46,6.55,366.15,1250.22,47.26,282.95,1353.23,38.03,482.79,1122.72,380.03,1191.21,69.36,378.16,1203.25,341.82,1263.14
3003100062B,30,031,00062B,276.67,865.56,119.32,35.89,4.52,355.17,894.64,57.92,287.68,992.37,48.22,449.82,799.97,362.26,837.88,75.04,370,862.29,335.16,918.16
3003100062C,30,031,00062C,493.1,991.42,86.26,26.44,4.88,618.06,1030.46,22.71,514.63,1143.78,24.58,707.17,895.68,618.12,977.64,38.34,561.63,1006.11,543.98,1058.86
3003100062D,30,031,00062D,869.64,1150.35,162.61,37.21,3.05,1056.62,1189.69,71.11,939.74,1334.62,53.16,1246.22,985.63,1072.59,1115.27,79.26,954.2,1230.36,943.04,1268.84
3003100063A,30,031,00063A,798.39,890.97,179.19,37.83,10.95,914.87,977.58,97.56,809.34,1111.97,84.62,1059.21,854.14,928.8,900.93,124.44,915.86,979.57,866.09,1042.29
3003100063B,30,031,00063B,443.61,641.03,168.81,40.17,9.05,509.13,684.42,88.44,400.66,784.03,98.38,612.79,594.86,496.2,608.07,132.56,540.14,634.43,485.91,714.71
3003100063C,30,031,00063C,579.83,910.21,163.76,74.26,3.81,665.52,1015.89,73.31,577.93,1125.38,68.55,780.72,890.22,677.9,934.01,97.11,657.9,979.71,589.35,1068.26
3003100064A,30,031,00064A,408.54,329.21,52.23,10.14,3.01,421.49,365.5,23.28,373.75,413.38,28.24,430.2,359.79,434.64,331.1,34.29,415.83,363,399.22,376.7
3003100064B,30,031,00064B,532.01,751.31,113.99,35.1,5.03,597.9,815.59,46.55,479.94,926.68,57.46,678.06,711.51,633.15,697.2,84.49,599.47,762.83,565.13,797.28
3003100064C,30,031,00064C,1041.78,678.51,117.79,20.26,4.09,1134.93,722.39,59.54,1017.98,847.54,56.43,1255.36,600.19,1166.59,650.09,68.7,1024.38,800.13,1063.17,770.11
3003100064D,30,031,00064D,1453.15,778.6,163.74,34.09,9.75,1552.65,878.02,95.56,1379.15,1076.94,81.86,1699.79,750.4,1555.64,800.09,110.11,1465.86,953.13,1425.97,986.22
3003100065A,30,031,00065A,504.17,1061.63,128.31,53.11,5.02,521.42,1174.79,85.12,417.2,1297.03,85.13,632.69,1057.48,515.47,1075.61,125.18,516.36,1161.75,491.3,1196.86
3003100065B,30,031,00065B,769.08,1070.67,202.74,71.9,10.98,935.87,1176.52,78.9,786.06,1335.33,86.89,1107.65,975.77,963.83,1060.67,116.85,890.92,1148.56,853.97,1219.47
3003100065C,30,031,00065C,1033.75,1204.7,208.95,32.99,7,1194.71,1276.69,92.98,1041.74,1472.64,79.98,1387.66,1055.74,1190.71,1170.71,127.97,1143.72,1273.69,1106.73,1340.67
3003100066A,30,031,00066A,713.23,1071.44,192.06,37.02,10,852.25,1182.5,64.04,736.22,1307.53,77.03,1028.31,967.44,861.26,1053.46,119.05,836.25,1106.48,774.25,1197.49
3003100066B,30,031,00066B,577.94,1091.35,152.18,61.71,9.19,626.23,1227.61,87.65,540.86,1321.08,85.41,763.97,1091.34,639.85,1141.53,117.84,619.85,1192.8,619.4,1215.25
3003100066C,30,031,00066C,317,1329,141,77,3,387,1432,64,302,1538,61,494,1286,382,1343,106,412,1347,362,1429
3003100067A,30,031,00067A,704.5,476.84,89.67,13.8,3.94,760.63,534.02,33.51,651.28,654.21,29.57,832.58,444.35,760.64,493.61,39.43,669.02,599.03,707.42,558.67
3003100067B,30,031,00067B,1082.93,606.87,158.32,39.04,2.01,1102.96,764.14,83.16,966.71,915.42,79.14,1255.28,614.83,1110.03,690.01,99.15,1014.96,820.15,1009.87,854.24
3003100067C,30,031,00067C,1037.06,427.5,165.17,37.03,9,1057.07,568.65,96.09,909.94,745.8,80.08,1187.24,463.48,1061.11,515.58,104.08,1010.06,636.66,981.02,673.71
3003100068A,30,031,00068A,1276.43,601.37,151.18,15.27,4.12,1338.29,713.17,74.5,1172.14,900.64,77.03,1508.68,560.92,1352.2,654.03,90.3,1277.8,766.69,1277.14,777.08
3003100068B,30,031,00068B,882.73,410.61,141.59,21.34,4.04,894.51,532.61,71.58,781.27,659.01,64.84,1034.63,398.51,922.42,474.09,68.84,881.93,546.02,847.41,586.62
3003100068C,30,031,00068C,1155.78,323.04,111.02,21.69,3.04,1199.04,399.38,45.09,1060.37,549.51,56.43,1285.15,315.61,1200.26,360.92,57.61,1114.99,474.74,1081.45,514.17
3003100069A,30,031,00069A,1104.41,393.64,120.63,27.01,6.33,1070.58,550.03,84.98,880.03,758.98,78.17,1213.6,439.91,1085.9,501.2,97.12,1011.06,641,1012.49,647.09
3003100069B,30,031,00069B,1105.97,239.57,63.92,7.02,5.26,1160.39,286.39,50.69,1085.15,395.08,30.4,1207.61,259.08,1172.57,273.38,40.01,1123.53,330.62,1112.82,341.01
3003100069C,30,031,00069C,963.75,349.99,72.36,19.27,7.6,959.59,437.49,47.22,859.45,548.3,60.18,1070.51,353.03,968.24,410.21,56.85,915.71,496.17,894.51,507.88
3003100069D,30,031,00069D,744.01,373.44,63.32,16.56,1.99,776.81,433.98,38.02,701.69,520.77,27.49,832.68,376.37,782.67,398.04,45.82,711.78,479.81,735.77,451.89
30033000001,30,033,000001,406,21,21,1,1,410,38,7,369,83,11,428,23,394,48,6,370,67,360,73
30033000007,30,033,000007,80,4,4,0,0,78,8,3,81,8,1,84,4,77,10,3,79,8,74,14
30033000014,30,033,000014,86.25,3.97,0,0,0,79.31,4.96,1.98,79.31,7.93,0.99,86.25,3.97,82.28,5.95,0.99,83.27,5.95,80.3,9.91
30033000019,30,033,000019,80,5,2,0,0,83,5,1,73,15,2,83,5,82,5,3,76,11,74,13
30035000001,30,035,000001,322.79,108.41,32.93,9.02,1.05,359.2,120.04,12.01,275.75,200.4,11.07,361.87,105.26,328.83,141.24,14,304.75,158.12,266.46,205.65
30035000002,30,035,000002,202,91,26,4,1,233,99,9,171,163,6,246,81,205,116,15,191,135,163,166
30035000003,30,035,000003,170.09,100.46,24.87,1.99,2.98,178.05,117.37,10.94,140.25,150.2,17.9,194.96,102.45,164.13,126.33,12.93,154.18,138.26,134.28,165.12
30035000004,30,035,000004,127.21,59.63,9.94,4.97,0.99,112.31,86.47,9.94,76.53,114.29,15.9,135.16,68.58,109.32,81.5,17.89,108.33,91.43,101.37,104.35
30035000005,30,035,000005,326.69,133.9,20.19,4.04,2.02,325.64,170.16,6.12,262.22,224.51,13.19,334.87,146.97,289.55,177.18,12.18,295.49,178.3,249.34,226.52
30035000006,30,035,000006,55.88,15.24,1.23,1.01,0.96,65.51,9.83,1.06,51.54,21.88,2,59.96,12.42,56.66,14.81,1.04,53.6,13.95,45.61,26.74
30035000007,30,035,000007,5,28,3,1,0,3,35,1,5,34,0,9,30,6,32,0,7,31,3,36
30035000008,30,035,000008,27,403,8,7,2,14,446,3,17,435,8,46,405,20,426,10,36,418,22,435
30035000009,30,035,000009,123.33,954.71,29.65,26.69,3.95,94.7,1066.37,14.79,83.84,1070.26,18.76,166.77,1004.11,104.61,1050.49,25.68,123.41,1036.66,104.61,1071.22
30035000010,30,035,000010,56,240,8,5,1,51,272,3,41,280,4,70,241,49,257,11,56,254,43,269
30035000011,30,035,000011,39,76,8,4,1,35,92,4,28,98,5,49,83,35,86,8,37,92,33,95
30035000012,30,035,000012,15.84,186.1,8.91,8.91,0.99,10.89,216.79,0.99,8.91,211.84,3.96,24.75,198.97,15.84,205.9,5.94,23.76,201.94,15.84,209.86
30035000013,30,035,000013,21,199,6,3,1,13,224,1,17,208,9,37,190,14,209,6,27,201,23,207
30035000015,30,035,000015,81.83,153.19,7.44,4.4,0.06,76.41,170.84,6.22,66.25,174.9,9.28,94.48,146.92,66.56,166.61,13.38,81.83,158.4,70.56,168.92
30035000019,30,035,000019,28,137,3,6,2,23,155,3,19,155,3,28,150,18,156,5,23,149,18,163
3003500021C,30,035,00021C,21,236,6,4,1,21,264,3,15,259,5,45,234,15,260,8,37,242,29,251
30037000001,30,037,000001,177.6,39.81,10.97,2.01,1.96,181.52,52.73,4.99,149.85,85.46,8.87,204.37,29.97,171.43,60.76,9.92,159.77,68.67,170.42,70.71
30037000002,30,037,000002,181.38,30.07,17.46,0.97,0.97,185.26,41.71,8.73,153.25,77.6,5.82,202.72,31.04,176.53,53.35,5.82,174.59,54.32,165.86,66.93
30039000001,30,039,000001,264.56,125.91,27.18,6.12,1,256.81,152.13,18.36,213.15,198,18.16,302.88,111.41,247.69,152.3,17.34,192.21,223.02,227.67,180.55
30039000002,30,039,000002,323.09,175.9,25.99,7.69,0.96,323.06,202.84,23.08,244.29,288.33,18.28,361.58,176.81,311.53,207.64,22.11,226.96,311.44,270.23,261.43
30039000009,30,039,000009,251.89,76.37,16.3,2.07,0.01,245.8,99.66,11.2,218.34,128.15,10.2,269.32,71.2,240.7,98.66,11.19,196.1,148.43,215.49,121.96
30039000010,30,039,000010,364.15,101.75,15.35,9.65,1.38,373.77,130.2,8.91,311.87,188.54,11.78,394.93,97.02,360.65,126.34,12.55,311.77,179,312.04,177.02
30041000001,30,041,000001,318.83,241.51,58.15,20.03,0,316.84,307.67,32.06,246.58,384.92,26.07,375.94,258.55,296.75,319.75,29.04,287.76,341.75,284.68,351.83
30041000002,30,041,000002,168.73,135.06,42.76,8.92,3.97,159.82,183.71,22.91,108.08,241.47,21.82,205.52,146.97,143.82,197.77,22.86,163.46,188.01,149.68,210.72
30041000003,30,041,000003,339.73,190.33,41.15,6.23,1,327.04,247.62,25.92,243.35,336.43,20.8,396.11,189.56,302.78,273.34,19.46,290.98,288,276.61,308.71
30041000007,30,041,000007,369.32,230.12,36.05,9.98,1.01,369.29,278.22,15.04,281.27,372.21,14.03,447.42,186.1,342.35,287.17,18.03,331.4,300.11,314.26,323.24
30041000008,30,041,000008,336.21,194.38,36.87,3.02,2,330.2,248.19,17.95,260.35,318.08,15.96,411.89,157.54,321.16,247.24,19.94,322.09,245.35,283.36,287.08
30041000009,30,041,000009,246.4,201.43,25.13,3.02,2.02,256.29,242.64,12.09,190.04,310.92,8.1,325.49,169.46,240.25,257.66,7.09,230.22,255.73,204.19,289.76
30041000010,30,041,000010,154.41,124.9,31.47,13.77,0,157.36,163.26,12.79,117.03,195.71,22.62,194.73,131.79,153.42,155.39,17.7,152.44,173.09,124.9,204.56
30041000013,30,041,000013,152.67,87.1,25.17,4.24,0,152.84,114.62,10.02,107.57,159.04,11.87,170.18,93.32,137.46,129.57,6.5,138.48,128.16,123.95,142.11
30041000014,30,041,000014,270.32,108.14,21.13,4.46,4.16,245.29,148.01,17.63,203.29,196.49,17.31,285.57,114.07,242.19,147.52,17.27,234.84,162.36,231.36,168.65
30041000015,30,041,000015,167.2,58.18,12.02,0.93,0.92,156.14,77.58,9.23,129.33,109.93,5.54,174.63,60.94,154.29,82.2,3.7,144.12,86.83,127.5,109
30041000016,30,041,000016,140.18,51.62,8.52,1.83,0.05,135.62,67.83,6.48,103.62,100.51,5.88,150.27,53.38,127.13,79.09,3.57,122.1,77.03,112.49,89.06
30041000018,30,041,000018,34.1,80.72,3.24,9.03,0.05,30.81,94.14,3.2,24.32,98.7,1.2,33.26,87.77,27.76,96.15,0.2,29.68,89.33,25.67,99.36
30041000020,30,041,000020,179.89,51.48,18.95,6.1,0.99,191.7,74.65,7.99,147.69,123.7,4.96,223.63,42.68,186.66,82.59,5.04,166.62,93.76,152.73,114.64
30041000021,30,041,000021,87.56,33.65,3.88,5.74,0,83.77,47.09,1.94,70.25,63.49,0.02,90.58,38.37,80.89,47.12,2.88,73.19,56.69,73.11,58.7
30041000022,30,041,000022,170.27,75.02,12.96,0.12,0,169.2,87.19,5.99,138.2,125.18,1.98,201.05,57.28,161.21,97.1,5.01,154.12,94.33,125.38,124.09
30041000025,30,041,000025,332.89,140.24,54.93,6.99,2.99,328.96,189.23,34.92,257.83,278.34,17.98,380.13,152,293.03,231.13,26.95,275.04,251.01,280.7,251.38
30041000028,30,041,000028,9.83,367.22,5.62,13.57,1.85,11.38,396.47,2.88,13.68,396.03,2.88,26.21,376.3,20.37,379.32,3.78,23.01,378.57,13.97,391.24
30043001-71,30,043,001-71,507.55,139.32,27.46,5.01,1.66,492.64,180.04,29.85,428.76,248.9,26.54,540.75,146.01,500.91,171.69,22.47,424.12,260.99,443.07,246.18
30043002-75,30,043,002-75,698.56,212.25,63.29,8.07,4.02,682.46,276.84,47.52,582.35,396.96,41.38,769.17,223.24,682.64,278.64,41.32,570.36,403.13,592.92,384.7
30043003-75,30,043,003-75,44.88,23.19,6.93,2.14,0.04,38.55,38.29,2.78,33.01,43.28,4.54,55.96,23.28,44.34,31.57,3.56,35.43,42.53,42.11,36.78
30043004-75,30,043,004-75,635.11,318.97,61.47,18.35,5.27,622.84,386.1,47.61,567.99,426.84,51.48,712.76,316.12,591.16,400,42.54,567.99,452.34,503.16,527.22
30043005-75,30,043,005-75,93.93,51.12,8.77,2.19,0.15,90.46,62.41,8.55,77.52,71.64,9.49,92.87,58.14,85.13,65.7,7.67,79.49,72.01,75.63,76.55
30043006-75,30,043,006-75,242.84,91.41,14.14,1.76,1.74,248.31,109.74,8.72,201.02,156.15,7.88,266,91.16,237.63,115.07,8.78,205.55,148.12,200.2,160.43
30043007-75,30,043,007-75,477.79,298.89,61.53,5.97,2.98,540.28,332.67,11.94,419.12,450.85,19.87,622.67,244.33,476.77,361.45,27.8,459.8,401.23,430.06,439.91
30043008-75,30,043,008-75,282.7,172.77,34.94,6.98,1,294.82,190.74,12.94,242.78,246.77,9.96,335.77,151.74,259.82,215.72,15.96,275.68,207.83,240.77,243.72
30043009-75,30,043,009-75,564.18,326.58,62.4,10.39,3.1,643.69,360.25,6.6,500.18,507.93,8.58,723.92,262.89,557.35,411.22,21.52,540.24,435.27,492.77,480.15
30043010-75,30,043,010-75,502.22,315.55,45.43,12.41,3.55,557.38,336.96,17.75,438.23,461.4,17.79,663.95,224.16,511.94,368.95,16.06,470.28,407.19,456.86,433.92
30045000001,30,045,000001,66.58,25,9.52,0.97,0,68.39,29.86,2.96,58.67,41.48,3.86,83.68,14.62,70.27,28.01,2.94,65.39,31.9,64.44,31.95
30045000002,30,045,000002,112.31,36.82,7.51,2.03,0.01,107.51,47.03,9.93,87.22,68.44,7.07,124.19,34.22,107.6,48.88,7.97,95.52,57.93,95.48,60.86
30045000003,30,045,000003,349.62,86.58,31.11,6.01,1.99,336.74,133.59,12.12,269.51,207.78,10.11,389.96,79.41,332.78,139.53,9.11,299.64,157.7,303.6,161.77
30045000004,30,045,000004,340.68,85.93,30.49,2.97,1,359.08,112.65,5.02,302.63,166.22,8.93,405.42,59.49,359.97,103.94,5.01,333.27,126.67,331.34,134.5
300470000NA,30,047,0000NA,5.35,2.93,0.34,0.07,0.03,5.46,3.29,0.2,5.03,3.8,0.15,6.26,2.4,5.39,3.29,0.16,4.9,3.68,5,3.58
3004700ARL1,30,047,00ARL1,318.18,362.81,30.81,17.89,1.99,289.36,423.44,20.88,246.6,478.12,22.87,390.74,341.93,305.25,417.48,19.88,292.33,435.38,263.51,456.25
3004700BEA1,30,047,00BEA1,302.68,184.5,15.93,5.63,0.95,301.63,208.83,14.06,272.16,233.67,20.64,343.91,160.98,305.51,193.78,18.71,291.95,206.36,291.84,212.93
3004700BEA2,30,047,00BEA2,64.51,42.15,4.3,0.86,0,71.39,39.57,5.16,65.37,46.45,3.44,80.86,30.97,71.39,39.57,4.3,72.25,38.71,71.39,38.71
3004700CHA1,30,047,00CHA1,384.83,186.42,26.46,10.18,2.99,389.94,210.53,21.39,320.7,280.72,25.39,431.08,169.96,376.77,222.9,19.24,338.65,260.48,328.44,271.49
3004700DAY1,30,047,00DAY1,359.68,139.47,21.05,2.03,0.01,349.82,154.53,25.97,327.63,189.6,14.08,384.91,126.36,359.79,147.49,15.03,329.72,178.53,336.72,175.53
3004700FER1,30,047,00FER1,463.73,204.02,20.13,9.02,2.98,450.87,237,18.1,395.32,292.59,28.06,505.02,180.76,467.78,213.04,21.09,432.3,243.47,411.59,266.24
3004700PAB1,30,047,00PAB1,149.72,86.04,13.34,5.22,0.91,143.37,104.53,10.95,117.31,130.38,12.37,176.72,76.48,146.27,103.03,8.89,141.03,112.29,135.57,116.32
3004700PAB2,30,047,00PAB2,413.87,313.21,29.7,26.65,4.85,384.19,392.56,34.54,332.06,441.06,39.99,471.46,316.81,398.12,371.37,34.53,384.19,395.61,350.88,432.54
3004700POL1,30,047,00POL1,490.22,279.72,29.8,6.18,1.11,495.59,314.53,17.43,438.82,361.69,27.16,559.59,237.35,503.21,295.81,15.34,449.2,343.5,457.44,338.23
3004700POL2,30,047,00POL2,530.94,303.57,34.53,8.01,3.86,545.67,341.63,17.08,503.03,391.79,13.44,630.73,245.1,534.24,345.1,15.2,486.28,380.82,495.84,370.43
3004700POL3,30,047,00POL3,258.55,224.27,21.45,5.08,0.99,262.63,244.6,15.66,223.11,285.25,18.35,324.46,183.91,256.7,247.57,14.53,254.87,246.44,253.74,257.31
3004700POL4,30,047,00POL4,579.42,397.1,43.36,19.71,0.01,529.22,485.75,41.39,470.09,541.93,50.25,664.23,365.53,544.98,460.16,48.25,522.31,507.42,513.44,524.18
3004700POL5,30,047,00POL5,797.73,525.58,65.05,30.02,5,780.64,618.7,60.05,696.55,704.78,65.06,975.8,447.55,798.65,612.65,32.09,760.64,636.74,745.63,668.75
3004700POL6,30,047,00POL6,185.02,53.36,11.76,2.32,0.06,178.63,68.45,8.64,160.12,79.05,13.68,198.69,45.78,169.94,70.31,6.54,151.8,89.72,151.45,90.98
3004700POL7,30,047,00POL7,284.82,166.95,13.81,1.03,2.94,282.81,189.6,6.95,225.88,243.6,8.92,310.5,141.45,269.16,181.78,9.86,234.91,208.25,243.65,204.38
3004700POL8,30,047,00POL8,21.7,13.93,1.32,0.02,0.07,24.65,14.46,0.16,20.31,18.73,0.21,24.3,13.33,24.33,14.27,0.23,20.52,17.9,20.73,17.81
3004700RON1,30,047,00RON1,836.76,482.92,73.93,28.98,5.15,802.38,585.28,60.78,656.67,730.09,68.44,987.7,429.06,818,577.66,49.2,787.7,629.6,756.9,652.31
3004700RON2,30,047,00RON2,254.07,192.61,18.3,16.38,2.98,235.91,241.49,21.16,203.84,271.25,24.58,289.51,194.93,244.41,228.43,21.27,235.94,243.26,215.57,265.91
3004700STI1,30,047,00STI1,347.47,270.11,18.36,11.19,0.04,334.3,302.77,24.21,284.74,351.36,25.29,398.17,244.03,338.35,298.71,20.26,320.21,322.92,310.98,335.12
3004700STI2,30,047,00STI2,311.84,281.72,34.19,22.22,4.04,299.5,365.22,19.37,248.13,401.68,35.3,370.31,297.55,300.72,342.07,36.22,304.44,353.38,294.01,373.78
3004700SWA1,30,047,00SWA1,89.48,30.37,2.1,0.41,0.07,88.47,32.15,1.97,74.16,46.12,3.38,98.12,22.1,90.62,29.18,2.31,77.48,41.32,79.35,38.99
3004700SWA2,30,047,00SWA2,83.72,33.39,4.23,0.05,0.01,85.75,35.61,2.16,79.33,39.05,6.2,88.42,31.96,84.69,35.65,3.15,76.67,42.64,84.66,37.75
30049000001,30,049,000001,729,264,85,10,4,760,312,54,533,560,42,899,208,642,421,48,648,448,619,486
30049000002,30,049,000002,679.69,321.19,57.67,10.58,6.73,746.02,350.98,22.12,553.76,542.28,25,856.57,242.35,653.74,418.24,36.53,622.98,461.52,585.5,498.05
30049000003,30,049,000003,614.93,339.44,74.78,15.74,3.94,670.03,397.49,24.6,441.76,627.72,18.69,803.83,261.71,549.99,488.99,33.45,544.09,506.7,499.81,559.83
30049000004,30,049,000004,565,319,74,20,2,632,355,27,454,541,30,760,227,542,412,43,536,445,507,483
30049000005,30,049,000005,343,548,74,18,5,363,622,31,242,743,36,526,458,321,636,42,319,659,314,675
30049000006,30,049,000006,606,478,87,20,7,670,544,38,516,725,24,817,411,585,616,44,571,641,555,673
30049000007,30,049,000007,362,573,68,18,2,439,611,22,278,778,21,622,425,346,682,26,340,691,353,705
30049000008,30,049,000008,324,980,75,28,6,451,1004,22,315,1144,21,711,707,398,1030,29,363,1073,351,1097
30049000009,30,049,000009,492.44,784.68,94.95,29.06,1.35,620.16,803.7,26.62,466.15,976.13,18.67,856.37,559.92,541.1,868.51,27.43,497.18,910.09,480.94,931.64
30049000010,30,049,000010,1003.34,394.65,76.65,7.15,7.04,1094.88,424.95,22.32,784.81,731.07,31.31,1222.92,278.98,935.93,552.53,27.41,881.6,598.12,863.35,629.48
30049000011,30,049,000011,660.37,363.76,110.06,6.53,3.73,702.34,435.58,50.37,461.7,680.89,46.64,888.88,277.02,591.35,533.52,44.77,606.27,546.57,555.9,607.2
30049000012,30,049,000012,478.07,199.56,45.22,14.26,0.06,505.97,229.51,27.4,357.24,393.28,25.31,556.17,194.29,427.01,304.01,25.55,407.91,333.3,375.19,373.17
30049000013,30,049,000013,514,1213,77,35,5,657,1246,31,494,1416,16,946,916,540,1319,41,483,1379,495,1379
30049000014,30,049,000014,194,805,51,52,3,235,856,33,149,955,34,410,682,195,868,46,200,890,187,918
30049000015,30,049,000015,413,332,62,18,3,426,369,54,299,522,42,552,275,360,438,41,354,462,358,473
30049000016,30,049,000016,531.26,610.78,90.79,10.23,1.02,632.07,632.05,32.3,460.72,808.56,26.22,818.92,448.25,545.4,689.62,31.31,517.19,720.92,491.02,760.13
30049000017,30,049,000017,268,784,64,27,2,312,830,27,216,929,27,491,643,263,845,39,265,870,271,871
30049000018,30,049,000018,513,451,76,17,3,588,489,25,390,691,28,741,344,476,582,31,463,597,414,666
30049000019,30,049,000019,487,211,52,14,3,509,251,26,357,400,31,581,186,425,309,36,434,324,392,364
30049000020,30,049,000020,679.09,417.28,97.72,21.42,5.26,689.1,494.29,65.48,476.22,726.46,56.23,872.14,357.16,595.31,577.17,67.07,617.33,603.05,581.78,651.32
30049000021,30,049,000021,765,327,74,12,2,807,370,26,585,602,26,913,271,728,432,33,672,497,668,516
30049000022,30,049,000022,195,422,54,21,3,229,450,22,158,523,21,330,343,198,460,30,206,467,178,495
30049000023,30,049,000023,624,373,73,7,5,698,397,19,510,597,18,857,243,600,470,23,545,538,510,585
30049000024,30,049,000024,616,627,75,25,2,699,672,32,481,902,21,913,442,626,717,29,558,787,508,864
30049000025,30,049,000025,405,552,75,23,6,491,590,38,310,773,33,634,448,375,666,48,381,702,392,698
30049000026,30,049,000026,826.68,708.82,108.09,29.92,4.99,939.22,765.13,36.02,689.94,1016.17,46.1,1124.21,573,812.07,832.02,60.07,763.78,910.38,774.63,914.49
30049000027,30,049,000027,971.44,380.6,101.63,17.93,1.99,1035.2,444.37,44.84,732.31,753.24,42.84,1161.74,329.79,894.72,547.99,53.8,850.88,619.73,819.99,669.54
30049000028,30,049,000028,738.61,280.08,58.81,11.96,1,758.54,323.94,35.88,571.16,523.29,30.9,830.31,254.17,687.77,378.76,30.9,677.81,411.65,646.91,441.55
30049000029,30,049,000029,291.31,170.42,22.03,6.33,2.24,315.66,176.56,11.72,240.93,253.22,11.84,360.5,133.77,281.4,193.09,16.24,268.34,217.47,256.97,231.75
30049000030,30,049,000030,112.52,46.42,5.93,1.97,0,104.67,54.31,4.94,92.78,68.17,5.92,127.35,35.57,106.61,52.36,6.91,104.63,59.27,100.68,61.25
30049000031,30,049,000031,452.57,114.26,32.29,5.99,0,438.67,143.42,28.02,332.09,247.96,34.06,470.78,120.3,404.61,162.54,29.97,389.31,196.73,386.49,202.55
30049000032,30,049,000032,63.05,7.64,6.69,0,0,64.96,11.46,0.96,50.63,24.84,1.91,67.82,8.6,63.05,14.33,0,56.36,19.11,60.18,15.28
30049000033,30,049,000033,480.16,126.02,37.68,6.7,1.22,478.65,162.72,30.84,386.42,262.03,24.68,535.89,120.28,469.32,178.45,20.85,437.1,202.29,421.9,227.08
30051000001,30,051,000001,228.08,42.46,14.12,0.02,1,232.09,53.57,5.09,196.78,85.93,7.02,259.32,28.31,221.93,65.71,3.06,219.84,58.79,204.82,75.86
30051000002,30,051,000002,159,66,11,0,0,157,79,5,117,121,4,180,50,151,89,1,138,91,125,111
30051000003,30,051,000003,153,57,15,2,2,164,63,10,138,91,8,178,52,149,78,9,141,83,134,97
30051000004,30,051,000004,160,41,7,0,0,162,43,7,123,81,8,169,36,145,58,6,127,72,117,87
30053000001,30,053,000001,326.52,76.08,15.19,4.75,0.01,320.75,84.75,18.05,291.41,107.53,22.74,332.32,79.8,311.28,92.2,13.4,322.69,82.86,316.03,96.1
30053000002,30,053,000002,222.9,68.85,16.25,2.16,0.01,203.07,86,21.24,187.32,97.73,25.23,222.4,72.76,192.01,84.12,24.13,219.75,78.16,211.65,84.5
30053000003,30,053,000003,1259.46,322.03,52.67,20.01,2,1231.92,387.12,60.85,1144.27,480.45,57.12,1326.56,307.8,1211.93,370.97,71.46,1233.85,392.12,1207.55,428.49
30053000004,30,053,000004,342.48,91.88,21.13,10.05,2,328.41,127.04,20.16,295.19,161.28,21.15,366.66,102.82,324.36,124.99,20.2,319.43,142.03,305.37,152.13
30053000005,30,053,000005,114.79,35.7,3.16,0.11,0.01,105.79,43.84,8.13,100.56,52.1,12.02,113.06,42.58,100.83,46.74,11.11,113.75,39.88,107.73,45.92
30053000006,30,053,000006,189.91,66.43,11.66,9.66,0.03,178.99,82.47,16.44,164.43,107.73,10.68,197.86,72.36,179.84,81.64,15.66,193.61,74.24,184.61,81.54
30053000007,30,053,000007,258.73,121.26,21.85,3.97,0,240.85,137.17,29.77,215,179.86,18.89,276.6,120.26,236.85,140.16,23.84,252.74,140.13,240.83,155.03
30053000008,30,053,000008,545.04,202.61,29.14,4.03,1,520.9,232.7,33.22,472.76,288,34.11,568.14,200.61,503.92,240.69,36.14,526.97,231.77,510.92,250.85
30053000009,30,053,000009,736.26,312.85,56.53,9.11,8.96,730.64,377.37,53.78,590.51,520.64,43.75,786.57,318.14,688.24,385.78,45.67,711.81,382.66,653.44,444.95
30053000010,30,053,000010,554.4,163.86,38.28,2.92,2.87,548.57,192.64,34.51,454.86,292.11,33.52,580.23,167.7,522.73,190.73,36.42,539.04,191.69,512.26,218.49
30053000011,30,053,000011,549.11,101.37,22.96,4.09,1.08,524.23,121.13,29.77,466.03,188.39,21.85,530.38,122.12,485,138.75,25.92,505.24,134.9,492.55,152.55
30053000012,30,053,000012,785.46,170.39,48.15,8.84,1.99,754.13,221.51,58.9,643.06,340.42,53,820.87,186.07,717.77,244.04,50.07,754.06,237.18,712.76,276.54
30053000013,30,053,000013,661.97,247.01,43.36,11.06,2.05,669.9,278.42,36.36,551.04,391.31,37.3,701.29,251.04,630.63,290.48,32.31,623.8,314.45,608.45,327.83
30053000014,30,053,000014,186.12,61.87,15.87,5.31,0.01,176.97,74.22,18.03,155.15,102.36,14.85,189.49,66.01,165.67,76.04,19.87,173.14,77.47,168.76,84.57
30055000004,30,055,000004,356.95,57.38,14.59,2.92,0,343.34,73.92,9.72,326.81,93.36,12.64,359.9,55.42,312.24,97.24,13.6,335.57,76.82,304.48,103.06
30055000008,30,055,000008,301.25,50.09,11.88,2.19,0.02,295.62,66.26,7.51,284.63,76.52,8.52,319.69,41.33,280.63,76.89,5.6,293.83,61.66,281.62,72.74
30055000027,30,055,000027,207.03,54.17,10.98,2.47,0.12,201.85,69.37,6,188.99,87.56,3.43,216.14,60.68,175.73,93.1,4.37,188.91,77.3,182.56,83.74
30057000005,30,057,000005,694.41,207.99,40.54,4.99,0.99,694.36,269.35,17.83,556.94,401.82,24.76,773.43,188.26,669.76,271.19,27.72,579.72,374.1,609.33,333.61
30057000007,30,057,000007,546.05,154.12,32.41,11.03,3,544.06,192.76,25.16,472.57,276.16,17.26,599.88,139.92,555.72,178.83,20.29,476.83,261.87,491.17,248.4
30057000020,30,057,000020,1082.44,446.62,54.68,20.52,2.94,1068.82,508.14,51.74,946.56,651.75,47.86,1155.59,433.12,1094.15,449.74,53.73,967.52,594.05,1014.97,555.32
30057000021,30,057,000021,288.7,158.31,26.96,9.99,2.98,290.63,179.36,24.97,214.86,258.19,22.97,318.71,164.2,298.65,171.2,26.96,265.45,220.32,251.78,234.02
300570001-1,30,057,0001-1,106.39,67.08,4.27,5,0.02,101.39,85.26,3.16,80.57,100.13,8.16,107.8,71.85,104.32,73.19,8.14,88.85,92.75,88.08,91.45
300570001-2,30,057,0001-2,156.45,41.14,9.55,0.27,1.02,154.31,51.76,4.6,114.42,88.98,8.48,166.23,33.11,151.69,45.11,5.61,135.31,66.62,140.84,55.31
300570015-1,30,057,0015-1,161.07,36.34,11.84,1.11,0.98,168.2,46,10.78,145.3,73.43,5.23,185.27,32.72,165.34,48.52,8.09,146.66,67.54,161.13,55.86
300570015-2,30,057,0015-2,252.09,65.14,14.23,4.96,1.02,238.81,100.56,10.29,205.56,126.33,14.9,267.86,70.73,236.87,90.74,16,220.21,118.13,228.65,107.89
30059000005,30,059,000005,727.19,193.13,41.02,9.99,1.99,740.26,226.19,25.95,600.87,363.63,30.88,813.04,151.41,692.65,249.85,33.91,657.58,282.98,674.5,289.83
30061000022,30,061,000022,206.21,112.87,21.57,18.41,2.94,190.58,152.93,21.63,168.37,172.24,24.55,233.04,122.15,190.72,152.66,19.67,181.65,171.44,181.53,168.81
30061000024,30,061,000024,99.09,57.43,14.08,1.02,1.01,95.09,76.51,5.07,71.9,92.7,13.07,123.28,39.32,99.09,59.45,9.05,92.01,73.53,78.97,86.59
30061000025,30,061,000025,279.58,109.29,19.34,5.8,1.94,281.49,130.58,17.42,231.19,180.88,18.39,327.93,82.22,281.51,116.07,12.59,260.23,137.36,248.63,152.83
30061000026,30,061,000026,234.27,81.48,22.28,4.07,2.02,238.18,101.81,16.3,194.47,144.53,18.33,262.85,83.17,230.24,96.6,20.21,223.96,115.91,216.78,129.15
30061000027,30,061,000027,117.27,20.52,5.86,0,0,102.61,30.29,11.73,88.93,44.95,13.68,117.27,23.45,110.43,25.41,7.82,107.5,32.25,102.61,40.07
30061000030,30,061,000030,391.74,137.09,24.77,5.7,3.1,378.42,173.39,28.67,308.74,241.98,30.77,447.77,111.31,388.26,154.41,26.54,360.95,186,351.86,204.91
3006300014N,30,063,00014N,142,58,10,2,0,138,62,9,110,88,13,152,51,132,64,8,122,74,124,74
3006300014S,30,063,00014S,129,72,11,3,2,125,90,13,100,116,12,162,60,134,79,11,127,91,116,105
3006300089B,30,063,00089B,55.41,48.12,5.22,1.82,0.05,70.86,46.62,3.56,56.49,61.67,2.88,85.08,33.24,70.05,44.89,3.55,58.84,53.2,53.06,60.58
3006300089C,30,063,00089C,273.8,143.7,28.45,10.79,5.58,275.13,179.76,22.42,208.25,248.39,23.29,338.25,122.08,269.11,181,19.85,255.74,201.61,219.69,242.57
3006300089L,30,063,00089L,368,207,34,10,2,372,246,23,335,284,17,448,168,378,228,16,342,263,351,254
3006300089P,30,063,00089P,231,1107,69,59,4,306,1171,35,264,1222,28,450,997,306,1120,50,299,1123,284,1162
3006300090E,30,063,00090E,421,853,65,36,3,500,889,21,404,975,31,631,716,483,849,53,439,910,432,932
3006300090R,30,063,00090R,149,307,41,34,1,176,330,30,139,374,36,221,295,167,321,38,173,340,154,358
3006300090W,30,063,00090W,594,1361,98,54,5,682,1462,46,546,1599,58,985,1094,676,1398,70,591,1495,585,1533
3006300091L,30,063,00091L,295.38,1399.32,86.35,126.59,4.1,303.18,1569.47,63.78,227.75,1640.62,77.09,459.35,1387.3,305.08,1477.79,99.02,346.91,1483.48,286.47,1556.33
3006300092B,30,063,00092B,672.03,522.07,77.08,36.49,6.87,652.05,641.62,63.16,493.57,785.46,76.83,787.95,512.68,647.05,616.91,61.21,605.67,689.4,559.94,741.18
3006300092C,30,063,00092C,359.01,166.87,29.96,9.69,1.06,362.83,196.98,22.25,265.74,294.09,20.37,405.8,157.91,340.9,204.59,24.1,315.05,244.81,308.65,257.95
3006300092P,30,063,00092P,441.56,231.03,46.3,16.14,3.03,447.47,286.5,21.25,360.86,366.06,30.3,508,221.01,419.46,275.41,37.23,415.29,305.69,400.11,326.89
3006300094E,30,063,00094E,188.5,234.38,21.94,8.98,1,186.51,265.3,8.98,163.57,291.23,10.97,243.36,205.46,193.49,248.35,13.96,180.53,268.29,173.54,280.26
3006300094F,30,063,00094F,676.98,291.08,59.05,9.98,5.82,689.45,332.67,44.08,569.69,461.58,39.92,800.9,232.04,666.16,335.16,44.08,629.57,394.21,621.26,399.2
3006300094H,30,063,00094H,628.18,794.09,78.57,27.17,5.02,711.48,825.49,31.27,604.65,938.37,33.31,874.59,652.32,713.38,789.35,40.34,652.08,848.71,640.01,875.86
3006300094L,30,063,00094L,214.35,864.11,72.09,73.05,2.88,203.77,995.79,56.71,160.52,1043.85,57.67,323.92,878.53,194.16,960.23,72.09,201.85,989.06,189.35,1022.71
3006300095L,30,063,00095L,348,1295,135,125,1,368,1495,73,264,1591,85,545,1311,358,1429,99,391,1443,325,1529
3006300096E,30,063,00096E,1760.82,1720.91,241.43,72.83,9.98,1885.52,1889.51,115.73,1535.35,2259.63,130.69,2354.41,1397.68,1842.62,1832.65,141.66,1718.92,1983.29,1686.99,2048.14
3006300096F,30,063,00096F,518.56,186.88,48.87,10.02,4.17,535.02,232.24,24.9,420.99,334.18,32.02,598.52,168.92,513.33,235.74,31.89,478.97,279.66,448.39,305.55
3006300096W,30,063,00096W,441.6,250.19,40.46,12.5,1.04,475.68,274.1,14.58,382.67,364.22,20.33,544.11,204.68,465.88,271.21,24.06,389.52,354.34,423.58,326.06
3006300097H,30,063,00097H,481.73,402.89,54.76,21.34,0.01,533.73,427.95,27.85,431.64,524.47,30.63,640.46,311.02,517.01,413.11,29.7,472.45,469.74,463.18,479.01
3006300097L,30,063,00097L,1617.01,985.81,152.12,41.49,5.93,1691.09,1149.79,85.94,1377.96,1432.29,115.57,1973.6,851.47,1668.37,1104.35,105.69,1539.96,1275.23,1475.76,1360.18
3006300098N,30,063,00098N,208.45,289.6,41.09,17.61,0.01,236.6,327.71,13.86,177.99,393.07,10.04,296.38,254.43,236.54,311.1,17.83,205.5,343.32,197.58,356.11
3006300098S,30,063,00098S,587,701,87,47,6,628,806,35,513,929,36,822,611,624,763,53,537,886,526,892
3006300100N,30,063,00100N,271,900,73,66,9,295,1019,38,231,1063,57,442,841,290,939,88,303,970,269,1016
3006300100S,30,063,00100S,229,482,66,42,1,241,565,32,186,610,42,314,485,241,529,47,239,559,215,587
300630089CS,30,063,0089CS,746.81,643.81,81.2,25.33,5.05,831.39,698.11,32.68,711.91,824.34,37.92,1009.63,494.74,852.21,645.75,39.84,758.2,732.1,732.69,773.77
300630089LC,30,063,0089LC,97.02,141.91,19.83,4.28,0,107.8,153.5,8.56,95.44,167.99,5.42,138.16,122.28,107.66,145.22,14.56,100.72,157.61,101.75,160.86
300630089UC,30,063,0089UC,154,422,66,28,4,157,462,41,128,498,39,204,418,137,429,64,176,430,143,472
300630090CC,30,063,0090CC,522,660,57,24,6,569,724,32,462,818,38,739,523,572,687,37,513,761,488,790
300630091SC,30,063,0091SC,118,893,54,47,3,153,953,29,111,996,28,258,808,144,892,50,159,900,147,924
300630092EM,30,063,0092EM,309.62,412.68,65.65,29.41,4.9,299.82,517.53,38.22,230.25,573.38,52.91,405.65,411.7,294.92,484.21,49.98,287.09,517.52,265.53,558.67
300630092Se,30,063,0092Se,758,337,70,13,2,762,401,33,574,595,34,833,329,725,415,33,651,488,665,495
300630092Sw,30,063,0092Sw,236,88,9,2,0,229,97,13,203,123,12,259,71,230,92,15,220,112,230,103
300630094SM,30,063,0094SM,435,165,33,3,1,441,195,24,348,282,31,498,147,422,200,29,392,250,379,260
300630095Ha,30,063,0095Ha,393.92,684.3,80.62,50.2,6.7,416.77,777.9,41.28,316.88,872.84,57.78,549.04,636.55,422.23,739.29,51.24,363.26,820.17,370.12,823.88
300630095He,30,063,0095He,263.23,361.43,50.9,22.73,1.26,264.38,402.88,39.73,206.08,455.43,49.75,352.78,326.88,257.31,385.33,53.09,256.17,416.03,234.48,441.02
300630095SC,30,063,0095SC,121,561,37,53,2,129,634,36,92,669,34,189,556,134,591,41,131,609,115,628
300630096SM,30,063,0096SM,145,67,21,1,0,153,71,13,112,113,14,176,57,148,74,13,134,96,131,97
300630097PC,30,063,0097PC,257.42,129.15,14.99,6.8,1.32,257.79,149.71,11.57,223.35,186.79,7.99,285.99,119.32,246.63,151.36,14.75,229.86,176.75,230.58,170.46
300630097TR,30,063,0097TR,521.73,474.55,58.01,16.49,6.42,593.72,497.52,30.03,490.3,596.67,36.06,696.73,390.68,569.26,491.89,32.52,510.43,562.14,513.72,566.45
300630098TR,30,063,0098TR,728.09,662.9,80.81,25.42,3.74,784.29,726.4,39.59,600.44,907.47,43.56,960.79,539.54,776.21,699.82,40.36,649.24,836.3,658.5,831.04
300630099CS,30,063,0099CS,791.53,745.86,83.67,17.97,2.52,898.85,783.14,35.71,750.85,939.78,36.21,1145.87,519.86,895.64,754.15,44.74,825.36,836.51,797.61,876.81
300630099MH,30,063,0099MH,655.95,903.55,107.43,31.13,4.02,735.25,979.89,29.21,577.24,1132.87,41.23,977.2,698.87,722.21,933.74,56.21,628.5,1049.49,604.56,1073.45
300630099RN,30,063,0099RN,311,518,75,25,4,329,589,37,247,676,37,450,462,313,573,52,293,598,279,622
300630099RS,30,063,0099RS,494,710,83,30,4,571,767,39,440,895,43,753,577,568,740,39,484,832,477,838
30063091RsE,30,063,091RsE,291.53,858.33,46.59,20.24,1.79,344.34,892.22,19.57,280.65,961.88,23.15,502.52,714.99,344.31,868.59,29.11,304.93,902.13,300.25,917.27
30063091RsW,30,063,091RsW,403.1,1578.42,85.89,48.98,1.38,515.7,1635.74,25.19,392.47,1767.08,24.75,785.38,1319.28,520.31,1585.75,41.25,430.7,1651.92,429.53,1684.51
30063098CSP,30,063,098CSP,613,839,107,51,6,644,963,68,471,1119,95,869,737,641,904,94,595,992,547,1047
30063100SJE,30,063,100SJE,237,1293,79,54,4,290,1365,44,218,1446,48,477,1149,299,1311,56,290,1340,269,1381
30063100SJW,30,063,100SJW,333,1511,116,99,6,362,1690,57,259,1797,65,559,1452,363,1597,96,335,1639,297,1723
30065000001,30,065,000001,328,83,23,3,1,315,115,16,267,164,19,374,61,311,117,15,299,138,279,158
30065000003,30,065,000003,296,50,14,2,0,277,70,19,230,120,16,314,42,271,76,12,269,85,251,106
30065000005,30,065,000005,501.09,69.27,23.88,6.89,1,499.2,90.1,27.65,430.87,163.41,22.69,536.83,66.35,479.4,103.08,29.56,464.64,131.57,481.18,121.98
30065000006,30,065,000006,617.04,106.52,27.83,4.8,2.88,590.17,140.11,35.51,487.49,225.51,58.54,629.52,109.4,569.06,154.5,37.43,540.27,195.77,545.07,200.56
30065000007,30,065,000007,110.97,9.73,1.95,0.97,0,103.18,17.52,2.92,83.71,34.07,4.87,113.89,7.79,99.29,21.41,0.97,96.37,23.36,91.5,30.18
30065000008,30,065,000008,104.77,12.46,3.17,0.2,0.12,98.65,21.86,4.49,92.34,31.43,3.46,107.29,12.58,95.77,22.46,4.57,97.55,23.2,98.75,22.4
3006700059A,30,067,00059A,615.67,192.03,39.65,6.37,1.07,627.59,225.77,20.58,519.57,329.03,27.46,629.84,229.54,619.6,217.57,29.52,574.87,276.13,570.5,277.74
3006700059B,30,067,00059B,749.17,390.05,52.64,20.78,3.93,751.94,443.9,38.83,644.36,559.33,36.88,809.24,390.53,749.03,428.69,41,689.23,488.69,715.6,471.26
3006700059C,30,067,00059C,614.68,284.1,26.89,15.91,1,585.26,338.51,37.64,525.55,405.18,31.72,626.98,295.85,591.1,308.91,44.58,545.56,356.47,552.44,364.41
3006700059D,30,067,00059D,390.76,400.73,42.86,28.91,2.99,413.68,433.62,30.9,347.89,512.37,28.91,462.53,400.73,416.67,421.66,35.89,400.73,449.57,381.79,477.48
3006700060A,30,067,00060A,445.31,265.17,37.04,10.47,1.33,458.49,301.64,17.78,379.89,383.8,18.52,511.51,237.33,458.36,286.11,22.68,425.15,319.14,429.08,316.35
3006700060B,30,067,00060B,457.69,231.66,52.36,13.08,1.04,444.57,271.82,46.82,365.54,361.61,41.97,498.49,233,449.5,255.75,50.85,443.8,289.32,420.65,310.75
300670060CL,30,067,0060CL,499.06,301.11,57.81,16.11,6.6,502.02,366.43,28.42,397.62,477.46,31.26,564.71,300.8,504.84,350.27,25.65,484.71,377.93,466.88,408.01
300670060DL,30,067,0060DL,363.12,332.42,49.94,21.51,3.2,332.42,418.47,42.89,262.73,487.38,46.98,403.57,366.07,328.51,406.88,41.85,337.58,424.96,314.14,451.77
300670060EL,30,067,0060EL,224.51,391.12,53.32,25.57,2.84,221.91,463.22,30.43,177.22,519.26,21.98,289.62,394.38,236,434.75,33.34,224.12,450.4,209.15,477.6
300670060FL,30,067,0060FL,256.22,361.78,36.57,25.09,4,252.05,407.15,30.53,218.12,450.2,32.45,307.58,368.78,245.14,403.95,41.54,242.09,419.35,225.83,441.56
300670060GL,30,067,0060GL,362.8,444.03,50.86,16.14,2.98,378.2,495.47,24.09,294.77,579.25,31.79,439.05,433.01,379.32,463.52,35.03,355.32,503.04,338.03,528.11
30069000001,30,069,000001,262.93,28.33,11.31,0.94,0.94,257.21,45.32,5.68,233.64,69.86,9.44,278.96,27.38,264.77,40.61,5.67,255.36,46.27,244.02,58.55
300710011-N,30,071,0011-N,1234.59,248.52,79.32,14.05,2,1271.81,405.87,33.15,1211.95,393.61,32.26,1361.04,226.35,1221.19,362.29,28.09,1142.83,395.57,1121.85,451.69
300710011-S,30,071,0011-S,485.23,68.07,19.68,4.97,0,492.41,85.48,10.78,477.65,98.13,12.69,507.26,59.76,460.64,104.17,7.96,441.35,115.64,451.03,117.74
30073000019,30,073,000019,228.91,76.91,20.14,2.06,1.02,210.94,116.07,10.14,175.04,154.97,10.13,249.31,78.68,207.48,117.43,12.15,203.68,119.23,187.04,143.01
30073000020,30,073,000020,19.85,241.14,5.07,10.02,2,14.82,265.25,2.03,13.68,269.39,1.03,35.93,245.14,19.84,258.23,3.02,22.71,255.32,18.73,264.34
30073000023,30,073,000023,90.41,13.92,7.95,1.99,0,87.43,24.85,2.98,72.53,39.76,3.97,97.37,13.91,89.41,21.88,1.99,74.52,31.81,78.48,33.8
30073000024,30,073,000024,394.17,135.22,31.06,6,2,392.14,177.32,12.01,310.92,266.53,10.05,444.31,111.16,374.13,183.36,19.01,375.02,169.42,336.98,234.45
30073000027,30,073,000027,409.87,125.16,32.05,6,2,416.85,162.24,16.01,303.68,274.39,19.03,470.97,106.12,381.83,191.27,14.01,369.76,194.31,350.72,225.33
30073000029,30,073,000029,127.19,24.1,7.04,0.04,0,124.21,35.11,1.09,100.3,57.11,4.97,142.14,17.16,122.19,39.1,1.06,111.28,46.04,106.25,49.19
30073000034,30,073,000034,204.61,42.71,11.92,3.97,1.99,198.65,69.53,7.95,168.86,94.36,10.93,221.5,46.68,196.67,68.54,6.95,180.78,90.39,164.88,106.28
30073000035,30,073,000035,327.84,80.55,19.94,4,1,332.68,106.59,9,280.93,156.39,7.99,346.94,83.42,305.08,128.29,5.03,289.01,131.56,254.3,170.23
30075000003,30,075,000003,36.97,9,2,1,0,39.92,10.04,1,38.8,12.09,0.04,44.92,4,39.75,7.13,2.09,36.62,13.34,37.75,13.13
30075000004,30,075,000004,40,3,1,0,0,42,4,0,35,10,0,41,1,42,3,0,38,5,38,7
30075000005,30,075,000005,105.91,20.38,5.06,0,0.03,107.91,23.5,3.03,91.85,37.54,3.06,113.97,17.38,102.91,26.47,3.06,98.82,27.53,100.85,29.5
30075000008,30,075,000008,25.05,3.41,0.19,0,0,24.24,3.13,0.09,22.67,5.51,0.19,25.14,2.85,24.14,2.13,2,24.05,4.22,22.29,4.79
30075000009,30,075,000009,39.95,13.7,1.85,0,0,41.68,11.05,0.96,36.15,14.81,1.85,40.86,8.28,40.78,11.05,0.04,39.82,12.01,32.53,17.5
30075000011,30,075,000011,344.82,50.41,14.82,0,0,323.1,68.18,17.78,289.51,111.64,13.83,349.76,48.42,323.09,65.22,11.85,306.3,83.98,284.55,107.7
30075000012,30,075,000012,290.9,26.99,14,0,0,281.9,41.99,13,265.91,64.98,10,304.89,22.99,277.9,43.98,4,263.91,54.98,251.91,64.98
30077000001,30,077,000001,147.6,11.57,2.13,1,0,150.55,15.71,2.05,135.31,29.9,3.07,144.7,16.53,144.45,17.71,2.06,138.26,25.92,138.27,25.92
30077000002,30,077,000002,76.64,18.14,4.1,1.04,0,77.41,22.29,4.14,73.03,27.66,2.16,73.49,25.21,81.45,20.4,0.05,63.23,34.67,71.91,26.89
30077000003,30,077,000003,269.28,65.9,25.05,5.76,1.92,256.73,99.59,13.57,216.15,138.29,14.49,241.29,108.45,244.3,112.98,6.82,177.97,188.93,211.46,147.76
30077000004,30,077,000004,194.52,60.23,11.85,1.97,0,180.69,79.98,13.82,149.1,113.55,10.86,169.83,99.73,176.74,86.89,8.89,155.02,113.55,152.06,113.55
30077000005,30,077,000005,215,97,26,8,1,222,116,19,175,165,17,191,149,211,117,22,181,169,194,155
30077000006,30,077,000006,242.39,73.34,27.13,7.03,1.01,223.32,126.51,13.07,185.11,159.71,20.07,211.24,142.56,219.26,127.58,11.03,161.92,191.98,197.09,153.76
30077000007,30,077,000007,234,76,22,7,4,207,123,21,171,161,15,201,145,206,124,12,163,182,187,157
30077000008,30,077,000008,151.67,46.2,9.94,0.11,0.01,148.18,57.88,3.05,123.25,77.15,5.91,161.17,41.07,135.31,60.11,5.94,124.71,74.65,121.78,77.61
30077000010,30,077,000010,70.22,9.02,3.01,0.01,0.99,60.26,15.02,4.01,50.26,28.99,4,67.21,9.05,59.28,13.03,4.98,57.21,16.09,60.19,13.11
30077000011,30,077,000011,89.36,6.97,2.96,0.97,0.01,84.65,10.91,3.84,75.9,19.75,3.78,85.64,9.89,86.51,12.73,1.04,77.65,21.65,73.33,24.13
30077000012,30,077,000012,115.46,19.96,7.84,2.01,0,116.4,29.83,3.96,99.47,50.59,1.08,118.48,25.73,115.41,27.92,4.89,91.86,55.33,110.02,39.04
30077000014,30,077,000014,120.94,30.92,7.01,3.99,0,122.94,42.91,3.01,98,69.86,1,133.88,26,123.92,41.9,3.01,105.89,59.96,102.04,60.84
30077000016,30,077,000016,99.81,36.53,13.97,2.23,1.07,101.26,44.92,5.54,85.63,62.45,6.57,95.64,49.26,102.7,40.55,4.26,70.09,76.54,89.39,54.93
30079000001,30,079,000001,125,41,8,0,1,116,47,15,119,52,8,137,34,111,52,12,125,44,110,59
30079000002,30,079,000002,120.86,26.22,13.13,1,0.02,109.86,44.34,10.1,104.57,54.59,6.1,133.92,23.22,99.68,53.38,4.18,110.81,43.35,97.57,59.58
30079000003,30,079,000003,134.37,18.83,1.13,0,0.02,120.7,28.75,5.97,119.36,30.03,6.96,133.49,15.89,111.71,34.65,8,118.7,30.68,118.4,33.89
30079000004,30,079,000004,179.04,14.73,7.91,0,0.97,178.7,21.9,6.01,161.04,37.63,6.05,183.1,14.49,167.78,25.01,10.86,175.62,23,160.94,36.78
30081000001,30,081,000001,467.41,123.64,24.28,5.08,3.06,453.22,135.96,35.39,394.24,199.93,35.38,488.55,121.8,450.95,135.03,34.46,446.68,160.58,431.6,167.61
30081000002,30,081,000002,747.32,209.8,28.78,13.85,1.01,744.42,236.59,35.68,657.2,322.9,38.56,801.19,191.71,730.67,230.63,41.57,679.38,296.72,697.93,274.23
30081000003,30,081,000003,507.8,129.67,22.04,6.08,4.94,491.98,154.65,30.99,413.04,232.59,30.04,517.3,143.28,470.12,160.5,36.98,448.81,204.67,442.12,207.37
30081000004,30,081,000004,523.32,191.44,21.92,6.29,2.94,530.41,206.57,25.24,478.41,266.14,16.89,587.21,158.59,534.53,200.83,22.57,522.53,215.2,508.11,230.56
30081000005,30,081,000005,687.28,324.65,38.76,14.95,0.89,687.22,374.81,27.35,572.06,489.95,34.4,800.7,262.27,679.38,364.21,34.35,641.68,410.74,648.56,401.27
30081000006,30,081,000006,638.77,254.8,38.99,11.99,4.01,616.11,312.5,30.14,507.29,429.37,27.02,691.34,245.34,637.99,292.58,21.18,580.34,343.33,546.4,385.21
30081000007,30,081,000007,794.43,384.51,55.02,18.01,4.05,804.1,439.24,40.3,657.01,593.52,38.2,936.7,310.67,787.28,433.62,41.12,746.4,483.66,733.96,499.24
30081000008,30,081,000008,658.82,529.96,64.64,23.76,3.14,658.65,616.95,49.28,553.48,722.22,49.04,799.03,494.66,667.83,593.67,43.03,639.97,634.43,644.37,645.73
30081000009,30,081,000009,506.89,365.17,61.05,12.89,4.92,485.61,426.23,55.99,388.25,514.93,66.66,608.04,324.27,502.89,398.92,49.19,509.13,416.14,460.33,477.62
30081000010,30,081,000010,708.42,272.7,51.74,18.06,1.02,725.04,317.84,37.55,636.09,413.24,33.96,827.56,228.82,719.67,311.77,36.5,694.4,354.35,689.88,359.08
30081000011,30,081,000011,742.52,247.82,48.65,7.99,3.01,770.22,272.7,31.99,648.17,390.97,35.75,849.07,201.9,746.69,289.32,30.95,727.77,318.12,704.84,346
30081000012,30,081,000012,579.74,237.62,40.99,10.23,1.99,594.55,283.82,19.93,498.66,378.02,27.62,662.54,201.34,571.35,279.97,22.76,525.51,332.27,536.68,320.9
30081000013,30,081,000013,659.57,181.08,44.06,12.52,2.26,670.65,222.35,44.06,584.23,307.86,49.41,764.92,163.73,668.95,222.61,40.8,634.17,279.34,638.26,281.52
30081000014,30,081,000014,212.84,3,18.99,0,2,267.79,5,12.99,250.81,23.98,10.99,282.78,5,261.8,9.99,11.99,266.79,16.99,271.79,15.99
30081000015,30,081,000015,773.88,300.15,37.19,8.07,1,798.97,327.33,18.13,661.6,453.71,29.13,857.35,262.98,779.94,324.29,33.14,717.81,392.49,711.79,396.51
30081000016,30,081,000016,518.69,158.36,32.04,5.56,2.73,519.87,182.28,31.9,431.99,271.01,35.62,564.87,154.42,512.46,184.93,29.23,473.06,234.4,474,236.17
30081000017,30,081,000017,560.18,259.19,24.03,12.94,1.01,595.95,287.15,14.09,513.99,359.18,25.03,644.88,230.36,585.97,276.23,21.03,544.03,330.15,540.05,330.17
30081000018,30,081,000018,664.2,255.87,44.95,10.76,0,659.32,309.56,39.1,570.45,410.16,28.36,747.19,239.29,686.61,276.41,33.23,646.53,335.05,616.3,357.49
30081000019,30,081,000019,776.66,335.4,55.06,10.3,1.61,770.84,394.24,28.52,658.34,499.51,39.24,879.57,285.54,792.81,355.26,36.89,704.3,447.25,716.17,436.43
30081000020,30,081,000020,536.36,284.85,53.01,11.91,4.83,536.88,335.28,42.24,433.69,435.26,48.51,642.04,253.99,537.08,331.44,35.07,498.6,382.45,480.24,405.64
30081000021,30,081,000021,348.48,132.25,29.92,10.62,0,346.55,153.49,29.92,309.86,199.83,22.2,388.06,127.42,350.41,150.59,25.1,318.56,190.16,312.77,198.85
30081000022,30,081,000022,763.69,366.83,41.71,8.3,2,763.7,420.37,36.68,675.67,519.58,35.52,885.49,310.84,745.78,421.26,32.6,711.77,470.43,692.7,482.58
30081000023,30,081,000023,810.6,330.96,58.14,11.2,4.07,845.03,380.81,36.76,699.51,515.26,42.76,943.79,276.04,836.91,365.67,35.64,792.77,423.96,753.38,465.34
30081000024,30,081,000024,618.97,341.59,55.77,9.59,3.48,639.84,383.45,37.46,516.12,503.68,37.47,726.15,296.27,633.79,376.42,31.38,577.96,440.08,558.84,458.34
30083000001,30,083,000001,160.37,34.02,21.38,2.92,0.97,150.65,44.71,19.44,147.73,55.4,15.55,172.03,34.99,143.84,56.37,14.58,165.23,36.93,147.73,55.4
30083000002,30,083,000002,292.27,58.12,15.73,3.08,0.03,276.01,76.44,16.59,250.84,93.86,25.47,293.58,61.21,251.72,82.88,26.42,287.35,71.29,257.79,97.88
30083000003,30,083,000003,314.55,73.47,26.24,2.02,1,309.49,90.6,13.15,298.27,101.82,10.16,326.55,78.57,297.26,91.77,16.14,305.46,99.64,285.24,114.86
30083000004,30,083,000004,248.34,36.18,13.09,1.01,0,232.31,54.22,8.05,216.23,63.31,13.06,246.34,43.22,218.23,61.29,10.05,232.31,53.24,222.22,62.33
30083000005,30,083,000005,268.99,46.55,13.55,1.91,0.96,265.66,61.28,10.77,249.32,79.58,13.52,269.85,58.12,249.51,73.59,8.78,266.85,62.01,250.51,74.64
30083000007,30,083,000007,149.74,37.88,12.31,0,0.95,140.29,53.03,8.52,127.97,64.4,11.36,145.96,50.19,128.92,61.55,9.47,140.29,52.08,137.43,57.77
30083000008,30,083,000008,454.47,84.78,34.13,2.92,0,442.77,120.81,18.53,431.02,130.61,23.4,483.64,82.87,411.57,141.29,21.44,454.43,111.1,426.15,134.52
30083000009,30,083,000009,225.98,37.42,8.8,1.09,0.07,207.18,55.98,13.44,200.15,67.02,7.83,224.3,41.94,208.78,53.15,8.48,219.04,46.34,207.03,59.92
30083000012,30,083,000012,436.93,66.55,22.91,1.83,0.01,408.88,90.26,26.34,386.06,113.98,25.47,444.12,60.45,384.19,97.7,29.1,428.68,81.27,392.33,113.09
30083000017,30,083,000017,112.79,13.36,5.09,1.01,0.01,115.77,17.47,1.08,105.67,24.58,2.08,118.94,10.31,113.66,15.57,1.05,108.74,21.44,108.66,19.56
30083000019,30,083,000019,105.22,23.22,2.66,1.41,1.03,108.13,30.21,2.44,103.39,33.79,2.58,117.54,19.83,99.63,36.55,1.57,104.25,30.1,102.78,31.6
30083000022,30,083,000022,463.86,62.66,31.97,2.03,0,454.75,79.23,18.98,427.29,107.6,21.08,464.78,75.12,424.79,102.09,18.12,452.29,84.71,423.35,113.49
30083000023,30,083,000023,658.61,102.25,30.61,2.13,0.99,645.57,126.86,24.84,618.95,153.57,28.74,684.82,96.96,613.86,153.28,24.05,657.89,126.24,630.24,148.62
30085000002,30,085,000002,211.06,35.66,15.84,1.05,1,204.03,54.44,8.03,194.12,62.47,9.95,209.54,46.2,189.24,59.73,14.98,205.7,51.09,194.3,59.47
30085000010,30,085,000010,144.4,39.62,10.39,1.01,1.01,142.3,50.94,5.33,116.86,69.54,10.23,140.86,49.46,121.05,64.18,5.24,131.22,48.93,114.81,67.45
30085000012,30,085,000012,376.55,88.55,26.27,0.01,0.98,362.95,107.05,23.32,335.63,142.1,20.44,401.77,74.04,351.19,118.77,14.59,360.94,99.29,329.8,142.08
30085000015,30,085,000015,18.03,133.95,5.09,6.75,0.02,28.46,135.22,3.14,19.51,143.27,3.12,29.92,130.93,20.61,144.01,2.1,23.64,138,17.54,144.21
30085000016,30,085,000016,51.55,159.16,5.93,8.83,0.99,42.77,191.47,4.93,38.73,189.62,7.87,63.21,172.91,43.57,182.8,11.76,55.38,180.69,46.59,186.66
30085000017,30,085,000017,79.18,20.81,5.94,0.99,0,78.19,26.75,5.94,67.3,37.64,2.97,78.19,25.76,62.35,36.64,6.93,71.26,26.75,74.23,29.72
30085000018,30,085,000018,186.34,389.34,23.1,30.63,5.89,164.99,483.79,14.16,142.26,485.84,28.85,207.19,435.79,153.07,471.72,29.14,192.71,447.18,163.02,482.7
30085000022,30,085,000022,111.52,54.8,12.5,3.85,0,95.18,78.83,9.61,91.33,81.72,8.65,114.4,60.57,90.37,74.03,14.42,98.06,73.06,93.25,77.87
30085000024,30,085,000024,134.82,184.09,23.85,14.98,2,104.86,258.88,19.88,90,259.78,24.92,146.9,217.78,96.07,244.62,30.99,121.05,235.68,105.91,265.77
30085000026,30,085,000026,287.02,167.01,42,14,2,288.02,224.01,16,255.02,242.01,29,329.02,172.01,257.02,234.01,22,266.02,216.01,240.02,256.01
30085000027,30,085,000027,100.84,261.07,7.18,11.03,2,78.78,307.31,6.14,78.6,298.47,14.09,118.79,262.39,90.49,270.65,26.02,110.55,268.54,84.66,302.48
30085000028,30,085,000028,112.26,14.79,2.34,1.04,0,110.43,15.99,3.13,111.19,15.3,3.1,112.66,8.69,102.11,23.06,1.17,101.22,17.05,101,21.22
30087000003,30,087,000003,329.43,98.85,27.68,1.97,0,323.51,127.52,16.8,279,173.01,19.77,365.04,86.97,293.79,160.2,13.84,282.93,166.11,272.09,183.89
30087000006,30,087,000006,301.51,70.43,16.12,1.01,2,298.49,94.55,8.08,230.32,159.73,9.09,309.7,77.35,247.36,138.71,11.06,231.33,155.71,223.3,162.78
30087000007,30,087,000007,28.24,12.22,1.88,0,0.94,28.25,15.96,0.94,26.35,16.93,1.88,30.13,12.21,28.23,15.04,1.88,25.41,16.91,26.36,15.97
30087000010,30,087,000010,133.64,11.74,2.24,0.05,0,123.63,24.16,3.1,106.13,40.75,2.1,136.21,11.67,113.23,35.66,2.08,109.02,36.72,109.37,35.6
30087000011,30,087,000011,88.53,3.57,1.19,0.96,0,87.47,8.69,0.1,85.15,12.84,0.1,92.65,5.42,89.8,8.16,0.1,85.02,11.03,89.6,8.38
30087000015,30,087,000015,81.28,403.68,17.2,21.98,9.07,77.24,482.68,11.74,68.19,476.74,20.67,151.84,405.87,76.27,471.5,11.5,98.74,456.55,68.19,495.75
30087000017,30,087,000017,102.86,150.7,14.98,1.09,1.03,94.9,178.85,10.98,86.91,184.79,11.02,146.85,124.91,98.83,169.91,9.98,102.9,166.86,96.79,182.93
30087000020,30,087,000020,168.67,29.13,9.01,0.02,0,169.57,38.17,5.02,149.65,58.1,5.04,186.49,21.25,143.96,64.77,4.02,144.82,60.95,149.59,62.07
30087000021,30,087,000021,112.11,9.66,4.83,0,0,109.21,17.4,1.93,97.62,27.06,1.93,116.95,9.66,97.62,26.1,1.93,95.68,28.03,91.82,31.89
30087000026,30,087,000026,65.73,4.56,3.17,0.04,0.01,62.46,8.95,1.14,52.68,19.65,1.23,63.98,5.49,63.43,10,0.09,54.26,16.11,56,14.43
30087000030,30,087,000030,254.74,54.85,14.88,0.93,0.93,254.74,68.8,9.3,241.73,81.82,8.37,275.2,46.49,227.78,93.9,5.58,223.13,92.97,213.84,110.64
30087000032,30,087,000032,591.28,137.83,38.95,4.99,1,598.28,184.78,11.99,598.27,179.78,16.98,659.2,121.85,487.41,287.65,11.99,523.37,253.69,497.4,290.65
30089000001,30,089,000001,225.29,61.29,5.05,7.02,0,207.2,76.39,16.09,185.06,105.57,13.06,229.36,69.27,214.23,71.37,13.06,215.11,76.5,206.15,85.45
30089000002,30,089,000002,326.34,86.36,15.7,4.93,0.98,292.06,117.75,25.52,252.78,160.05,28.37,325.55,86.32,288.25,110.89,22.53,269.46,136.51,275.4,136.4
30089000003,30,089,000003,654.33,147.87,27.27,11.96,1.02,608.11,198.2,45.2,535.71,288.41,31.5,688.21,138.9,623.73,189.1,30.37,564.04,252.03,583.83,231.49
30089000004,30,089,000004,682.85,193.73,54.78,7.05,1.99,666.41,254.72,51.05,561.6,367.63,47.96,768.33,171.89,665.65,242.7,50.87,626.42,301.81,621.62,318.51
30089000005,30,089,000005,691.1,191.06,52.72,10.66,4.83,673.56,255.29,25.74,540.99,377.43,44.92,771,165.79,668.88,232.97,38.11,639.31,279.03,629.33,299.7
30089000006,30,089,000006,698.39,146.89,47.71,4.74,1.03,691.16,186.96,43.99,579.48,311.21,36.26,758.36,132.34,701.83,176.54,31.33,649.89,230.38,619.67,264.85
30089000007,30,089,000007,480.76,127.9,42.62,9.6,0.01,468.27,166.58,34.94,402.84,235.05,31.96,535.01,113.37,459.82,170.27,29.99,444.8,195.8,441.54,199.11
30089000008,30,089,000008,424.99,187.36,44.05,30.47,2.94,376.04,277.8,43.47,326.34,316.84,60.16,449.21,221.32,390.65,243.8,51.15,385.04,277.82,365.92,312.53
30089000009,30,089,000009,78.88,69.38,7.22,7.1,0.02,73.83,80.66,10.18,67.34,92.12,6.24,85.19,74.32,76.77,82.67,5.19,74.53,85.95,71.44,90.07
30091000001,30,091,000001,128.08,36.04,5.23,0.02,1,125.2,41.05,2.14,103.86,65.53,2.14,123.53,33.73,111.97,50.26,3.09,123.12,34.96,110.91,46.3
30091000002,30,091,000002,243.89,106.48,18.98,2.01,0,248.8,125.38,13,213.76,166.38,8.1,266.83,108.38,221.86,147.37,11.98,233.9,133.27,212.96,154.29
30091000003,30,091,000003,235.8,102.48,15.92,8.95,0.99,239.78,114.42,20.89,197,165.16,13.93,269.63,94.52,212.91,145.26,9.95,230.82,125.36,202.97,158.19
30091000004,30,091,000004,336.44,130.81,26.96,5.99,0,346.43,144.78,20.97,267.58,207.69,31.94,357.45,112.82,290.54,172.74,18.96,321.48,122.82,282.55,181.72
30091000005,30,091,000005,162.36,34.25,9.98,2.01,0,157.46,42.24,8,130.57,69.18,11.9,170.44,33.24,145.44,56.23,5.99,154.42,43.29,142.42,57.28
30091000006,30,091,000006,132.72,66.14,14.79,1.01,0,140.56,67.19,8.91,118.71,97.83,8.94,161.22,46.51,125.67,80.07,5.95,135.59,61.29,121.72,83.05
30093000001,30,093,000001,86,104,14,7,1,80,125,11,47,159,12,101,112,74,133,7,64,148,56,159
30093000003,30,093,000003,157.46,239.14,20.53,1.21,2.07,149.12,273.16,18.35,84.18,342.23,14.29,206.23,217.2,143.96,276.22,12.36,97.31,330.08,112.43,310.95
30093000004,30,093,000004,356,570,64,18,7,366,666,32,254,777,36,502,521,349,659,31,224,804,253,765
30093000006,30,093,000006,579.8,953.97,106.02,13.58,7.05,609.23,1075.76,33.63,407.99,1301.52,26.06,787.45,860.57,583.32,1089.81,23.72,432.02,1239.63,444.53,1221.16
30093000011,30,093,000011,64.06,97.14,11.02,4.01,1,55.05,120.17,13,45.03,136.18,4.01,78.08,101.14,59.06,113.17,9,48.04,133.18,47.05,131.17
30093000014,30,093,000014,307,639,88,25,2,289,745,55,222,820,55,418,650,284,714,71,263,789,241,816
30093000016,30,093,000016,363,631,65,30,8,353,719,53,274,835,24,489,588,360,695,46,295,788,295,787
30093000017,30,093,000017,310.44,467.31,65.45,36.17,5.04,288.07,559.2,60.31,212.45,648.8,51.31,388.85,487.57,266.96,565.1,67.4,258.9,617.51,245.85,631.54
30093000018,30,093,000018,227.56,308.69,41.55,15.83,3.96,192.93,391.8,28.69,135.55,448.2,28.69,266.15,333.43,183.04,382.9,37.6,177.1,421.49,173.15,423.46
30093000021,30,093,000021,157,319,33,9,5,143,372,27,110,423,14,214,317,155,364,24,117,415,115,421
30093000022,30,093,000022,516.54,617.86,79.47,31.79,10.93,465.88,768.84,51.65,324.82,928.77,42.71,630.77,625.8,442.04,777.78,53.64,343.69,906.92,362.57,887.05
30093000028,30,093,000028,83.03,36.6,5.56,2.06,0.12,82.24,45.12,5.25,65.1,63.33,4.21,91.14,35.18,75.14,51.18,1.37,66.26,59.17,66.17,56.4
30093000029,30,093,000029,54.1,16.62,5.03,2.01,0,53.1,26.63,2.1,42.85,37.88,1.1,59.2,20.5,52.88,26.81,1.01,39.98,36.75,40.93,38.64
3009300002E,30,093,00002E,185,256,28,7,6,149,332,13,121,357,18,227,247,155,314,14,115,361,110,366
3009300002W,30,093,00002W,207,290,51,5,4,189,350,25,123,422,21,259,292,186,351,22,144,407,145,406
3009300008E,30,093,00008E,640.74,951.15,100.65,15.19,4.02,739.88,987.05,35.2,539.19,1204.59,28.34,905.92,786.7,659.59,1034.07,34.23,476.88,1241.94,541.69,1141.83
3009300008W,30,093,00008W,550.03,582.05,75.59,20.18,8.06,497.82,732.38,48.35,338.78,886.64,47.49,629.96,611.29,472.37,753.49,44.29,384.42,861.76,393.5,854.99
3009300009E,30,093,00009E,278.47,236.74,37.64,7.93,3.96,323.02,248.64,13.88,251.68,320.98,12.88,369.58,187.23,297.25,261.54,16.83,223.97,337.79,243.76,311.05
3009300009N,30,093,00009N,350.02,314.95,39.69,11.31,0.94,358.24,369.85,12.56,255.49,463.54,20.75,421.66,287.77,340.16,371.12,14.23,236.15,485.35,285.45,417.16
3009300009W,30,093,00009W,17,38,8,1,2,24,49,0,14,58,1,34,36,23,49,1,18,54,18,53
3009300010N,30,093,00010N,35.12,59.8,13.28,4.74,2.84,30.38,81.62,6.65,24.68,92.06,3.79,42.72,73.07,31.33,84.46,1.9,19,94.9,20.89,91.11
3009300010S,30,093,00010S,54.31,109.35,13.71,7.22,1.15,47.05,134.49,6.4,33.69,148.18,6.19,70.7,114.04,53,133.73,2.13,39.2,147.4,43.41,139.09
3009300012E,30,093,00012E,93.6,105.62,9.43,1.91,0.02,87.94,120.74,10.29,70.04,147,3.81,105.72,104.83,80.53,129.99,4.73,54.32,153.51,70.19,133.88
3009300012W,30,093,00012W,54,98,17,1,4,51,124,7,36,139,8,59,116,52,120,9,47,130,40,140
3009300019N,30,093,00019N,105.63,179.2,20.53,7.16,0.06,101.41,208.43,12.32,79.4,234.6,9.45,146.4,168.47,109.96,199.57,6.28,85.25,227.57,86.2,223.04
3009300019S,30,093,00019S,71.32,97,8.63,2.59,0.86,67.85,115.91,5.18,52.34,133.97,6.87,84.25,100.39,61.92,117.61,4.31,36.31,147.48,49.89,125.43
3009300019W,30,093,00019W,46.82,48.48,9.22,0.07,0.02,51.73,56.96,0.13,39.34,69.42,0.18,67.15,37.57,51.58,53.01,1.11,28.92,75.78,40.27,62.2
3009300026E,30,093,00026E,81.83,49.31,5.36,1.26,2.01,73.44,64.6,6.24,56.14,82.66,5.5,92.88,47.8,69.69,69.48,3.98,50.2,91.54,58.37,82.17
3009300026W,30,093,00026W,98.01,52.02,2.78,2.72,0.91,82.5,73.94,3.68,60.58,94.07,5.48,104.37,52.96,84.33,74.74,0.94,66.87,90.45,65.07,90.39
3009300027N,30,093,00027N,70.58,22.42,4.99,0.01,0,64.63,32.37,4.01,53.67,45.36,2.98,70.67,24.38,65.56,23.57,2.99,48.64,46.39,49.74,41.33
3009300027S,30,093,00027S,173.27,125.92,12.71,1,0,168.39,153.26,4.94,137.04,183.66,6.87,209.34,96.74,164.39,152.38,1.96,100.12,210.8,130.24,177.72
30095000001,30,095,000001,1563.7,344.45,94.07,8.62,5.7,1498.36,469.79,63.71,1291.44,675.96,72.03,1704.22,269.91,1480.34,470.81,66.49,1395.83,568.88,1302.97,664.66
30095000002,30,095,000002,823.46,206.59,66.31,8.37,4.05,794.85,285.28,54.13,674.32,426.08,38.83,910.92,201.83,775.39,308.82,39.15,732.17,381.76,679.85,442.77
30095000004,30,095,000004,208.01,44.58,15.59,4.22,1.2,200.37,65.4,8.51,171.26,97.36,5.98,229.44,40.45,203.47,57.7,13.45,185.4,83.11,179.5,91.07
30095000007,30,095,000007,55.68,5.39,1.8,0,0,56.56,5.41,0.9,52.95,9.03,0.9,60.17,2.71,51.2,9.89,1.79,47.61,13.48,45.8,17.07
30095000009,30,095,000009,144.89,17.58,9.17,0,0,141.02,28.53,5.09,119.68,50.86,5.09,157.36,15.28,138.39,34.03,2.21,133.98,38.44,120.9,50.76
30095000010,30,095,000010,80.51,42.92,5.62,1.85,0,84.24,47.62,5.59,73.01,62.56,1.89,97.37,37.3,79.61,54.1,3.74,76.76,55.1,68.42,63.45
30095000011,30,095,000011,136.47,48.35,10.22,0.17,0,140.64,58.47,5.34,121.14,78.25,6.01,166.02,37.17,141.27,56.99,6.17,129.32,70.74,128.61,70.51
30095000013,30,095,000013,643.41,193.54,47.73,11.12,0.1,638.41,232.84,33.12,534.67,336.57,28.3,716.37,158.08,643.11,220.84,30.21,600.47,273.74,570.96,304.27
30097000001,30,097,000001,324.28,80.36,18.91,8.51,2.84,318.6,107.78,13.24,261.88,165.45,15.13,351.69,76.58,298.75,116.29,19.85,306.31,118.18,278.9,147.48
30097000002,30,097,000002,274.8,105.62,22.49,3.91,0,277.73,125.17,12.71,232.74,171.14,15.65,330.54,85.08,283.6,118.33,15.65,265.02,146.69,247.41,164.29
30097000003,30,097,000003,379.47,86.01,14.71,5.17,0.01,393.39,90.77,9.48,340.02,146.2,8.54,415.88,61.63,369.61,94.47,20.54,353.93,117.38,347.65,124.72
30097000004,30,097,000004,389.77,102.06,14.49,4.61,0.19,388.14,134.28,6.04,352.92,163.62,7.11,422.87,90.83,391.1,120.5,9.56,380.08,131.32,357.41,150.14
30097000005,30,097,000005,232.82,30.49,6.9,0.99,0,215.16,50.15,7.86,202.34,63.96,10.79,241.7,29.51,220.07,38.36,11.8,212.18,55.1,211.19,58.06
30099000001,30,099,000001,936.87,385.57,91.03,13.1,7.99,939.03,507.85,35.35,762.9,678.09,40.19,1119.9,309.19,928,489.07,30.35,886.53,512.52,824.84,597.22
30099000006,30,099,000006,220.08,82.09,18.54,1.17,0.04,218.98,108.99,4.54,172.41,159.67,3.44,266.52,54.63,210.83,112.06,4.49,199.45,117.43,160.47,159.48
30099000007,30,099,000007,636.94,197.37,32.84,8.13,2.74,644.08,252.71,22.61,544.55,353.08,19.95,740.01,154.89,639.52,250.81,21.66,611.51,272.42,562.93,329.23
30099000011,30,099,000011,113.6,27.55,9.09,1.02,0.02,108.68,45.58,2.06,90.52,63.73,2.07,128.82,22.44,109.64,45.53,2.04,96.73,57.41,87.72,62.54
30099000017,30,099,000017,209.25,98.2,7.88,2.95,0.98,207.27,109.04,7.86,161.11,156.18,6.88,226.95,89.36,183.73,128.66,8.84,194.5,117.87,161.12,159.11
3010100DG-1,30,101,00DG-1,96.54,23.9,5.73,0,0,96.54,29.63,3.82,80.29,47.79,0.96,108.96,15.29,86.02,38.23,2.87,82.2,42.06,83.16,43.01
3010100Ke-1,30,101,00Ke-1,98.72,20.51,1,1.96,0,90.95,29.28,4.89,79.22,41.03,3.9,98.76,20.49,86.07,34.17,1.96,87.99,29.31,88.95,33.24
3010100Sh-1,30,101,00Sh-1,806.84,247.51,62.34,19.23,3.82,822.02,293.71,47.11,636.02,487.53,33.56,911.3,202.44,755.93,332.17,49.81,723.27,367.53,665.84,441.53
3010100Sh-6,30,101,00Sh-6,177.03,35.65,10.77,3.76,0.19,179.61,43.88,9,153.92,74.64,3.58,193.72,27.67,172.18,50.82,6.24,163.87,56.34,156.23,71.43
3010100Su-1,30,101,00Su-1,315.41,74.1,16.02,4,2,319.41,96.13,10.02,262.34,147.2,14,345.47,73.07,303.37,105.16,12.01,290.35,119.18,264.36,154.18
30103000001,30,103,000001,341.32,58.15,26.02,6,1,335.99,95.18,9.02,267.79,158,12.02,368.99,64.13,272.5,157.62,3.01,300.82,127.28,265.67,169.13
30105000031,30,105,000031,467.87,250.83,38.03,9.96,2.97,463.94,308.6,19.05,404.71,355.93,25.97,520.68,243.89,402.93,361.57,15.04,423.74,328.83,399.76,349.91
30105000033,30,105,000033,1066.11,351.26,99.77,21.94,4.99,1080.11,437.01,54.9,933.46,580.67,54.88,1167.89,337.29,960.42,502.86,71.84,939.49,539.75,883.58,621.59
30105000034,30,105,000034,1162.96,282.64,96.1,12.02,6,1156.07,368.64,72.04,1004.08,526.67,63.02,1230.23,292.5,1037.93,463.8,56.02,1025.01,467.7,973.01,528.64
30107000001,30,107,000001,59.95,5.33,4.9,0.05,0.01,58.05,12.14,2.94,48.99,23.12,1,60.11,12.03,55.17,14.06,2,50.26,18.03,48.31,21.88
30107000002,30,107,000002,297.12,92.8,21.48,8.04,2.13,297.99,115.64,13.32,220.3,196.71,7.29,323.78,97.08,295.56,118.35,15.01,272.36,144.21,265.45,150.36
30107000003,30,107,000003,71.28,17.48,1.27,1.97,0.06,70.36,21.72,0.16,66.5,26.58,1.22,78.68,13.4,61.49,24.81,4.1,63.01,28.91,65.21,26.09
30107000004,30,107,000004,108.3,28.29,4.58,1.08,1.05,98.73,40.78,4.16,73.94,67.65,4.17,111.48,29.04,98.51,42.92,3.09,86.31,53.06,86.29,52.25
30107000009,30,107,000009,168.78,35.73,11.21,2.83,2.79,167.82,52.57,7.46,140.65,86.26,6.53,187.49,37.55,161.21,64.68,2.87,154.66,66.66,155.6,68.49
30109000001,30,109,000001,467.44,55.65,18.08,0.02,1,412.2,105.82,27.14,384.92,144.12,21.06,452.29,74.63,389.06,122.78,20.1,446.07,89.71,380.98,132.88
301110039.1,30,111,0039.1,164.94,22.87,4.24,1.04,0.02,160.15,30.28,4.17,139.56,49.23,6.2,175.69,17.84,145.8,47.7,2.15,146.98,41.53,141.99,51.89
301110039.2,30,111,0039.2,1245.17,296.64,76.27,12.03,5.01,1210.13,425.91,54.14,979.69,650.33,65.18,1368.39,282.55,967.41,675.6,45.1,1109.8,529.25,1071.82,592.22
301110040.1,30,111,0040.1,1347.97,306.95,95.72,13.27,5.08,1321.99,434.26,57.96,1096.19,653.22,72.84,1469.62,279.44,1206.99,547.7,47.17,1198.82,560.94,1175.56,598.91
301110040.3,30,111,0040.3,282.79,56.05,18.36,1.12,0.1,279.49,77.39,13.32,225.87,126.79,16.5,310.83,51.77,271.39,86.98,10.62,260.17,98.47,269.31,96.69
301110040.4,30,111,0040.4,194.71,59.88,12.98,0,0,203.69,70.87,2.01,164.74,102.83,10.98,218.67,48.91,195.7,70.88,9.98,189.71,79.86,186.72,85.85
301110040.5,30,111,0040.5,100.32,18.73,8.03,0,0.67,98.99,25.42,6.02,94.31,35.45,1.34,109.69,18.73,100.99,26.08,2.01,98.32,28.76,92.3,35.45
301110042.1,30,111,0042.1,84.3,16.66,3.92,0.98,0.98,87.24,21.56,2.94,82.34,28.43,1.96,96.06,11.76,84.3,23.53,3.92,84.3,24.51,84.3,25.49
301110042.2,30,111,0042.2,194.43,68.78,9.78,1.61,0.18,188.13,82.02,11.5,160.02,108.89,11.89,213.7,58.91,192.18,84.06,4.15,181.54,86.91,183.45,94.45
301110043.1,30,111,0043.1,393.78,87.52,24.75,2.23,1.96,408.57,104.27,12.18,340.27,178.06,12.33,446.07,69.61,356.03,160.28,6.56,351.57,149.05,335.75,181.17
301110043.2,30,111,0043.2,588.99,198.87,43.5,12.5,2.35,577.1,266.28,26.05,464.94,375.8,29.73,673.88,171.04,534.28,294.85,30.59,536.32,296.72,501.31,349.43
301110043.3,30,111,0043.3,1876.86,891.53,215.16,44.39,9.63,1899.89,1118.54,109.73,1469.99,1533.1,127.03,2228.28,820.61,1772.09,1222.72,107.15,1757.02,1259.85,1636.33,1435.69
301110044.1,30,111,0044.1,596,266,57,13,3,605,337,32,457,487,33,705,246,577,363,28,553,395,534,426
301110044.2,30,111,0044.2,1145,627,161,37,7,1209,765,68,897,1053,91,1465,506,1157,782,75,1123,824,1072,925
301110044.3,30,111,0044.3,889.29,470.92,115.12,18.49,4.08,956.47,564.94,37.74,762.91,754.56,39.8,1124.45,382.08,920.27,599.93,29.81,852.08,638.45,819.88,719.02
301110045.2,30,111,0045.2,2377.8,1166.19,281.43,50.36,13.82,2579.24,1349.85,90.85,2145.75,1754.71,128.37,3020.63,884.76,2472.59,1415.03,102.7,2336.32,1541.42,2148.71,1803.1
301110046.1,30,111,0046.1,231.96,98.69,18.74,1.9,1.17,253.6,104.74,5.67,215.62,140.17,7.58,276.64,78.97,241.05,111.74,8.5,223.64,130.98,225.03,135.7
301110046.2,30,111,0046.2,2989.22,1952.59,278.39,49.53,10.9,3369.69,2052.62,94.11,2805.97,2622.29,96.1,3986.86,1369.07,3319.16,2060.54,104.03,3008.03,2265.68,2874.31,2550.97
301110047.1,30,111,0047.1,574.26,725.72,94.23,45.69,6.98,579.6,816.26,68.65,451.37,952.45,71.68,750.27,659.07,566.87,809.89,74.68,556.79,854.35,549.91,893.35
301110047.2,30,111,0047.2,1156.16,1150.2,150.85,18.86,5.95,1336.77,1206.77,42.67,1142.26,1405.25,49.62,1641.44,851.49,1354.64,1151.19,53.59,1202.8,1267.31,1208.75,1316.93
301110048.1,30,111,0048.1,1105,1159,182,52,10,1180,1313,97,952,1538,99,1488,967,1168,1287,100,1067,1410,1093,1422
301110048.2,30,111,0048.2,1107,866,127,25,5,1222,934,44,975,1187,51,1480,645,1202,941,50,1062,1042,1119,1042
301110049.1,30,111,0049.1,584,726,132,44,10,609,873,84,464,1016,88,797,690,594,842,98,588,895,572,949
301110049.2,30,111,0049.2,869,758,139,34,7,890,905,79,712,1090,77,1147,659,902,876,71,860,928,868,972
301110050.1,30,111,0050.1,850,702,165,59,5,833,912,90,630,1109,103,1109,686,822,916,80,799,978,798,1012
301110050.2,30,111,0050.2,999.26,681.6,137.05,23.6,11.8,1046.45,775.08,83.5,818.65,1009.24,89.85,1285.15,553.63,1023.76,795.05,68.07,977.48,848.6,952.97,904.87
301110051.1,30,111,0051.1,634.18,412.61,71.8,18.41,15.49,588.92,524.92,59.05,425.97,676.28,72.59,737.43,397.55,569.61,537.35,58.11,594.36,542.5,584.56,566.92
301110051.2,30,111,0051.2,534.11,382.26,57.82,13.93,2.55,551.98,425.13,29.95,451.89,527.84,30.32,668.71,295.03,557.33,405.91,31.27,516.74,450.26,497.62,483.78
301110051.3,30,111,0051.3,984,613,150,29,8,1020,740,77,780,969,93,1257,523,969,771,76,965,809,925,873
301110052.1,30,111,0052.1,830.2,608.15,140.02,28.01,8,837.21,741.16,101.01,598.17,968.2,114.01,1048.25,567.11,809.21,759.15,87.01,789.19,799.17,845.19,805.18
301110052.2,30,111,0052.2,1214.93,780.69,118.1,34.02,8,1226.97,916.76,82.05,937.8,1216.94,80.05,1547.18,612.53,1245.98,911.72,58.06,1138.91,1012.8,1242.87,968.86
301110053.1,30,111,0053.1,2981.74,1233.63,212.33,16.02,13.02,3374.12,1231.72,65.06,2921.52,1684.22,77.12,3734.36,805.44,3330.87,1227.84,88.14,2969.62,1532.19,2916.79,1672.11
301110053.2,30,111,0053.2,1070.88,260.24,84.62,14.08,5.01,1121.96,308.8,40.27,940.76,500.99,33.29,1215.93,211.84,1057.78,360,38.18,995.01,423.68,1007.29,425.53
301110053.3,30,111,0053.3,782.55,218.36,61.26,7.9,0.99,792.43,272.7,26.68,671.88,393.25,28.65,886.29,179.82,771.68,294.44,18.77,698.56,359.65,725.24,345.82
301110054.1,30,111,0054.1,2907.74,1585.4,289.95,51.4,15.2,3096.55,1787.92,133.5,2504.35,2341.76,167.15,3648.85,1164.37,2999.24,1804.95,142.93,2777.52,1988.4,2807.03,2085.13
301110054.2,30,111,0054.2,569.17,185.54,40.72,9.26,0.93,603.32,216.07,25.89,486.01,334.31,24.05,661.75,152.99,583.08,241.79,12.08,522.15,276.02,523,297.32
301110055.1,30,111,0055.1,346.43,106.11,21.6,3.6,0,334.79,134.89,17.98,279.92,191.56,19.79,373.45,107.9,323.09,140.28,20.69,320.34,150.24,302.34,180.8
301110055.2,30,111,0055.2,73.42,15.27,5.45,1.11,0.01,77.81,19.6,2.31,68.36,29.06,3.27,82.52,13.85,75.57,19.96,3.1,67.88,28.26,64.95,31.49
301110055.3,30,111,0055.3,828.38,254.37,64.09,15.32,3.2,838.02,312.65,48.11,715.2,437.92,43.74,943.29,228.43,826.3,331.44,33.04,739.8,418.21,732.07,441.94
301110055.4,30,111,0055.4,750.49,349.35,88.39,16.37,4.07,721.04,454.34,65.05,546.66,602.99,92.72,869.25,328.68,694.93,468.81,64.57,702.3,495.24,664.37,552.5
301110055.5,30,111,0055.5,1047.94,507.6,116.69,11.42,5.08,1049.25,636.03,53.3,805.24,876.13,57.16,1255.99,428.92,1007.03,675.51,37.87,950.8,750.77,888.6,822.36
301110056.1,30,111,0056.1,231.53,63.05,19.7,4.93,0,243.35,82.76,7.88,199.02,124.14,8.87,272.91,53.2,203.94,115.27,9.85,205.91,115.27,200.99,124.14
301110056.2,30,111,0056.2,2117.35,837.96,148.16,50.33,13.8,1998.26,1110.29,128.29,1558.94,1524.92,162.79,2383.15,766.8,1925.77,1195.52,91.81,1866.61,1265.5,1776.89,1397.71
301110056.3,30,111,0056.3,559.85,226.39,37.35,6.4,5.99,566.37,267.62,18.05,477.39,353.79,22.26,650.5,175.92,561.03,259.32,21.33,527.02,291.23,510.07,324.53
30111040-45,30,111,040-45,574.98,175.07,38.32,5.71,1.97,597.09,200.38,21.03,500.9,297.42,22.39,655.6,138.49,553.72,237.01,21.49,525.71,265.35,505.08,297.94
