GEOID,state,county,vtd,pop,pop_hisp,pop_white,pop_black,pop_aian,pop_asian,pop_nhpi,pop_other,pop_two,vap,vap_hisp,vap_white,vap_black,vap_aian,vap_asian,vap_nhpi,vap_other,vap_two,ai_an_nh,place,mcd,school,shd,ssd,cd_1990,cd_2000,ndv,nrv
10001001-29,DE,001,1-29,5269,86,4749,319,40,18,2,6,49,3767,60,3386,250,27,15,1,3,25,NA,39100,91480,01620,29,15,1,1,499.83337311748625,836.6251790286881
10001001-30,DE,001,1-30,2158,25,1964,87,7,48,0,1,26,1506,9,1383,66,5,33,0,0,10,NA,NA,90444,00180,30,15,1,1,199.8271993403064,334.4723970313789
10001001-31,DE,001,1-31,2906,96,1786,890,14,71,0,2,47,2004,50,1355,516,9,57,0,0,17,NA,21200,90740,00190,31,17,1,1,265.90551625363486,445.0748231413567
10001001-32,DE,001,1-32,1551,49,553,844,7,47,0,4,47,1177,32,465,608,7,39,0,1,25,NA,21200,90740,00190,32,17,1,1,156.17305021483443,261.4037259667549
10001001-33,DE,001,1-33,394,6,315,55,0,4,0,0,14,292,4,242,34,0,4,0,0,8,NA,21200,90740,00180,33,17,1,1,38.74471594114839,64.85122173516775
10001001-34,DE,001,1-34,927,30,777,98,1,9,0,0,12,712,21,605,69,1,9,0,0,7,NA,80830,90444,00180,34,15,1,1,94.47341695238923,158.13037628575148
10001001-35,DE,001,1-35,998,29,835,108,6,4,0,0,16,715,18,613,69,5,4,0,0,6,NA,36760,91332,01080,35,18,1,1,94.87147910246951,158.7966559611128
10001002-28,DE,001,2-28,3527,125,2814,500,15,13,1,7,52,2548,79,2065,360,6,10,1,4,23,NA,67310,93700,01620,28,14,1,1,338.0874528015277,565.8935376068747
10001002-29,DE,001,2-29,4896,100,3958,516,185,52,0,9,76,3470,69,2817,349,158,39,0,3,35,NA,14660,90740,00190,29,15,1,1,460.4252202595373,770.663491167918
10001002-30,DE,001,2-30,2599,32,2286,218,10,21,0,3,29,1845,18,1641,147,9,12,0,0,18,NA,NA,90444,00180,30,15,1,1,244.8082222993794,409.76200034720716
10001002-31,DE,001,2-31,3597,114,1395,1973,7,50,0,7,51,3231,95,1222,1821,7,41,0,4,41,NA,21200,90740,00190,31,17,1,1,428.71293563647413,717.5832103641335
10001002-32,DE,001,2-32,3989,273,1963,1485,18,123,4,24,99,2950,153,1622,981,12,100,4,17,61,NA,21200,90740,00190,32,17,1,1,391.4277809122868,655.1750141052905
10001002-33,DE,001,2-33,2917,91,2270,366,25,83,0,3,79,1991,52,1582,239,15,59,0,2,42,NA,61265,90444,00180,33,16,1,1,264.18058026995357,442.187611214791
10001002-34,DE,001,2-34,111,7,79,18,0,1,0,0,6,82,4,60,15,0,1,0,0,2,NA,81350,90740,00180,34,17,1,1,10.880365435527972,18.211644459875874
10001002-35,DE,001,2-35,881,12,729,119,2,4,0,0,15,635,5,538,79,2,4,0,0,7,NA,NA,91332,01850,35,19,1,1,84.25648843366174,141.0291979514778
10001003-28,DE,001,3-28,2828,85,1845,817,15,11,1,4,50,1993,50,1404,498,9,10,1,0,21,NA,67310,93700,01620,28,14,1,1,264.44595503667375,442.6317976650319
10001003-29,DE,001,3-29,1629,20,1430,135,9,10,0,5,20,1148,10,1004,102,8,9,0,1,14,NA,33250,90740,00190,29,15,1,1,152.32511609739163,254.96302243826224
10001003-30,DE,001,3-30,837,23,682,109,4,9,0,0,10,619,10,519,72,2,8,0,0,8,NA,74330,90444,00790,30,15,1,1,82.13349029990017,137.4757063495508
10001003-31,DE,001,3-31,1666,69,1124,379,18,34,0,2,40,1248,47,874,268,16,24,0,1,18,NA,21200,90740,00190,31,17,1,1,165.59385443340133,277.17234495030596
10001003-32,DE,001,3-32,2443,101,1321,875,17,53,0,1,75,1701,60,1068,490,10,40,0,1,32,NA,21200,90740,00190,32,17,1,1,225.70123909552538,377.78057592986414
10001003-33,DE,001,3-33,1083,36,728,267,5,19,0,1,27,757,22,538,167,4,17,0,0,9,NA,80895,90444,00790,33,15,1,1,100.44434920359359,168.12457141617116
10001003-34,DE,001,3-34,2861,77,2222,437,17,51,1,7,49,2136,47,1701,304,11,42,1,3,27,NA,81350,90740,00180,34,16,1,1,283.4202508571677,474.3911288572545
10001003-35,DE,001,3-35,1406,8,1281,85,2,2,0,4,24,1028,2,949,59,2,2,0,1,13,NA,25840,91332,01850,35,19,1,1,136.40263009417995,228.31183542380975
10001004-28,DE,001,4-28,3820,51,3432,234,17,44,3,3,36,2914,35,2643,171,16,29,2,0,18,NA,67310,93700,01620,28,15,1,1,386.6510351113233,647.1796580009549
10001004-29,DE,001,4-29,4202,57,3890,140,31,19,0,13,52,2977,44,2759,103,22,16,0,5,28,NA,33250,90740,00190,29,15,1,1,395.0103402630094,661.1715311835424
10001004-30,DE,001,4-30,3712,87,2985,529,15,25,2,9,60,2692,52,2219,351,11,18,2,5,34,NA,26620,90888,00790,30,15,1,1,357.1944360053817,597.8749620242177
10001004-31,DE,001,4-31,1432,32,1043,279,11,47,0,2,18,1222,25,945,196,9,37,0,2,8,NA,21200,90740,00190,31,17,1,1,162.1439824660388,271.3979210971746
10001004-32,DE,001,4-32,1980,115,1125,590,10,63,1,8,68,1463,88,857,421,6,51,1,2,37,NA,21200,90740,00180,32,16,1,1,194.12164185582222,324.9223883512
10001004-33,DE,001,4-33,1707,33,1133,477,10,11,1,3,39,1156,18,816,282,8,11,1,2,18,NA,80895,90444,00180,33,15,1,1,153.3866151642724,256.7397682392257
10001004-34,DE,001,4-34,1647,43,1444,109,2,20,0,0,29,1283,29,1140,81,1,20,0,0,12,NA,34810,90740,00180,34,16,1,1,170.23791285100475,284.9456078295213
10001005-28,DE,001,5-28,260,5,240,3,0,4,0,0,8,186,2,175,3,0,4,0,0,2,NA,41700,90740,00190,28,17,1,1,24.679853304978085,41.309339872401374
10001005-29,DE,001,5-29,602,14,545,33,0,2,0,0,8,360,9,323,21,0,2,0,0,5,NA,NA,90740,00190,29,17,1,1,47.767458009635,79.9535610433575
10001005-30,DE,001,5-30,1903,18,1778,73,7,1,2,3,21,1380,10,1291,56,5,1,1,2,14,NA,NA,90888,00790,30,15,1,1,183.10858903693415,306.48865066620374
10001005-31,DE,001,5-31,4092,170,2517,1257,16,65,1,5,61,3190,113,2050,919,15,50,1,1,41,NA,21200,90740,00190,31,17,1,1,423.2727529187101,708.4773881341956
10001005-32,DE,001,5-32,1349,56,773,418,8,43,0,2,49,975,36,617,264,2,36,0,0,20,NA,61720,90740,00180,32,16,1,1,129.37019877609478,216.54089449242656
10001005-33,DE,001,5-33,2805,101,2218,389,4,28,0,3,62,2004,63,1640,240,4,26,0,1,30,NA,44430,90444,00180,33,16,1,1,265.90551625363486,445.0748231413567
10001005-34,DE,001,5-34,6108,351,4134,1202,37,162,4,16,202,3976,198,2781,769,25,125,3,3,72,NA,34810,90740,00180,34,16,1,1,527.5650362397465,883.0426630788595
10001006-28,DE,001,6-28,1124,30,916,124,29,6,0,1,18,895,22,746,91,21,6,0,1,8,NA,21200,90740,00190,28,17,1,1,118.755208107287,198.77343648279154
10001006-29,DE,001,6-29,857,14,650,157,2,20,0,0,14,658,10,503,120,2,12,0,0,11,NA,21200,90740,00190,29,17,1,1,87.30829825094398,146.13734212924788
10001006-30,DE,001,6-30,1022,27,939,29,1,4,0,11,11,732,16,679,23,1,3,0,9,1,NA,NA,91332,00790,30,19,1,1,97.12716461959117,162.57224078816026
10001006-31,DE,001,6-31,2047,50,1236,534,10,164,1,6,46,1521,36,930,400,9,112,1,6,27,NA,21200,90740,00190,31,17,1,1,201.81751009070786,337.80379540818535
10001006-32,DE,001,6-32,1152,42,913,158,3,16,0,0,20,890,26,739,99,3,15,0,0,8,NA,21200,90740,00180,32,16,1,1,118.09177119048653,197.66297035718935
10001006-33,DE,001,6-33,2564,63,2286,146,18,11,0,4,36,1954,34,1779,100,15,5,0,2,19,NA,07250,92220,01080,33,16,1,1,259.27114708562993,433.97016188533485
10001006-34,DE,001,6-34,1513,113,1029,269,6,34,0,10,52,927,63,648,161,4,26,0,3,22,NA,61265,90444,00180,34,16,1,1,123.00120437481013,205.88041968664555
10001007-28,DE,001,7-28,4824,212,2758,1565,20,121,3,12,133,3521,137,2127,1077,16,92,3,5,64,NA,21200,90740,00190,28,17,1,1,467.1922768109023,781.9902456490604
10001007-29,DE,001,7-29,885,2,761,97,0,16,0,0,9,622,0,532,73,0,13,0,0,4,NA,21200,90740,00190,29,15,1,1,82.53155244998047,138.14198602491211
10001007-30,DE,001,7-30,1316,20,1175,94,1,9,0,0,17,989,9,889,69,1,9,0,0,12,NA,33120,91332,00790,30,18,1,1,131.22782214313614,219.65019964411266
10001007-31,DE,001,7-31,2056,80,720,1175,12,22,0,6,41,1566,50,641,822,8,20,0,2,23,NA,21200,90740,00190,31,17,1,1,207.78844234191223,347.79799053860506
10001007-32,DE,001,7-32,1014,46,727,192,0,16,0,1,32,734,23,541,137,0,16,0,1,16,NA,38710,90740,00180,32,17,1,1,97.39253938631136,163.01642723840112
10001007-33,DE,001,7-33,2833,66,2261,412,5,35,2,3,49,2063,43,1657,295,4,28,2,3,31,NA,61480,92220,00790,33,16,1,1,273.7340718718806,458.17832342346253
10001007-34,DE,001,7-34,3041,92,1910,925,12,36,4,4,58,2065,49,1339,615,10,29,4,0,19,NA,10760,90740,00180,34,16,1,1,273.9994466386008,458.6225098737034
10001008-29,DE,001,8-29,774,16,507,189,20,22,0,5,15,548,10,364,131,18,18,0,4,3,NA,21200,90740,00190,29,17,1,1,72.71268608133327,121.70708736599974
10001008-30,DE,001,8-30,3174,80,2340,680,7,14,2,3,48,2180,42,1712,384,6,12,2,0,22,NA,33120,91332,00790,30,18,1,1,289.2584957250119,484.1632307625537
10001008-31,DE,001,8-31,1174,67,524,388,2,171,0,2,20,917,43,443,298,1,120,0,0,12,NA,21200,90740,00190,31,17,1,1,121.67433054120914,203.65948743544115
10001008-32,DE,001,8-32,888,18,691,108,6,44,2,0,19,746,18,570,100,6,39,2,0,11,NA,21200,90740,00180,32,16,1,1,98.98478798663253,165.68154593984636
10001008-33,DE,001,8-33,2917,244,1511,1029,8,41,4,2,78,2075,154,1187,640,8,32,4,0,50,NA,47420,92220,01080,33,18,1,1,275.32632047220176,460.8434421249078
10001008-34,DE,001,8-34,156,2,141,12,0,1,0,0,0,104,2,93,8,0,1,0,0,0,NA,61265,90444,00180,34,16,1,1,13.799487869450111,23.0976954125255
10001009-30,DE,001,9-30,1123,23,862,214,4,13,0,1,6,831,17,637,158,3,11,0,1,4,NA,NA,91332,00790,30,18,1,1,110.26321557224078,184.55947007508354
10001009-32,DE,001,9-32,611,30,93,468,1,1,0,3,15,403,24,72,290,1,1,0,3,12,NA,21200,90740,00190,32,16,1,1,53.47301549411918,89.50356972353632
10001009-33,DE,001,9-33,2540,105,2012,372,4,16,0,3,28,1890,60,1588,215,2,10,0,2,13,NA,47420,92220,01080,33,18,1,1,250.7791545505837,419.7561954776268
100030001-1,DE,003,1-1,1667,52,549,1022,2,14,1,2,25,1312,35,461,786,2,13,0,2,13,NA,77580,93996,01240,10,1,1,1,246.3135738557079,353.5820364511765
100030001-2,DE,003,1-2,2735,83,208,2373,2,3,0,10,56,1865,45,188,1594,1,3,0,8,26,NA,77580,93996,01240,20,2,1,1,350.1332433238531,502.6147088273203
100030001-3,DE,003,1-3,459,43,363,44,3,0,0,0,6,348,27,283,35,1,0,0,0,2,NA,NA,92812,00230,3,13,1,1,65.3331735531908,93.78547918064743
100030001-4,DE,003,1-4,1408,12,1328,44,0,12,0,2,10,1250,9,1191,35,0,8,0,2,5,NA,77580,93996,01300,4,1,1,1,234.67375557898998,336.8731292408313
100030001-5,DE,003,1-5,1199,93,513,546,1,27,0,0,19,912,66,438,377,1,20,0,0,10,NA,77580,93996,01300,5,1,1,1,171.2179720704311,245.78263509411053
100030001-6,DE,003,1-6,1182,28,1006,120,2,14,0,0,12,878,16,773,69,2,10,0,0,8,NA,NA,90148,01240,6,4,1,1,164.83484591868256,236.61968597875986
100030001-7,DE,003,1-7,922,2,864,37,0,13,0,3,3,708,1,675,23,0,9,0,0,0,NA,NA,90148,01240,7,5,1,1,132.9192151599399,190.80494040200682
100030001-8,DE,003,1-8,1074,16,827,173,0,43,0,12,3,807,9,630,126,0,36,0,4,2,NA,NA,90148,01240,8,4,1,1,151.50537660179592,217.48529223788066
100030001-9,DE,003,1-9,795,16,672,104,0,1,0,0,2,615,10,519,86,0,0,0,0,0,NA,19730,93256,00230,9,14,1,1,115.45948774486307,165.741579586489
100030002-1,DE,003,2-1,1708,34,346,1281,1,11,0,1,34,1247,22,286,908,1,10,0,1,19,NA,77580,93996,01240,10,1,1,1,234.1105385656004,336.06463373065327
100030002-2,DE,003,2-2,2073,85,183,1769,0,8,0,5,23,1610,54,176,1356,0,6,0,4,14,NA,77580,93996,01240,20,2,1,1,302.2597971857391,433.8925904621907
100030002-3,DE,003,2-3,1717,242,324,1130,4,1,0,3,13,1252,153,273,815,2,1,0,3,5,NA,NA,92812,00230,3,2,1,1,235.04923358791635,337.4121262476166
100030002-5,DE,003,2-5,1112,35,1027,42,0,0,1,0,7,872,24,820,26,0,0,0,0,2,NA,77580,93996,01300,5,3,1,1,163.7084118919034,235.0026949584039
100030002-6,DE,003,2-6,1349,22,1193,86,1,27,0,7,13,1110,12,995,67,1,22,0,3,10,NA,23240,90148,01240,6,1,1,1,208.3902949541431,299.1433387658582
100030002-7,DE,003,2-7,1711,29,1528,86,4,53,0,1,10,1415,18,1283,67,3,36,0,1,7,NA,01400,90148,01240,7,5,1,1,265.6506913154167,381.340382300621
100030002-8,DE,003,2-8,1776,59,1393,90,3,206,0,5,20,1418,44,1133,70,3,153,0,2,13,NA,15310,90148,01240,8,4,1,1,266.2139083288062,382.14887781079904
100030002-9,DE,003,2-9,1688,28,1428,199,6,2,0,1,24,1245,13,1039,167,6,2,0,1,17,NA,72510,92072,00080,9,14,1,1,233.73506055667403,335.525636723868
100030003-1,DE,003,3-1,1657,64,139,1432,1,2,0,0,19,1171,40,116,1001,1,2,0,0,11,NA,77580,93996,01300,10,1,1,1,219.84237422639782,315.58274747281075
100030003-2,DE,003,3-2,88,0,36,49,0,3,0,0,0,66,0,26,38,0,2,0,0,0,NA,77580,93996,01240,20,1,1,1,12.39077429457067,17.78690122391589
100030003-3,DE,003,3-3,3207,144,170,2827,2,12,0,8,44,2292,88,139,2032,2,10,0,3,18,NA,NA,92812,00230,3,13,1,1,430.29779822963604,617.6905697759883
100030003-4,DE,003,3-4,1651,27,1588,20,1,8,0,4,3,1334,18,1296,10,1,6,0,1,2,NA,77580,93996,01300,4,1,1,1,250.4438319538981,359.51100352581517
100030003-5,DE,003,3-5,2509,477,917,1059,6,20,0,2,28,1818,284,766,730,5,15,0,2,16,NA,77580,93996,00200,5,3,1,1,341.309510114083,489.948279167865
100030003-6,DE,003,3-6,2209,82,1237,843,3,6,0,3,35,1509,48,945,491,3,6,0,3,13,NA,23240,90148,01240,6,1,1,1,283.2981577349567,406.67324161953155
100030003-7,DE,003,3-7,713,5,668,20,0,11,0,2,7,558,3,527,14,0,9,0,0,5,NA,01530,90148,01240,7,4,1,1,104.75836449046112,150.3801648931071
100030003-8,DE,003,3-8,1703,40,1513,105,9,21,1,1,13,1302,20,1177,74,5,18,1,1,6,NA,15310,90148,01240,8,4,1,1,244.43618381107595,350.8870514172499
100030003-9,DE,003,3-9,3540,53,3195,249,4,15,0,2,22,2556,25,2324,181,4,11,0,2,9,NA,72510,92072,00080,9,14,1,1,479.8608954079187,688.8381746716518
100030004-1,DE,003,4-1,1128,15,55,1030,11,12,0,0,5,752,9,50,675,8,7,0,0,3,NA,77580,93996,01300,10,2,1,1,141.1797313563204,202.66287455128412
100030004-2,DE,003,4-2,577,13,413,133,0,12,0,0,6,482,6,361,102,0,7,0,0,6,NA,77580,90148,01240,20,1,1,1,90.49020015125853,129.89827863526455
100030004-3,DE,003,4-3,1745,90,209,1432,2,2,0,0,10,1224,52,167,996,2,2,0,0,5,NA,77580,92812,00230,3,2,1,1,229.79254146294699,329.866168152622
100030004-4,DE,003,4-4,1898,38,1695,134,0,28,0,0,3,1864,34,1670,131,0,26,0,0,3,NA,77580,93996,01300,4,2,1,1,349.94550431938984,502.34521032392763
100030004-5,DE,003,4-5,2376,939,184,1199,2,11,3,1,37,1512,553,155,772,0,7,2,0,23,NA,77580,93996,01300,5,3,1,1,283.86137474834624,407.4817371297095
100030004-6,DE,003,4-6,1689,13,1517,115,2,26,0,7,9,1269,9,1156,75,0,19,0,4,6,NA,23240,90148,01240,6,1,1,1,238.24079666379063,341.9936008052919
100030004-7,DE,003,4-7,2031,59,1258,577,3,88,0,10,36,1680,36,1123,422,3,72,0,4,20,NA,15310,90148,01240,7,5,1,1,315.4015274981625,452.7574856996772
100030004-8,DE,003,4-8,2245,20,1873,291,1,31,1,0,28,1647,12,1428,170,1,24,1,0,11,NA,15310,90148,01240,8,4,1,1,309.20614035087715,443.8640350877193
100030004-9,DE,003,4-9,4586,212,3266,1026,3,31,0,0,48,3078,130,2242,658,2,22,0,0,24,NA,47030,92072,00080,9,14,1,1,577.860655737705,829.516393442623
100030005-1,DE,003,5-1,1557,42,1086,399,4,11,0,2,13,1273,34,893,322,4,11,0,1,8,NA,77580,93996,01300,10,1,1,1,238.9917526816434,343.0715948188626
100030005-2,DE,003,5-2,949,60,30,834,0,2,0,1,22,638,31,23,570,0,2,0,0,12,NA,77580,93996,01300,20,2,1,1,119.77748484751648,171.94004516452028
100030005-3,DE,003,5-3,466,48,72,332,0,4,0,1,9,353,38,64,242,0,3,0,1,5,NA,77580,93996,00200,3,3,1,1,66.27186857550677,95.13297169761076
100030005-4,DE,003,5-4,1695,180,671,785,8,14,2,3,32,1339,110,569,621,8,11,2,3,15,NA,77580,93996,01300,4,1,1,1,251.38252697621408,360.8584960427785
100030005-5,DE,003,5-5,2383,1066,156,1126,1,3,0,2,29,1577,671,133,753,1,3,0,2,14,NA,77580,93996,01300,5,3,1,1,296.0644100384538,424.9991398502328
100030005-6,DE,003,5-6,2656,89,1820,634,6,79,5,1,22,2147,58,1548,455,3,64,4,1,14,NA,23240,90148,01240,6,4,1,1,403.0756425824732,578.6132867840519
100030005-7,DE,003,5-7,1064,14,958,40,2,37,0,0,13,874,8,792,36,0,31,0,0,7,NA,01400,90148,01240,7,5,1,1,164.0838899008298,235.54169196518924
100030005-8,DE,003,5-8,1859,214,857,718,2,19,0,7,42,1282,136,651,447,2,17,0,2,27,NA,15310,90148,01240,8,5,1,1,240.68140372181213,345.4970813493966
100030005-9,DE,003,5-9,1696,26,1596,46,1,16,3,0,8,1116,12,1048,35,1,12,2,0,6,NA,54050,92072,00080,9,14,1,1,209.51672898092224,300.7603297862142
100030006-1,DE,003,6-1,1934,35,1715,132,4,27,0,0,21,1757,30,1563,123,4,23,0,0,14,NA,77580,93996,01300,10,1,1,1,329.8574308418283,473.5088704609125
100030006-2,DE,003,6-2,722,23,262,408,1,3,0,1,24,575,13,238,308,1,3,0,1,11,NA,77580,93996,00200,20,2,1,1,107.94992756633538,154.96163945078237
100030006-3,DE,003,6-3,1005,66,788,140,2,1,0,0,8,742,39,611,86,2,0,0,0,4,NA,NA,92812,00230,3,13,1,1,139.30234131168845,199.96788951735743
100030006-4,DE,003,6-4,598,18,252,315,0,4,0,0,9,510,13,236,250,0,4,0,0,7,NA,77580,93996,00200,4,2,1,1,95.74689227622791,137.44423673025918
100030006-5,DE,003,6-5,3166,733,1315,1052,14,17,0,2,33,2161,440,1091,595,7,14,0,1,13,NA,77580,93996,00200,5,3,1,1,405.70398864495786,582.386265831549
100030006-6,DE,003,6-6,1161,15,1021,57,1,53,0,6,8,945,10,826,51,1,45,0,6,6,NA,NA,90148,01240,6,4,1,1,177.41335921771642,254.67608570606845
100030006-7,DE,003,6-7,1353,17,1113,184,1,24,0,5,9,1051,9,890,127,1,18,0,3,3,NA,01660,90148,01240,7,5,1,1,197.31369369081477,283.24292706569094
100030006-8,DE,003,6-8,2055,28,1711,270,0,21,2,0,23,1551,20,1332,170,0,15,2,0,12,NA,15310,90148,01240,8,5,1,1,291.1831959224108,417.99217876202346
100030006-9,DE,003,6-9,1966,110,1648,175,1,17,1,0,14,1428,78,1219,109,1,14,0,0,7,NA,47030,92072,00080,9,14,1,1,268.0912983734382,384.84386284472566
100030007-1,DE,003,7-1,929,14,770,121,2,12,0,0,10,871,13,743,97,2,12,0,0,4,NA,77580,93996,01300,10,1,1,1,163.5206728874402,234.73319645501124
100030007-2,DE,003,7-2,249,20,35,168,1,9,0,1,15,206,13,34,139,1,6,0,1,12,NA,77580,93996,00200,20,3,1,1,38.67423491941755,55.516691698889
100030007-3,DE,003,7-3,125,4,115,2,0,3,0,0,1,98,2,90,2,0,3,0,0,1,NA,77580,91924,01300,3,3,1,1,18.398422437392814,26.41085333248117
100030007-4,DE,003,7-4,512,43,75,368,3,15,0,4,4,386,38,72,252,3,13,0,4,4,NA,77580,93996,00200,4,3,1,1,72.4672557227921,104.0264223095687
100030007-5,DE,003,7-5,1246,181,25,1013,5,4,0,0,18,724,99,21,587,3,3,0,0,11,NA,77580,93996,00200,5,3,1,1,135.923039231351,195.1169164562895
100030007-6,DE,003,7-6,1873,15,1721,78,2,57,0,0,0,1480,10,1373,53,2,42,0,0,0,NA,NA,90148,01240,6,4,1,1,277.8537266055241,398.85778502114425
100030007-7,DE,003,7-7,767,2,711,29,0,21,0,0,4,591,2,550,19,0,16,0,0,4,NA,01660,90148,01240,7,5,1,1,110.95375163774645,159.273615505065
100030007-8,DE,003,7-8,1424,45,945,386,3,27,0,0,18,1111,31,771,273,2,22,0,0,12,NA,15310,90148,01240,8,4,1,1,208.57803395860628,299.4128372692508
100030007-9,DE,003,7-9,2409,40,2210,134,5,3,0,0,17,1728,31,1581,101,4,1,0,0,10,NA,NA,92072,00230,9,14,1,1,324.41299971239573,465.6934138625251
100030008-1,DE,003,8-1,211,3,14,192,0,2,0,0,0,154,2,10,140,0,2,0,0,0,NA,77580,93996,01300,10,2,1,1,28.911806687331566,41.502769522470416
100030008-2,DE,003,8-2,1426,33,34,1341,1,1,0,0,16,959,18,33,898,1,1,0,0,8,NA,77580,93996,00200,20,3,1,1,180.04170528020111,258.4490647535658
100030008-3,DE,003,8-3,1840,143,48,1608,5,0,0,12,24,1112,69,31,993,5,0,0,2,12,NA,77580,93996,00200,3,2,1,1,208.76577296306948,299.6823357726435
100030008-4,DE,003,8-4,1528,175,316,985,6,23,2,1,20,1114,102,299,672,4,22,2,1,12,NA,77580,93996,00200,4,3,1,1,209.14125097199587,300.22133277942885
100030008-5,DE,003,8-5,1361,136,135,1060,3,14,0,0,13,1011,93,130,763,3,14,0,0,8,NA,77580,93996,00200,5,3,1,1,189.8041335122871,272.46298692998437
100030008-6,DE,003,8-6,1701,16,1628,34,0,13,0,1,9,1309,10,1260,23,0,10,0,0,6,NA,04650,90148,01240,6,1,1,1,245.7503568423183,352.7735409409985
100030008-7,DE,003,8-7,1291,11,1172,64,1,34,0,0,9,1057,10,961,50,1,29,0,0,6,NA,01660,90148,01240,7,5,1,1,198.44012771759392,284.85991808604695
100030008-8,DE,003,8-8,1458,46,934,403,10,29,0,1,35,1143,32,780,279,7,23,0,1,21,NA,15310,90148,01240,8,4,1,1,214.58568210142843,308.03678937781615
100030008-9,DE,003,8-9,1862,35,1683,106,1,22,0,5,10,1340,24,1214,74,1,17,0,3,7,NA,NA,92072,00230,9,14,1,1,251.57026598067725,361.1279945461711
100030009-1,DE,003,9-1,395,7,62,323,0,0,0,0,3,277,7,60,208,0,0,0,0,2,NA,77580,93996,01240,10,2,1,1,52.00370423630418,74.65108543976822
100030009-2,DE,003,9-2,1980,68,683,1146,4,31,0,3,45,1430,49,608,715,3,24,0,0,31,NA,23240,90148,01240,20,2,1,1,268.4667763823645,385.382859851511
100030009-3,DE,003,9-3,1844,242,1041,511,7,8,0,10,25,1309,157,821,299,5,7,0,5,15,NA,77580,93996,00200,3,3,1,1,245.7503568423183,352.7735409409985
100030009-4,DE,003,9-4,1585,94,966,491,2,16,0,7,9,1337,65,882,362,2,16,0,2,8,NA,77580,93996,01300,4,1,1,1,251.00704896728766,360.31949903599315
100030009-5,DE,003,9-5,1707,590,97,997,0,8,0,0,15,1111,363,87,644,0,6,0,0,11,NA,77580,93996,01300,5,3,1,1,208.57803395860628,299.4128372692508
100030009-6,DE,003,9-6,833,14,779,20,0,14,0,0,6,652,9,615,16,0,8,0,0,4,NA,NA,90148,01240,6,4,1,1,122.40583091000117,175.7130242120176
100030009-7,DE,003,9-7,2519,134,1241,1025,1,42,1,6,69,1620,70,893,596,1,27,1,1,31,NA,15310,90148,01240,7,5,1,1,304.137187230371,436.5875754961173
100030009-8,DE,003,9-8,951,3,895,39,0,8,0,0,6,752,2,710,29,0,6,0,0,5,NA,01530,90148,01240,8,4,1,1,141.1797313563204,202.66287455128412
100030009-9,DE,003,9-9,1344,36,1260,33,3,0,0,4,8,987,20,935,22,1,0,0,2,7,NA,15440,92072,01620,9,14,1,1,185.2983974051705,265.9950228485604
10003001-10,DE,003,1-10,1805,24,1645,90,2,35,0,0,9,1418,12,1309,65,2,26,0,0,4,NA,NA,90148,01240,10,6,1,1,266.2139083288062,382.14887781079904
10003001-11,DE,003,1-11,1914,18,1770,56,1,64,1,0,4,1488,12,1383,48,1,42,1,0,1,NA,NA,90148,01240,11,5,1,1,279.3556386412297,401.0137730482856
10003001-12,DE,003,1-12,1608,297,1147,118,3,32,0,1,10,1202,185,901,83,2,26,0,1,4,NA,NA,91924,01300,12,7,1,1,225.66228336475677,323.9372010779834
10003001-13,DE,003,1-13,1931,193,1634,52,2,29,0,0,21,1448,121,1261,32,2,22,0,0,10,NA,24540,91924,01300,13,7,1,1,271.846078462702,390.233832912579
10003001-14,DE,003,1-14,1900,65,1395,283,3,116,2,2,34,1479,47,1092,206,3,101,2,2,26,NA,NA,93848,00200,14,9,1,1,277.6659876010609,398.58828651775156
10003001-15,DE,003,1-15,3268,886,1842,440,9,36,0,1,54,2387,610,1414,302,9,27,0,1,24,NA,77840,92812,00230,15,13,1,1,448.13300365363926,643.2929275982914
10003001-16,DE,003,1-16,2108,159,1479,425,3,20,0,0,22,1558,97,1149,286,3,14,0,0,9,NA,50800,92812,00230,16,13,1,1,292.4973689536531,419.8786682857721
10003001-17,DE,003,1-17,1010,28,571,400,1,3,0,1,6,800,19,485,289,1,3,0,1,2,NA,50800,92812,00230,17,12,1,1,150.1912035705536,215.59880271413203
10003001-18,DE,003,1-18,1752,46,1546,116,6,28,0,0,10,1323,33,1182,80,5,17,0,0,6,NA,NA,93848,00200,18,9,1,1,248.378702904803,356.5465199884958
10003001-19,DE,003,1-19,2226,70,1814,317,3,9,0,0,13,1811,42,1513,241,3,6,0,0,6,NA,51190,91924,01300,19,9,1,1,339.9953370828407,488.0617896441164
10003001-20,DE,003,1-20,3224,34,2897,70,3,197,0,4,19,2364,18,2151,48,2,134,0,0,11,NA,35850,92960,01300,20,7,1,1,443.8150065509858,637.09446202026
10003001-21,DE,003,1-21,2081,89,1661,149,4,154,11,5,8,1529,64,1212,129,2,102,11,5,4,NA,56490,93108,01300,21,8,1,1,287.0529378242206,412.06321168738486
10003001-22,DE,003,1-22,634,1,594,12,0,26,0,0,1,508,1,483,8,0,16,0,0,0,NA,50670,91184,00200,22,10,1,1,95.37141426730153,136.90523972347384
10003001-23,DE,003,1-23,1259,29,1173,18,1,17,1,5,15,1236,29,1152,16,1,17,1,5,15,NA,50670,91184,00200,23,6,1,1,232.0454095165053,333.100150193334
10003001-24,DE,003,1-24,895,41,739,92,3,13,0,2,5,639,27,531,64,3,12,0,0,2,NA,09850,91184,00200,24,10,1,1,119.96522385197967,172.20954366791295
10003001-25,DE,003,1-25,7081,197,6315,256,14,197,5,13,84,6891,184,6187,222,14,194,5,10,75,NA,50670,91184,00200,25,10,1,1,1293.709479755856,1857.1141868788545
10003001-26,DE,003,1-26,3321,107,2108,758,9,267,0,5,67,2373,67,1536,545,6,179,0,4,36,NA,09850,93848,00200,26,11,1,1,445.50465759115457,639.5199485507941
10003001-27,DE,003,1-27,3136,90,2108,662,8,177,0,1,90,2262,56,1603,425,7,135,0,0,36,NA,NA,90592,00200,27,10,1,1,424.66562809574026,609.6056146742083
10003001-28,DE,003,1-28,4107,67,2905,1103,4,6,0,2,20,3519,58,2342,1092,4,5,0,0,18,NA,67310,92072,01620,28,14,1,1,660.6535567059726,948.3652334387882
100030010-1,DE,003,10-1,651,18,171,443,0,4,0,0,15,511,15,158,322,0,4,0,0,12,NA,77580,93996,01300,1,2,1,1,95.9346312806911,137.71373523365182
100030010-2,DE,003,10-2,2103,71,207,1765,1,21,0,8,30,1501,45,197,1223,1,16,0,3,16,NA,77580,93996,01240,2,2,1,1,281.7962456992512,404.5172535923902
100030010-3,DE,003,10-3,2735,134,115,2429,5,9,0,2,41,1957,96,106,1712,5,6,0,2,30,NA,77580,93996,00200,3,3,1,1,367.40523173446667,527.4085711394454
100030010-4,DE,003,10-4,1528,184,692,628,1,11,1,1,10,1182,112,624,432,1,7,1,0,5,NA,77580,93996,01300,4,1,1,1,221.9075032754929,318.54723101013
100030010-6,DE,003,10-6,936,9,860,52,0,7,0,1,7,742,7,692,35,0,3,0,1,4,NA,NA,90148,01240,6,4,1,1,139.30234131168845,199.96788951735743
100030010-7,DE,003,10-7,813,3,755,27,0,25,0,0,3,583,2,544,21,0,15,0,0,1,NA,NA,90148,01240,7,5,1,1,109.45183960204092,157.11762747792372
100030010-8,DE,003,10-8,1079,14,1004,43,2,15,0,0,1,858,13,798,34,2,10,0,0,1,NA,NA,90148,01240,8,4,1,1,161.08006582941871,231.22971591090658
100030010-9,DE,003,10-9,1782,59,1526,160,0,10,0,0,27,1236,39,1079,102,0,7,0,0,9,NA,47030,92072,00080,9,14,1,1,232.0454095165053,333.100150193334
100030011-1,DE,003,11-1,0,0,0,0,0,0,0,0,0,0,0,0,0,0,0,0,0,0,NA,77580,90148,01240,1,1,1,1,0,0
100030011-2,DE,003,11-2,1519,38,31,1403,6,0,0,6,35,1017,24,22,943,5,0,0,1,22,NA,77580,93996,01240,2,2,1,1,190.93056753906623,274.0799779503403
100030011-3,DE,003,11-3,1003,49,23,924,0,0,0,1,6,588,27,21,536,0,0,0,0,4,NA,77580,93996,00200,3,2,1,1,110.39053462435689,158.46511999488703
100030011-4,DE,003,11-4,1382,28,1243,63,3,34,0,3,8,1074,20,969,47,2,29,0,1,6,NA,31430,92960,01300,4,6,1,1,201.63169079346818,289.4413926437222
100030011-6,DE,003,11-6,444,4,348,30,0,43,0,2,17,293,4,230,19,0,34,0,2,4,NA,NA,90148,01240,6,1,1,1,55.00752830771525,78.96306149405085
100030011-7,DE,003,11-7,2013,55,1231,580,5,99,4,1,38,1587,41,1024,412,5,76,4,1,24,NA,NA,90148,01240,7,5,1,1,297.9418000830857,427.6941248841594
100030011-9,DE,003,11-9,4702,57,4228,311,3,55,0,12,36,3076,39,2771,203,3,33,0,7,20,NA,NA,92072,00080,9,14,1,1,577.4851777287785,828.9773964358376
100030012-1,DE,003,12-1,1491,25,470,961,4,8,0,1,22,1055,15,375,647,3,5,0,1,9,NA,77580,93996,01300,1,1,1,1,198.06464970866753,284.3209210792616
100030012-2,DE,003,12-2,4093,153,631,3279,4,1,0,9,16,3069,99,620,2331,2,1,0,4,12,NA,77580,93996,00230,2,2,1,1,576.1710046975362,827.090906912089
100030012-3,DE,003,12-3,348,11,4,326,1,2,0,0,4,237,10,3,219,1,2,0,0,2,NA,77580,93996,00200,3,3,1,1,44.494144057776495,63.871145304061606
100030012-4,DE,003,12-4,206,3,194,8,0,1,0,0,0,175,2,164,8,0,1,0,0,0,NA,77580,93996,01300,4,1,1,1,32.8543257810586,47.16223809371638
100030012-6,DE,003,12-6,0,0,0,0,0,0,0,0,0,0,0,0,0,0,0,0,0,0,NA,23240,90148,01240,6,2,1,1,0,0
100030013-1,DE,003,13-1,1442,71,312,1014,9,5,0,5,26,1083,43,269,742,6,4,0,2,17,NA,77580,93996,01300,1,1,1,1,203.32134183363692,291.8668791742562
100030013-2,DE,003,13-2,204,8,7,187,1,0,0,0,1,146,7,7,130,1,0,0,0,1,NA,77580,93996,00200,2,2,1,1,27.40989465162603,39.34678149532909
100030013-3,DE,003,13-3,0,0,0,0,0,0,0,0,0,0,0,0,0,0,0,0,0,0,NA,77580,93996,00200,3,2,1,1,0,0
100030013-4,DE,003,13-4,1082,378,124,547,1,11,0,4,17,714,233,111,351,1,9,0,2,7,NA,77580,91924,01300,4,3,1,1,134.0456491867191,192.42193142236283
100030014-3,DE,003,14-3,131,11,35,79,0,6,0,0,0,105,10,29,63,0,3,0,0,0,NA,77580,91924,01300,3,13,1,1,19.712595468635158,28.297342856229825
100030014-4,DE,003,14-4,488,4,477,4,0,1,0,0,2,376,2,368,3,0,1,0,0,2,NA,77580,93996,01300,4,1,1,1,70.5898656781602,101.33143727564206
100030015-4,DE,003,15-4,621,10,547,29,0,26,0,0,9,568,7,506,25,0,23,0,0,7,NA,77580,93996,01300,4,1,1,1,106.63575453509304,153.07514992703372
100030016-4,DE,003,16-4,495,86,280,110,0,4,0,3,12,378,52,247,73,0,2,0,1,3,NA,77580,93996,01300,4,3,1,1,70.96534368708656,101.87043428242737
10003002-10,DE,003,2-10,2260,67,1845,152,1,169,0,1,25,1763,41,1468,114,0,120,0,1,19,NA,NA,90148,01240,10,6,1,1,330.9838648686075,475.1258614812685
10003002-12,DE,003,2-12,1107,24,1005,53,1,9,0,0,15,866,14,786,49,1,9,0,0,7,NA,NA,93108,01300,12,7,1,1,162.58197786512426,233.38570393804793
10003002-13,DE,003,2-13,1806,55,1687,29,0,20,3,1,11,1383,36,1301,22,0,17,2,1,4,NA,24540,91924,01300,13,7,1,1,259.6430431725945,372.7164301920557
10003002-14,DE,003,2-14,1551,84,1108,284,4,35,0,0,36,1221,58,890,215,3,33,0,0,22,NA,09850,93848,00200,14,11,1,1,229.22932444955742,329.057672642444
10003002-15,DE,003,2-15,3783,181,2400,1048,7,81,3,6,57,2683,117,1764,700,7,61,0,4,30,NA,04130,92812,00230,15,12,1,1,503.7037489747441,723.0644846025202
10003002-16,DE,003,2-16,2118,238,1750,87,6,16,1,0,20,1518,133,1308,49,4,13,0,0,11,NA,50800,92812,00230,16,2,1,1,284.9878087751254,409.0987281500655
10003002-17,DE,003,2-17,1207,7,1051,142,3,2,0,0,2,956,6,854,92,2,1,0,0,1,NA,50800,92812,00230,17,12,1,1,179.47848826681152,257.64056924338774
10003002-18,DE,003,2-18,1663,65,1307,243,3,32,0,0,13,1277,38,1015,188,3,27,0,0,6,NA,51190,93848,00230,18,9,1,1,239.74270869949618,344.14958883243327
10003002-19,DE,003,2-19,2556,175,2172,153,12,24,0,0,20,1940,118,1685,102,7,17,0,0,11,NA,51190,91924,01300,19,9,1,1,364.21366865859244,522.8270965817701
10003002-20,DE,003,2-20,1412,36,1161,65,2,127,0,1,20,1072,23,897,47,2,90,0,1,12,NA,56490,93108,01300,20,8,1,1,201.25621278454182,288.9023956369369
10003002-21,DE,003,2-21,767,27,687,21,0,30,0,0,2,568,18,512,15,0,22,0,0,1,NA,56490,93108,01300,21,9,1,1,106.63575453509304,153.07514992703372
10003002-22,DE,003,2-22,1784,26,1528,177,3,19,7,2,22,1599,23,1356,175,2,14,7,2,20,NA,50670,91184,00200,22,6,1,1,300.19466813664394,430.9281069248714
10003002-23,DE,003,2-23,1841,29,1518,205,5,59,1,7,17,1572,22,1309,168,3,49,1,5,15,NA,50670,91184,00200,23,10,1,1,295.1257150161378,423.65164733326947
10003002-24,DE,003,2-24,3487,170,2634,481,6,123,0,4,69,2612,102,2020,348,4,94,0,1,43,NA,09850,91184,00200,24,11,1,1,490.37427965785747,703.930090861641
10003002-25,DE,003,2-25,2515,85,2077,247,10,53,1,1,41,1999,57,1659,198,10,47,1,0,27,NA,50670,91184,00200,25,10,1,1,375.29026992192075,538.7275082819374
10003002-26,DE,003,2-26,1698,79,1226,331,4,34,0,2,22,1288,47,952,246,3,26,0,1,13,NA,NA,92812,00200,26,12,1,1,241.80783774859128,347.11407236975253
10003002-27,DE,003,2-27,2015,44,1612,274,1,44,0,11,29,1479,29,1210,190,1,28,0,6,15,NA,04130,93256,00230,27,14,1,1,277.6659876010609,398.58828651775156
10003003-10,DE,003,3-10,1703,13,1508,100,2,59,0,0,21,1291,6,1149,78,2,44,0,0,12,NA,NA,90148,01240,10,5,1,1,242.37105476198087,347.92256787993057
10003003-11,DE,003,3-11,2023,28,1869,57,2,45,0,3,19,1605,19,1500,47,2,35,0,0,2,NA,NA,90148,01240,11,4,1,1,301.3211021634231,432.5450979452274
10003003-12,DE,003,3-12,1964,212,1024,605,3,72,1,8,39,1493,142,796,466,3,55,1,5,25,NA,NA,91924,01300,12,7,1,1,280.2943336635456,402.3612655652489
10003003-13,DE,003,3-13,1806,190,1339,242,0,14,1,0,20,1391,118,1079,171,0,12,1,0,10,NA,24540,91924,01300,13,3,1,1,261.1449552083001,374.8724182191971
10003003-14,DE,003,3-14,1393,45,1275,51,2,3,0,2,15,1110,33,1024,42,1,2,0,2,6,NA,NA,91184,00200,14,9,1,1,208.3902949541431,299.1433387658582
10003003-15,DE,003,3-15,2523,160,1187,998,7,111,2,3,55,1820,103,931,657,6,90,1,3,29,NA,NA,92812,00230,15,13,1,1,341.6849881230094,490.48727617465033
10003003-16,DE,003,3-16,1332,47,1243,19,0,8,0,0,15,1103,31,1034,17,0,8,0,0,13,NA,51190,91924,01300,16,13,1,1,207.07612192290074,297.2568492421095
10003003-17,DE,003,3-17,978,21,851,91,4,1,0,0,10,743,11,656,68,2,1,0,0,5,NA,50800,92812,00230,17,12,1,1,139.49008031615165,200.23738802075013
10003003-18,DE,003,3-18,1438,85,967,255,7,83,0,7,34,1101,54,780,169,4,72,0,2,20,NA,NA,93848,00200,18,11,1,1,206.70064391397437,296.7178522353242
10003003-19,DE,003,3-19,1804,56,1686,36,0,18,0,0,8,1404,34,1321,32,0,14,0,0,3,NA,NA,93108,01300,19,8,1,1,263.5855622663216,378.37589876330173
10003003-20,DE,003,3-20,1360,53,1251,39,0,13,0,0,4,1096,38,1022,27,0,7,0,0,2,NA,NA,93108,01300,20,8,1,1,205.76194889165842,295.3703597183609
10003003-21,DE,003,3-21,1936,85,1632,101,0,96,4,4,14,1485,56,1278,75,0,66,3,1,6,NA,NA,93108,01300,21,9,1,1,278.7924216278401,400.20527753810757
10003003-22,DE,003,3-22,2952,66,2451,80,0,330,1,0,24,1960,45,1622,62,0,221,1,0,9,NA,35850,92960,01300,22,6,1,1,367.96844874785626,528.2170666496235
10003003-23,DE,003,3-23,1786,20,1612,64,0,75,0,0,15,1360,12,1243,44,0,52,0,0,9,NA,50670,91184,00200,23,10,1,1,255.3250460699411,366.51796461402444
10003003-24,DE,003,3-24,1962,139,1222,479,8,55,2,1,56,1349,88,868,319,7,41,2,0,24,NA,04130,90592,00200,24,12,1,1,253.259917020846,363.5534810767051
10003003-25,DE,003,3-25,2642,269,1797,386,9,129,0,3,49,1976,176,1361,299,3,109,0,1,27,NA,09850,91184,00200,25,11,1,1,370.97227281926735,532.5290427039062
10003003-26,DE,003,3-26,2223,71,1727,325,5,61,0,5,29,1516,43,1164,239,4,44,0,3,19,NA,NA,93848,00200,26,11,1,1,284.6123307661991,408.5597311432802
10003003-27,DE,003,3-27,3590,93,2840,573,4,49,0,9,22,2596,55,2113,385,3,33,0,2,5,NA,29350,90592,00080,27,14,1,1,487.3704555864464,699.6181148073584
10003004-10,DE,003,4-10,1613,11,1495,39,0,54,0,0,14,1193,8,1107,33,0,37,0,0,8,NA,NA,90148,01240,10,5,1,1,223.97263232458803,321.5117145474494
10003004-11,DE,003,4-11,1988,50,1823,51,1,45,0,1,17,1560,38,1450,26,1,38,0,1,6,NA,NA,90148,01240,11,4,1,1,292.87284696257944,420.4176652925574
10003004-12,DE,003,4-12,913,30,813,15,0,49,0,2,4,749,16,675,11,0,41,0,2,4,NA,31430,92960,01300,12,6,1,1,140.6165143429308,201.8543790411061
10003004-13,DE,003,4-13,1205,31,1126,30,3,1,0,0,14,903,18,854,20,3,1,0,0,7,NA,24540,91924,01300,13,7,1,1,169.52832103026236,243.35714856357652
10003004-14,DE,003,4-14,1946,28,1761,45,2,72,0,4,34,1476,14,1365,33,2,47,0,0,15,NA,50670,91184,00200,14,6,1,1,277.1027705876714,397.77979100757364
10003004-15,DE,003,4-15,2236,77,1926,194,1,21,1,0,16,1714,49,1492,142,1,16,1,0,13,NA,77840,92812,00230,15,6,1,1,321.78465364991104,461.9204348150279
10003004-16,DE,003,4-16,1452,62,1028,341,4,4,0,0,13,1230,36,864,316,2,4,0,0,8,NA,77840,92812,00230,16,13,1,1,230.91897548972614,331.483159172978
10003004-17,DE,003,4-17,1263,23,1115,110,0,3,0,0,12,1028,15,927,78,0,3,0,0,5,NA,50800,92812,00230,17,12,1,1,192.99569658816134,277.04446148765965
10003004-18,DE,003,4-18,4709,130,3287,997,5,231,0,4,55,3568,93,2568,695,5,172,0,3,32,NA,04130,92812,00230,18,13,1,1,669.8527679246689,961.5706601050288
10003004-19,DE,003,4-19,2252,310,1737,133,7,34,0,2,29,1663,192,1343,78,5,28,0,1,16,NA,NA,93108,01300,19,8,1,1,312.20996442228824,448.1760111420019
10003004-20,DE,003,4-20,1406,29,1254,35,3,83,0,0,2,1156,19,1043,32,1,59,0,0,2,NA,56490,93108,01300,20,8,1,1,217.02628915944993,311.54026992192075
10003004-21,DE,003,4-21,1443,24,1158,77,3,152,0,0,29,1152,16,932,62,3,122,0,0,17,NA,56490,91184,00200,21,8,1,1,216.27533314159717,310.46227590835014
10003004-22,DE,003,4-22,1894,35,1670,20,1,141,1,2,24,1210,21,1072,14,0,96,0,0,7,NA,52490,92960,00200,22,8,1,1,227.1641954004623,326.0931891051247
10003004-23,DE,003,4-23,1284,10,1187,30,2,36,1,3,15,1012,7,941,26,2,27,1,0,8,NA,50670,91184,00200,23,10,1,1,189.99187251675028,272.732485433377
10003004-24,DE,003,4-24,2203,62,1907,166,1,21,4,0,42,1652,32,1474,114,0,17,3,0,12,NA,09850,91184,00200,24,11,1,1,310.14483537319313,445.2115276046826
10003004-25,DE,003,4-25,2030,130,1626,215,6,21,0,0,32,1576,77,1320,147,4,14,0,0,14,NA,09850,91184,00200,25,11,1,1,295.87667103399053,424.7296413468401
10003004-26,DE,003,4-26,2662,155,1087,1251,4,86,2,2,75,1701,82,737,788,0,64,2,0,28,NA,04130,92812,00200,26,11,1,1,319.34404659188954,458.4169542709232
10003004-27,DE,003,4-27,1784,64,1361,315,1,28,0,0,15,1226,36,955,211,1,17,0,0,6,NA,04130,92812,00200,27,12,1,1,230.16801947187338,330.4051651594073
10003005-10,DE,003,5-10,1494,7,1386,37,0,50,0,0,14,1125,3,1054,32,0,33,0,0,3,NA,NA,90148,01240,10,5,1,1,211.20638002109098,303.1858163167482
10003005-11,DE,003,5-11,1490,24,1389,42,0,27,0,2,6,1159,19,1078,34,0,22,0,2,4,NA,NA,90148,01240,11,5,1,1,217.5895061728395,312.34876543209873
10003005-12,DE,003,5-12,1876,34,1738,37,0,58,0,1,8,1405,26,1311,23,0,41,0,1,3,NA,35850,92960,01300,12,7,1,1,263.7733012707847,378.6453972666944
10003005-13,DE,003,5-13,2656,158,2372,80,3,20,0,3,20,1979,99,1789,61,3,15,0,2,10,NA,24540,91924,01300,13,7,1,1,371.53548983265694,533.3375382140841
10003005-14,DE,003,5-14,240,4,216,1,1,13,0,3,2,196,3,177,1,1,10,0,2,2,NA,50670,91184,00200,14,8,1,1,36.79684487478563,52.82170666496234
10003005-15,DE,003,5-15,1588,113,711,675,4,44,2,4,35,1104,62,538,448,4,36,2,1,13,NA,NA,92812,00230,15,13,1,1,207.26386092736396,297.5263477455022
10003005-16,DE,003,5-16,2199,197,1731,204,4,43,0,1,19,1704,125,1384,141,4,34,0,1,15,NA,24540,91924,01300,16,7,1,1,319.9072636052791,459.2254497811012
10003005-17,DE,003,5-17,2278,78,1741,391,2,39,0,2,25,1740,43,1360,287,2,29,0,0,19,NA,77840,92812,00230,17,2,1,1,326.6658677659541,468.9273959032372
10003005-18,DE,003,5-18,3434,401,1857,1026,1,41,0,8,100,2484,266,1433,697,1,32,0,3,52,NA,NA,92812,00230,18,13,1,1,466.3436870865689,669.4342824273799
10003005-19,DE,003,5-19,1789,229,1265,226,3,27,0,0,39,1340,150,980,174,3,19,0,0,14,NA,NA,93108,01300,19,9,1,1,251.57026598067725,361.1279945461711
10003005-20,DE,003,5-20,659,15,627,13,0,1,0,0,3,526,12,508,4,0,1,0,0,1,NA,NA,93108,01300,20,8,1,1,98.75071634763898,141.75621278454182
10003005-21,DE,003,5-21,1146,23,1062,22,4,8,0,0,27,864,11,809,20,4,7,0,0,13,NA,56490,93108,01300,21,9,1,1,162.20649985619787,232.84670693126256
10003005-22,DE,003,5-22,2082,21,1863,48,3,138,0,0,9,1421,14,1268,34,2,103,0,0,0,NA,52490,92960,01300,22,6,1,1,266.7771253421958,382.957373320977
10003005-23,DE,003,5-23,3575,94,3108,238,3,85,1,3,43,3106,85,2735,186,2,69,1,2,26,NA,50670,91184,00200,23,10,1,1,583.1173478626743,837.0623515376175
10003005-24,DE,003,5-24,1827,63,1413,250,7,51,3,0,40,1289,39,1027,158,4,37,3,0,21,NA,09850,91184,00200,24,11,1,1,241.99557675305445,347.38357087314523
10003005-25,DE,003,5-25,2039,37,1647,236,8,80,0,3,28,1480,23,1218,154,7,57,0,3,18,NA,50670,90592,00200,25,10,1,1,277.8537266055241,398.85778502114425
10003005-26,DE,003,5-26,2553,100,1806,466,5,123,0,1,52,1966,69,1423,342,5,98,0,1,28,NA,04130,93848,00200,26,11,1,1,369.09488277463544,529.8340576699794
10003005-27,DE,003,5-27,2473,49,2090,243,4,61,0,1,25,1721,27,1465,180,2,33,0,1,13,NA,29350,90592,00200,27,12,1,1,323.0988266811534,463.80692433877647
10003006-10,DE,003,6-10,2091,40,1846,111,1,74,0,2,17,1572,26,1404,71,1,59,0,1,10,NA,NA,90148,01240,10,5,1,1,295.1257150161378,423.65164733326947
10003006-11,DE,003,6-11,1492,20,1390,45,0,32,0,0,5,1132,12,1057,34,0,27,0,0,2,NA,NA,90148,01240,11,4,1,1,212.52055305233333,305.0723058404968
10003006-12,DE,003,6-12,1991,29,1825,36,3,91,0,0,7,1697,17,1572,32,1,72,0,0,3,NA,35850,92960,01300,12,7,1,1,318.5930905740368,457.3389602573526
10003006-13,DE,003,6-13,1437,37,1363,18,0,3,0,1,15,1109,22,1068,12,0,2,0,0,5,NA,51190,91924,01300,13,7,1,1,208.20255594967992,298.87384026246554
10003006-14,DE,003,6-14,740,13,691,24,0,8,0,0,4,565,6,535,17,0,5,0,0,2,NA,56490,91184,00200,14,9,1,1,106.07253752170347,152.26665441685574
10003006-15,DE,003,6-15,68,0,66,0,0,0,1,0,1,53,0,51,0,0,0,1,0,1,NA,04130,93256,00230,15,14,1,1,9.950167236549175,14.283420679811247
10003006-16,DE,003,6-16,2776,717,1193,789,4,16,2,1,54,1912,412,987,473,3,10,2,1,24,NA,77580,91924,01300,16,3,1,1,358.95697653362305,515.2811384867755
10003006-17,DE,003,6-17,2236,157,1343,670,9,27,1,1,28,1644,110,1028,467,6,22,0,1,10,NA,50800,92812,00230,17,12,1,1,308.6429233374876,443.05553957754125
10003006-18,DE,003,6-18,2079,98,1040,842,2,25,0,8,64,1369,53,780,471,2,20,0,4,39,NA,NA,92812,00200,18,13,1,1,257.0146971101098,368.9434511445584
10003006-19,DE,003,6-19,1342,56,1220,44,5,2,2,1,12,1181,38,1095,30,5,1,1,1,10,NA,NA,93108,01300,19,9,1,1,221.71976427102973,318.2777325067374
10003006-20,DE,003,6-20,1972,30,1799,61,2,57,0,2,21,1447,14,1333,48,2,44,0,1,5,NA,35850,92960,01300,20,6,1,1,271.6583394582388,389.9643344091863
10003006-21,DE,003,6-21,1674,35,1571,32,0,23,0,2,11,1274,21,1210,21,0,17,0,2,3,NA,56490,93108,01300,21,9,1,1,239.1794916861066,343.34109332225523
10003006-22,DE,003,6-22,2703,39,2385,78,4,178,0,6,13,1830,25,1607,62,2,128,0,3,3,NA,56490,91184,00200,22,8,1,1,343.5623781676413,493.18226120857696
10003006-23,DE,003,6-23,3374,132,2647,262,5,242,0,10,76,3021,106,2427,195,5,218,0,9,61,NA,50670,91184,00200,23,10,1,1,567.159532483303,814.1549787492411
10003006-24,DE,003,6-24,2560,128,1467,810,2,72,2,2,77,1697,58,1077,470,2,54,2,1,33,NA,09850,91184,00200,24,11,1,1,318.5930905740368,457.3389602573526
10003006-25,DE,003,6-25,1525,39,1297,93,4,60,1,1,30,1207,26,1039,74,2,50,1,1,14,NA,50670,91184,00200,25,10,1,1,226.60097838707273,325.2846935949467
10003006-26,DE,003,6-26,1747,54,1410,192,3,40,0,3,45,1297,32,1077,133,1,34,0,0,20,NA,09850,93848,00200,26,9,1,1,243.49748878876,349.5395589002865
10003006-27,DE,003,6-27,2389,113,1486,631,11,97,0,4,47,1671,82,1080,411,7,72,0,0,19,NA,29350,90592,00200,27,12,1,1,313.7118764579938,450.3319991691433
10003007-10,DE,003,7-10,1176,15,1117,16,3,18,0,1,6,935,9,898,11,3,11,0,0,3,NA,NA,90148,01240,10,5,1,1,175.5359691730845,251.98110067214182
10003007-11,DE,003,7-11,892,12,828,22,1,17,1,0,11,730,8,682,20,1,14,1,0,4,NA,77580,90148,01240,11,4,1,1,137.04947325813015,196.73390747664547
10003007-12,DE,003,7-12,990,15,915,29,0,15,0,3,13,749,5,708,19,0,10,0,1,6,NA,35850,91924,01300,12,7,1,1,140.6165143429308,201.8543790411061
10003007-13,DE,003,7-13,1147,62,1031,34,5,13,0,0,2,870,40,792,24,3,9,0,0,2,NA,51190,91924,01300,13,7,1,1,163.33293388297704,234.4636979516186
10003007-14,DE,003,7-14,643,28,446,133,0,25,0,0,11,551,21,427,70,0,23,0,0,10,NA,50670,91184,00200,14,6,1,1,103.44419145921877,148.4936753693584
10003007-15,DE,003,7-15,1491,75,1260,116,1,9,2,6,22,1130,49,977,77,1,7,2,3,14,NA,77840,92812,00230,15,13,1,1,212.14507504340693,304.5333088337115
10003007-16,DE,003,7-16,1977,230,944,739,5,28,0,3,28,1494,164,754,536,2,26,0,2,10,NA,77840,92812,00230,16,13,1,1,280.4820726680088,402.6307640686415
10003007-17,DE,003,7-17,1495,20,1301,152,6,3,0,2,11,1130,12,987,116,6,2,0,0,7,NA,19730,93256,00230,17,14,1,1,212.14507504340693,304.5333088337115
10003007-18,DE,003,7-18,2869,192,1814,744,10,51,0,3,55,1976,120,1321,466,7,34,0,1,27,NA,NA,92812,00200,18,12,1,1,370.97227281926735,532.5290427039062
10003007-19,DE,003,7-19,1946,119,1769,28,3,7,0,0,20,1511,78,1390,24,3,5,0,0,11,NA,NA,93108,01300,19,8,1,1,283.6736357438831,407.2122386263169
10003007-20,DE,003,7-20,2055,39,1882,17,1,102,0,0,14,1382,27,1260,15,1,72,0,0,7,NA,56490,93108,01300,20,8,1,1,259.4553041681313,372.4469316886631
10003007-21,DE,003,7-21,1797,25,1638,63,4,42,0,0,25,1377,22,1263,46,1,27,0,0,18,NA,56490,91184,00200,21,8,1,1,258.5166091458154,371.09943917169977
10003007-22,DE,003,7-22,1367,30,1196,64,0,63,0,2,12,1102,17,989,43,0,46,0,0,7,NA,56490,93108,01300,22,8,1,1,206.88838291843754,296.9873507387168
10003007-23,DE,003,7-23,2018,39,1684,57,6,187,0,8,37,1738,33,1444,51,6,169,0,7,28,NA,50670,91184,00200,23,10,1,1,326.29038975702764,468.38839889645175
10003007-24,DE,003,7-24,3480,206,2524,595,8,81,5,16,45,2352,124,1755,391,5,57,3,5,12,NA,29350,90592,00200,24,10,1,1,441.56213849742755,633.8604799795481
10003007-25,DE,003,7-25,1318,38,1124,118,1,13,1,4,19,1064,28,920,90,1,12,1,1,11,NA,50670,91184,00200,25,10,1,1,199.75430074883627,286.7464076097956
10003007-26,DE,003,7-26,2766,119,2024,469,3,106,0,3,42,1835,68,1355,308,3,79,0,1,21,NA,04130,93848,00200,26,11,1,1,344.50107318995725,494.5297537255403
10003007-27,DE,003,7-27,2713,56,2193,384,5,49,1,2,23,1871,31,1540,248,5,35,1,0,11,NA,29350,90592,00200,27,12,1,1,351.25967735063216,504.2316998476762
10003008-10,DE,003,8-10,993,21,900,19,1,49,0,0,3,772,16,698,10,1,44,0,0,3,NA,31430,90148,01240,10,6,1,1,144.9345114455842,208.0528446191374
10003008-11,DE,003,8-11,1570,21,1496,10,1,36,0,0,6,1231,11,1181,8,0,29,0,0,2,NA,NA,90148,01240,11,4,1,1,231.10671449418933,331.75265767637063
10003008-12,DE,003,8-12,1478,18,1333,21,1,103,0,1,1,1076,14,969,15,1,75,0,1,1,NA,35850,92960,01300,12,6,1,1,202.00716880239457,289.98038965050756
10003008-13,DE,003,8-13,1826,326,1204,244,5,19,0,1,27,1310,201,913,162,3,18,0,1,12,NA,24540,91924,01300,13,7,1,1,245.9380958467815,353.0430394443912
10003008-14,DE,003,8-14,1683,20,1513,93,0,34,0,2,21,1315,14,1204,62,0,27,0,1,7,NA,50670,91184,00200,14,11,1,1,246.87679086909748,354.3905319613545
10003008-15,DE,003,8-15,3277,133,2206,823,2,73,0,7,33,2185,70,1516,528,2,52,0,3,14,NA,04130,92812,00230,15,12,1,1,410.2097247520745,588.8542299129731
10003008-16,DE,003,8-16,1171,33,964,157,1,9,0,0,7,876,20,740,103,1,7,0,0,5,NA,NA,92812,00230,16,2,1,1,164.45936790975617,236.08068897197455
10003008-17,DE,003,8-17,1881,107,1285,354,3,91,4,3,34,1440,57,1031,261,3,63,4,1,20,NA,77840,92812,00230,17,12,1,1,270.3441664269964,388.0778448854376
10003008-18,DE,003,8-18,66,0,62,2,0,2,0,0,0,53,0,50,1,0,2,0,0,0,NA,NA,93848,00200,18,11,1,1,9.950167236549175,14.283420679811247
10003008-19,DE,003,8-19,1436,32,1332,32,4,17,0,0,19,1096,17,1034,23,4,13,0,0,5,NA,NA,93108,01300,19,8,1,1,205.76194889165842,295.3703597183609
10003008-20,DE,003,8-20,603,6,478,47,0,68,0,0,4,408,4,320,39,0,45,0,0,0,NA,35850,92960,01300,20,6,1,1,76.59751382098233,109.95538938420732
10003008-21,DE,003,8-21,2185,122,1775,157,5,81,0,7,38,1667,86,1360,128,3,61,0,4,25,NA,56490,93108,01300,21,9,1,1,312.960920440141,449.25400515557254
10003008-22,DE,003,8-22,1325,64,1055,89,0,98,4,0,15,1031,46,828,74,0,68,4,0,11,NA,56490,93108,01300,22,8,1,1,193.55891360155093,277.8529569978376
10003008-23,DE,003,8-23,187,2,171,7,0,5,0,2,0,147,1,136,5,0,3,0,2,0,NA,50670,91184,00200,23,6,1,1,27.597633656089222,39.61627999872176
10003008-24,DE,003,8-24,1893,90,1339,390,5,39,0,6,24,1395,57,1007,279,5,31,0,2,14,NA,04130,90592,00200,24,12,1,1,261.8959112261528,375.95041223276775
10003008-26,DE,003,8-26,2498,132,1330,888,8,71,3,5,61,1833,87,1030,621,8,52,1,3,31,NA,04130,92812,00200,26,12,1,1,344.1255951810309,493.990756718755
10003008-27,DE,003,8-27,2584,64,2031,402,5,49,3,2,28,1877,43,1498,280,5,32,1,0,18,NA,29350,90592,00200,27,12,1,1,352.38611137741134,505.8486908680323
10003009-10,DE,003,9-10,1717,11,1382,88,6,212,2,3,13,1372,10,1128,64,2,158,2,1,7,NA,NA,90148,01240,10,5,1,1,257.5779141234994,369.7519466547364
10003009-11,DE,003,9-11,1508,21,1385,30,4,63,0,0,5,1211,15,1119,22,2,50,0,0,3,NA,NA,90148,01240,11,4,1,1,227.3519344049255,326.3626876085173
10003009-12,DE,003,9-12,1458,18,1358,27,2,41,0,0,12,1128,13,1047,20,2,38,0,0,8,NA,31430,92960,01300,12,6,1,1,211.76959703448057,303.99431182692615
10003009-13,DE,003,9-13,1802,114,1610,48,1,7,0,3,19,1377,64,1262,29,1,7,0,2,12,NA,24540,91924,01300,13,7,1,1,258.5166091458154,371.09943917169977
10003009-14,DE,003,9-14,1924,183,1131,408,4,148,0,5,45,1454,114,900,297,4,114,0,3,22,NA,NA,93848,00200,14,11,1,1,272.9725124894811,391.85082393293493
10003009-15,DE,003,9-15,1939,138,1411,330,2,39,1,2,16,1456,87,1091,232,2,32,1,1,10,NA,NA,92812,00230,15,13,1,1,273.3479904984075,392.38982093972027
10003009-16,DE,003,9-16,1327,139,946,201,2,9,4,0,26,1064,87,799,154,2,5,1,0,16,NA,77580,93996,00200,16,3,1,1,199.75430074883627,286.7464076097956
10003009-17,DE,003,9-17,801,24,694,72,1,5,0,0,5,606,15,527,56,1,5,0,0,2,NA,77840,92812,00230,17,12,1,1,113.76983670469434,163.316093055955
10003009-19,DE,003,9-19,1346,126,1055,111,7,36,0,0,11,1069,86,858,88,3,29,0,0,5,NA,NA,93108,01300,19,9,1,1,200.69299577115223,288.0939001267589
10003009-20,DE,003,9-20,1289,30,1066,29,0,151,0,0,13,843,20,704,23,0,90,0,0,6,NA,35850,93108,01300,20,7,1,1,158.26398076247085,227.1872383600166
10003009-21,DE,003,9-21,2356,64,2066,145,1,56,0,1,23,1880,42,1682,101,1,41,0,0,13,NA,56490,93108,00200,21,9,1,1,352.94932839080093,506.65718637821027
10003009-22,DE,003,9-22,1776,9,1593,39,1,119,0,4,11,1346,6,1208,30,1,95,0,2,4,NA,52490,92960,01300,22,8,1,1,252.6967000074564,362.74498556652713
10003009-23,DE,003,9-23,1012,11,912,40,1,47,0,0,1,703,5,628,33,1,35,0,0,1,NA,50670,91184,00200,23,10,1,1,131.98052013762396,189.4574478850435
10003009-26,DE,003,9-26,4172,312,2471,1240,10,42,0,10,87,2573,169,1684,651,8,24,0,4,33,NA,04130,92812,00200,26,11,1,1,483.052458483793,693.4196492293271
10003009-27,DE,003,9-27,2394,61,1953,314,4,46,0,5,11,1578,33,1300,202,3,35,0,2,3,NA,29350,90592,00200,27,10,1,1,296.2521490429169,425.26863835362536
10003010-11,DE,003,10-11,1566,18,1508,4,0,33,0,0,3,1219,15,1175,4,0,25,0,0,0,NA,NA,90148,01240,11,6,1,1,228.85384644063103,328.51867563565867
10003010-12,DE,003,10-12,952,13,869,11,2,46,0,0,11,717,6,656,6,2,40,0,0,7,NA,35850,92960,01300,12,6,1,1,134.60886620010865,193.2304269325408
10003010-13,DE,003,10-13,735,39,634,51,3,2,0,0,6,533,19,473,35,3,1,0,0,2,NA,51190,91924,01300,13,13,1,1,100.06488937888133,143.64270230829047
10003010-14,DE,003,10-14,2849,1327,909,429,3,105,0,5,71,2011,841,728,318,3,81,0,4,36,NA,50670,91184,00200,14,9,1,1,377.54313797547906,541.9614903226494
10003010-15,DE,003,10-15,2414,162,1042,1094,3,50,2,6,55,1728,105,867,679,3,41,1,3,29,NA,NA,92812,00230,15,13,1,1,324.41299971239573,465.6934138625251
10003010-16,DE,003,10-16,772,308,287,153,4,10,0,0,10,528,181,242,93,3,6,0,0,3,NA,77580,93996,00200,16,3,1,1,99.12619435656536,142.29520979132712
10003010-17,DE,003,10-17,823,29,382,398,1,3,0,2,8,609,20,305,274,1,3,0,2,4,NA,50800,92812,00230,17,13,1,1,114.33305371808392,164.124588566133
10003010-18,DE,003,10-18,1618,88,907,199,7,371,0,1,45,1325,55,796,148,7,288,0,1,30,NA,NA,93848,00230,18,9,1,1,248.75418091372939,357.0855169952812
10003010-20,DE,003,10-20,1387,45,1247,63,1,12,0,0,19,1066,39,962,45,1,10,0,0,9,NA,NA,93108,01300,20,8,1,1,200.12977875776267,287.28540461658093
10003010-21,DE,003,10-21,902,35,707,49,7,88,1,1,14,744,30,598,39,4,61,1,1,10,NA,56490,91184,00200,21,8,1,1,139.67781932061484,200.5068865241428
10003010-22,DE,003,10-22,1154,13,1048,52,1,38,0,0,2,818,9,743,39,1,26,0,0,0,NA,52490,92960,00200,22,6,1,1,153.57050565089105,220.4497757752
10003010-27,DE,003,10-27,3521,106,2769,529,19,44,0,1,53,2370,57,1917,326,11,32,0,0,27,NA,29350,90592,00080,27,14,1,1,444.941440577765,638.7114530406161
10003011-11,DE,003,11-11,1637,41,1471,33,3,84,0,3,2,1409,30,1280,28,3,65,0,2,1,NA,31430,92960,01300,11,6,1,1,264.5242572886375,379.72339128026505
10003011-12,DE,003,11-12,910,4,856,15,0,32,0,1,2,737,3,698,11,0,25,0,0,0,NA,35850,92960,01300,12,6,1,1,138.36364628937247,198.62039700039412
10003011-14,DE,003,11-14,2085,48,1716,123,1,168,0,0,29,1555,34,1282,88,1,135,0,0,15,NA,50670,91184,00200,14,6,1,1,291.9341519402635,419.0701727755941
10003011-17,DE,003,11-17,1621,56,779,589,2,149,0,12,34,1280,36,641,445,1,129,0,6,22,NA,NA,92812,00230,17,12,1,1,240.30592571288574,344.95808434261124
10003011-20,DE,003,11-20,1535,50,1371,30,0,68,0,0,16,1160,31,1048,24,0,51,0,0,6,NA,56490,93108,01300,20,8,1,1,217.77724517730272,312.6182639354914
10003011-22,DE,003,11-22,1764,33,1549,70,1,90,2,2,17,1426,26,1254,63,1,66,2,2,12,NA,56490,93108,01300,22,8,1,1,267.7158203645117,384.3048658379403
10003011-27,DE,003,11-27,3177,103,2628,296,0,104,0,10,36,2037,53,1700,194,0,65,0,6,19,NA,29350,90592,00080,27,14,1,1,382.42435209152205,548.9684514108586
10003012-12,DE,003,12-12,1510,22,1362,71,1,27,2,1,24,1171,12,1105,14,1,24,2,0,13,NA,31430,91924,01300,12,7,1,1,219.84237422639782,315.58274747281075
10003012-20,DE,003,12-20,1461,64,1289,49,0,54,0,1,4,1055,37,945,37,0,35,0,0,1,NA,35850,92960,01300,20,6,1,1,198.06464970866753,284.3209210792616
10003012-22,DE,003,12-22,1206,45,1030,61,2,54,1,0,13,1082,26,945,50,2,50,1,0,8,NA,56490,93108,01300,22,8,1,1,203.13360282917373,291.5973806708636
10003012-27,DE,003,12-27,2029,79,1786,122,1,8,0,6,27,1502,44,1346,88,1,7,0,2,14,NA,04130,92812,00200,27,12,1,1,281.9839847037143,404.78675209578284
10003013-12,DE,003,13-12,1825,75,1537,160,6,19,1,1,26,1502,53,1280,134,6,13,1,0,15,NA,NA,91924,01300,12,7,1,1,281.9839847037143,404.78675209578284
10005001-36,DE,005,1-36,3797,309,3017,366,14,30,2,2,57,2845,197,2334,255,10,20,2,1,26,NA,47420,92368,01080,36,18,1,1,334.6010565963093,648.0990332391023
10005001-37,DE,005,1-37,5821,126,4718,809,80,17,2,4,65,4553,82,3774,586,63,16,1,3,28,9830,NA,91776,00170,37,18,1,1,535.4793007673097,1037.1862560061977
10005001-38,DE,005,1-38,5360,145,3784,1025,281,21,0,18,86,4303,95,3172,733,226,14,0,14,49,9830,43245,92516,00680,38,20,1,1,506.0767474635919,980.235550097665
10005001-39,DE,005,1-39,4235,93,3485,547,16,53,0,0,41,3155,58,2652,381,10,39,0,0,15,NA,64320,93404,01530,39,19,1,1,371.06022269291947,718.7179085656828
10005001-40,DE,005,1-40,1411,34,1287,64,3,10,1,0,12,1038,18,963,40,3,6,1,0,7,NA,NA,92516,00680,40,21,1,1,122.0794013170366,236.45933093222786
10005001-41,DE,005,1-41,4643,1473,2110,947,13,12,0,5,83,3465,1061,1713,620,11,9,0,3,48,NA,29090,91036,00680,41,19,1,1,407.5193887895296,789.3367838922634
10005002-36,DE,005,2-36,1550,23,1410,78,6,18,0,3,12,1211,17,1113,55,4,12,0,2,8,NA,47420,92368,01080,36,18,1,1,142.42596820320935,275.8692194209325
10005002-37,DE,005,2-37,2268,27,1986,214,0,20,1,1,19,1991,23,1760,179,0,14,1,1,13,NA,41830,91776,00170,37,18,1,1,234.16193451080912,453.5554218555546
10005002-38,DE,005,2-38,4557,108,4258,122,13,6,0,2,48,3872,68,3686,82,11,6,0,1,18,9830,43245,92516,00680,38,20,1,1,455.3867455679823,882.0525331113547
10005002-39,DE,005,2-39,6043,265,4415,1177,11,47,3,10,115,4404,173,3349,779,7,38,1,3,54,NA,06730,93404,01530,39,21,1,1,517.955378998294,1003.2436352847124
10005002-40,DE,005,2-40,3720,85,3032,507,13,38,4,4,37,2736,53,2336,295,7,28,3,1,13,NA,41310,91628,00810,40,21,1,1,321.78154335588835,623.2685254629821
10005002-41,DE,005,2-41,3155,79,2044,998,10,3,0,4,17,2721,60,1666,971,9,3,0,0,12,9830,29090,91036,00680,41,19,1,1,320.01739015766526,619.85148310847
10005003-36,DE,005,3-36,1763,78,1079,590,1,3,0,1,11,1351,46,898,396,1,3,0,0,7,NA,67050,92368,01080,36,18,1,1,158.89139805329137,307.7616147297108
10005003-37,DE,005,3-37,610,3,596,5,0,2,0,0,4,524,3,515,3,0,2,0,0,1,NA,41830,91776,00170,37,18,1,1,61.62775172459265,119.36867958428456
10005003-38,DE,005,3-38,4503,39,4382,30,8,16,0,6,22,3867,29,3783,24,7,8,0,3,13,NA,48200,93552,00680,38,20,1,1,454.79869450190796,880.913518993184
10005003-39,DE,005,3-39,2385,139,1144,1009,6,28,12,1,46,1766,106,954,653,6,18,7,0,22,NA,64320,93404,01530,39,21,1,1,207.69963653746302,402.2997865378751
10005003-40,DE,005,3-40,2766,59,1583,1017,4,29,1,4,69,1880,33,1179,623,1,22,0,0,22,NA,41310,91628,00810,40,21,1,1,221.10720084395837,428.26930843216604
10005003-41,DE,005,3-41,1260,43,1106,89,4,1,0,0,17,927,23,839,57,1,1,0,0,6,NA,29090,91036,00680,41,21,1,1,109.02466765018586,211.17321750883931
10005004-35,DE,005,4-35,1325,10,1274,17,10,4,0,2,8,986,7,956,14,5,0,0,0,4,NA,47420,92368,01080,35,18,1,1,115.96367022986328,224.61358410325306
10005004-36,DE,005,4-36,5465,223,3812,1334,18,21,0,3,54,3896,138,2835,862,15,17,0,1,28,NA,24020,92368,01080,36,19,1,1,458.2093906851392,887.5198008785737
10005004-37,DE,005,4-37,3597,85,3190,214,11,58,0,5,34,2902,48,2663,130,9,35,0,2,15,9830,41830,91776,00170,37,18,1,1,341.304838749557,661.0837941862478
10005004-38,DE,005,4-38,4402,47,4280,28,4,19,1,1,22,3876,37,3782,22,4,16,1,0,14,9830,05690,93552,00680,38,20,1,1,455.85718642084186,882.9637444058914
10005004-40,DE,005,4-40,3600,42,3051,454,3,20,2,6,22,2691,25,2309,321,3,18,2,0,13,NA,41310,91628,00810,40,21,1,1,316.4890837612191,613.0173983994462
10005004-41,DE,005,4-41,4265,123,2943,1009,28,106,0,4,52,3336,77,2441,698,18,75,0,2,25,9830,47940,92516,00680,41,20,1,1,392.3476712848112,759.9502196434606
10005005-35,DE,005,5-35,1880,62,1629,163,4,4,0,0,18,1390,39,1224,116,3,3,0,0,5,NA,47420,92368,01080,35,19,1,1,163.47819636867135,316.6459248514419
10005005-36,DE,005,5-36,1200,378,618,161,12,0,8,3,20,832,238,469,106,5,0,3,1,10,NA,29090,91036,00680,36,19,1,1,97.85169739477305,189.53194926359686
10005005-37,DE,005,5-37,2649,49,2165,403,7,10,1,2,12,2240,36,1935,242,7,10,1,2,7,9830,60290,91776,00170,37,20,1,1,263.44687760131205,510.2783249404531
10005005-38,DE,005,5-38,3575,26,3323,178,2,15,0,1,30,2867,14,2685,142,2,10,0,0,14,NA,53920,93552,00680,38,20,1,1,337.1884812870365,653.1106953590532
10005005-39,DE,005,5-39,3710,162,2358,1025,15,64,1,6,79,2627,102,1867,567,11,52,1,0,27,NA,64320,93404,01530,39,21,1,1,308.96203011546737,598.4380176868618
10005005-40,DE,005,5-40,1916,21,1683,173,1,16,1,1,20,1444,14,1279,127,1,14,0,0,9,NA,41310,91628,00810,40,21,1,1,169.8291478822744,328.947277327685
10005005-41,DE,005,5-41,2563,70,1978,471,5,15,0,2,22,1971,47,1574,324,4,9,0,0,13,NA,18950,93552,00680,41,20,1,1,231.80973024651166,448.9993653828719
10005006-35,DE,005,6-35,3599,77,2878,564,13,33,0,1,33,2647,46,2162,392,8,21,0,0,18,NA,31560,90296,01850,35,19,1,1,311.31423437976474,602.9940741595443
10005006-36,DE,005,6-36,2437,254,1707,433,5,9,0,1,28,1843,169,1365,287,3,8,0,0,11,9830,48330,92664,00170,36,19,1,1,216.7556229550081,419.8406039577032
10005006-37,DE,005,6-37,2503,66,2346,45,3,29,0,3,11,2197,49,2078,33,3,21,0,3,10,9830,20900,91776,00170,37,20,1,1,258.3896384330726,500.4828035241855
10005006-38,DE,005,6-38,1740,230,1336,141,4,15,1,0,13,1335,165,1046,103,4,8,1,0,8,NA,NA,93552,00680,38,20,1,1,157.0096346418534,304.1167695515647
10005006-39,DE,005,6-39,2637,57,2350,159,3,39,1,0,28,2087,38,1892,108,2,31,1,0,15,NA,64320,93404,01530,39,21,1,1,245.45251497943678,475.42449292443115
10005006-40,DE,005,6-40,4055,50,3477,409,15,31,0,13,60,3009,27,2655,261,13,27,0,6,20,NA,20380,91628,00270,40,21,1,1,353.8891315635483,685.4586963150998
10005006-41,DE,005,6-41,2015,189,1127,665,6,5,0,1,22,1466,96,868,479,4,5,0,0,14,NA,28310,93552,00680,41,20,1,1,172.41657257300156,333.9589394476358
10005007-35,DE,005,7-35,4939,363,3191,1264,12,19,0,10,80,3475,218,2363,830,9,17,0,1,37,NA,08680,90296,01850,35,19,1,1,408.69549092167836,791.6148121286047
10005007-36,DE,005,7-36,6672,148,5784,589,26,56,1,9,59,5281,94,4684,410,19,43,1,4,26,9830,48330,92664,00170,36,18,1,1,621.0995359877362,1203.026711611845
10005007-37,DE,005,7-37,4304,70,4101,51,6,51,1,2,22,3664,48,3512,46,6,39,1,0,12,9830,NA,91776,00170,37,18,1,1,430.92382121928904,834.6695457954555
10005007-38,DE,005,7-38,2816,449,1572,695,5,57,5,0,33,2028,289,1234,445,5,38,5,0,12,NA,64840,93552,00680,38,20,1,1,238.51351239975932,461.9841263300174
10005007-40,DE,005,7-40,3170,57,2850,184,8,38,2,11,20,2337,37,2136,121,6,23,1,3,10,NA,41310,91628,00810,40,21,1,1,274.8550682831546,532.3751988329637
10005007-41,DE,005,7-41,1205,21,1137,37,1,2,0,0,7,922,15,875,27,1,1,0,0,3,NA,NA,91628,00680,41,21,1,1,108.43661658411149,210.03420339066864
10005008-35,DE,005,8-35,3484,220,2471,698,18,28,2,4,43,2534,134,1885,459,13,17,2,1,23,NA,24020,92368,01080,35,19,1,1,298.0242802864843,577.2523550888876
10005008-37,DE,005,8-37,2040,10,1998,9,5,5,1,1,11,1772,10,1740,7,3,5,1,0,6,9830,NA,91776,00170,37,20,1,1,208.40529781675224,403.6666034796799
10005008-38,DE,005,8-38,3051,34,2952,29,4,18,0,0,14,2747,29,2662,23,4,16,0,0,13,NA,NA,93552,00680,38,20,1,1,323.07525570125193,625.7743565229575
10005008-41,DE,005,8-41,2980,111,2572,238,17,8,0,2,32,2267,62,2000,177,12,7,0,1,8,NA,47940,92516,00680,41,20,1,1,266.6223533581136,516.4290011785747
10005009-35,DE,005,9-35,2997,83,1299,1583,1,1,0,1,29,2055,51,996,993,1,1,0,1,12,NA,NA,91036,00680,35,19,1,1,241.68898815656087,468.1348025681389
10005ZZZZZZ,DE,005,ZZZZZZ,0,0,0,0,0,0,0,0,0,0,0,0,0,0,0,0,0,0,NA,41830,91776,00170,ZZZ,ZZZ,1,1,0,0
