GEOID,state,county,vtd,pop,pop_hisp,pop_white,pop_black,pop_aian,pop_asian,pop_nhpi,pop_other,pop_two,vap,vap_hisp,vap_white,vap_black,vap_aian,vap_asian,vap_nhpi,vap_other,vap_two,ai_an_nh,place,COUNTYFP,COUSUBFP,DISTRICT.x,DISTRICT.y,school,cd_1990,cd_2000,ndv,nrv
15001000101,HI,001,0101,4314,471,1467,32,9,937,370,6,1022,3363,294,1288,21,8,828,266,6,652,NA,NA,NA,NA,NA,NA,NA,2,2,685.5528704757569,544.3267744138402
15001000102,HI,001,0102,1724,347,318,0,7,437,162,0,453,1201,194,263,0,6,352,109,0,277,NA,NA,NA,NA,NA,NA,NA,2,2,244.8257500569087,194.39085818347368
15001000103,HI,001,0103,621,76,159,1,5,133,92,1,154,473,41,133,1,4,122,67,1,104,NA,NA,NA,NA,NA,NA,NA,2,2,96.42179831550193,76.55859776917823
15001000104,HI,001,0104,4192,374,1174,1,7,1439,171,6,1020,3124,224,1014,1,6,1172,115,6,586,NA,NA,NA,NA,NA,NA,NA,2,2,636.83234236285,505.6428317778284
15001000105,HI,001,0105,1231,139,332,0,5,342,66,2,345,889,80,268,0,4,296,46,0,195,NA,NA,NA,NA,NA,NA,NA,2,2,181.22405645344867,143.8913180059185
15001000106,HI,001,0106,335,30,93,0,0,91,11,0,110,243,15,70,0,0,75,11,0,72,NA,NA,NA,NA,NA,NA,NA,2,2,49.535934441156385,39.33137263828819
15001000107,HI,001,0107,1171,124,276,3,8,410,69,0,281,888,65,231,3,7,337,60,0,185,NA,NA,NA,NA,NA,NA,NA,2,2,181.0202048713863,143.72946050534944
15001000108,HI,001,0108,278,22,112,0,0,87,11,0,46,208,13,86,0,0,72,6,0,31,NA,NA,NA,NA,NA,NA,NA,2,2,42.40112906897337,33.666360118370136
15001000109,HI,001,0109,268,16,95,1,0,92,5,2,57,211,9,79,1,0,84,5,2,31,NA,NA,NA,NA,NA,NA,NA,2,2,43.012683815160486,34.151932620077396
15001000110,HI,001,0110,596,73,133,0,4,162,33,4,187,445,41,116,0,3,149,21,0,115,NA,NA,NA,NA,NA,NA,NA,2,2,90.71395401775553,72.0265877532438
15001000111,HI,001,0111,1830,177,228,3,14,952,86,1,369,1410,102,195,2,10,823,53,1,224,NA,NA,NA,NA,NA,NA,NA,2,2,287.43073070794446,228.21907580241293
15001000112,HI,001,0112,1618,116,276,7,4,689,135,3,388,1222,70,228,6,2,586,96,1,233,NA,NA,NA,NA,NA,NA,NA,2,2,249.10663328021855,197.78986569542457
15001000113,HI,001,0113,2218,152,556,4,1,914,125,1,465,1728,97,485,4,1,779,88,1,273,NA,NA,NA,NA,NA,NA,NA,2,2,352.25553380377875,279.68976098338266
15001000114,HI,001,0114,2121,273,585,16,0,490,241,3,513,1640,170,514,15,0,442,165,2,332,NA,NA,NA,NA,NA,NA,NA,2,2,334.31659458229,265.446300933303
15001000201,HI,001,0201,3786,322,805,3,10,1447,319,11,869,2830,153,695,3,7,1284,200,9,479,NA,NA,NA,NA,NA,NA,NA,2,2,576.8999772365127,458.0567266105167
15001000202,HI,001,0202,2270,215,355,6,2,942,193,3,554,1673,108,293,6,2,822,141,1,300,NA,NA,NA,NA,NA,NA,NA,2,2,341.0436967903483,270.7875984520829
15001000203,HI,001,0203,2663,357,519,14,6,803,293,2,669,1963,197,439,9,4,708,203,2,401,NA,NA,NA,NA,NA,NA,NA,2,2,400.16065558843616,317.7262736171181
15001000204,HI,001,0204,1950,268,446,20,14,532,226,4,440,1496,161,402,18,9,485,153,4,264,NA,NA,NA,NA,NA,NA,NA,2,2,304.96196676530843,242.13882085135444
15001000205,HI,001,0205,3713,429,634,24,12,1198,485,7,924,2892,256,577,19,12,1056,355,5,612,NA,NA,NA,NA,NA,NA,NA,2,2,589.5387753243797,468.09189164580016
15001000206,HI,001,0206,2688,248,536,23,11,789,432,11,638,2185,164,497,19,11,723,345,11,415,NA,NA,NA,NA,NA,NA,NA,2,2,445.4157068062827,353.65863874345547
15001000207,HI,001,0207,1436,47,211,2,2,878,61,0,235,1123,37,187,1,1,709,49,0,139,NA,NA,NA,NA,NA,NA,NA,2,2,228.9253266560437,181.7659731390849
15001000208,HI,001,0208,2255,240,389,8,8,720,217,4,669,1564,127,312,4,6,595,143,2,375,NA,NA,NA,NA,NA,NA,NA,2,2,318.82387434554977,253.14513089005237
15001000209,HI,001,0209,1214,120,226,3,4,327,166,3,365,817,63,192,2,3,275,104,0,178,NA,NA,NA,NA,NA,NA,NA,2,2,166.5467425449579,132.23757796494425
15001000301,HI,001,0301,4779,302,530,15,4,2483,320,4,1121,3525,175,453,10,4,2038,202,2,641,NA,NA,NA,NA,NA,NA,NA,2,2,718.5768267698612,570.5476895060324
15001000302,HI,001,0302,3767,237,402,5,2,1933,267,3,918,2937,127,352,4,2,1694,194,2,562,NA,NA,NA,NA,NA,NA,NA,2,2,598.7120965171864,475.37547917140904
15001000303,HI,001,0303,2252,139,203,2,3,1314,146,0,445,1772,73,178,2,2,1145,105,0,267,NA,NA,NA,NA,NA,NA,NA,2,2,361.22500341452314,286.81149100842254
15001000304,HI,001,0304,3809,269,306,14,7,1300,764,3,1146,2758,158,263,7,3,1120,533,3,671,NA,NA,NA,NA,NA,NA,NA,2,2,562.2226633280218,446.40298656954246
15001000305,HI,001,0305,2153,129,332,7,6,160,947,3,569,1590,70,310,6,4,144,663,1,392,NA,NA,NA,NA,NA,NA,NA,2,2,324.1240154791714,257.3534259048486
15001000306,HI,001,0306,2065,218,204,2,0,1138,90,1,412,1484,127,162,2,0,895,64,1,233,NA,NA,NA,NA,NA,NA,NA,2,2,302.51574778056,240.1965308445254
15001000307,HI,001,0307,1498,146,291,5,6,528,126,3,393,1091,86,240,4,6,448,78,3,226,NA,NA,NA,NA,NA,NA,NA,2,2,222.40207603004782,176.58653312087412
15001000308,HI,001,0308,3221,491,892,15,20,591,310,10,892,2233,244,729,8,14,512,207,7,512,NA,NA,NA,NA,NA,NA,NA,2,2,455.20058274527656,361.4277987707717
15001000401,HI,001,0401,2692,301,1246,27,21,232,256,11,598,1888,175,959,14,15,192,173,8,352,NA,NA,NA,NA,NA,NA,NA,2,2,384.87178693375824,305.5869610744366
15001000402,HI,001,0402,4499,679,1269,29,16,844,452,4,1206,2973,352,1032,20,13,606,282,4,664,NA,NA,NA,NA,NA,NA,NA,2,2,606.0507534714318,481.2023491918962
15001000403,HI,001,0403,6608,969,2085,23,22,1277,607,11,1614,4578,508,1769,18,19,987,396,7,874,NA,NA,NA,NA,NA,NA,NA,2,2,933.2325426815388,740.9836376052812
15001000404,HI,001,0404,2578,225,1180,15,27,469,228,15,419,1919,130,983,13,20,384,146,9,234,NA,NA,NA,NA,NA,NA,NA,2,2,391.19118597769176,310.6045435920783
15001000405,HI,001,0405,2260,217,1046,7,11,249,240,8,482,1798,137,920,7,8,236,172,8,310,NA,NA,NA,NA,NA,NA,NA,2,2,366.52514454814474,291.0197860232187
15001000406,HI,001,0406,1521,92,173,0,4,660,159,6,427,1112,50,154,0,4,541,111,4,248,NA,NA,NA,NA,NA,NA,NA,2,2,226.68295925335764,179.98554063282495
15001000407,HI,001,0407,2012,120,536,20,10,541,257,6,522,1449,64,465,12,8,433,174,4,289,NA,NA,NA,NA,NA,NA,NA,2,2,295.38094240837694,234.53151832460733
15001000408,HI,001,0408,2189,183,1205,16,21,135,228,15,386,1652,93,1042,10,16,113,156,12,210,NA,NA,NA,NA,NA,NA,NA,2,2,336.76281356703845,267.388590940132
15001000409,HI,001,0409,1727,221,567,20,5,337,223,3,351,1195,104,458,8,4,280,136,3,202,NA,NA,NA,NA,NA,NA,NA,2,2,243.60264056453448,193.41971318005918
15001000410,HI,001,0410,635,34,419,6,5,15,77,10,69,502,20,349,6,5,11,56,5,50,NA,NA,NA,NA,NA,NA,NA,2,2,102.33349419531072,81.25246528568177
15001000411,HI,001,0411,3657,576,896,10,11,576,485,2,1101,2506,311,762,8,9,482,302,2,630,NA,NA,NA,NA,NA,NA,NA,2,2,510.8520646483041,405.6148964261325
15001000501,HI,001,0501,662,38,307,2,2,30,116,4,163,483,22,262,2,1,26,76,2,92,NA,NA,NA,NA,NA,NA,NA,2,2,98.46031413612566,78.17717277486912
15001000502,HI,001,0502,951,53,360,3,2,54,234,0,245,675,31,295,3,1,52,152,0,141,NA,NA,NA,NA,NA,NA,NA,2,2,137.59981789210107,109.25381288413385
15001000503,HI,001,0503,1373,46,427,3,12,283,195,6,401,1006,33,350,3,8,247,125,3,237,NA,NA,NA,NA,NA,NA,NA,2,2,205.07469155474618,162.82864557250173
15001000504,HI,001,0504,940,89,331,4,2,121,138,5,250,706,50,281,4,2,108,99,2,160,NA,NA,NA,NA,NA,NA,NA,2,2,143.91921693603462,114.27139540177556
15001000505,HI,001,0505,5238,451,1515,15,15,1695,389,21,1137,3960,256,1263,15,11,1463,276,10,666,NA,NA,NA,NA,NA,NA,NA,2,2,807.2522649669929,640.9557022535852
15001000506,HI,001,0506,2767,224,1333,18,9,475,209,4,495,2135,149,1098,13,8,418,154,1,294,NA,NA,NA,NA,NA,NA,NA,2,2,435.2231277031641,345.56576371500114
15001000507,HI,001,0507,1451,124,571,1,1,326,107,2,319,1120,80,489,1,1,285,75,0,189,NA,NA,NA,NA,NA,NA,NA,2,2,228.3137719098566,181.28040063737765
15001000508,HI,001,0508,4015,252,2348,30,8,515,294,7,561,3192,163,2079,23,7,411,201,7,301,NA,NA,NA,NA,NA,NA,NA,2,2,650.6942499430913,516.6491418165264
15001000509,HI,001,0509,3796,281,1744,16,16,676,417,2,644,3043,173,1576,14,12,565,290,2,411,NA,NA,NA,NA,NA,NA,NA,2,2,620.3203642157979,492.53237423173226
15001000510,HI,001,0510,1226,85,710,6,4,204,32,0,185,934,44,589,3,4,164,27,0,103,NA,NA,NA,NA,NA,NA,NA,2,2,190.39737764625542,151.17490553152743
15001000511,HI,001,0511,612,21,464,1,0,70,16,0,40,524,17,408,1,0,60,12,0,26,NA,NA,NA,NA,NA,NA,NA,2,2,106.8182290006829,84.81333029820169
15001000601,HI,001,0601,5796,515,1968,15,21,1022,778,4,1473,4069,279,1624,8,14,792,527,4,821,NA,NA,NA,NA,NA,NA,NA,2,2,829.4720874117914,658.5981698156157
15001000602,HI,001,0602,4378,442,1812,19,11,585,577,4,928,3263,265,1560,17,10,465,392,3,551,NA,NA,NA,NA,NA,NA,NA,2,2,665.1677122695197,528.1410243569314
15001000603,HI,001,0603,3927,257,1783,17,16,446,420,2,986,2858,148,1460,11,14,368,296,1,560,NA,NA,NA,NA,NA,NA,NA,2,2,582.6078215342591,462.5887366264512
15001000604,HI,001,0604,4920,432,2205,22,10,776,423,6,1046,3480,230,1806,18,10,607,254,2,553,NA,NA,NA,NA,NA,NA,NA,2,2,709.4035055770544,563.2641019804233
15001000605,HI,001,0605,628,37,350,2,1,61,41,0,136,509,23,317,2,1,55,31,0,80,NA,NA,NA,NA,NA,NA,NA,2,2,103.76045526974733,82.38546778966537
15001000606,HI,001,0606,3241,210,1277,3,7,563,409,6,766,2264,99,989,3,6,466,273,4,424,NA,NA,NA,NA,NA,NA,NA,2,2,461.5199817892101,366.4453812884134
15001000607,HI,001,0607,4342,370,1011,16,5,883,745,0,1312,3054,205,840,10,4,701,510,0,784,NA,NA,NA,NA,NA,NA,NA,2,2,622.5627316184839,494.3128067379923
15001ZZZZZZ,HI,001,ZZZZZZ,0,0,0,0,0,0,0,0,0,0,0,0,0,0,0,0,0,0,NA,NA,NA,NA,NA,NA,NA,2,2,0,0
15003001501,HI,003,1501,4705,174,1356,30,11,2231,161,4,738,3505,105,1105,23,9,1756,126,3,378,NA,NA,NA,NA,NA,NA,NA,1,1,671.6501323048616,632.1833149035508
15003001502,HI,003,1502,4400,134,951,11,3,2359,211,6,725,3580,94,839,9,3,2055,148,6,426,NA,NA,NA,NA,NA,NA,NA,1,1,686.0221037521839,645.7107752795184
15003001503,HI,003,1503,3555,116,1499,18,2,1407,98,6,409,2840,68,1284,15,1,1168,73,2,229,NA,NA,NA,NA,NA,NA,NA,1,1,544.2186521386039,512.2398329033051
15003001504,HI,003,1504,3693,93,899,6,0,1944,131,6,614,2955,53,749,5,0,1690,98,5,355,NA,NA,NA,NA,NA,NA,NA,1,1,566.2556750244981,532.981938813122
15003001505,HI,003,1505,3420,131,777,9,5,1734,89,4,671,2541,69,637,8,2,1401,63,2,359,NA,NA,NA,NA,NA,NA,NA,1,1,486.9223926352791,458.31035753778104
15003001601,HI,003,1601,4310,140,1557,14,9,1977,110,3,500,3485,105,1399,14,8,1594,82,3,280,NA,NA,NA,NA,NA,NA,NA,1,1,667.8176065855756,628.575992136626
15003001602,HI,003,1602,3574,145,1269,31,3,1455,133,9,529,2832,92,1082,24,3,1204,105,6,316,NA,NA,NA,NA,NA,NA,NA,1,1,542.6856418508896,510.7969037965352
15003001603,HI,003,1603,3313,129,578,8,3,1683,236,0,676,2637,83,497,8,2,1434,173,0,440,NA,NA,NA,NA,NA,NA,NA,1,1,505.31851608785166,475.62550681901956
15003001604,HI,003,1604,2401,52,544,4,1,1303,126,5,366,1917,34,481,4,1,1094,95,0,208,NA,NA,NA,NA,NA,NA,NA,1,1,367.34759019355766,345.7618872097309
15003001605,HI,003,1605,4588,104,1147,2,8,2545,145,3,634,3643,70,955,2,8,2133,102,1,372,NA,NA,NA,NA,NA,NA,NA,1,1,698.0945597679346,657.0738419953311
15003001606,HI,003,1606,2033,49,333,2,1,1227,148,1,272,1640,31,289,2,1,1043,109,1,164,NA,NA,NA,NA,NA,NA,NA,1,1,314.26710898144734,295.80046688782403
15003001701,HI,003,1701,3130,69,860,6,1,1849,39,9,297,2482,37,749,6,1,1501,29,4,155,NA,NA,NA,NA,NA,NA,NA,1,1,475.6164417633855,447.6687553753532
15003001702,HI,003,1702,2906,72,829,3,0,1557,108,5,332,2403,47,736,3,0,1326,85,5,201,NA,NA,NA,NA,NA,NA,NA,1,1,460.4779651722061,433.4198304460008
15003001703,HI,003,1703,2809,60,1064,3,1,1299,85,1,296,2201,35,937,3,1,1007,61,1,156,NA,NA,NA,NA,NA,NA,NA,1,1,421.76945540741804,396.9858705000614
15003001704,HI,003,1704,3131,61,780,1,1,1879,57,6,346,2589,43,672,1,1,1602,46,2,222,NA,NA,NA,NA,NA,NA,NA,1,1,496.12045436156535,466.9679321784003
15003001705,HI,003,1705,4389,163,736,14,4,2493,244,8,727,3651,104,676,13,4,2162,184,5,503,NA,NA,NA,NA,NA,NA,NA,1,1,699.6275700556489,658.516771102101
15003001706,HI,003,1706,2037,43,680,11,6,897,92,9,299,1720,39,630,11,3,786,74,1,176,NA,NA,NA,NA,NA,NA,NA,1,1,329.5972118585911,310.22975795552276
15003001707,HI,003,1707,2203,60,429,8,1,1317,59,1,328,1762,41,374,6,1,1099,42,0,199,NA,NA,NA,NA,NA,NA,NA,1,1,337.64551586909164,317.80513576606467
15003001801,HI,003,1801,4085,106,931,10,3,2322,197,4,512,3500,80,839,9,3,2057,164,3,345,NA,NA,NA,NA,NA,NA,NA,1,1,670.6920008750401,631.2814842118197
15003001802,HI,003,1802,1507,67,212,2,0,964,60,1,201,1250,42,190,2,0,848,40,0,128,NA,NA,NA,NA,NA,NA,NA,1,1,239.53285745537147,225.45767293279275
15003001803,HI,003,1803,5303,322,518,19,10,2769,696,7,962,3957,170,472,17,9,2289,408,4,588,NA,NA,NA,NA,NA,NA,NA,1,1,758.2652135607239,713.7088094360487
15003001804,HI,003,1804,3080,80,243,2,1,2119,207,1,427,2535,43,214,2,1,1831,149,0,295,NA,NA,NA,NA,NA,NA,NA,1,1,485.7726349194933,457.22816070770364
15003001805,HI,003,1805,4169,173,575,26,9,2540,269,7,570,3522,128,531,25,9,2202,229,4,394,NA,NA,NA,NA,NA,NA,NA,1,1,674.9077791662546,635.2495392554368
15003001806,HI,003,1806,1707,51,221,8,2,993,133,4,295,1436,38,207,7,2,869,96,4,213,NA,NA,NA,NA,NA,NA,NA,1,1,275.1753466447307,259.00577466519223
15003001901,HI,003,1901,2361,71,369,6,0,1466,102,8,339,2000,50,323,4,0,1301,83,6,233,NA,NA,NA,NA,NA,NA,NA,1,1,383.25257192859436,360.73227669246836
15003001902,HI,003,1902,2233,83,1350,13,1,523,46,4,213,2033,68,1286,11,1,462,42,3,160,NA,NA,NA,NA,NA,NA,NA,1,1,389.5762393654161,366.6843592578941
15003001903,HI,003,1903,4731,231,1863,95,14,1835,203,10,480,4174,186,1771,86,13,1612,160,10,336,NA,NA,NA,NA,NA,NA,NA,1,1,799.8481176149763,752.8482614571815
15003001904,HI,003,1904,2254,115,276,8,2,1386,141,2,324,1910,80,256,5,2,1240,105,1,221,NA,NA,NA,NA,NA,NA,NA,1,1,366.0062061918076,344.4993242413073
15003001905,HI,003,1905,3018,105,319,7,0,1951,197,2,437,2506,65,284,5,0,1705,144,2,301,NA,NA,NA,NA,NA,NA,NA,1,1,480.2154726265287,451.9975426956629
15003001906,HI,003,1906,2225,54,216,6,3,1498,97,0,351,1830,31,201,6,2,1262,81,0,247,NA,NA,NA,NA,NA,NA,NA,1,1,350.6761033146638,330.0700331736086
15003001907,HI,003,1907,2775,91,386,6,0,1766,106,4,416,2291,59,348,5,0,1531,73,1,274,NA,NA,NA,NA,NA,NA,NA,1,1,439.01582114420484,413.21882295122253
15003002001,HI,003,2001,4935,187,574,13,7,2990,342,8,814,4140,114,524,13,7,2640,267,6,569,NA,NA,NA,NA,NA,NA,NA,1,1,793.3328238921903,746.7158127534095
15003002002,HI,003,2002,3088,154,364,19,2,1677,328,3,541,2509,95,337,18,2,1453,220,2,382,NA,NA,NA,NA,NA,NA,NA,1,1,480.7903514844216,452.5386411107016
15003002003,HI,003,2003,2019,121,206,41,3,930,316,2,400,1581,84,191,38,3,779,228,2,256,NA,NA,NA,NA,NA,NA,NA,1,1,302.9611581095538,285.15886472539626
15003002004,HI,003,2004,4594,225,514,53,4,2670,393,12,723,3783,151,464,46,3,2335,289,7,488,NA,NA,NA,NA,NA,NA,NA,1,1,724.9222398029362,682.3251013638039
15003002005,HI,003,2005,4822,234,474,33,4,3023,332,6,716,3964,154,438,31,4,2603,245,5,484,NA,NA,NA,NA,NA,NA,NA,1,1,759.6065975624739,714.9713724044723
15003002101,HI,003,2101,5035,163,1209,52,7,2778,199,24,603,4277,129,1157,44,7,2365,158,16,401,NA,NA,NA,NA,NA,NA,NA,1,1,819.585625069299,771.4259737068436
15003002102,HI,003,2102,4795,215,1875,109,15,1997,246,7,331,4382,185,1814,104,13,1792,202,7,265,NA,NA,NA,NA,NA,NA,NA,1,1,839.7063850955501,790.3644182331982
15003002103,HI,003,2103,3946,134,1800,101,6,1358,174,12,361,3556,126,1715,94,6,1186,144,7,278,NA,NA,NA,NA,NA,NA,NA,1,1,681.4230728890408,641.3819879592088
15003002104,HI,003,2104,641,32,225,20,1,298,10,2,53,611,31,222,18,1,285,10,2,42,NA,NA,NA,NA,NA,NA,NA,1,1,117.08366072418558,110.20371052954908
15003002105,HI,003,2105,5607,183,2556,98,12,2114,235,5,404,5122,144,2479,94,11,1919,185,4,286,NA,NA,NA,NA,NA,NA,NA,1,1,981.50983670913,923.8353606094114
15003002201,HI,003,2201,128,7,5,0,0,91,14,0,11,96,5,5,0,0,66,11,0,9,NA,NA,NA,NA,NA,NA,NA,1,1,18.396123452572528,17.31514928123848
15003002202,HI,003,2202,2503,111,422,21,5,1481,108,0,355,2188,79,397,21,5,1323,99,0,264,NA,NA,NA,NA,NA,NA,NA,1,1,419.2783136898822,394.6411107015604
15003002203,HI,003,2203,3276,138,339,29,2,2000,264,5,499,2817,107,327,29,2,1789,216,5,342,NA,NA,NA,NA,NA,NA,NA,1,1,539.8112475614251,508.09141172134173
15003002204,HI,003,2204,4310,199,457,32,2,2862,230,5,523,3723,137,436,29,2,2571,170,5,373,NA,NA,NA,NA,NA,NA,NA,1,1,713.4246626450783,671.5031330630298
15003002205,HI,003,2205,8147,236,1467,86,8,5368,281,11,690,7350,175,1425,84,8,4878,240,10,530,NA,NA,NA,NA,NA,NA,NA,1,1,1408.4532018375842,1325.6911168448212
15003002301,HI,003,2301,72,4,14,0,0,39,2,0,13,64,4,11,0,0,37,2,0,10,NA,NA,NA,NA,NA,NA,NA,1,1,12.26408230171502,11.543432854158988
15003002302,HI,003,2302,5825,249,1236,58,13,3148,261,10,850,5220,216,1126,52,12,2883,213,8,710,NA,NA,NA,NA,NA,NA,NA,1,1,1000.2892127336311,941.5112421673423
15003002303,HI,003,2303,2860,159,533,31,5,1491,161,7,473,2438,111,508,30,5,1305,131,2,346,NA,NA,NA,NA,NA,NA,NA,1,1,467.1848851809565,439.73264528811893
15003002304,HI,003,2304,2603,109,744,25,6,1279,112,8,320,2144,71,639,20,5,1117,84,6,202,NA,NA,NA,NA,NA,NA,NA,1,1,410.84675710745313,386.7050006143261
15003002305,HI,003,2305,2295,55,550,8,1,1352,42,5,282,1903,37,485,7,1,1187,32,4,150,NA,NA,NA,NA,NA,NA,NA,1,1,364.6648221900575,343.23676127288365
15003002306,HI,003,2306,3390,51,434,4,3,2438,91,6,363,2873,30,386,3,2,2173,68,3,208,NA,NA,NA,NA,NA,NA,NA,1,1,550.5423195754258,518.1919154687308
15003002307,HI,003,2307,3650,61,659,7,5,2432,62,5,419,3063,45,583,7,5,2121,46,1,255,NA,NA,NA,NA,NA,NA,NA,1,1,586.9513139086422,552.4614817545153
15003002401,HI,003,2401,1426,33,542,1,3,644,37,3,163,1188,22,487,1,3,549,27,3,96,NA,NA,NA,NA,NA,NA,NA,1,1,227.65202772558504,214.2749723553262
15003002402,HI,003,2402,2652,148,781,34,1,1178,155,4,351,2352,110,749,31,1,1055,119,3,284,NA,NA,NA,NA,NA,NA,NA,1,1,450.70502458802696,424.2211573903428
15003002403,HI,003,2403,5622,345,738,62,6,3060,462,14,935,4589,225,700,61,5,2626,325,10,637,NA,NA,NA,NA,NA,NA,NA,1,1,879.3730262901596,827.7002088708687
15003002404,HI,003,2404,2144,112,430,30,2,1151,111,5,303,1792,86,401,26,2,961,90,4,222,NA,NA,NA,NA,NA,NA,NA,1,1,343.39430444802053,323.21611991645165
15003002405,HI,003,2405,5889,224,1211,69,13,3309,304,11,748,5081,163,1154,65,9,2938,223,10,519,NA,NA,NA,NA,NA,NA,NA,1,1,973.6531589845939,916.440348937216
15003002406,HI,003,2406,1850,56,574,2,1,826,107,5,279,1519,39,509,2,1,727,70,3,168,NA,NA,NA,NA,NA,NA,NA,1,1,291.08032837976737,273.9761641479297
15003002501,HI,003,2501,3846,190,424,59,8,2321,266,2,576,3267,145,395,51,7,2052,197,2,418,NA,NA,NA,NA,NA,NA,NA,1,1,626.0430762453589,589.256173977147
15003002502,HI,003,2502,3042,107,514,15,7,1946,130,5,318,2568,72,491,12,6,1671,100,4,212,NA,NA,NA,NA,NA,NA,NA,1,1,492.09630235631516,463.1802432731294
15003002503,HI,003,2503,9631,364,2490,149,11,5150,520,25,922,8444,273,2357,137,10,4539,388,22,718,NA,NA,NA,NA,NA,NA,NA,1,1,1618.0923586825252,1523.0116721956015
15003002504,HI,003,2504,6560,194,1115,60,7,4272,276,11,625,5751,139,1073,57,6,3756,210,9,501,NA,NA,NA,NA,NA,NA,NA,1,1,1102.042770580673,1037.2856616291929
15003002505,HI,003,2505,2512,163,441,31,4,1186,273,4,410,2127,121,415,29,4,1043,190,3,322,NA,NA,NA,NA,NA,NA,NA,1,1,407.58911024606005,383.6387762624401
15003002506,HI,003,2506,1258,57,283,19,0,667,83,0,149,1110,40,271,19,0,602,65,0,113,NA,NA,NA,NA,NA,NA,NA,1,1,212.70517742036984,200.20641356431994
15003002601,HI,003,2601,3051,99,813,22,5,1600,130,1,381,2661,79,790,22,5,1386,110,1,268,NA,NA,NA,NA,NA,NA,NA,1,1,509.9175469509948,479.95429413932914
15003002602,HI,003,2602,1047,76,262,11,1,406,104,0,187,885,58,246,11,1,370,72,0,127,NA,NA,NA,NA,NA,NA,NA,1,1,169.58926307840298,159.62403243641725
15003002603,HI,003,2603,3594,210,576,29,2,1731,362,14,670,2863,135,529,27,2,1479,259,10,422,NA,NA,NA,NA,NA,NA,NA,1,1,548.6260567157829,516.3882540852685
15003002604,HI,003,2604,3813,182,842,23,5,2060,176,5,520,3259,123,782,20,5,1817,135,5,372,NA,NA,NA,NA,NA,NA,NA,1,1,624.5100659576445,587.8132448703773
15003002605,HI,003,2605,3391,106,607,9,3,2075,125,2,464,2807,66,520,7,3,1824,101,1,285,NA,NA,NA,NA,NA,NA,NA,1,1,537.8949847017822,506.28775033787934
15003002606,HI,003,2606,3386,82,312,11,2,2234,200,7,538,2796,46,276,8,2,1940,154,5,365,NA,NA,NA,NA,NA,NA,NA,1,1,535.7870955561749,504.3037228160708
15003002607,HI,003,2607,1787,82,64,8,0,183,932,0,518,1313,41,59,8,0,161,667,0,377,NA,NA,NA,NA,NA,NA,NA,1,1,251.60531347112217,236.8207396486055
15003002701,HI,003,2701,2039,88,226,9,0,1445,79,0,192,1792,65,211,9,0,1297,64,0,146,NA,NA,NA,NA,NA,NA,NA,1,1,343.39430444802053,323.21611991645165
15003002702,HI,003,2702,3403,142,216,14,2,2280,257,1,491,2816,98,198,12,2,1964,204,1,337,NA,NA,NA,NA,NA,NA,NA,1,1,539.6196212754609,507.9110455829955
15003002703,HI,003,2703,3814,124,232,4,2,2610,317,4,521,3061,89,206,4,2,2224,214,4,318,NA,NA,NA,NA,NA,NA,NA,1,1,586.5680613367136,552.1007494778228
15003002704,HI,003,2704,2813,139,200,7,2,1646,322,0,497,2141,82,173,6,2,1358,197,0,323,NA,NA,NA,NA,NA,NA,NA,1,1,410.2718782495602,386.16390219928735
15003002705,HI,003,2705,4392,147,439,3,5,2915,256,2,625,3692,99,402,3,4,2577,205,0,402,NA,NA,NA,NA,NA,NA,NA,1,1,707.4842477801852,665.9117827742966
15003002706,HI,003,2706,1865,61,180,1,2,1297,78,0,246,1508,38,155,0,2,1089,58,0,166,NA,NA,NA,NA,NA,NA,NA,1,1,288.9724392341601,271.9921366261211
15003002707,HI,003,2707,532,12,83,3,0,343,42,0,49,462,9,78,2,0,309,38,0,26,NA,NA,NA,NA,NA,NA,NA,1,1,88.53134411550529,83.32915591596019
15003002801,HI,003,2801,3006,117,138,9,0,1965,330,1,446,2391,76,129,7,0,1659,223,1,296,NA,NA,NA,NA,NA,NA,NA,1,1,458.1784497406345,431.2554367858459
15003002802,HI,003,2802,4375,370,264,17,7,2810,295,5,607,3321,240,241,14,6,2207,214,1,398,NA,NA,NA,NA,NA,NA,NA,1,1,636.3908956874309,598.9959454478437
15003002803,HI,003,2803,4673,150,161,14,0,3511,284,4,549,3650,109,141,14,0,2819,208,3,356,NA,NA,NA,NA,NA,NA,NA,1,1,699.4359437696846,658.3364049637548
15003002804,HI,003,2804,6521,323,332,23,2,3525,1379,21,916,4559,194,292,18,2,2804,690,15,544,NA,NA,NA,NA,NA,NA,NA,1,1,873.6242377112308,822.2892247204817
15003002805,HI,003,2805,2368,84,105,7,2,1751,139,0,280,1838,49,88,6,2,1417,91,0,185,NA,NA,NA,NA,NA,NA,NA,1,1,352.2091136023782,331.5129622803784
15003002901,HI,003,2901,6114,250,210,19,3,4355,655,21,601,4781,165,199,17,3,3573,412,17,395,NA,NA,NA,NA,NA,NA,NA,1,1,916.1652731953047,862.3305074333456
15003002902,HI,003,2902,2082,74,52,0,0,1495,206,10,245,1566,49,49,0,0,1163,148,9,148,NA,NA,NA,NA,NA,NA,NA,1,1,300.08676382008935,282.4533726502027
15003002903,HI,003,2903,2462,88,35,8,1,1985,140,4,201,1910,56,33,5,0,1589,97,2,128,NA,NA,NA,NA,NA,NA,NA,1,1,366.0062061918076,344.4993242413073
15003002904,HI,003,2904,7721,483,1014,253,12,3108,1936,10,905,5118,258,747,189,8,2414,997,10,495,NA,NA,NA,NA,NA,NA,NA,1,1,980.7433315652729,923.1138960560265
15003002905,HI,003,2905,446,9,26,2,0,348,18,12,31,383,3,23,2,0,316,15,7,17,NA,NA,NA,NA,NA,NA,NA,1,1,73.39286752432581,69.08023098660769
15003002906,HI,003,2906,2258,85,75,3,2,1649,156,3,285,1747,57,61,3,1,1330,110,2,183,NA,NA,NA,NA,NA,NA,NA,1,1,334.77112157962716,315.0996436908711
15003003001,HI,003,3001,3177,134,190,33,3,2270,183,2,362,2623,105,176,31,2,1904,133,0,272,NA,NA,NA,NA,NA,NA,NA,1,1,502.6357480843515,473.1003808821723
15003003002,HI,003,3002,1489,88,46,8,4,851,245,0,247,1132,52,41,8,2,689,168,0,172,NA,NA,NA,NA,NA,NA,NA,1,1,216.92095571158438,204.1744686079371
15003003003,HI,003,3003,5290,277,370,117,16,3387,512,2,609,4074,209,319,83,14,2589,394,2,464,NA,NA,NA,NA,NA,NA,NA,1,1,780.6854890185466,734.811647622558
15003003004,HI,003,3004,1984,38,42,4,0,1661,79,4,156,1513,26,38,3,0,1286,50,4,106,NA,NA,NA,NA,NA,NA,NA,1,1,289.9305706639816,272.8939673178523
15003003005,HI,003,3005,3499,265,79,10,1,2309,341,3,491,2403,141,62,8,1,1707,223,2,259,NA,NA,NA,NA,NA,NA,NA,1,1,460.4779651722061,433.4198304460008
15003003006,HI,003,3006,2327,146,127,44,1,1140,486,5,378,1567,79,117,41,1,783,323,3,220,NA,NA,NA,NA,NA,NA,NA,1,1,300.2783901060537,282.633738788549
15003003101,HI,003,3101,4142,189,719,216,5,2455,114,10,434,3379,121,559,168,4,2155,96,2,274,NA,NA,NA,NA,NA,NA,NA,1,1,647.5052202733601,609.4571814719253
15003003102,HI,003,3102,1753,32,95,4,0,1361,74,0,187,1507,15,90,4,0,1217,62,0,119,NA,NA,NA,NA,NA,NA,NA,1,1,288.78081294819583,271.81177048777494
15003003103,HI,003,3103,4433,173,482,62,2,3088,128,2,496,3662,120,434,53,2,2618,104,2,329,NA,NA,NA,NA,NA,NA,NA,1,1,701.7354592012563,660.5007986239095
15003003104,HI,003,3104,5415,276,689,135,11,3187,338,6,773,4323,188,628,124,11,2621,241,2,508,NA,NA,NA,NA,NA,NA,NA,1,1,828.4004342236566,779.7228160707704
15003003105,HI,003,3105,5092,365,485,179,2,2835,450,9,767,3818,217,447,153,2,2250,309,7,433,NA,NA,NA,NA,NA,NA,NA,1,1,731.6291598116866,688.6379162059221
15003003106,HI,003,3106,3030,208,220,41,5,1829,302,17,408,2267,139,204,41,5,1414,205,10,249,NA,NA,NA,NA,NA,NA,NA,1,1,434.4167902810617,408.8900356309129
15003003107,HI,003,3107,2681,63,156,13,6,2046,77,4,316,2273,41,143,11,5,1795,59,2,217,NA,NA,NA,NA,NA,NA,NA,1,1,435.5665479968475,409.9722324609903
15003003201,HI,003,3201,10060,968,5531,1126,60,1294,153,43,885,6383,539,3752,757,33,951,95,10,246,NA,NA,NA,NA,NA,NA,NA,1,1,1223.150583310109,1151.277061064013
15003003202,HI,003,3202,9250,824,2648,1441,50,2873,487,37,890,5592,444,1624,791,26,2043,290,12,362,NA,NA,NA,NA,NA,NA,NA,1,1,1071.5741911123498,1008.6074456321415
15003003203,HI,003,3203,11164,1003,5444,1050,60,1543,856,27,1181,7464,586,3782,767,45,1202,497,10,575,NA,NA,NA,NA,NA,NA,NA,1,1,1430.298598437514,1346.2528566162919
15003003204,HI,003,3204,6822,385,1975,213,12,3045,345,11,836,5061,240,1492,148,11,2422,243,6,499,NA,NA,NA,NA,NA,NA,NA,1,1,969.820633265308,912.8330261702912
15003003205,HI,003,3205,2140,156,133,19,2,1388,71,3,368,1664,105,126,15,2,1149,53,1,213,NA,NA,NA,NA,NA,NA,NA,1,1,318.8661398445905,300.1292542081337
15003003301,HI,003,3301,3994,485,709,103,7,1102,529,3,1056,3083,349,529,79,7,882,457,2,778,NA,NA,NA,NA,NA,NA,NA,1,1,590.7838396279282,556.06880452144
15003003302,HI,003,3302,5129,208,661,78,5,3042,255,4,876,4194,149,579,69,5,2629,189,3,571,NA,NA,NA,NA,NA,NA,NA,1,1,803.6806433342623,756.4555842241061
15003003303,HI,003,3303,3584,156,443,28,3,2154,200,3,597,2902,111,389,22,2,1850,150,1,377,NA,NA,NA,NA,NA,NA,NA,1,1,556.0994818683904,523.4225334807716
15003003304,HI,003,3304,2365,128,402,20,3,1304,146,5,357,1916,84,366,16,3,1125,99,2,221,NA,NA,NA,NA,NA,NA,NA,1,1,367.1559639075934,345.5815210713847
15003003305,HI,003,3305,4192,256,906,106,14,1983,252,6,669,3340,155,816,87,13,1712,168,4,385,NA,NA,NA,NA,NA,NA,NA,1,1,640.0317951207526,602.4229020764222
15003003306,HI,003,3306,5315,418,1420,270,16,2121,242,7,821,4449,303,1310,250,15,1865,176,6,524,NA,NA,NA,NA,NA,NA,NA,1,1,852.545346255158,802.4489495023959
15003003401,HI,003,3401,4026,297,701,65,10,1831,403,20,699,2937,182,517,50,8,1465,280,13,422,NA,NA,NA,NA,NA,NA,NA,1,1,562.8064018771407,529.7353483228898
15003003402,HI,003,3402,6362,238,690,88,3,4230,235,5,873,4904,166,586,62,2,3378,174,5,531,NA,NA,NA,NA,NA,NA,NA,1,1,939.7353063689133,884.5155424499325
15003003403,HI,003,3403,6381,488,567,92,3,3619,441,4,1167,4949,297,511,77,3,3071,287,3,700,NA,NA,NA,NA,NA,NA,NA,1,1,948.3584892373067,892.632018675513
15003003404,HI,003,3404,4535,129,611,37,7,3168,92,5,486,3704,93,528,33,5,2672,67,4,302,NA,NA,NA,NA,NA,NA,NA,1,1,709.7837632117568,668.0761764344514
15003003501,HI,003,3501,4145,348,472,38,2,1945,369,7,964,3191,208,418,29,2,1672,240,6,616,NA,NA,NA,NA,NA,NA,NA,1,1,611.4794785120723,575.5483474628334
15003003502,HI,003,3502,2702,179,318,16,2,1436,198,2,551,2141,110,286,13,2,1244,135,1,350,NA,NA,NA,NA,NA,NA,NA,1,1,410.2718782495602,386.16390219928735
15003003503,HI,003,3503,4619,242,487,57,3,3048,156,8,618,3828,161,423,40,2,2670,124,6,402,NA,NA,NA,NA,NA,NA,NA,1,1,733.5454226713296,690.4415775893845
15003003504,HI,003,3504,2237,98,132,8,7,1604,117,3,268,1849,64,124,7,5,1375,93,1,180,NA,NA,NA,NA,NA,NA,NA,1,1,354.31700274798544,333.496989802187
15003003505,HI,003,3505,4574,184,269,20,1,3262,235,13,590,3820,105,231,14,1,2915,166,12,376,NA,NA,NA,NA,NA,NA,NA,1,1,732.0124123836152,688.9986484826146
15003003601,HI,003,3601,2079,102,94,3,1,1501,95,0,283,1749,61,82,3,0,1339,66,0,198,NA,NA,NA,NA,NA,NA,NA,1,1,335.15437415155577,315.4603759675636
15003003602,HI,003,3602,4439,542,894,156,8,1562,398,7,872,3223,331,690,111,8,1294,267,5,517,NA,NA,NA,NA,NA,NA,NA,1,1,617.6115196629297,581.3200638899127
15003003603,HI,003,3603,6206,624,2579,536,41,1441,254,19,712,5167,462,2350,461,41,1226,187,12,428,NA,NA,NA,NA,NA,NA,NA,1,1,990.1330195775234,931.951836834992
15003003604,HI,003,3604,3695,193,135,38,1,2429,409,11,479,2767,122,125,27,1,1961,240,6,285,NA,NA,NA,NA,NA,NA,NA,1,1,530.2299332632102,499.07310480403
15003003605,HI,003,3605,1126,57,35,8,5,265,553,6,197,661,37,32,6,5,201,277,3,100,NA,NA,NA,NA,NA,NA,NA,1,1,126.66497502240041,119.22201744686078
15003003606,HI,003,3606,1838,111,58,10,5,1351,93,12,198,1438,71,54,10,4,1083,67,10,139,NA,NA,NA,NA,NA,NA,NA,1,1,275.55859921665933,259.3665069418848
15003003607,HI,003,3607,6306,288,211,28,2,4873,244,18,642,4856,195,195,24,2,3869,162,15,394,NA,NA,NA,NA,NA,NA,NA,1,1,930.537244642627,875.8579678093132
15003003701,HI,003,3701,449,26,47,1,1,289,19,1,65,367,21,42,1,1,236,17,1,48,NA,NA,NA,NA,NA,NA,NA,1,1,70.32684694889706,66.19437277306794
15003003702,HI,003,3702,2592,213,267,13,2,1466,164,6,461,1957,133,228,11,1,1162,113,5,304,NA,NA,NA,NA,NA,NA,NA,1,1,375.01264163212954,352.97653274358026
15003003703,HI,003,3703,6895,330,1008,119,4,4126,215,1,1092,5112,190,884,95,4,3190,159,1,589,NA,NA,NA,NA,NA,NA,NA,2,1,979.593573849487,922.0316992259491
15003003704,HI,003,3704,5927,296,210,46,9,4582,215,2,567,4627,179,191,37,8,3708,146,2,356,NA,NA,NA,NA,NA,NA,NA,2,1,886.654825156803,834.5541221280256
15003003705,HI,003,3705,2186,114,125,18,0,1600,114,11,204,1700,66,110,16,0,1281,80,5,142,NA,NA,NA,NA,NA,NA,NA,2,1,325.7646861393052,306.6224351885981
15003003706,HI,003,3706,3412,161,148,34,3,2409,265,10,382,2522,101,124,25,3,1888,151,5,225,NA,NA,NA,NA,NA,NA,NA,2,1,483.2814932019574,454.8834009092026
15003003707,HI,003,3707,5899,557,341,66,12,3050,916,10,947,4103,309,292,57,6,2324,547,8,560,NA,NA,NA,NA,NA,NA,NA,2,1,786.2426513115113,740.0422656345988
15003003801,HI,003,3801,8936,603,1281,312,16,4494,467,5,1758,6595,395,1140,246,14,3434,332,4,1030,NA,NA,NA,NA,NA,NA,NA,1,1,1263.77535593454,1189.5146823934144
15003003802,HI,003,3802,3615,252,713,107,0,1727,125,7,684,2527,145,561,66,0,1317,92,3,343,NA,NA,NA,NA,NA,NA,NA,1,1,484.2396246317789,455.78523160093374
15003003803,HI,003,3803,4998,463,1047,159,8,2070,231,17,1003,3620,236,832,112,7,1691,159,9,574,NA,NA,NA,NA,NA,NA,NA,1,1,693.6871551907557,652.9254208133677
15003003804,HI,003,3804,4025,253,620,111,4,2172,141,10,714,2906,147,491,74,2,1687,100,4,401,NA,NA,NA,NA,NA,NA,NA,1,1,556.8659870122475,524.1439980341564
15003003901,HI,003,3901,4568,297,821,133,10,2274,170,6,857,3373,175,643,88,4,1860,117,5,481,NA,NA,NA,NA,NA,NA,NA,1,1,646.3554625575744,608.374984641848
15003003902,HI,003,3902,5577,403,972,169,2,2747,174,12,1098,4131,227,777,110,1,2241,127,6,642,NA,NA,NA,NA,NA,NA,NA,1,1,791.6081873185116,745.0925175082934
15003003903,HI,003,3903,3839,249,975,109,6,1559,212,6,723,2942,147,807,88,6,1317,153,2,422,NA,NA,NA,NA,NA,NA,NA,1,1,563.7645333069623,530.637179014621
15003003904,HI,003,3904,6062,751,956,194,9,2193,509,15,1435,4293,417,812,151,9,1759,356,6,783,NA,NA,NA,NA,NA,NA,NA,1,1,822.6516456447276,774.3118319203833
15003003905,HI,003,3905,4646,607,1891,700,36,627,190,26,569,3092,339,1373,458,30,492,122,8,270,NA,NA,NA,NA,NA,NA,NA,2,2,592.5084762016069,557.6920997665561
15003003906,HI,003,3906,5363,339,741,108,4,2906,197,6,1062,3827,198,616,84,4,2241,135,4,545,NA,NA,NA,NA,NA,NA,NA,1,1,733.3537963853652,690.2612114510382
15003003907,HI,003,3907,5259,206,630,52,7,3176,110,7,1071,3529,113,502,40,7,2271,79,5,512,NA,NA,NA,NA,NA,NA,NA,1,1,676.2491631680047,636.5121022238604
15003004001,HI,003,4001,4399,340,353,59,1,2659,254,11,722,3114,179,300,56,1,2027,169,7,375,NA,NA,NA,NA,NA,NA,NA,2,2,596.7242544928214,561.6601548101733
15003004002,HI,003,4002,2769,286,296,24,2,1342,167,7,645,2043,140,257,21,2,1142,123,4,354,NA,NA,NA,NA,NA,NA,NA,2,2,391.4925022250591,368.4880206413564
15003004003,HI,003,4003,4193,398,492,51,12,2047,273,12,908,3139,216,421,37,9,1751,187,10,508,NA,NA,NA,NA,NA,NA,NA,2,2,601.5149116419288,566.1693082688291
15003004004,HI,003,4004,4385,533,328,71,3,1995,414,11,1030,3269,289,292,57,3,1728,261,7,632,NA,NA,NA,NA,NA,NA,NA,2,2,626.4263288172874,589.6169062538395
15003004005,HI,003,4005,4804,560,524,160,13,1813,591,12,1131,3482,325,456,126,12,1545,366,8,644,NA,NA,NA,NA,NA,NA,NA,2,2,667.2427277276827,628.0348937215874
15003004101,HI,003,4101,4938,384,335,89,0,1904,1283,0,943,3170,208,269,65,0,1396,739,0,493,NA,NA,NA,NA,NA,NA,NA,1,1,607.4553265068221,571.7606585575624
15003004102,HI,003,4102,3350,261,364,66,6,1939,185,0,529,2326,154,310,48,3,1397,137,0,277,NA,NA,NA,NA,NA,NA,NA,1,1,445.7227411529552,419.53163779334074
15003004103,HI,003,4103,2832,276,302,21,1,1536,247,7,442,2062,166,257,19,1,1168,165,4,282,NA,NA,NA,NA,NA,NA,NA,1,1,395.13340165838076,371.9149772699349
15003004104,HI,003,4104,10419,876,3018,319,29,3712,707,22,1736,6669,450,1800,199,19,2769,454,9,969,NA,NA,NA,NA,NA,NA,NA,1,1,1277.9557010958977,1202.8617766310358
15003004105,HI,003,4105,5983,637,871,51,11,2300,573,8,1532,4255,361,753,42,8,1819,366,5,901,NA,NA,NA,NA,NA,NA,NA,1,1,815.3698467780845,767.4579186632265
15003004106,HI,003,4106,13511,1116,1656,376,16,7018,673,20,2636,9341,637,1429,289,15,5118,455,14,1384,NA,NA,NA,NA,NA,NA,NA,1,1,1789.9811371925,1684.8000982921735
15003004201,HI,003,4201,1910,203,98,13,5,1120,149,0,322,1397,127,90,12,2,877,90,0,199,NA,NA,NA,NA,NA,NA,NA,1,1,267.7019214921232,251.97149526968917
15003004202,HI,003,4202,3390,298,127,9,2,2305,109,4,536,2476,184,103,6,0,1810,70,4,299,NA,NA,NA,NA,NA,NA,NA,2,2,474.46668404759976,446.5865585452758
15003004203,HI,003,4203,8834,716,1009,98,11,4655,619,6,1720,5625,338,783,65,8,3258,363,0,810,NA,NA,NA,NA,NA,NA,NA,2,2,1077.8978585491716,1014.5595281975673
15003004204,HI,003,4204,5646,573,1030,112,8,1736,702,15,1470,3951,299,845,82,7,1416,459,13,830,NA,NA,NA,NA,NA,NA,NA,2,2,757.1154558449381,712.6266126059712
15003004205,HI,003,4205,5145,558,1242,164,5,1569,410,9,1188,3501,308,1023,125,5,1190,261,1,588,NA,NA,NA,NA,NA,NA,NA,2,2,670.8836271610044,631.461850350166
15003004206,HI,003,4206,624,54,17,8,0,447,31,0,67,420,29,11,6,0,320,18,0,36,NA,NA,NA,NA,NA,NA,NA,2,2,80.4830401050048,75.75377810541835
15003004207,HI,003,4207,11521,789,971,231,13,6666,797,12,2042,7978,442,855,168,8,4884,510,9,1102,NA,NA,NA,NA,NA,NA,NA,2,2,1528.794509423163,1438.9610517262563
15003004208,HI,003,4208,2447,196,738,46,8,782,163,11,503,1749,120,594,37,5,606,118,7,262,NA,NA,NA,NA,NA,NA,NA,2,2,335.15437415155577,315.4603759675636
15003004301,HI,003,4301,1303,111,771,144,5,112,21,13,126,793,60,497,89,5,79,15,7,41,NA,NA,NA,NA,NA,NA,NA,2,2,151.95964476968766,143.0303477085637
15003004302,HI,003,4302,1762,214,367,29,4,634,151,1,362,1341,136,320,21,4,524,106,1,229,NA,NA,NA,NA,NA,NA,NA,2,2,256.9708494781225,241.87099152230005
15003004303,HI,003,4303,6854,579,307,41,2,383,3084,2,2456,4436,299,235,36,2,304,2037,0,1523,NA,NA,NA,NA,NA,NA,NA,2,2,850.0542045376222,800.1041897038948
15003004304,HI,003,4304,5680,757,381,44,19,926,1777,11,1765,3630,403,317,31,16,747,1127,8,981,NA,NA,NA,NA,NA,NA,NA,2,2,695.6034180503987,654.7290821968301
15003004305,HI,003,4305,7993,1131,790,113,7,1740,1644,4,2564,5191,597,682,78,6,1340,1022,3,1463,NA,NA,NA,NA,NA,NA,NA,2,2,994.7320504406665,936.2806241553016
15003004401,HI,003,4401,7760,947,652,47,11,1596,1883,10,2614,5136,500,553,29,8,1283,1252,5,1506,NA,NA,NA,NA,NA,NA,NA,2,2,984.1926047126303,926.3604865462588
15003004402,HI,003,4402,5743,1009,545,57,10,804,1422,2,1894,3737,535,471,43,8,695,881,0,1104,NA,NA,NA,NA,NA,NA,NA,2,2,716.1074306485785,674.0282589998772
15003004403,HI,003,4403,8229,1466,1405,105,29,1083,1528,8,2605,5498,777,1215,86,22,927,971,4,1496,NA,NA,NA,NA,NA,NA,NA,2,2,1053.5613202317058,991.6530286275956
15003004501,HI,003,4501,14991,2420,7657,3077,134,725,242,36,700,10192,1526,5462,2045,96,569,167,13,314,NA,NA,NA,NA,NA,NA,NA,2,2,1953.0551065481168,1838.2916820248188
15003004502,HI,003,4502,5731,388,1583,40,7,2132,267,22,1292,4398,240,1363,28,7,1815,180,14,751,NA,NA,NA,NA,NA,NA,NA,2,2,842.772405670979,793.250276446738
15003004503,HI,003,4503,8296,943,2430,534,22,2223,460,15,1669,5995,554,1879,365,18,1869,323,12,975,NA,NA,NA,NA,NA,NA,NA,2,2,1148.7995843559615,1081.294999385674
15003004504,HI,003,4504,4353,366,2295,9,17,610,270,14,772,3327,246,1873,8,13,526,193,13,455,NA,NA,NA,NA,NA,NA,NA,2,2,637.5406534032167,600.0781422779211
15003004505,HI,003,4505,1225,77,359,7,0,271,245,2,264,856,37,307,4,0,216,144,2,146,NA,NA,NA,NA,NA,NA,NA,2,2,164.0321007854384,154.39341442437646
15003004506,HI,003,4506,1909,164,195,7,2,552,493,7,489,1255,73,156,6,1,449,322,6,242,NA,NA,NA,NA,NA,NA,NA,2,2,240.49098888519293,226.35950362452388
15003004601,HI,003,4601,6100,277,1477,26,12,481,2333,20,1474,4045,151,1162,24,5,433,1439,7,824,NA,NA,NA,NA,NA,NA,NA,2,2,775.128326725582,729.5810296105172
15003004602,HI,003,4602,5312,437,1263,21,6,369,1532,11,1673,3657,223,1086,18,6,322,987,11,1004,NA,NA,NA,NA,NA,NA,NA,2,2,700.7773277714347,659.5989679321783
15003004603,HI,003,4603,3330,227,588,7,6,817,582,6,1097,2388,130,508,7,6,690,374,5,668,NA,NA,NA,NA,NA,NA,NA,2,2,457.6035708827416,430.71433837080724
15003004604,HI,003,4604,3771,257,1079,33,2,1011,390,5,994,2797,139,906,28,2,843,279,4,596,NA,NA,NA,NA,NA,NA,NA,2,2,535.9787218421392,504.484088954417
15003004701,HI,003,4701,7374,617,1445,46,12,2520,730,11,1993,5349,336,1245,39,8,2056,459,7,1199,NA,NA,NA,NA,NA,NA,NA,2,2,1025.0090036230256,964.7784740140066
15003004702,HI,003,4702,3648,182,1304,41,3,1198,214,5,701,2962,121,1189,37,3,1017,160,4,431,NA,NA,NA,NA,NA,NA,NA,2,2,567.5970590262482,534.2445017815456
15003004703,HI,003,4703,5157,476,854,78,7,1690,620,14,1418,3736,267,735,58,7,1375,425,11,858,NA,NA,NA,NA,NA,NA,NA,2,2,715.9158043626142,673.8478928615309
15003004704,HI,003,4704,3690,200,832,23,10,1471,330,12,812,2663,126,724,20,7,1142,208,3,433,NA,NA,NA,NA,NA,NA,NA,2,2,510.30079952292334,480.3150264160216
15003004801,HI,003,4801,2813,280,444,27,3,865,432,1,761,2117,164,401,20,3,762,282,1,484,NA,NA,NA,NA,NA,NA,NA,2,2,405.67284738641706,381.8351148789778
15003004802,HI,003,4802,1688,111,237,10,0,608,212,1,509,1309,67,212,9,0,530,156,0,335,NA,NA,NA,NA,NA,NA,NA,2,2,250.83880832726499,236.09927509522055
15003004803,HI,003,4803,5469,304,1025,15,3,2496,552,2,1072,4249,185,887,14,3,2091,386,2,681,NA,NA,NA,NA,NA,NA,NA,2,2,814.2200890622987,766.3757218331491
15003004804,HI,003,4804,5735,283,723,24,6,2863,607,2,1227,4395,187,626,21,2,2393,407,2,757,NA,NA,NA,NA,NA,NA,NA,2,2,842.197526813086,792.7091780316991
15003004805,HI,003,4805,4074,371,451,23,1,1602,500,1,1125,2988,197,373,17,1,1396,324,1,679,NA,NA,NA,NA,NA,NA,NA,2,2,572.5793424613199,538.9340213785478
15003004901,HI,003,4901,1725,98,995,23,0,279,45,0,285,1352,59,846,22,0,244,29,0,152,NA,NA,NA,NA,NA,NA,NA,2,2,259.0787386237298,243.85501904410862
15003004902,HI,003,4902,14988,1880,9134,1402,113,967,274,35,1183,11277,1336,7268,1026,99,767,203,12,566,NA,NA,NA,NA,NA,NA,NA,2,2,2160.9696268193793,2033.9889421304829
15003004903,HI,003,4903,3474,144,2062,17,19,355,224,2,651,2618,82,1670,14,13,306,155,1,377,NA,NA,NA,NA,NA,NA,NA,2,2,501.67761665452997,472.1985501904411
15003004904,HI,003,4904,2048,98,1295,11,6,246,102,3,287,1591,59,1068,8,5,207,72,2,170,NA,NA,NA,NA,NA,NA,NA,2,2,304.8774209691968,286.9625261088586
15003004905,HI,003,4905,4366,342,1289,19,9,1042,488,16,1161,3341,206,1114,17,6,898,331,8,761,NA,NA,NA,NA,NA,NA,NA,2,2,640.2234214067169,602.6032682147684
15003004906,HI,003,4906,4186,348,1078,47,11,916,534,18,1234,3066,210,912,39,6,794,375,9,721,NA,NA,NA,NA,NA,NA,NA,2,2,587.5261927665351,553.002580169554
15003005001,HI,003,5001,4003,320,1880,56,7,631,268,3,838,3059,183,1622,47,5,533,184,2,483,NA,NA,NA,NA,NA,NA,NA,2,2,586.1848087647851,551.7400172011304
15003005002,HI,003,5002,3632,212,1307,19,9,989,284,3,809,2772,118,1095,13,6,862,196,1,481,NA,NA,NA,NA,NA,NA,NA,2,2,531.1880646930318,499.9749354957612
15003005003,HI,003,5003,1577,62,375,15,0,742,87,2,294,1275,35,322,9,0,661,62,2,184,NA,NA,NA,NA,NA,NA,NA,2,2,244.32351460447887,229.96682639144856
15003005004,HI,003,5004,3103,132,1146,10,1,999,216,3,596,2405,78,939,9,0,866,149,3,361,NA,NA,NA,NA,NA,NA,NA,2,2,460.8612177441347,433.7805627226932
15003005005,HI,003,5005,1903,166,638,23,2,380,205,5,484,1478,123,526,23,2,330,157,3,314,NA,NA,NA,NA,NA,NA,NA,2,2,283.2236506552312,266.58115247573414
15003005006,HI,003,5006,4464,350,937,17,14,1614,529,2,1001,3434,218,789,17,8,1401,358,1,642,NA,NA,NA,NA,NA,NA,NA,2,2,658.0446660013965,619.3773190809682
15003005007,HI,003,5007,1461,108,168,4,0,555,165,0,461,1065,73,143,4,0,451,105,0,289,NA,NA,NA,NA,NA,NA,NA,2,2,204.0819945519765,192.08993733873942
15003005101,HI,003,5101,509,33,112,2,1,185,57,11,108,367,18,93,2,1,155,33,4,61,NA,NA,NA,NA,NA,NA,NA,2,2,70.32684694889706,66.19437277306794
15003005102,HI,003,5102,3555,224,916,25,7,1312,250,1,820,2734,136,771,20,6,1109,190,1,501,NA,NA,NA,NA,NA,NA,NA,2,2,523.9062658263884,493.1210222386042
15003005103,HI,003,5103,1632,127,464,8,2,442,148,0,441,1235,69,394,8,2,393,102,0,267,NA,NA,NA,NA,NA,NA,NA,2,2,236.658463165907,222.7521808575992
15003005104,HI,003,5104,1841,63,1020,9,3,236,125,1,384,1377,37,841,7,3,195,92,1,201,NA,NA,NA,NA,NA,NA,NA,2,2,263.8693957728372,248.36417250276446
15003005105,HI,003,5105,2617,106,1845,11,7,167,116,6,359,2042,65,1508,8,6,156,91,5,203,NA,NA,NA,NA,NA,NA,NA,2,2,391.3008759390948,368.3076545030102
15003005106,HI,003,5106,5854,555,768,25,6,1478,1312,4,1706,4097,329,642,14,5,1201,878,3,1025,NA,NA,NA,NA,NA,NA,NA,2,2,785.0928935957255,738.9600688045214
15003005107,HI,003,5107,4312,285,525,4,10,228,1971,3,1286,3171,160,459,4,10,202,1447,2,887,NA,NA,NA,NA,NA,NA,NA,2,2,607.6469527927864,571.9410246959086
15003ZZZZZZ,HI,003,ZZZZZZ,0,0,0,0,0,0,0,0,0,0,0,0,0,0,0,0,0,0,NA,NA,NA,NA,NA,NA,NA,1,1,0,0
15005000709,HI,005,0709,147,6,33,0,0,25,71,3,9,144,4,33,0,0,25,71,3,8,NA,NA,NA,NA,NA,NA,NA,2,2,0,0
15005ZZZZZZ,HI,005,ZZZZZZ,0,0,0,0,0,0,0,0,0,0,0,0,0,0,0,0,0,0,NA,NA,NA,NA,NA,NA,NA,2,2,0,0
15007001206,HI,007,1206,3384,129,2403,9,10,227,241,12,353,2682,84,1978,9,10,206,171,11,213,NA,NA,NA,NA,NA,NA,NA,2,2,725.0502092050209,474.86736401673636
15007001207,HI,007,1207,2956,189,1526,16,8,637,173,6,401,2088,107,1132,11,5,502,99,5,227,NA,NA,NA,NA,NA,NA,NA,2,2,564.468619246862,369.69539748953974
15007001208,HI,007,1208,2136,166,386,6,11,150,908,4,505,1472,84,316,5,10,128,614,3,312,NA,NA,NA,NA,NA,NA,NA,2,2,397.93956299395626,260.6281729428173
15007001209,HI,007,1209,7210,660,1560,16,16,2531,675,16,1736,4998,366,1294,14,12,1990,417,10,895,NA,NA,NA,NA,NA,NA,NA,2,2,1351.1562064156208,884.9317991631799
15007001301,HI,007,1301,1187,119,463,10,7,183,123,2,280,819,68,359,4,7,147,64,2,168,NA,NA,NA,NA,NA,NA,NA,2,2,221.407949790795,145.00983263598326
15007001302,HI,007,1302,3234,278,1033,20,12,932,278,5,676,2439,148,880,14,9,801,191,5,391,NA,NA,NA,NA,NA,NA,NA,2,2,659.3577405857741,431.84246861924686
15007001303,HI,007,1303,4766,425,1798,15,12,1110,351,10,1045,3518,237,1518,13,7,926,231,7,579,NA,NA,NA,NA,NA,NA,NA,2,2,951.0539284053929,622.8871687587169
15007001304,HI,007,1304,3464,249,317,9,5,1982,192,3,707,2585,164,288,9,5,1584,129,2,404,NA,NA,NA,NA,NA,NA,NA,2,2,698.8272896327289,457.6928172942817
15007001305,HI,007,1305,3946,278,866,11,5,1819,275,11,681,3095,152,776,11,4,1554,182,6,410,NA,NA,NA,NA,NA,NA,NA,2,2,836.7003719200371,547.991980474198
15007001306,HI,007,1306,4612,304,703,8,9,2515,178,1,894,3352,173,615,6,7,1945,128,1,477,NA,NA,NA,NA,NA,NA,NA,2,2,906.1775918177592,593.4956764295677
15007001401,HI,007,1401,2512,187,844,7,8,897,132,1,436,1961,123,733,5,6,755,85,1,253,NA,NA,NA,NA,NA,NA,NA,2,2,530.1355183635519,347.20913528591353
15007001402,HI,007,1402,3041,311,1155,6,4,921,99,1,544,2325,184,978,5,4,770,67,1,316,NA,NA,NA,NA,NA,NA,NA,2,2,628.5390516039051,411.657949790795
15007001403,HI,007,1403,2109,175,158,6,2,1279,107,1,381,1495,106,136,3,2,984,73,1,190,NA,NA,NA,NA,NA,NA,NA,2,2,404.1573686657369,264.70048814504884
15007001404,HI,007,1404,2341,195,330,2,5,1086,213,3,507,1605,106,278,2,2,846,129,1,241,NA,NA,NA,NA,NA,NA,NA,2,2,433.89470013947,284.1767782426778
15007001405,HI,007,1405,607,32,19,0,0,460,15,0,81,450,18,18,0,0,362,10,0,42,NA,NA,NA,NA,NA,NA,NA,2,2,121.65271966527196,79.67573221757321
15007001406,HI,007,1406,2361,163,299,3,3,952,364,1,576,1741,98,263,2,2,832,231,1,312,NA,NA,NA,NA,NA,NA,NA,2,2,470.66085541608555,308.2565550906555
15007001407,HI,007,1407,3256,283,503,7,10,1351,385,4,713,2443,188,426,5,8,1140,262,3,411,NA,NA,NA,NA,NA,NA,NA,2,2,660.4390980939098,432.55069735006975
15007001408,HI,007,1408,2272,316,863,7,4,517,111,1,453,1704,203,723,6,4,434,78,1,255,NA,NA,NA,NA,NA,NA,NA,2,2,460.6582984658299,301.7054393305439
15007001409,HI,007,1409,2909,338,1056,5,7,838,150,0,515,2153,191,872,5,5,684,106,0,290,NA,NA,NA,NA,NA,NA,NA,2,2,582.0406787540679,381.20411436541144
15007001410,HI,007,1410,160,6,2,0,0,25,107,0,20,95,6,2,0,0,22,54,0,11,NA,NA,NA,NA,NA,NA,NA,2,2,25.68224081822408,16.820432357043234
15007ZZZZZZ,HI,007,ZZZZZZ,0,0,0,0,0,0,0,0,0,0,0,0,0,0,0,0,0,0,NA,NA,NA,NA,NA,NA,NA,2,2,0,0
15009000701,HI,009,0701,2720,266,1158,9,18,509,324,3,433,2174,176,1031,9,17,433,220,0,288,NA,NA,NA,NA,NA,NA,NA,2,2,386.10192591971315,300.1976662507994
15009000702,HI,009,0702,4048,237,431,10,4,2464,295,24,583,3020,155,367,9,4,1905,205,23,352,NA,NA,NA,NA,NA,NA,NA,2,2,536.3513414340081,417.017917238921
15009000703,HI,009,0703,3808,288,1703,19,4,1039,298,2,455,3067,176,1524,18,4,846,209,2,288,NA,NA,NA,NA,NA,NA,NA,2,2,544.6985311848023,423.5079311827055
15009000704,HI,009,0704,3193,245,411,4,11,1775,219,1,527,2303,139,349,4,11,1362,150,0,288,NA,NA,NA,NA,NA,NA,NA,2,2,409.01229778891417,318.01068324544207
15009000705,HI,009,0705,1087,50,252,2,5,45,402,0,331,736,26,227,2,3,41,255,0,182,NA,NA,NA,NA,NA,NA,NA,2,2,130.713439501798,101.63085665160459
15009000706,HI,009,0706,3601,196,406,2,7,885,1078,4,1023,2453,98,358,1,6,736,675,4,575,NA,NA,NA,NA,NA,NA,NA,2,2,435.6522650786828,338.72349370432886
15009000707,HI,009,0707,633,22,172,5,2,60,218,0,154,397,6,156,4,2,43,113,0,73,NA,NA,NA,NA,NA,NA,NA,2,2,70.50711342692094,54.8199050145204
15009000708,HI,009,0708,1936,92,147,0,7,321,815,0,554,1287,39,129,0,4,278,547,0,290,NA,NA,NA,NA,NA,NA,NA,2,2,228.57091934621474,177.71591373724877
15009000801,HI,009,0801,7391,752,3673,47,20,1358,664,8,869,5725,484,3155,41,19,1075,431,7,513,NA,NA,NA,NA,NA,NA,NA,2,2,1016.7587515595022,790.5389325141797
15009000802,HI,009,0802,1629,90,427,4,0,437,329,3,339,1224,63,364,4,0,343,244,0,206,NA,NA,NA,NA,NA,NA,NA,2,2,217.3821330845119,169.01653334451632
15009000803,HI,009,0803,9008,762,927,15,19,4022,1268,13,1982,6207,404,794,14,16,3004,852,8,1115,NA,NA,NA,NA,NA,NA,NA,2,2,1102.3618464506253,857.0960967887358
15009000804,HI,009,0804,3025,330,396,18,11,1109,481,0,680,2299,204,366,15,9,958,324,0,423,NA,NA,NA,NA,NA,NA,NA,2,2,408.301898661187,317.4583416332051
15009000805,HI,009,0805,3129,319,465,13,4,1077,461,2,788,2327,183,407,11,2,933,310,2,479,NA,NA,NA,NA,NA,NA,NA,2,2,413.27469255527717,321.32473291886396
15009000806,HI,009,0806,1038,59,456,3,2,291,92,1,134,876,48,427,3,2,251,56,1,88,NA,NA,NA,NA,NA,NA,NA,2,2,155.57740897224872,120.96281307989894
15009000901,HI,009,0901,3788,285,384,8,10,2025,306,4,766,2938,188,340,7,7,1705,222,4,465,NA,NA,NA,NA,NA,NA,NA,2,2,521.7881593156013,405.69491418806285
15009000902,HI,009,0902,4533,295,241,3,3,2934,254,12,791,3399,186,204,2,2,2343,172,8,482,NA,NA,NA,NA,NA,NA,NA,2,2,603.6616587861569,469.352284998375
15009000903,HI,009,0903,4482,321,425,5,4,2450,375,2,900,3499,212,390,4,2,2055,266,2,568,NA,NA,NA,NA,NA,NA,NA,2,2,621.421636979336,483.1608253042995
15009000904,HI,009,0904,4446,421,344,7,6,2586,294,8,780,3184,230,301,5,5,1996,207,5,435,NA,NA,NA,NA,NA,NA,NA,2,2,565.4777056708219,439.66392334063727
15009000905,HI,009,0905,2330,273,421,12,6,540,412,3,663,1703,146,379,12,4,494,265,1,402,NA,NA,NA,NA,NA,NA,NA,2,2,302.4524286298397,235.15944140989484
15009000906,HI,009,0906,3302,183,653,9,4,1537,214,7,695,2395,111,535,9,3,1213,134,7,383,NA,NA,NA,NA,NA,NA,NA,2,2,425.3514777266389,330.71454032689263
15009000907,HI,009,0907,475,14,119,0,4,232,8,0,98,368,6,101,0,3,197,7,0,54,NA,NA,NA,NA,NA,NA,NA,2,2,65.356719750899,50.815428325802294
15009001001,HI,009,1001,2017,99,1095,5,3,415,92,5,303,1550,65,892,4,2,342,64,2,179,NA,NA,NA,NA,NA,NA,NA,2,2,275.2796619942757,214.03237474183032
15009001002,HI,009,1002,3649,282,1261,20,5,1051,190,0,840,2658,173,1003,16,5,851,135,0,475,NA,NA,NA,NA,NA,NA,NA,2,2,472.0602203746999,367.03100133147416
15009001003,HI,009,1003,4059,418,1277,11,9,1012,330,9,993,2903,233,1014,7,6,838,217,2,586,NA,NA,NA,NA,NA,NA,NA,2,2,515.5721669479886,400.86192508098924
15009001004,HI,009,1004,435,27,27,0,0,286,34,0,61,316,19,20,0,0,212,31,0,34,NA,NA,NA,NA,NA,NA,NA,2,2,56.12153109044589,43.63498736672153
15009001005,HI,009,1005,337,13,274,0,0,27,2,5,16,242,11,198,0,0,20,2,2,9,NA,NA,NA,NA,NA,NA,NA,2,2,42.979147227493364,33.41666754033737
15009001006,HI,009,1006,2515,279,785,8,14,651,193,2,583,1845,158,663,5,9,540,140,2,328,NA,NA,NA,NA,NA,NA,NA,2,2,327.671597664154,254.76756864430766
15009001007,HI,009,1007,5707,619,2107,16,23,1092,505,5,1340,4076,366,1659,11,17,863,373,5,782,NA,NA,NA,NA,NA,NA,NA,2,2,723.8967111539791,562.8361028694841
15009001008,HI,009,1008,3064,304,1414,7,6,380,235,17,701,2234,181,1130,7,2,331,163,10,410,NA,NA,NA,NA,NA,NA,NA,2,2,396.7579128356206,308.4827904343541
15009001101,HI,009,1101,4305,233,2433,5,14,733,211,6,670,3289,146,1955,3,10,624,164,6,381,NA,NA,NA,NA,NA,NA,NA,2,2,584.1256827736598,454.162890661858
15009001102,HI,009,1102,129,16,54,0,3,7,21,0,28,96,8,39,0,3,7,20,0,19,NA,NA,NA,NA,NA,NA,NA,2,2,17.049579065451915,13.256198693687555
15009001103,HI,009,1103,103,2,66,1,0,9,8,0,17,94,2,63,1,0,9,8,0,11,NA,NA,NA,NA,NA,NA,NA,2,2,16.694379501588337,12.980027887569065
15009001104,HI,009,1104,5566,282,4084,43,25,580,111,6,435,4627,198,3555,35,22,500,83,2,232,NA,NA,NA,NA,NA,NA,NA,2,2,821.7541909983959,638.9211599551282
15009001105,HI,009,1105,4862,354,2974,43,20,549,314,9,599,3854,245,2536,38,15,453,228,7,332,NA,NA,NA,NA,NA,NA,NA,2,2,684.4695595651217,532.1811433903316
15009001106,HI,009,1106,4522,321,2099,23,22,1069,414,10,564,3477,187,1841,18,17,806,260,7,341,NA,NA,NA,NA,NA,NA,NA,2,2,617.5144417768366,480.12294643699613
15009001107,HI,009,1107,7375,584,2502,55,19,2394,546,22,1253,5225,341,2023,42,15,1736,377,19,672,NA,NA,NA,NA,NA,NA,NA,2,2,927.9588605936068,721.496230984557
15009001201,HI,009,1201,1299,114,528,14,3,161,115,4,360,922,68,410,9,3,142,83,3,204,NA,NA,NA,NA,NA,NA,NA,2,2,163.7469989411111,127.31474162062422
15009001202,HI,009,1202,5618,437,3280,19,26,475,310,7,1064,4228,290,2652,15,22,410,211,4,624,NA,NA,NA,NA,NA,NA,NA,2,2,750.8918780076115,583.8250841344894
15009001203,HI,009,1203,836,61,498,11,4,8,87,1,166,633,44,399,7,4,7,55,1,116,NA,NA,NA,NA,NA,NA,NA,2,2,112.42066196282357,87.40806013650231
15009001204,HI,009,1204,669,32,214,3,0,121,138,0,161,539,26,185,3,0,114,98,0,113,NA,NA,NA,NA,NA,NA,NA,2,2,95.72628246123523,74.42803224893325
15009001205,HI,009,1205,1425,73,335,2,4,87,509,1,414,994,29,288,1,4,75,343,1,253,NA,NA,NA,NA,NA,NA,NA,2,2,176.53418324020004,137.25689064088988
15009ZZZZZZ,HI,009,ZZZZZZ,0,0,0,0,0,0,0,0,0,0,0,0,0,0,0,0,0,0,NA,NA,NA,NA,NA,NA,NA,2,2,0,0
