GEOID,state,county,tract,pop,pop_white,pop_black,pop_hisp,pop_aian,pop_asian,pop_nhpi,pop_other,pop_two,vap,vap_white,vap_black,vap_hisp,vap_aian,vap_asian,vap_nhpi,vap_other,vap_two,ai_an_nh,place,mcd,DISTRICT,school,shd,ssd,cd_1990,cd_2000,ndv,nrv
38001965600,38,001,9656,2593,2550,14,7,8,4,1,0,9,1992,1960,12,4,7,4,1,0,4,3970,37700,21495,15630,09410,35,35,1,1,43,48
38003967900,38,003,9679,1882,1842,0,7,21,1,0,0,11,1364,1342,0,3,12,1,0,0,6,NA,26380,65380,NA,18850,24,24,1,1,32,40
38003968000,38,003,9680,2993,2959,3,1,17,2,0,0,11,2185,2160,3,1,9,2,0,0,10,NA,47140,64020,17250,14160,24,24,1,1,76,43
38003968200,38,003,9682,3383,3225,39,44,38,8,0,2,27,2720,2622,23,35,20,8,0,0,12,NA,81180,81180,NA,18850,24,24,1,1,1865,1857
38003968300,38,003,9683,3517,3451,11,12,14,11,0,0,18,2882,2842,8,7,9,8,0,0,8,NA,81180,81180,NA,18850,24,24,1,1,135,149
38005940100,38,005,9401,2346,583,3,36,1708,0,0,0,16,1353,466,2,15,856,0,0,0,14,3935,53220,59060,14520,12990,12,12,1,1,108,54
38005940200,38,005,9402,1971,351,0,8,1577,0,0,0,35,1103,274,0,4,806,0,0,0,19,3935,83580,53580,14520,19260,12,12,1,1,97,98
38005956500,38,005,9565,1371,1343,4,6,17,0,0,0,1,994,980,1,2,11,0,0,0,0,3935,45580,43300,NA,10980,12,12,1,1,94,50
38005956600,38,005,9566,1276,1256,0,5,10,1,1,0,3,1001,988,0,5,5,0,1,0,2,3935,49620,24820,14520,11700,12,12,1,1,126,122
38007963100,38,007,9631,888,874,0,3,1,0,1,1,8,667,659,0,2,1,0,1,1,3,NA,51900,57710,02840,02380,39,39,1,1,237,415
38009952300,38,009,9523,2430,2305,8,23,59,9,0,1,25,1960,1895,3,12,33,7,0,1,9,NA,08460,08460,NA,03060,6,6,1,1,669.1909385113269,903.8834951456312
38009952400,38,009,9524,2603,2546,4,8,27,2,0,0,16,1989,1952,0,6,20,2,0,0,9,NA,86380,67740,NA,03060,6,6,1,1,679.0922330097088,917.2572815533981
38009952500,38,009,9525,2116,2084,3,4,10,2,1,0,12,1613,1596,2,3,7,0,1,0,4,NA,85020,77740,NA,00825,6,6,1,1,550.7168284789644,743.8592233009709
38011965200,38,011,9652,1817,1791,0,12,2,0,0,0,12,1404,1391,0,5,2,0,0,0,6,NA,08700,08700,NA,03200,39,39,1,1,464.76848090982935,674.0568643379365
38011965300,38,011,9653,1425,1404,1,10,3,1,0,0,6,1058,1045,1,7,3,0,0,0,2,NA,71500,84650,12120,00023,39,39,1,1,350.2315190901706,507.94313566206336
38013953100,38,013,9531,1085,1075,2,3,4,1,0,0,0,842,839,0,1,1,1,0,0,0,NA,08500,58140,NA,03090,2,2,1,1,352.9284507042253,489.0715492957746
38013953200,38,013,9532,1157,1145,1,5,1,2,0,0,3,933,925,1,3,1,2,0,0,1,4345,64140,41660,NA,03590,2,2,1,1,391.0715492957747,541.9284507042254
38015010100,38,015,0101,3579,3244,26,24,221,28,3,1,32,2996,2777,14,17,140,23,3,0,22,NA,07200,07200,NA,00014,30,30,1,1,958.0351819666088,1145.0189076736715
38015010200,38,015,0102,5317,4947,10,50,230,11,1,1,67,4175,3973,7,31,127,8,0,1,28,NA,07200,07200,NA,00014,30,30,1,1,1335.0456891557383,1595.6121293516617
38015010300,38,015,0103,6094,5841,7,31,139,29,1,3,43,4730,4576,6,18,85,23,1,3,18,NA,07200,07200,NA,00014,49,49,1,1,1512.5188286722496,1807.7234423552957
38015010400,38,015,0104,3775,3696,8,17,27,11,0,1,15,3027,2984,3,9,15,4,0,0,12,NA,07200,07200,NA,00014,49,49,1,1,967.9480960657291,1156.8665665981987
38015010500,38,015,0105,5070,4850,12,44,88,31,2,3,40,3803,3667,9,26,57,19,1,2,22,NA,07200,07200,NA,00014,47,47,1,1,1216.0907199662927,1453.440222257334
38015010600,38,015,0106,4760,4379,11,57,266,15,7,3,22,3556,3333,5,40,146,13,2,0,17,NA,07200,07200,NA,00014,30,30,1,1,1137.1071785958814,1359.041133407068
38015010700,38,015,0107,4762,4516,8,31,173,7,1,3,23,3505,3354,6,25,108,4,0,0,8,NA,07200,07200,NA,00014,32,32,1,1,1120.7988360457155,1339.549823563491
38015010800,38,015,0108,4032,3772,6,13,182,5,0,0,54,3058,2914,4,9,108,4,0,0,19,NA,07200,07200,NA,00014,32,32,1,1,977.8610101648496,1168.714225522726
38015010900,38,015,0109,3285,3192,5,12,43,11,0,0,22,2559,2503,4,8,29,9,0,0,6,NA,07200,07200,NA,00014,30,30,1,1,818.2950703112656,978.0051350924316
38015011000,38,015,0110,6156,5912,5,33,139,9,0,1,57,4220,4091,3,15,80,7,0,1,23,NA,07200,36460,00015,00014,49,49,1,1,74.12737987307344,102.82184950135992
38015011101,38,015,011101,3874,3718,10,17,66,25,1,0,37,3112,3027,7,6,38,15,1,0,18,NA,07200,07200,NA,00014,47,47,1,1,995.1286669826724,1189.3520830041607
38015011102,38,015,011102,6589,6323,14,48,89,57,0,4,54,4604,4451,9,24,52,41,0,3,24,NA,07200,07200,02320,00014,47,47,1,1,80.87262012692656,112.17815049864008
38015011200,38,015,0112,4579,4347,17,37,127,18,1,0,32,3453,3331,14,25,61,8,1,0,13,NA,07200,46710,11970,00014,30,30,1,1,1104.1707220729973,1319.6763311739612
38015011300,38,015,0113,4069,3534,24,43,434,4,0,0,30,2818,2449,22,39,284,4,0,0,20,NA,07200,02780,02014,00014,8,8,1,1,179,175
38015011400,38,015,0114,1995,1969,2,5,6,2,0,0,11,1485,1474,2,3,1,2,0,0,3,NA,NA,47860,17760,09130,14,14,1,1,41,54
38015011500,38,015,0115,1480,1446,1,6,6,8,1,1,11,1140,1124,0,5,2,4,1,0,4,NA,86780,21860,15670,13200,14,14,1,1,77,78
38017000100,38,017,0001,5585,5419,15,24,11,81,2,0,33,3994,3898,6,12,7,56,2,0,13,NA,25700,25700,NA,06780,44,44,1,1,1003.1134561633678,980.2170440933204
38017000200,38,017,0002,6599,6288,14,85,74,65,2,0,71,5326,5128,11,50,52,47,2,0,36,NA,25700,25700,NA,06780,45,45,1,1,1337.6520449489476,1307.1196737208375
38017000300,38,017,0003,4089,3565,60,53,22,350,1,4,34,3584,3156,48,46,18,285,1,3,27,NA,25700,25700,NA,06780,45,45,1,1,900.1398665221607,879.5938623010667
38017000400,38,017,0004,4043,3896,19,26,35,37,3,2,25,3276,3168,15,18,24,32,2,2,15,NA,25700,25700,NA,06780,45,45,1,1,822.7840967429125,804.0037647595688
38017000500,38,017,0005,7054,6580,38,111,159,66,1,12,87,5997,5656,32,70,114,58,1,11,55,NA,25700,25700,NA,06780,44,44,1,1,1506.1771148251667,1471.798100507672
38017000600,38,017,0006,4438,3797,136,133,99,110,6,10,147,3370,2981,78,88,76,69,4,4,70,NA,25700,25700,NA,06780,21,21,1,1,846.3926758313844,827.0734698534026
38017000700,38,017,0007,1667,1469,24,37,85,31,0,1,20,1623,1443,23,36,72,30,0,1,18,NA,25700,25700,NA,06780,21,21,1,1,407.6247219211682,398.3205464605556
38017000801,38,017,000801,3520,3278,36,56,70,26,1,3,50,2872,2699,29,38,54,24,1,3,24,NA,25700,25700,NA,06780,21,21,1,1,721.3174376818208,704.8531173350066
38017000802,38,017,000802,5525,4862,162,76,103,165,4,5,148,4189,3806,82,38,61,120,2,3,77,NA,25700,25700,NA,06780,11,11,1,1,1052.0887000171124,1028.0744110432947
38017000901,38,017,000901,5367,5175,21,61,34,26,0,3,47,4001,3891,10,31,22,19,0,2,26,NA,25700,25700,NA,06780,11,11,1,1,1004.8715418401689,981.9350008556272
38017000902,38,017,000902,8141,7672,50,117,79,104,7,10,102,6684,6390,36,73,53,72,3,1,56,NA,25700,25700,NA,06780,11,11,1,1,1678.72066624836,1640.4032856083509
38017001001,38,017,001001,5638,5290,101,60,56,43,2,3,83,4361,4146,50,39,42,32,2,2,48,NA,25700,25700,NA,06780,41,41,1,1,1095.2873766470823,1070.2870629171182
38017001002,38,017,001002,2798,2643,32,41,31,15,0,4,32,2323,2218,23,26,25,9,0,3,19,NA,25700,25700,NA,06780,46,46,1,1,583.4332896012777,570.1162226912326
38017010104,38,017,010104,6686,6370,48,85,68,52,1,4,58,4910,4735,22,47,40,36,1,4,25,NA,84780,84780,NA,19410,13,13,1,1,1233.1715247276252,1205.023957560892
38017010105,38,017,010105,6901,6409,58,98,99,85,6,11,135,5923,5599,40,59,72,70,4,3,76,NA,25700,25700,NA,19410,41,41,1,1,1487.5916376704124,1453.6368433061434
38017010201,38,017,010201,4053,3925,3,47,21,15,0,0,42,2866,2800,1,25,13,9,0,0,18,NA,84780,84780,12030,19410,13,13,1,1,751.6121176121176,696.2839322839322
38017010203,38,017,010203,3171,3017,12,59,30,5,0,5,43,2379,2295,6,33,18,4,0,5,18,NA,84780,84780,NA,19410,13,13,1,1,623.8957528957529,577.969111969112
38017010204,38,017,010204,3503,3326,21,55,54,4,2,1,40,2477,2386,12,29,25,2,1,0,22,NA,84780,84780,NA,19410,13,13,1,1,649.5963765963767,601.7778437778438
38017010303,38,017,010303,5265,5083,13,30,25,87,1,7,19,3786,3672,8,20,16,56,0,4,10,NA,25700,25700,NA,06780,41,41,1,1,992.883278883279,919.7944757944758
38017010304,38,017,010304,6608,6300,60,59,29,90,1,5,64,4521,4353,32,32,18,58,1,1,26,NA,25700,25700,NA,06780,46,46,1,1,1135.4721921168216,1109.5546460555588
38017010305,38,017,010305,4387,4148,43,51,33,43,2,1,66,3170,3051,22,27,21,28,2,0,19,NA,25700,25700,NA,06780,41,41,1,1,796.1616564942103,777.988990930352
38017040100,38,017,0401,2086,2056,0,17,4,0,0,0,9,1557,1534,0,14,4,0,0,0,5,NA,79340,22860,NA,12020,22,22,1,1,92,104
38017040200,38,017,0402,2227,2170,1,34,10,1,0,0,11,1631,1609,0,11,5,1,0,0,5,NA,39460,24140,12030,00044,22,22,1,1,145,108
38017040300,38,017,0403,2807,2751,4,15,14,8,0,0,15,1960,1931,1,10,7,4,0,0,7,NA,12700,12700,12030,04090,22,22,1,1,600,407
38017040400,38,017,0404,2916,2862,2,31,7,0,0,2,12,1960,1930,2,14,5,0,0,1,8,NA,84780,65860,12030,19410,22,22,1,1,514.0124740124741,476.1746361746362
38017040500,38,017,0405,5321,5205,3,40,19,26,0,3,25,3593,3540,2,17,12,13,0,1,8,NA,38900,75340,12030,19410,22,22,1,1,645,574
38017040600,38,017,0406,2743,2707,2,17,6,8,0,0,3,1957,1933,1,11,6,4,0,0,2,NA,42780,00500,12030,00025,22,22,1,1,172,147
38019950800,38,019,9508,1572,1518,1,14,12,4,0,0,23,1184,1159,0,8,6,1,0,0,10,4345,53020,21460,14700,10810,10,10,1,1,533.0112544606094,643.188580839967
38019950900,38,019,9509,2078,2041,3,14,6,0,0,2,12,1594,1575,2,5,5,0,0,0,7,NA,44780,44780,NA,10810,10,10,1,1,717.5844084545704,865.914356299753
38019951000,38,019,9510,1181,1161,2,3,7,0,0,0,8,865,853,1,1,5,0,0,0,5,NA,01740,79540,NA,13440,10,10,1,1,389.4043370848202,469.89706286028
38021973200,38,021,9732,2469,2379,3,51,4,21,0,0,11,1854,1808,1,29,3,9,0,0,4,NA,58740,58740,NA,14500,26,26,1,1,586.4521422060163,865.3126709206928
38021973300,38,021,9733,1643,1607,1,12,1,6,0,0,16,1205,1183,1,9,1,5,0,0,6,NA,28780,50500,NA,06090,26,26,1,1,381.16226071103006,562.4065633546035
38021973400,38,021,9734,1645,1598,2,15,15,2,0,1,12,1329,1296,1,10,7,2,0,1,12,NA,23220,23220,NA,06090,26,26,1,1,420.38559708295355,620.2807657247038
38023954500,38,023,9545,2283,2251,0,14,3,12,0,0,3,1821,1803,0,9,1,7,0,0,1,4345,16940,16940,NA,05160,2,2,1,1,877,927
38025940100,38,025,9401,402,32,0,4,366,0,0,0,0,249,29,0,2,218,0,0,0,0,1160,49980,27330,18600,11850,4,4,1,1,84.11132364192808,92.87490436113237
38025962100,38,025,9621,3198,3069,1,23,75,3,0,0,27,2365,2285,1,17,51,2,0,0,9,1160,42700,34350,05190,10270,36,36,1,1,798.888676358072,882.1250956388676
38027940100,38,027,9401,4,4,0,0,0,0,0,0,0,2,2,0,0,0,0,0,0,0,3935,NA,29700,14520,16860,12,12,1,1,0.8974358974358975,0.7882241215574549
38027940200,38,027,9402,116,115,0,0,0,0,0,0,1,84,83,0,0,0,0,0,0,1,3935,83580,28420,NA,19260,12,12,1,1,37.69230769230769,33.105413105413106
38027959100,38,027,9591,2637,2530,2,17,63,4,2,0,19,2020,1964,1,8,40,2,1,0,4,3935,56620,56620,14520,13850,12,12,1,1,906.4102564102564,796.1063627730294
38029966300,38,029,9663,1413,1391,1,11,1,5,0,0,4,1097,1081,1,8,1,4,0,0,2,NA,46980,46980,NA,00017,28,28,1,1,329.5042997542997,448.4358108108108
38029966400,38,029,9664,2918,2866,1,39,3,2,7,0,0,2159,2128,1,25,2,1,2,0,0,3970,76500,74120,02240,00016,28,28,1,1,648.4957002457002,882.5641891891892
38031959400,38,031,9594,1449,1439,1,2,4,0,0,0,3,1055,1051,0,2,1,0,0,0,1,NA,30660,45180,NA,00042,29,29,1,1,390.58579668348955,420.6308579668349
38031959500,38,031,9595,2310,2278,4,5,12,0,0,1,10,1719,1705,1,3,6,0,0,1,3,NA,12340,12340,NA,03790,29,29,1,1,636.4142033165105,685.3691420331651
38033962900,38,033,9629,1924,1870,0,20,12,2,0,0,20,1379,1364,0,4,2,2,0,0,7,NA,05420,05420,11610,02380,39,39,1,1,504,742
38035010100,38,035,0101,3174,2864,40,103,115,9,0,0,43,2529,2346,30,58,65,8,0,0,22,NA,32060,32060,NA,08130,18,18,1,1,743.2542174320525,669.4489222118088
38035010200,38,035,0102,4412,4133,18,91,86,28,0,1,55,3468,3292,12,57,63,25,0,1,18,NA,32060,32060,NA,08130,42,42,1,1,1019.2193064667292,918.0106216807249
38035010300,38,035,0103,5004,4410,60,78,256,124,3,10,63,4571,4144,45,59,155,113,3,4,48,NA,32060,32060,NA,08130,42,42,1,1,1343.3827710090598,1209.9845881495366
38035010400,38,035,0104,4921,4201,82,163,281,66,2,5,121,3566,3149,52,79,174,55,1,5,51,NA,32060,32060,NA,08130,42,42,1,1,1048.0207747578881,943.9520983026139
38035010600,38,035,0106,2182,1941,29,79,92,8,1,1,31,1747,1573,25,55,64,7,1,1,21,NA,32060,32060,NA,08130,18,18,1,1,513.4302561699469,462.44652712693954
38035010700,38,035,0107,2005,1867,12,38,62,7,0,0,19,1523,1437,8,31,34,7,0,0,6,NA,32060,32060,NA,08130,43,43,1,1,447.5983286472977,403.1517234197646
38035010801,38,035,010801,4250,4037,18,47,45,55,1,6,41,3175,3051,13,28,24,39,1,3,16,NA,32060,32060,NA,08130,43,43,1,1,933.1087941268354,840.4509007601791
38035010802,38,035,010802,9384,8719,88,146,197,98,15,4,117,7683,7228,67,106,129,77,12,3,61,NA,32060,32060,NA,08130,43,43,1,1,2257.97633552015,2033.7588253670729
38035010900,38,035,0109,1824,1742,9,23,19,6,1,0,24,1364,1321,6,13,7,6,1,0,10,NA,32060,32060,NA,08130,17,17,1,1,400.86941580756013,361.06300114547537
38035011000,38,035,0110,2475,2342,3,38,42,11,1,1,37,1888,1806,3,24,24,10,1,0,20,NA,32060,32060,NA,08130,43,43,1,1,554.8691034051859,499.7704883890451
38035011100,38,035,0111,4412,4295,8,39,15,36,0,0,19,3154,3086,3,24,7,26,0,0,8,NA,32060,32060,NA,08130,17,17,1,1,926.937050921587,834.8920129126315
38035011200,38,035,0112,4840,4590,40,62,93,22,4,0,29,3744,3591,30,36,51,18,4,0,14,NA,32060,32060,NA,08130,17,17,1,1,1100.3336457357077,991.0702905342081
38035011400,38,035,0114,2530,2452,12,26,21,8,0,0,11,1817,1768,6,13,15,6,0,0,9,NA,30180,26020,12000,12920,19,19,1,1,120,131
38035011700,38,035,0117,5262,4966,28,94,83,29,1,0,61,3724,3534,21,58,57,25,0,0,29,NA,32060,32060,12000,08130,20,20,1,1,82,172
38035011800,38,035,0118,1699,1664,7,10,2,3,0,0,13,1284,1260,6,6,2,3,0,0,7,NA,58300,58300,06360,14340,19,19,1,1,63,42
38035011900,38,035,0119,4832,3801,396,289,35,112,15,10,174,2975,2353,264,172,26,89,12,4,55,NA,32140,07860,06360,00051,18,18,1,1,1017,876
38035012000,38,035,0120,2903,2777,21,33,29,14,0,1,28,2162,2082,16,20,16,12,0,1,15,NA,45020,45020,06360,10860,19,19,1,1,106,54
38037965700,38,037,9657,1639,1587,0,13,17,8,0,0,14,1288,1264,0,4,9,3,0,0,8,NA,23020,85000,16950,00045,31,31,1,1,297.2763218390804,413.9365517241379
38037965800,38,037,9658,1202,1159,0,4,32,2,0,0,5,887,876,0,1,8,0,0,0,2,3970,56420,21670,NA,00045,35,35,1,1,204.72367816091952,285.0634482758621
38039968400,38,039,9684,1432,1427,0,1,2,1,0,0,1,1104,1100,0,1,2,1,0,0,0,NA,35020,33260,NA,04560,23,23,1,1,522.7566807313643,512.4050632911393
38039968500,38,039,9685,1322,1302,0,10,4,3,0,0,3,1029,1019,0,4,2,2,0,0,2,NA,15900,15900,NA,04560,23,23,1,1,487.24331926863573,477.59493670886076
38041964700,38,041,9647,1311,1303,4,0,1,0,2,0,1,1015,1010,1,0,1,0,2,0,1,NA,54620,54620,NA,13300,35,35,1,1,65,79
38041964800,38,041,9648,1404,1378,0,6,9,2,0,0,9,1066,1052,0,5,4,2,0,0,3,NA,56180,56180,15630,00027,35,35,1,1,51,87
38043966600,38,043,9666,1089,1073,1,10,1,2,0,0,2,855,845,0,5,1,2,0,0,2,NA,62060,52420,15960,18540,14,14,1,1,76,77
38043966700,38,043,9667,1664,1650,4,6,2,0,0,0,2,1260,1253,1,4,2,0,0,0,0,NA,75780,75780,NA,17730,14,14,1,1,44,113
38045972100,38,045,9721,1741,1723,0,8,7,0,0,0,3,1284,1275,0,4,4,0,0,0,1,NA,44540,44540,00033,10740,26,26,1,1,522.8975582374404,567.2231265787258
38045972200,38,045,9722,2960,2925,0,18,1,6,0,0,10,2279,2261,0,8,1,3,0,0,6,NA,22140,00660,NA,05850,26,26,1,1,928.1024417625597,1006.7768734212742
38047972500,38,047,9725,2308,2275,2,16,3,4,0,1,7,1786,1766,0,12,2,1,0,1,4,NA,55420,21675,NA,13510,28,28,1,1,349,502
38049955600,38,049,9556,2794,2732,4,13,16,0,0,0,29,2139,2099,4,8,14,0,0,0,14,4345,79420,57727,NA,18780,7,7,1,1,76,84
38049955700,38,049,9557,1330,1322,0,6,1,0,0,0,1,1032,1024,0,6,1,0,0,0,1,NA,02220,41420,NA,00029,7,7,1,1,53,32
38049955800,38,049,9558,1863,1842,1,5,7,2,0,0,6,1382,1370,1,3,2,2,0,0,4,NA,81620,37260,NA,17040,7,7,1,1,52,53
38051972900,38,051,9729,3390,3329,0,28,5,9,1,0,18,2734,2695,0,21,4,5,1,0,8,NA,87020,58265,NA,02170,28,28,1,1,340,637
38053940100,38,053,9401,1207,54,0,24,1116,0,0,0,13,649,43,0,10,590,0,0,0,6,1160,49980,27332,NA,11850,4,4,1,1,188.17296718972895,229.60342368045647
38053962300,38,053,9623,1669,1635,0,1,10,0,1,2,20,1207,1187,0,1,7,0,1,2,9,1160,03220,13290,03150,12540,39,39,1,1,349.9611269614836,427.01283880171184
38053962400,38,053,9624,1589,1504,3,16,51,0,0,0,15,1177,1132,2,5,28,0,0,0,10,NA,83860,83860,NA,12540,39,39,1,1,354,595
38053962500,38,053,9625,1272,1226,1,17,14,2,0,0,12,948,918,0,12,6,2,0,0,10,NA,01180,74510,20340,01760,39,39,1,1,274.86590584878746,335.3837375178317
38055940300,38,055,9403,784,260,0,47,432,2,0,10,33,505,197,0,18,271,2,0,5,12,1160,85660,27334,18600,14940,4,4,1,1,195.48387096774195,207.57712353852656
38055960400,38,055,9604,1387,1320,0,11,31,2,0,0,23,1142,1092,0,8,25,1,0,0,16,NA,29460,29460,NA,07590,8,8,1,1,442.06451612903226,469.412029863361
38055960500,38,055,9605,2911,2866,1,7,12,5,0,0,20,2282,2256,0,3,7,3,0,0,13,1160,79940,57720,NA,07590,8,8,1,1,883.3548387096774,938.0019721087477
38055960800,38,055,9608,4229,4146,1,16,33,2,1,0,30,3170,3118,0,9,23,0,1,0,19,NA,83700,74200,NA,18660,8,8,1,1,1227.0967741935485,1303.0088744893646
38057940300,38,057,9403,70,18,0,1,51,0,0,0,0,45,13,0,0,32,0,0,0,0,1160,NA,27336,18600,00032,33,33,1,1,4.146958081878975,5.101125428152014
38057961498,38,057,961498,1116,1096,0,1,12,0,0,0,7,842,830,0,1,9,0,0,0,2,1160,88140,85075,05190,00032,33,33,1,1,77.59419344315772,95.44772467786657
38057961500,38,057,9615,1556,1503,0,1,12,3,2,1,34,1134,1102,0,1,7,0,1,1,22,1160,75420,21710,NA,17610,33,33,1,1,104.50334366335018,128.54836078943075
38057961600,38,057,9616,2622,2538,3,11,43,10,4,0,13,1830,1783,1,6,26,5,1,0,8,NA,36780,36780,NA,00031,33,33,1,1,168.64296199641169,207.44576741151528
38057961700,38,057,9617,3280,3125,1,18,54,9,27,3,43,2280,2211,1,9,33,7,5,1,13,NA,06660,06660,NA,00032,33,33,1,1,210.11254281520144,258.45702169303536
38059020100,38,059,0201,5252,4980,18,31,134,31,0,5,53,3925,3743,10,22,93,27,0,3,27,NA,49900,49900,NA,11820,34,34,1,1,1186.4204545454545,1139.9066558441557
38059020200,38,059,0202,6518,6344,9,46,53,19,0,1,46,4885,4780,6,26,37,18,0,0,18,NA,49900,49900,NA,11820,31,31,1,1,1476.6022727272725,1418.7118506493505
38059020300,38,059,0203,6704,6159,9,66,349,10,2,2,107,4654,4408,2,28,175,8,0,1,32,NA,49900,49900,NA,11820,31,31,1,1,1406.777272727273,1351.6243506493508
38059020400,38,059,0204,2896,2835,1,11,23,4,0,0,22,2057,2023,0,7,15,4,0,0,8,3970,26660,21720,11540,11820,31,31,1,1,621.775,597.3982142857143
38059020500,38,059,0205,3933,3843,1,10,30,13,0,0,36,2959,2910,0,4,23,9,0,0,13,NA,36860,85080,16950,13870,31,31,1,1,894.425,859.3589285714285
38061940100,38,061,9401,214,92,0,0,76,0,0,0,46,157,70,0,0,52,0,0,0,35,1160,NA,81420,NA,13920,4,4,1,1,65.3535946342486,48.83420666526934
38061940200,38,061,9402,1945,551,3,43,1299,4,2,0,43,1298,474,1,10,789,4,2,0,18,1160,56740,56740,NA,13920,4,4,1,1,540.3118843009852,403.7375812198701
38061940300,38,061,9403,1265,572,3,33,525,0,0,0,132,858,454,2,9,300,0,0,0,93,1160,60940,60940,NA,14940,4,4,1,1,357.1553133514986,266.8773841961853
38061955200,38,061,9552,3207,3143,0,11,35,10,1,1,6,2458,2423,0,6,20,6,0,1,2,1160,75380,75380,13760,17570,4,4,1,1,1023.1792077132677,764.5508279186754
38063940200,38,063,9402,5,5,0,0,0,0,0,0,0,3,3,0,0,0,0,0,0,0,3935,NA,18300,NA,00040,23,23,1,1,0.7947214076246334,0.4868035190615836
38063958700,38,063,9587,2409,2360,3,6,12,8,0,0,20,1872,1844,2,2,9,7,0,0,8,NA,44300,44300,10820,00040,23,23,1,1,201,114
38063958800,38,063,9588,1301,1296,0,0,1,3,0,0,1,1020,1017,0,0,1,2,0,0,0,3935,49580,59900,NA,00040,23,23,1,1,270.20527859237535,165.5131964809384
38065961200,38,065,9612,2065,2005,1,13,25,2,0,0,19,1499,1459,1,4,21,0,0,0,14,NA,13180,21730,02320,04040,33,33,1,1,375,462
38067950100,38,067,9501,1586,1519,2,37,14,4,0,0,10,1164,1121,2,24,8,3,0,0,6,NA,61580,61620,NA,15030,10,10,1,1,346.40062063615204,421.8935608999224
38067950200,38,067,9502,1834,1698,0,9,70,0,0,0,57,1396,1303,0,2,56,0,0,0,35,NA,82980,82980,NA,19080,10,10,1,1,415.4426687354538,505.98231186966643
38067950300,38,067,9503,1624,1507,6,68,17,9,0,0,17,1250,1172,4,44,14,6,0,0,10,NA,12940,12940,NA,00018,10,10,1,1,371.9937936384794,453.0643910007758
38067950400,38,067,9504,1689,1632,4,19,15,5,0,4,10,1262,1224,4,9,15,2,0,2,6,NA,17060,05580,NA,00018,10,10,1,1,375.56493405740883,457.4138091543832
38067950500,38,067,9505,1852,1702,0,131,5,0,0,0,14,1373,1289,0,74,4,0,0,0,6,NA,20340,70300,13530,05340,16,16,1,1,408.59798293250583,497.64592707525213
38069956100,38,069,9561,1640,1604,3,11,12,4,0,0,6,1260,1234,0,10,9,3,0,0,4,NA,68860,58080,NA,16130,7,7,1,1,186.876404494382,165.9943820224719
38069956200,38,069,9562,3035,2980,1,17,20,8,0,0,9,2300,2271,0,6,11,6,0,0,6,NA,68860,74305,NA,16130,7,7,1,1,341.12359550561797,303.0056179775281
38071940100,38,071,9401,2,2,0,0,0,0,0,0,0,2,2,0,0,0,0,0,0,0,3935,NA,63680,NA,05040,15,15,1,1,102,89
38071940200,38,071,9402,3,3,0,0,0,0,0,0,0,3,3,0,0,0,0,0,0,0,3935,NA,16660,NA,05040,15,15,1,1,72,82
38071957000,38,071,9570,1543,1499,3,4,11,3,3,1,19,1193,1171,2,2,6,2,0,1,9,3935,22340,59460,NA,05950,23,23,1,1,65,43
38071957100,38,071,9571,1780,1749,0,6,14,5,0,0,6,1318,1301,0,2,9,4,0,0,2,3935,14140,16340,NA,05040,15,15,1,1,95,127
38071957200,38,071,9572,2056,1885,10,9,124,6,0,1,21,1554,1455,6,5,74,6,0,0,8,NA,19420,19420,NA,05040,15,15,1,1,520.379421221865,506.81672025723475
38071957300,38,071,9573,2119,1917,3,15,143,3,0,0,38,1478,1360,1,7,87,2,0,0,21,3935,19420,16660,NA,05040,15,15,1,1,494.929719797887,482.03031694993115
38071957400,38,071,9574,1756,1483,3,16,183,9,0,1,61,1354,1184,3,6,127,6,0,0,28,NA,19420,19420,NA,05040,15,15,1,1,453.4065227377124,441.5893431327515
38071957500,38,071,9575,2807,2574,3,13,164,5,0,1,47,2145,2011,2,7,93,5,0,0,27,NA,19420,19420,NA,05040,15,15,1,1,718.2843362425356,699.5636196600826
38073968900,38,073,9689,1828,1767,7,23,8,4,0,2,17,1329,1301,3,11,4,3,0,0,7,NA,24260,24260,16380,16740,27,27,1,1,148,122
38073969000,38,073,9690,1623,1585,3,13,2,5,0,2,13,1192,1173,2,4,2,4,0,0,7,NA,27580,57900,00033,11430,27,27,1,1,85,80
38073969100,38,073,9691,2439,2397,1,12,9,5,0,0,15,1898,1869,1,7,9,3,0,0,9,NA,47100,47100,NA,11430,27,27,1,1,499,512
38075952900,38,075,9529,2610,2535,6,19,16,12,0,3,19,2001,1953,4,9,12,9,0,3,11,NA,53780,53780,NA,00020,6,6,1,1,857,910
38077940200,38,077,9402,63,63,0,0,0,0,0,0,0,49,49,0,0,0,0,0,0,0,1860,NA,20740,NA,11140,27,27,1,1,15.143352260157807,16.274316053388393
38077940300,38,077,9403,18,18,0,0,0,0,0,0,0,12,12,0,0,0,0,0,0,0,1860,NA,33140,NA,08710,25,25,1,1,3.708576063712116,3.9855467885849127
38077970700,38,077,9707,2072,2045,4,6,6,1,1,0,9,1432,1418,1,3,4,1,0,0,5,NA,82780,82820,16380,00036,27,27,1,1,442.5567436029791,475.60858343779955
38077970800,38,077,9708,2421,2375,3,14,16,2,0,0,11,1725,1694,0,10,14,2,0,0,5,NA,87740,21260,16380,20310,25,25,1,1,533.1078091586166,572.9223508590812
38077970900,38,077,9709,4453,4204,51,31,102,26,3,2,34,3616,3449,42,19,68,16,2,1,19,NA,82660,82660,NA,19020,25,25,1,1,1117.5175871985841,1200.9780989602536
38077971000,38,077,9710,4236,4036,4,34,108,11,0,1,42,3219,3081,2,22,75,9,0,1,29,NA,82660,82660,NA,19020,25,25,1,1,994.825529090775,1069.1229260379027
38077971100,38,077,9711,1578,1540,0,15,12,0,0,0,11,1111,1092,0,7,7,0,0,0,5,1860,25300,76940,NA,19020,25,25,1,1,343.35233389868,368.99520684315314
38077971300,38,077,9713,3157,3056,0,23,53,4,2,0,19,2397,2334,0,15,36,3,0,0,9,1860,34900,34900,02610,08710,27,27,1,1,740.7880687264951,796.1129710198363
38079951600,38,079,9516,1644,1113,1,9,449,8,0,0,64,1180,861,0,5,275,8,0,0,31,4345,67820,67820,NA,13400,9,9,1,1,200.21112255406797,49.82492276004119
38079951700,38,079,9517,4328,908,2,39,3294,1,0,2,82,2704,728,2,15,1907,0,0,1,51,4345,21020,58125,NA,17460,9,9,1,1,458.78887744593203,114.17507723995881
38079951800,38,079,9518,5815,167,5,54,5558,0,0,2,29,3507,149,4,21,3312,0,0,1,20,4345,05740,80010,NA,02530,9,9,1,1,851,167
38079951900,38,079,9519,1887,1228,2,8,606,1,0,0,42,1298,934,2,2,338,0,0,0,22,4345,67780,74320,NA,16050,9,9,1,1,182,140
38081940100,38,081,9401,110,105,0,0,0,0,0,0,5,84,79,0,0,0,0,0,0,5,1860,NA,50660,NA,16430,27,27,1,1,39.31859233883525,28.488321395203986
38081974000,38,081,9740,1552,1522,0,16,3,1,0,4,6,1131,1112,0,10,1,1,0,1,6,NA,15100,15100,NA,14290,26,26,1,1,529.3967611336033,383.5748987854251
38081974100,38,081,9741,2704,2651,2,16,17,1,0,0,17,1996,1968,1,10,6,0,0,0,11,1860,52940,42860,NA,16430,27,27,1,1,934.2846465275616,676.9367798193709
38083960200,38,083,9602,1710,1692,2,6,7,0,0,0,3,1344,1334,0,5,3,0,0,0,2,NA,49020,13310,15360,12430,14,14,1,1,476,889
38085940100,38,085,9401,648,346,0,7,288,0,1,0,6,428,264,0,4,159,0,0,0,1,3970,71660,74520,NA,16510,35,35,1,1,126.76884838442419,58.68599834299917
38085940200,38,085,9402,971,92,0,19,858,0,1,0,1,540,73,0,6,459,0,1,0,1,3970,12020,58135,NA,16980,35,35,1,1,159.9420049710025,74.04308202154101
38085940300,38,085,9403,2411,136,1,39,2208,1,0,0,26,1436,112,1,18,1289,1,0,0,15,3970,12020,58135,18690,07200,35,35,1,1,425.3272576636288,196.8997514498757
38085940700,38,085,9407,14,3,0,0,11,0,0,0,0,10,3,0,0,7,0,0,0,0,3970,NA,27870,18690,07200,35,35,1,1,2.9618889809444906,1.3711681855840927
38087965000,38,087,9650,767,764,0,1,1,0,0,0,1,573,571,0,1,1,0,0,0,0,NA,50860,58275,00037,00027,39,39,1,1,153,165
38089963300,38,089,9633,1431,1412,2,7,7,1,0,0,2,1084,1072,1,6,3,1,0,0,1,NA,66500,21760,18180,15840,36,36,1,1,272.81684959952537,369.35105309997033
38089963400,38,089,9634,2704,2625,2,20,40,8,0,0,9,1941,1888,2,10,29,4,0,0,8,NA,19620,19620,NA,00038,37,37,1,1,488.50323346188077,661.3564520913675
38089963500,38,089,9635,4094,3950,11,44,38,12,2,0,37,3105,3023,2,27,25,8,2,0,18,NA,19620,19620,NA,00038,37,37,1,1,781.4541679026995,1057.9658854939187
38089963600,38,089,9636,2208,2109,13,20,36,5,1,0,24,1816,1751,11,17,19,5,1,0,12,NA,19620,19620,NA,00038,37,37,1,1,457.0437258973598,618.765232868585
38089963700,38,089,9637,3920,3800,8,46,23,6,1,3,33,3035,2962,6,31,14,6,1,0,15,NA,19620,19620,NA,00038,37,37,1,1,763.8368436665678,1034.1148027291604
38089963800,38,089,9638,3808,3669,7,45,50,7,0,6,24,2708,2633,3,23,30,4,0,3,12,NA,19620,19620,NA,00038,36,36,1,1,681.5387718777811,922.6961732423613
38089963900,38,089,9639,2671,2600,0,41,6,6,1,0,17,1901,1857,0,27,4,3,1,0,9,NA,30460,19625,18180,00038,36,36,1,1,478.43619104123405,647.7272619400771
38089964000,38,089,9640,1800,1757,4,13,3,5,0,0,18,1265,1243,3,8,2,3,0,0,6,NA,05820,85130,02840,06210,36,36,1,1,318.3702165529516,431.02313853455945
38091968700,38,091,9687,2258,2220,1,4,14,1,0,1,17,1634,1610,1,1,11,0,0,0,11,NA,38860,05660,NA,06910,23,23,1,1,988,686
38093967000,38,093,9670,2763,2731,1,8,10,4,1,0,8,2025,2014,0,3,5,2,0,0,1,NA,42180,10100,17250,15150,29,29,1,1,65,65
38093967200,38,093,9672,2997,2968,2,9,7,0,1,3,7,2227,2210,2,6,5,0,1,2,1,NA,51860,76180,17250,00021,29,29,1,1,181,301
38093967300,38,093,9673,2217,2074,11,29,75,11,0,0,17,1764,1641,11,25,72,7,0,0,8,NA,40580,40580,NA,00021,48,48,1,1,108,138
38093967400,38,093,9674,6176,5934,25,82,54,37,5,3,36,4945,4779,17,60,37,27,4,3,18,NA,40580,40580,NA,00021,48,48,1,1,1918.7784431137725,2015.9017964071857
38093967500,38,093,9675,3522,3435,5,36,20,9,0,0,17,2537,2484,3,21,13,9,0,0,7,NA,40580,40580,NA,00021,29,29,1,1,163,187
38093967600,38,093,9676,2861,2768,6,28,23,12,1,4,19,2275,2209,6,16,21,8,1,3,11,NA,40580,40580,NA,00021,48,48,1,1,882.754491017964,927.4371257485029
38093967700,38,093,9677,1372,1331,5,12,8,6,0,0,10,1130,1107,2,7,4,4,0,0,6,NA,40580,40580,NA,00021,48,48,1,1,438.46706586826343,460.66107784431136
38095951300,38,095,9513,1212,1177,1,3,26,0,0,0,5,897,872,0,2,20,0,0,0,3,NA,07180,16820,NA,19310,12,12,1,1,114,70
38095951400,38,095,9514,1664,1620,1,2,31,2,0,0,8,1271,1239,1,1,24,2,0,0,4,NA,11860,11860,NA,17220,15,15,1,1,66,62
38097970100,38,097,9701,2518,2433,1,62,6,6,0,0,10,1835,1786,0,35,2,6,0,0,6,NA,36100,36100,NA,04140,20,20,1,1,23,22
38097970200,38,097,9702,2632,2574,5,12,29,6,1,0,5,2119,2079,5,11,15,4,0,0,5,NA,51500,51500,NA,00041,20,20,1,1,40,36
38097970300,38,097,9703,1700,1650,0,34,11,1,0,0,4,1208,1184,0,16,7,0,0,0,1,NA,28980,58540,NA,09570,20,20,1,1,35,33
38097970400,38,097,9704,1627,1513,3,77,26,0,0,0,8,1211,1154,2,39,14,0,0,0,2,NA,38100,38100,NA,09570,20,20,1,1,50,44
38099957800,38,099,9578,1899,1762,0,112,7,2,1,0,15,1380,1310,0,56,5,2,0,0,7,NA,53540,02900,12000,13050,16,16,1,1,108,41
38099957900,38,099,9579,1793,1545,0,220,12,1,0,0,15,1338,1191,0,132,7,1,0,0,7,NA,31820,31820,NA,08060,16,16,1,1,946,1057
38099958000,38,099,9580,2843,2535,9,221,46,14,1,1,16,2158,1981,5,117,34,12,0,1,8,NA,31820,31820,NA,08060,16,16,1,1,107,167
38099958100,38,099,9581,2518,2410,3,74,21,3,0,0,7,1856,1795,1,41,13,3,0,0,3,NA,27060,22020,13530,14880,16,16,1,1,100,78
38099958200,38,099,9582,1723,1636,7,40,23,1,0,0,16,1330,1279,3,23,17,1,0,0,7,NA,60900,60900,NA,14880,16,16,1,1,343,389
38099958300,38,099,9583,1613,1548,5,33,11,1,0,0,15,1236,1201,0,17,8,1,0,0,9,NA,00340,70940,10820,01680,23,23,1,1,115,161
38101010100,38,101,0101,3009,2746,47,41,92,23,2,1,57,2459,2277,44,28,61,21,1,1,26,NA,53380,53380,NA,13030,5,5,1,1,1241.7061524954413,1422.3904234483691
38101010200,38,101,0102,4496,4109,63,82,141,20,2,5,74,3413,3186,51,40,85,17,2,1,31,NA,53380,53380,13660,13030,3,3,1,1,98.00160935117736,115.05793664238523
38101010301,38,101,010301,3449,3157,58,54,95,26,1,2,56,2623,2435,42,41,58,24,1,0,22,NA,53380,53380,06600,13030,40,40,1,1,239,333
38101010302,38,101,010302,4800,4503,66,53,74,45,3,0,56,3570,3383,41,35,49,35,2,0,25,NA,53380,53380,NA,13030,38,38,1,1,1802.7210103329508,2065.0401836969004
38101010400,38,101,0104,6284,5774,86,111,203,16,4,1,89,4823,4500,67,65,122,15,4,1,49,NA,53380,53380,NA,13030,40,40,1,1,2435.4407374890257,2789.8287971905183
38101010500,38,101,0105,5191,4959,42,53,64,34,3,2,34,3955,3801,28,32,45,26,3,2,18,NA,53380,53380,NA,13030,5,5,1,1,1997.1320996825827,2287.740595664213
38101010600,38,101,0106,4626,4300,60,53,100,48,2,2,61,3569,3371,38,38,59,39,2,0,22,NA,53380,53380,13660,13030,5,5,1,1,102.48102659664578,120.31695747924785
38101010700,38,101,0107,6349,5793,60,104,256,17,2,3,114,4824,4499,42,60,161,14,2,2,44,NA,53380,53380,13660,13030,3,3,1,1,138.51736405217687,162.62510587836695
38101010800,38,101,0108,3237,3123,9,33,41,14,0,0,17,2230,2177,6,13,19,10,0,0,5,NA,77180,78100,06600,07850,3,3,1,1,82,60
38101010900,38,101,0109,7599,5822,753,469,53,211,10,20,261,4843,3712,529,302,34,150,7,12,97,NA,53420,83780,NA,13030,38,38,1,1,233,522
38101011000,38,101,0110,2107,2068,2,10,10,3,0,0,14,1631,1606,0,6,7,3,0,0,9,NA,42020,42020,NA,10180,6,6,1,1,46,85
38101011100,38,101,0111,4390,4271,9,42,31,6,0,4,27,3124,3055,3,25,22,3,0,4,12,1160,06460,11740,17170,18730,4,4,1,1,204.23484608060932,203.24341478895587
38101011200,38,101,0112,3230,3160,7,20,20,10,0,0,13,2281,2239,4,11,14,7,0,0,6,NA,70980,76980,02640,16470,7,7,1,1,178,294
38101940300,38,101,9403,28,1,0,0,0,1,0,1,25,27,1,0,0,0,1,0,1,24,1160,NA,37860,NA,14320,4,4,1,1,1.7651539193906698,1.7565852110441131
38103959700,38,103,9597,1733,1707,5,3,2,9,0,0,7,1298,1283,0,2,1,6,0,0,6,3935,26180,50060,15360,06820,14,14,1,1,25,12
38103959800,38,103,9598,2031,2007,0,10,10,3,0,0,1,1639,1625,0,5,5,3,0,0,1,NA,35900,35900,NA,08890,14,14,1,1,503,690
38103959900,38,103,9599,1338,1330,2,2,0,0,0,0,4,1016,1009,1,2,0,0,0,0,4,NA,12820,12860,15360,03120,14,14,1,1,13,36
38105953400,38,105,9534,1895,1859,2,1,12,4,0,3,14,1474,1454,1,0,8,2,0,2,7,NA,78940,78940,13760,00039,2,2,1,1,456.3752142024813,612.7774350538076
38105953500,38,105,9535,1692,1291,1,2,300,0,0,1,97,1187,957,0,0,192,0,0,0,38,4345,33500,10620,13760,08460,2,2,1,1,367.51518267187606,493.4645966138872
38105953600,38,105,9536,2067,1985,0,13,49,1,0,0,19,1519,1470,0,7,35,1,0,0,6,4345,65580,65580,13760,13710,2,2,1,1,470.30797175954484,631.485022962506
38105953700,38,105,9537,4069,3765,1,46,148,7,1,0,101,2833,2657,1,27,101,6,1,0,40,NA,86220,86260,13760,19880,1,1,1,1,877.1444924258002,1177.7465898964974
38105953800,38,105,9538,2405,2226,2,27,96,13,0,0,41,1799,1695,2,14,65,7,0,0,16,NA,86220,86220,NA,19880,1,1,1,1,557.0006854479402,747.8877921721845
38105953900,38,105,9539,3227,3078,11,42,48,9,0,0,39,2446,2350,8,26,37,6,0,0,19,NA,86220,86220,13760,19880,1,1,1,1,757.3227774350538,1016.8613338816917
38105954100,38,105,9541,4406,4041,1,54,212,2,1,0,95,3331,3119,1,29,132,2,0,0,48,NA,86220,86220,13760,19880,1,1,1,1,1031.3336760573036,1384.7772294194256
