GEOID,state,county,vtd,pop,pop_hisp,pop_white,pop_black,pop_aian,pop_asian,pop_nhpi,pop_other,pop_two,vap,vap_hisp,vap_white,vap_black,vap_aian,vap_asian,vap_nhpi,vap_other,vap_two,ai_an_nh,place,COUNTYFP,COUSUBFP,DISTRICT.x,DISTRICT.y,school,shd,ssd,cd_1990,cd_2000,ndv,nrv
44001001001,RI,001,01001,1455,17,1390,10,0,15,0,0,23,1055,13,1019,4,0,12,0,0,7,NA,NA,NA,NA,NA,NA,NA,NA,NA,1,1,286.33717078018884,472.80147424217324
44001001002,RI,001,01002,2934,37,2710,73,4,89,0,1,20,2167,29,2001,62,3,56,0,1,15,NA,NA,NA,NA,NA,NA,NA,NA,NA,1,1,588.1446910717244,971.1476726851085
44001001003,RI,001,01003,2180,10,2092,1,3,66,0,2,6,1498,8,1444,1,2,40,0,2,1,NA,NA,NA,NA,NA,NA,NA,NA,NA,1,1,406.57164154381314,671.3332781182706
44001001004,RI,001,01004,2393,22,2326,7,0,29,0,0,9,1761,14,1720,3,0,19,0,0,5,NA,NA,NA,NA,NA,NA,NA,NA,NA,1,1,477.9523770084479,789.1975318866987
44001001005,RI,001,01005,2060,27,1974,9,7,25,0,0,18,1563,16,1515,6,2,14,0,0,10,NA,NA,NA,NA,NA,NA,NA,NA,NA,1,1,424.2132681795594,700.4632267682624
44001001006,RI,001,01006,2020,28,1926,7,0,32,0,0,27,1378,16,1324,4,0,20,0,0,14,NA,NA,NA,NA,NA,NA,NA,NA,NA,1,1,374.0024846778201,617.5549113798244
44001001007,RI,001,01007,1703,12,1663,0,0,16,0,5,7,1185,6,1161,0,0,13,0,2,3,NA,NA,NA,NA,NA,NA,NA,NA,NA,1,1,321.6204240516813,531.0613715421567
44001001008,RI,001,01008,2074,24,2011,4,3,24,0,3,5,1467,16,1429,2,2,16,0,2,0,NA,NA,NA,NA,NA,NA,NA,NA,NA,1,1,398.15794268676495,657.4405333775054
44001002001,RI,001,02001,1663,24,1602,1,4,5,0,2,25,1413,15,1369,1,4,5,0,2,17,NA,NA,NA,NA,NA,NA,NA,NA,NA,1,1,303.00913115661314,323.2618705035971
44001002002,RI,001,02002,1802,32,1755,1,0,6,0,0,8,1436,27,1398,1,0,6,0,0,4,NA,NA,NA,NA,NA,NA,NA,NA,NA,1,1,307.9413392363033,328.52374100719425
44001002003,RI,001,02003,1661,9,1636,5,0,7,0,0,4,1383,5,1370,3,0,5,0,0,0,NA,NA,NA,NA,NA,NA,NA,NA,NA,1,1,296.57581627006084,316.3985611510791
44001002004,RI,001,02004,2594,23,2514,12,3,23,0,4,15,2082,15,2028,6,3,19,0,3,8,NA,NA,NA,NA,NA,NA,NA,NA,NA,1,1,446.4720531267294,476.3136690647482
44001002005,RI,001,02005,2324,10,2262,19,3,13,0,0,17,1773,5,1728,17,3,10,0,0,10,NA,NA,NA,NA,NA,NA,NA,NA,NA,1,1,380.20890979524074,405.62158273381294
44001002006,RI,001,02006,3071,50,2917,28,6,22,1,4,43,2409,28,2309,15,5,19,1,3,29,NA,NA,NA,NA,NA,NA,NA,NA,NA,1,1,516.5951853901494,551.1237410071942
44001002007,RI,001,02007,3436,58,3304,15,6,17,0,1,35,2723,40,2627,13,4,12,0,0,27,NA,NA,NA,NA,NA,NA,NA,NA,NA,1,1,583.9305478693968,622.9597122302158
44001002008,RI,001,02008,1856,14,1807,8,0,6,8,2,11,1414,10,1380,4,0,5,4,2,9,NA,NA,NA,NA,NA,NA,NA,NA,NA,1,1,303.2235749861649,323.49064748201437
44001002009,RI,001,02009,1421,13,1366,5,2,11,0,0,24,1027,6,991,4,2,8,0,0,16,NA,NA,NA,NA,NA,NA,NA,NA,NA,1,1,220.2338129496403,234.9539568345324
44001002010,RI,001,02010,2641,56,2465,38,8,37,1,2,34,2410,50,2245,38,8,37,1,2,29,NA,NA,NA,NA,NA,NA,NA,NA,NA,1,1,516.8096292197012,551.3525179856115
44001034001,RI,001,34001,1641,20,1542,23,3,10,0,3,40,1258,13,1213,10,0,8,0,0,14,NA,NA,NA,NA,NA,NA,NA,NA,NA,1,1,309.48551538288797,340.27868852459017
44001034002,RI,001,34002,1016,13,966,12,1,1,0,2,21,791,6,760,7,1,0,0,2,15,NA,NA,NA,NA,NA,NA,NA,NA,NA,1,1,194.59701324949472,213.9590163934426
44001034003,RI,001,34003,1030,7,982,8,4,9,2,3,15,812,6,783,5,4,8,2,0,4,NA,NA,NA,NA,NA,NA,NA,NA,NA,1,1,199.76330563664945,219.63934426229508
44001034004,RI,001,34004,1426,9,1381,12,1,6,0,0,17,1119,4,1092,5,1,4,0,0,13,NA,NA,NA,NA,NA,NA,NA,NA,NA,1,1,275.28958005838757,302.68032786885243
44001034005,RI,001,34005,2556,16,2504,9,5,7,1,0,14,1940,8,1907,5,5,5,1,0,9,NA,NA,NA,NA,NA,NA,NA,NA,NA,1,1,477.2670110038177,524.7540983606558
44001034006,RI,001,34006,878,3,839,6,3,13,0,1,13,724,2,694,5,3,10,0,1,9,NA,NA,NA,NA,NA,NA,NA,NA,NA,1,1,178.11408039523917,195.8360655737705
44001034007,RI,001,34007,1583,19,1519,11,4,9,1,0,20,1196,14,1151,7,3,9,0,0,12,NA,NA,NA,NA,NA,NA,NA,NA,NA,1,1,294.2326521446216,323.5081967213115
44001034008,RI,001,34008,678,14,663,1,0,0,0,0,0,577,12,564,1,0,0,0,0,0,NA,NA,NA,NA,NA,NA,NA,NA,NA,1,1,141.9500336851561,156.0737704918033
44001034009,RI,001,34009,552,5,535,6,2,2,0,1,1,489,5,473,5,2,2,0,1,1,NA,NA,NA,NA,NA,NA,NA,NA,NA,1,1,120.30080844374578,132.27049180327867
44003006001,RI,003,06001,1471,13,1438,4,1,7,1,0,7,1046,7,1026,2,1,6,1,0,3,NA,NA,NA,NA,NA,NA,NA,NA,NA,2,2,212.14612919814869,302.8885636298904
44003006002,RI,003,06002,2056,18,1995,7,2,15,0,0,19,1533,10,1492,5,2,14,0,0,10,NA,NA,NA,NA,NA,NA,NA,NA,NA,2,2,310.9177973812255,443.9083824518375
44003006003,RI,003,06003,1625,21,1567,11,2,8,0,0,16,1313,13,1274,7,1,6,0,0,12,NA,NA,NA,NA,NA,NA,NA,NA,NA,2,2,266.29815261679653,380.20333082796
44003006004,RI,003,06004,849,6,832,2,2,1,0,0,6,604,2,593,2,2,1,0,0,4,NA,NA,NA,NA,NA,NA,NA,NA,NA,2,2,122.50120653506863,174.89932354919102
44003006005,RI,003,06005,2345,11,2285,9,5,24,0,0,11,1643,7,1610,6,3,14,0,0,3,NA,NA,NA,NA,NA,NA,NA,NA,NA,2,2,333.22761976344003,475.7609082637763
44003006006,RI,003,06006,1729,31,1644,13,5,12,1,3,20,1254,20,1210,6,2,6,0,1,9,NA,NA,NA,NA,NA,NA,NA,NA,NA,2,2,254.33197515724515,363.1187942561019
44003006007,RI,003,06007,1512,29,1444,15,6,3,0,0,15,1086,16,1049,6,5,3,0,0,7,NA,NA,NA,NA,NA,NA,NA,NA,NA,2,2,220.25879188259032,314.4713002887773
44003006008,RI,003,06008,2334,35,2257,5,2,6,2,5,22,1784,17,1741,4,2,5,1,1,13,NA,NA,NA,NA,NA,NA,NA,NA,NA,2,2,361.8247557260968,516.5900549863524
44003006009,RI,003,06009,1676,24,1622,4,0,11,0,0,15,1302,18,1265,3,0,10,0,0,6,NA,NA,NA,NA,NA,NA,NA,NA,NA,2,2,264.0671703785751,377.0180782467661
44003006010,RI,003,06010,1996,27,1928,13,0,8,1,0,19,1595,12,1563,8,0,6,1,0,5,NA,NA,NA,NA,NA,NA,NA,NA,NA,2,2,323.4924245421101,461.8616242731121
44003006011,RI,003,06011,947,9,929,3,1,1,0,1,3,721,6,707,3,1,1,0,1,2,NA,NA,NA,NA,NA,NA,NA,NA,NA,2,2,146.2307448870604,208.77882827643498
44003006012,RI,003,06012,1966,37,1885,11,2,9,0,0,22,1468,22,1417,8,1,8,0,0,12,NA,NA,NA,NA,NA,NA,NA,NA,NA,2,2,297.73472051900785,425.08643538114643
44003006013,RI,003,06013,1473,18,1430,0,1,8,0,2,14,1077,7,1055,0,1,7,0,1,6,NA,NA,NA,NA,NA,NA,NA,NA,NA,2,2,218.43344277859094,311.8651845405277
44003006014,RI,003,06014,1362,9,1328,0,1,13,0,0,11,1082,8,1057,0,1,10,0,0,6,NA,NA,NA,NA,NA,NA,NA,NA,NA,2,2,219.44752561414614,313.3130266228886
44003006015,RI,003,06015,1579,4,1528,6,1,17,0,4,19,1214,3,1180,5,1,12,0,2,11,NA,NA,NA,NA,NA,NA,NA,NA,NA,2,2,246.21931247280352,351.53605759721506
44003006016,RI,003,06016,2032,30,1965,0,3,26,0,1,7,1550,22,1504,0,3,17,0,1,3,NA,NA,NA,NA,NA,NA,NA,NA,NA,2,2,314.3656790221132,448.8310455318644
44003006017,RI,003,06017,1883,15,1825,13,1,4,2,1,22,1359,8,1327,6,1,4,2,1,10,NA,NA,NA,NA,NA,NA,NA,NA,NA,2,2,275.6277147039044,393.52347798567985
44003006018,RI,003,06018,2026,37,1951,2,0,9,1,1,25,1629,27,1579,2,0,7,1,1,12,NA,NA,NA,NA,NA,NA,NA,NA,NA,2,2,330.3881878238854,471.70695043316584
44003006019,RI,003,06019,2807,11,2752,4,2,4,0,4,30,2019,9,1981,2,2,3,0,3,19,NA,NA,NA,NA,NA,NA,NA,NA,NA,2,2,409.48664899719137,584.6386328573124
44003009001,RI,003,09001,2132,19,2021,0,1,64,0,2,25,1397,8,1333,0,1,45,0,0,10,NA,NA,NA,NA,NA,NA,NA,NA,NA,2,2,294.1679454390452,560.4971227621484
44003009002,RI,003,09002,1519,14,1416,15,0,60,1,3,10,1079,5,1020,11,0,36,1,0,6,NA,NA,NA,NA,NA,NA,NA,NA,NA,2,2,227.20630861040067,432.91080562659846
44003009003,RI,003,09003,2276,53,2151,23,3,20,0,7,19,1771,25,1703,13,3,14,0,3,10,NA,NA,NA,NA,NA,NA,NA,NA,NA,2,2,372.921568627451,710.5514705882352
44003009004,RI,003,09004,1752,6,1680,6,0,49,0,4,7,1211,5,1167,2,0,34,0,2,1,NA,NA,NA,NA,NA,NA,NA,NA,NA,2,2,255.00170502983804,485.87116368286445
44003009005,RI,003,09005,2163,10,2098,12,4,25,0,1,13,1758,7,1710,8,3,19,0,1,10,NA,NA,NA,NA,NA,NA,NA,NA,NA,2,2,370.1841432225064,705.3356777493607
44003009006,RI,003,09006,1575,7,1510,10,0,42,0,0,6,1162,5,1121,8,0,27,0,0,1,NA,NA,NA,NA,NA,NA,NA,NA,NA,2,2,244.6837169650469,466.2116368286445
44003009007,RI,003,09007,1531,8,1432,18,0,60,0,0,13,1006,3,946,12,0,39,0,0,6,NA,NA,NA,NA,NA,NA,NA,NA,NA,2,2,211.83461210571184,403.6221227621483
44003035001,RI,003,35001,469,14,427,6,5,7,0,0,10,355,9,327,6,3,5,0,0,5,NA,NA,NA,NA,NA,NA,NA,NA,NA,2,2,98.2674404726383,117.37646953511965
44003035002,RI,003,35002,989,45,846,60,3,13,0,2,20,831,30,712,56,3,11,0,2,17,NA,NA,NA,NA,NA,NA,NA,NA,NA,2,2,230.02885361341527,274.7601300948857
44003035003,RI,003,35003,738,13,687,10,0,8,0,0,20,542,7,515,6,0,7,0,0,7,NA,NA,NA,NA,NA,NA,NA,NA,NA,2,2,150.03085277794355,179.20576475502776
44003035004,RI,003,35004,185,0,172,0,1,0,0,4,8,182,0,170,0,1,0,0,3,8,NA,NA,NA,NA,NA,NA,NA,NA,NA,2,2,50.37936384794415,60.17610550814585
44003035005,RI,003,35005,878,9,848,10,1,5,0,0,5,708,5,686,8,1,5,0,0,3,NA,NA,NA,NA,NA,NA,NA,NA,NA,2,2,195.98126156233218,234.0916631855344
44003035006,RI,003,35006,2020,39,1916,21,0,17,0,1,26,1555,26,1489,13,0,14,0,1,12,NA,NA,NA,NA,NA,NA,NA,NA,NA,2,2,430.43907023930296,514.1420003580592
44003035007,RI,003,35007,2444,13,2357,13,6,23,0,0,32,1927,6,1868,8,4,18,0,0,23,NA,NA,NA,NA,NA,NA,NA,NA,NA,2,2,533.412275466969,637.1393149131706
44003035008,RI,003,35008,1793,26,1731,11,0,18,0,0,7,1396,15,1359,6,0,13,0,0,3,NA,NA,NA,NA,NA,NA,NA,NA,NA,2,2,386.42632929521994,461.57056752401985
44003035009,RI,003,35009,349,6,307,15,0,17,0,2,2,270,2,242,12,0,12,0,2,0,NA,NA,NA,NA,NA,NA,NA,NA,NA,2,2,74.73861669749955,89.27224443516141
44003035010,RI,003,35010,187,5,164,1,2,8,0,0,7,144,3,126,1,2,7,0,0,5,NA,NA,NA,NA,NA,NA,NA,NA,NA,2,2,39.86059557199977,47.611863698752764
44003035011,RI,003,35011,1294,10,1243,21,2,1,0,3,14,1026,7,994,14,1,1,0,1,8,NA,NA,NA,NA,NA,NA,NA,NA,NA,2,2,284.0067434504983,339.2345288536134
44003035013,RI,003,35013,1969,24,1873,20,3,27,1,6,15,1488,15,1423,17,3,20,1,3,6,NA,NA,NA,NA,NA,NA,NA,NA,NA,2,2,411.89282091066417,491.9892582204452
44003035014,RI,003,35014,2292,66,2125,30,6,19,0,7,39,1718,40,1607,25,3,17,0,7,19,NA,NA,NA,NA,NA,NA,NA,NA,NA,2,2,475.55904994927494,568.0359849615086
44003035015,RI,003,35015,1734,74,1565,32,2,37,0,4,20,1372,45,1253,30,2,30,0,3,9,NA,NA,NA,NA,NA,NA,NA,NA,NA,2,2,379.78289669988663,453.63525690756103
44003035016,RI,003,35016,2064,49,1902,35,11,44,1,2,20,1638,23,1541,28,8,24,1,2,11,NA,NA,NA,NA,NA,NA,NA,NA,NA,2,2,453.4142746314973,541.5849495733127
44003035017,RI,003,35017,1863,31,1761,22,15,16,0,5,13,1457,18,1395,14,8,11,0,5,6,NA,NA,NA,NA,NA,NA,NA,NA,NA,2,2,403.3117204750253,481.7394820075192
44003035018,RI,003,35018,1884,30,1777,43,0,17,0,0,17,1440,19,1368,31,0,15,0,0,7,NA,NA,NA,NA,NA,NA,NA,NA,NA,2,2,398.6059557199976,476.1186369875276
44003035019,RI,003,35019,2004,21,1947,21,0,8,0,0,7,1536,16,1499,13,0,6,0,0,2,NA,NA,NA,NA,NA,NA,NA,NA,NA,2,2,425.1796861013308,507.85987945336274
44003035020,RI,003,35020,1972,32,1856,21,1,36,1,2,23,1523,21,1436,21,1,26,1,2,15,NA,NA,NA,NA,NA,NA,NA,NA,NA,2,2,421.5811601121919,503.5615862027809
44003035021,RI,003,35021,1456,19,1361,24,4,25,0,2,21,1089,12,1030,12,3,21,0,1,10,NA,NA,NA,NA,NA,NA,NA,NA,NA,2,2,301.44575401324823,360.06471922181777
44003035022,RI,003,35022,2296,44,2171,23,6,16,0,2,34,1713,21,1638,16,4,11,0,2,21,NA,NA,NA,NA,NA,NA,NA,NA,NA,2,2,474.1750014919138,566.3827952497463
44003035023,RI,003,35023,419,9,399,2,6,2,0,0,1,302,5,290,2,3,2,0,0,0,NA,NA,NA,NA,NA,NA,NA,NA,NA,2,2,83.5965268246106,99.85265859043982
44003035024,RI,003,35024,175,0,164,10,1,0,0,0,0,132,0,125,6,1,0,0,0,0,NA,NA,NA,NA,NA,NA,NA,NA,NA,2,2,36.53887927433311,43.64420839052336
44003035025,RI,003,35025,2127,23,2022,32,10,21,0,3,16,1672,18,1603,20,7,15,0,2,7,NA,NA,NA,NA,NA,NA,NA,NA,NA,2,2,462.82580414155274,552.8266396132959
44003035026,RI,003,35026,2072,47,1900,37,8,37,0,7,36,1593,40,1472,25,4,27,0,5,20,NA,NA,NA,NA,NA,NA,NA,NA,NA,2,2,440.9578385152474,526.7062421674524
44003035027,RI,003,35027,2164,34,2048,18,1,24,0,6,33,1555,17,1488,13,1,18,0,2,16,NA,NA,NA,NA,NA,NA,NA,NA,NA,2,2,430.43907023930296,514.1420003580592
44003035028,RI,003,35028,2492,48,2336,23,4,40,1,3,37,1881,31,1779,19,4,26,1,1,20,NA,NA,NA,NA,NA,NA,NA,NA,NA,2,2,520.6790296592469,621.9299695649579
44003035029,RI,003,35029,1070,14,987,17,4,15,0,2,31,771,4,723,9,4,11,0,0,20,NA,NA,NA,NA,NA,NA,NA,NA,NA,2,2,213.42027212508205,254.92185355373874
44003035030,RI,003,35030,1250,31,1167,24,4,10,0,3,11,966,17,909,18,4,10,0,1,7,NA,NA,NA,NA,NA,NA,NA,NA,NA,2,2,267.39816196216503,319.3962523124664
44003035031,RI,003,35031,2394,53,2166,23,17,15,0,3,117,1762,26,1624,19,8,12,0,3,70,NA,NA,NA,NA,NA,NA,NA,NA,NA,2,2,487.7386763740526,582.5840544250165
44003035032,RI,003,35032,1842,41,1723,11,5,38,0,6,18,1407,23,1326,9,4,29,0,4,12,NA,NA,NA,NA,NA,NA,NA,NA,NA,2,2,389.4712359014144,465.2075848898968
44003035033,RI,003,35033,1800,23,1726,19,4,12,0,6,10,1356,15,1307,14,4,9,0,3,4,NA,NA,NA,NA,NA,NA,NA,NA,NA,2,2,375.35394163633106,448.34504982992183
44003035034,RI,003,35034,1980,25,1890,25,4,29,0,0,7,1505,14,1448,17,3,18,0,0,5,NA,NA,NA,NA,NA,NA,NA,NA,NA,2,2,416.598585665692,497.61010324043684
44003035035,RI,003,35035,707,7,644,18,3,13,0,4,18,535,5,483,17,3,13,0,4,10,NA,NA,NA,NA,NA,NA,NA,NA,NA,2,2,148.093184937638,176.89129915856057
44003035036,RI,003,35036,1523,33,1446,7,4,17,1,0,15,1212,25,1153,5,4,11,1,0,13,NA,NA,NA,NA,NA,NA,NA,NA,NA,2,2,335.4933460643313,400.733186131169
44003035037,RI,003,35037,1214,19,1150,10,1,24,0,1,9,902,11,859,8,1,17,0,1,5,NA,NA,NA,NA,NA,NA,NA,NA,NA,2,2,249.68234170794292,298.2354240019096
44003035038,RI,003,35038,569,3,554,2,0,6,0,0,4,401,2,394,1,0,4,0,0,0,NA,NA,NA,NA,NA,NA,NA,NA,NA,2,2,111.00068628036044,132.58581488333232
44003035039,RI,003,35039,3305,35,3146,28,11,43,0,0,42,2602,24,2483,26,11,31,0,0,27,NA,NA,NA,NA,NA,NA,NA,NA,NA,2,2,720.2588172107179,860.3199260010741
44003035040,RI,003,35040,1365,33,1206,22,3,78,0,2,21,1177,24,1057,17,3,64,0,1,11,NA,NA,NA,NA,NA,NA,NA,NA,NA,2,2,325.8050068628036,389.16085814883337
44003035041,RI,003,35041,2777,26,2675,15,10,23,1,6,21,2196,12,2134,9,8,16,0,4,13,NA,NA,NA,NA,NA,NA,NA,NA,NA,2,2,607.8740824729964,726.0809214059797
44003035042,RI,003,35042,16,0,13,3,0,0,0,0,0,16,0,13,3,0,0,0,0,0,NA,NA,NA,NA,NA,NA,NA,NA,NA,2,2,4.428955063555529,5.290207077639196
44003035043,RI,003,35043,2008,38,1876,21,0,50,2,1,20,1524,27,1428,14,0,38,2,1,14,NA,NA,NA,NA,NA,NA,NA,NA,NA,2,2,421.85796980366416,503.8922241451334
44003035044,RI,003,35044,2770,35,2662,4,0,44,0,0,25,2108,24,2030,3,0,34,0,0,17,NA,NA,NA,NA,NA,NA,NA,NA,NA,2,2,583.514829623441,696.984782478964
44003035045,RI,003,35045,1551,10,1436,10,1,77,0,1,16,1423,10,1333,10,1,57,0,0,12,NA,NA,NA,NA,NA,NA,NA,NA,NA,2,2,393.90019096496985,470.49779196753593
44003035046,RI,003,35046,2011,33,1897,12,0,39,2,3,25,1691,23,1608,11,0,28,2,1,18,NA,NA,NA,NA,NA,NA,NA,NA,NA,2,2,468.085188279525,559.1087605179926
44003035047,RI,003,35047,1081,7,1055,4,0,10,0,2,3,853,4,836,4,0,7,0,1,1,NA,NA,NA,NA,NA,NA,NA,NA,NA,2,2,236.11866682580415,282.03416482663965
44003035048,RI,003,35048,1143,17,1104,4,9,3,0,0,6,854,6,833,4,5,3,0,0,3,NA,NA,NA,NA,NA,NA,NA,NA,NA,2,2,236.39547651727636,282.36480276899204
44003035049,RI,003,35049,1751,12,1727,4,0,5,0,0,3,1359,5,1349,2,0,2,0,0,1,NA,NA,NA,NA,NA,NA,NA,NA,NA,2,2,376.1843707107477,449.33696365697915
44003035050,RI,003,35050,819,22,752,11,1,28,0,4,1,648,15,600,8,1,19,0,4,1,NA,NA,NA,NA,NA,NA,NA,NA,NA,2,2,179.3726800739989,214.2533866443874
44003035051,RI,003,35051,2283,11,2164,22,2,48,1,0,35,1902,8,1822,17,2,35,1,0,17,NA,NA,NA,NA,NA,NA,NA,NA,NA,2,2,526.4920331801635,628.8733663543593
44003035052,RI,003,35052,1536,21,1464,5,0,35,0,0,11,1239,14,1190,5,0,21,0,0,9,NA,NA,NA,NA,NA,NA,NA,NA,NA,2,2,342.9672077340813,409.6604105746852
44003035053,RI,003,35053,2039,46,1871,22,7,76,0,5,12,1700,35,1561,18,5,67,0,4,10,NA,NA,NA,NA,NA,NA,NA,NA,NA,2,2,470.576475502775,562.0845019991646
44003035054,RI,003,35054,423,9,392,5,0,10,0,0,7,298,6,275,5,0,8,0,0,4,NA,NA,NA,NA,NA,NA,NA,NA,NA,2,2,82.48928805872174,98.53010682103003
44003035055,RI,003,35055,1383,15,1337,10,0,17,0,2,2,1226,11,1190,9,0,13,0,1,2,NA,NA,NA,NA,NA,NA,NA,NA,NA,2,2,339.3686817449424,405.3621173241034
44003035056,RI,003,35056,892,8,853,5,0,22,0,0,4,713,4,688,4,0,14,0,0,3,NA,NA,NA,NA,NA,NA,NA,NA,NA,2,2,197.36531001969328,235.74485289729665
44003035057,RI,003,35057,0,0,0,0,0,0,0,0,0,0,0,0,0,0,0,0,0,0,NA,NA,NA,NA,NA,NA,NA,NA,NA,2,2,0,0
44003035058,RI,003,35058,1977,14,1932,8,1,6,0,0,16,1637,11,1609,7,1,4,0,0,5,NA,NA,NA,NA,NA,NA,NA,NA,NA,2,2,453.1374649400251,541.2543116309603
44003037001,RI,003,37001,1513,14,1468,1,2,8,0,6,14,1143,8,1113,1,2,6,0,4,9,NA,NA,NA,NA,NA,NA,NA,NA,NA,2,2,192.43586926668496,322.4007140895358
44003037002,RI,003,37002,1949,11,1908,3,4,9,0,5,9,1333,7,1308,1,2,7,0,2,6,NA,NA,NA,NA,NA,NA,NA,NA,NA,2,2,224.42433397418293,375.9931337544631
44003037003,RI,003,37003,1623,10,1571,3,3,11,0,0,25,1165,7,1130,1,2,8,0,0,17,NA,NA,NA,NA,NA,NA,NA,NA,NA,2,2,196.1397967591321,328.6061521560011
44003038001,RI,003,38001,2669,96,2466,14,10,15,0,16,52,2114,59,1984,11,5,12,0,10,33,NA,NA,NA,NA,NA,NA,NA,NA,NA,2,2,467.86378491437534,556.2042790535536
44003038002,RI,003,38002,440,9,419,1,2,3,0,1,5,360,6,345,1,2,2,0,0,4,NA,NA,NA,NA,NA,NA,NA,NA,NA,2,2,79.67405987188984,94.71785262974421
44003038003,RI,003,38003,2575,198,2283,15,15,9,0,4,51,1937,113,1758,11,10,9,0,4,32,NA,NA,NA,NA,NA,NA,NA,NA,NA,2,2,428.6907054773629,509.63466817726265
44003038004,RI,003,38004,986,58,873,5,4,19,0,1,26,726,38,649,5,4,15,0,1,14,NA,NA,NA,NA,NA,NA,NA,NA,NA,2,2,160.67602074164452,191.01433613665083
44003038005,RI,003,38005,1498,42,1416,12,2,11,1,1,13,1143,23,1091,10,1,9,1,1,7,NA,NA,NA,NA,NA,NA,NA,NA,NA,2,2,252.96514009325026,300.7291820994379
44003038006,RI,003,38006,1615,55,1502,18,14,9,2,0,15,1180,21,1126,11,8,7,1,0,6,NA,NA,NA,NA,NA,NA,NA,NA,NA,2,2,261.15386291341673,310.4640725086061
44003038007,RI,003,38007,1824,37,1714,13,5,38,0,3,14,1474,20,1405,12,3,25,0,1,8,NA,NA,NA,NA,NA,NA,NA,NA,NA,2,2,326.2210118087934,387.81698548956376
44003038008,RI,003,38008,2447,62,2220,39,4,77,0,7,38,1996,42,1835,30,3,63,0,4,19,NA,NA,NA,NA,NA,NA,NA,NA,NA,2,2,441.74839862303367,525.157871802693
44003038009,RI,003,38009,1763,41,1678,8,2,9,1,0,24,1335,21,1284,4,2,8,0,0,16,NA,NA,NA,NA,NA,NA,NA,NA,NA,2,2,295.45797202492486,351.2453701686348
44003038010,RI,003,38010,2569,103,2306,39,15,11,0,8,87,1916,61,1765,23,11,9,0,2,45,NA,NA,NA,NA,NA,NA,NA,NA,NA,2,2,424.0430519848359,504.1094601071942
44003038011,RI,003,38011,699,9,671,3,1,7,0,1,7,562,6,543,2,1,4,0,1,5,NA,NA,NA,NA,NA,NA,NA,NA,NA,2,2,124.38006013333914,147.86509216087848
44003038012,RI,003,38012,1716,34,1593,19,0,43,0,0,27,1402,21,1315,18,0,31,0,0,17,NA,NA,NA,NA,NA,NA,NA,NA,NA,2,2,310.2861998344154,368.87341496361495
44003038013,RI,003,38013,1827,53,1667,27,11,23,0,2,44,1404,27,1313,19,7,15,0,1,22,NA,NA,NA,NA,NA,NA,NA,NA,NA,2,2,310.7288335003704,369.3996252560025
44003038014,RI,003,38014,660,4,641,3,0,8,0,0,4,549,4,536,3,0,5,0,0,1,NA,NA,NA,NA,NA,NA,NA,NA,NA,2,2,121.502941304632,144.44472526035992
44003038015,RI,003,38015,1780,24,1662,23,4,39,3,12,13,1514,17,1426,16,4,31,2,7,11,NA,NA,NA,NA,NA,NA,NA,NA,NA,2,2,335.0736851278923,398.3411913373132
44003038016,RI,003,38016,2071,60,1858,44,3,58,0,3,45,1543,35,1410,31,2,42,0,2,21,NA,NA,NA,NA,NA,NA,NA,NA,NA,2,2,341.491873284239,405.97124057693145
44003038017,RI,003,38017,2442,33,2337,23,0,28,0,1,20,1794,20,1729,13,0,18,0,0,14,NA,NA,NA,NA,NA,NA,NA,NA,NA,2,2,397.0423983615844,472.0106322715587
44005015001,RI,005,15001,2692,19,2614,23,7,11,0,1,17,2057,12,2005,14,4,9,0,1,12,NA,NA,NA,NA,NA,NA,NA,NA,NA,1,1,556.4785583941606,692.5483576642337
44005015002,RI,005,15002,2930,31,2836,19,2,11,0,3,28,2327,19,2262,14,1,9,0,3,19,NA,NA,NA,NA,NA,NA,NA,NA,NA,1,1,629.5214416058394,783.4516423357663
44005018001,RI,005,18001,3593,31,3522,2,6,8,3,1,20,2813,19,2766,1,6,6,3,1,11,NA,NA,NA,NA,NA,NA,NA,NA,NA,1,1,708,1066
44005019001,RI,005,19001,3228,188,2524,275,15,115,5,10,96,2302,113,1854,187,11,88,5,3,41,NA,NA,NA,NA,NA,NA,NA,NA,NA,1,1,419.8422646292514,573.0279557777621
44005019002,RI,005,19002,944,20,817,55,10,25,0,3,14,749,10,667,42,4,15,0,3,8,NA,NA,NA,NA,NA,NA,NA,NA,NA,1,1,136.60376029857053,186.44567283994084
44005019003,RI,005,19003,2262,57,1985,105,2,51,5,8,49,1713,41,1508,84,2,44,4,6,24,NA,NA,NA,NA,NA,NA,NA,NA,NA,1,1,312.4195479191606,426.4104640518273
44005019004,RI,005,19004,1676,26,1560,42,0,30,0,2,16,1368,18,1283,32,0,22,0,2,11,NA,NA,NA,NA,NA,NA,NA,NA,NA,1,1,249.49792268150128,340.53094852475175
44005019005,RI,005,19005,2174,129,1621,207,18,67,2,8,122,1362,64,1062,119,9,50,2,5,51,NA,NA,NA,NA,NA,NA,NA,NA,NA,1,1,248.40363354693332,339.0373917329766
44005019006,RI,005,19006,2006,39,1862,47,2,31,1,2,22,1606,25,1503,38,2,21,1,0,16,NA,NA,NA,NA,NA,NA,NA,NA,NA,1,1,292.90472501936483,399.77536793183583
44005019007,RI,005,19007,1537,5,1488,26,0,12,1,0,5,1216,4,1181,22,0,5,1,0,3,NA,NA,NA,NA,NA,NA,NA,NA,NA,1,1,221.7759312724456,302.69417646644604
44005019008,RI,005,19008,1989,28,1867,16,5,31,3,6,33,1524,22,1442,13,3,17,3,5,19,NA,NA,NA,NA,NA,NA,NA,NA,NA,1,1,277.949440180269,379.36342511090766
44005019009,RI,005,19009,1518,16,1456,23,2,11,0,0,10,1166,10,1131,13,0,7,0,0,5,NA,NA,NA,NA,NA,NA,NA,NA,NA,1,1,212.6568551510457,290.2478698683191
44005021001,RI,005,21001,1194,407,316,306,59,8,0,6,92,568,156,196,148,27,3,0,4,34,NA,NA,NA,NA,NA,NA,NA,NA,NA,1,1,132.70953186689226,141.41267155480352
44005021002,RI,005,21002,1621,226,959,281,13,49,3,17,73,1267,161,798,204,10,45,3,9,37,NA,NA,NA,NA,NA,NA,NA,NA,NA,1,1,296.0263677382967,315.4398853167889
44005021003,RI,005,21003,1368,102,978,135,21,13,0,13,106,891,40,711,82,8,9,0,2,39,NA,NA,NA,NA,NA,NA,NA,NA,NA,1,1,208.1763959390863,221.82868020304568
44005021004,RI,005,21004,339,8,315,1,5,2,0,4,4,269,6,253,1,2,1,0,4,2,NA,NA,NA,NA,NA,NA,NA,NA,NA,1,1,62.85011280315849,66.97184621169393
44005021005,RI,005,21005,1805,64,1623,73,2,17,5,2,19,1437,35,1312,62,2,11,2,2,11,NA,NA,NA,NA,NA,NA,NA,NA,NA,1,1,335.74576988155667,357.76410039481107
44005021006,RI,005,21006,2668,121,2036,304,16,34,2,43,112,2180,88,1722,239,11,26,1,31,62,NA,NA,NA,NA,NA,NA,NA,NA,NA,1,1,509.34292160180485,542.7458168828726
44005021007,RI,005,21007,3089,149,2333,372,37,72,4,16,106,2518,97,2002,263,17,58,4,12,65,NA,NA,NA,NA,NA,NA,NA,NA,NA,1,1,588.3144388042865,626.8963150968227
44005021008,RI,005,21008,1961,44,1718,125,7,19,0,8,40,1539,30,1369,95,4,17,0,5,19,NA,NA,NA,NA,NA,NA,NA,NA,NA,1,1,359.57741116751265,383.1586294416243
44005021009,RI,005,21009,1502,28,1374,44,14,19,0,5,18,1318,17,1212,39,13,18,0,4,15,NA,NA,NA,NA,NA,NA,NA,NA,NA,1,1,307.94218838127466,328.13714984019555
44005021010,RI,005,21010,1641,49,1431,80,5,9,2,15,50,1322,31,1196,53,4,8,0,11,19,NA,NA,NA,NA,NA,NA,NA,NA,NA,1,1,308.8767625493514,329.1330137243843
44005021011,RI,005,21011,798,25,721,24,1,9,0,2,16,749,24,677,23,1,9,0,2,13,NA,NA,NA,NA,NA,NA,NA,NA,NA,1,1,174.99901297236323,186.4755123143448
44005021012,RI,005,21012,1380,60,1221,50,5,10,1,7,26,1199,43,1074,47,4,10,1,3,17,NA,NA,NA,NA,NA,NA,NA,NA,NA,1,1,280.1386068809927,298.51019928558003
44005021013,RI,005,21013,2008,60,1852,34,3,13,3,8,35,1793,46,1662,30,3,13,2,7,30,NA,NA,NA,NA,NA,NA,NA,NA,NA,1,1,418.92287084038355,446.3959860876105
44005021014,RI,005,21014,2093,46,1983,23,7,11,0,2,21,1559,26,1489,17,4,9,0,2,12,NA,NA,NA,NA,NA,NA,NA,NA,NA,1,1,364.25028200789626,388.1379488625682
44005021015,RI,005,21015,3008,78,2763,41,6,56,0,13,51,2667,65,2465,35,5,49,0,12,36,NA,NA,NA,NA,NA,NA,NA,NA,NA,1,1,623.1273265651439,663.992244782854
44005027001,RI,005,27001,1469,25,1404,21,0,6,2,3,8,1123,16,1076,16,0,6,2,2,5,NA,NA,NA,NA,NA,NA,NA,NA,NA,1,1,276.4753548387097,399.8363010752688
44005027002,RI,005,27002,1811,19,1741,23,3,12,0,3,10,1400,10,1357,15,3,10,0,1,4,NA,NA,NA,NA,NA,NA,NA,NA,NA,1,1,344.6709677419355,498.4602150537635
44005027003,RI,005,27003,1746,17,1679,12,3,18,0,1,16,1325,6,1284,9,3,16,0,1,6,NA,NA,NA,NA,NA,NA,NA,NA,NA,1,1,326.20645161290327,471.7569892473118
44005027004,RI,005,27004,1835,23,1751,22,7,11,0,0,21,1466,15,1412,14,5,9,0,0,11,NA,NA,NA,NA,NA,NA,NA,NA,NA,1,1,360.91974193548384,521.9590537634408
44005027005,RI,005,27005,88,0,87,1,0,0,0,0,0,77,0,76,1,0,0,0,0,0,NA,NA,NA,NA,NA,NA,NA,NA,NA,1,1,18.95690322580645,27.415311827956987
44005027006,RI,005,27006,1153,4,1102,7,1,32,0,1,6,890,4,854,7,1,22,0,0,2,NA,NA,NA,NA,NA,NA,NA,NA,NA,1,1,219.1122580645161,316.87827956989247
44005027007,RI,005,27007,1388,6,1334,16,1,13,1,3,14,1034,3,1000,11,1,9,1,2,7,NA,NA,NA,NA,NA,NA,NA,NA,NA,1,1,254.56412903225808,368.1484731182796
44005027008,RI,005,27008,2360,97,2109,58,7,43,1,5,40,1655,55,1481,45,4,38,1,4,27,NA,NA,NA,NA,NA,NA,NA,NA,NA,1,1,407.45032258064515,589.2511827956989
44005027009,RI,005,27009,1974,15,1873,13,0,48,1,3,21,1415,5,1357,6,0,35,1,1,10,NA,NA,NA,NA,NA,NA,NA,NA,NA,1,1,348.36387096774195,503.8008602150538
44005027010,RI,005,27010,1628,13,1559,12,2,30,0,1,11,1240,7,1198,7,2,17,0,1,8,NA,NA,NA,NA,NA,NA,NA,NA,NA,1,1,305.28000000000003,441.49333333333334
44005027011,RI,005,27011,1697,30,1630,9,0,17,1,0,10,1195,14,1158,8,0,10,1,0,4,NA,NA,NA,NA,NA,NA,NA,NA,NA,1,1,217.94591930145765,297.46672769523275
44005033001,RI,005,33001,2002,13,1949,12,5,4,1,4,14,1581,7,1551,9,2,4,1,0,7,NA,NA,NA,NA,NA,NA,NA,NA,NA,1,1,383.65139157487596,432.30572605734466
44005033002,RI,005,33002,2898,14,2824,16,5,11,0,7,21,2240,7,2193,14,5,7,0,4,10,NA,NA,NA,NA,NA,NA,NA,NA,NA,1,1,543.5668040023543,612.5014714537963
44005033003,RI,005,33003,2055,25,1987,1,0,20,0,4,18,1658,11,1619,1,0,14,0,3,10,NA,NA,NA,NA,NA,NA,NA,NA,NA,1,1,402.3365004624569,453.36046413856894
44005033004,RI,005,33004,1986,19,1936,10,2,6,0,2,11,1578,10,1547,6,1,4,0,2,8,NA,NA,NA,NA,NA,NA,NA,NA,NA,1,1,382.92340031951574,431.4854115866477
44005033005,RI,005,33005,1719,15,1682,4,2,8,0,0,8,1336,9,1310,4,2,6,0,0,5,NA,NA,NA,NA,NA,NA,NA,NA,NA,1,1,324.1987723871185,365.3133776170857
44005033006,RI,005,33006,2342,9,2298,10,2,4,0,0,19,1795,8,1763,8,2,3,0,0,11,NA,NA,NA,NA,NA,NA,NA,NA,NA,1,1,435.58143445724374,490.8214916337341
44005033007,RI,005,33007,2258,9,2220,8,0,6,0,1,14,1705,6,1679,4,0,3,0,1,12,NA,NA,NA,NA,NA,NA,NA,NA,NA,1,1,413.74169679643484,466.21205751282264
44005ZZZZZZ,RI,005,ZZZZZZ,0,0,0,0,0,0,0,0,0,0,0,0,0,0,0,0,0,0,NA,NA,NA,NA,NA,NA,NA,NA,NA,1,1,0,0
44007003001,RI,007,03001,681,3,673,0,0,0,0,0,5,495,2,489,0,0,0,0,0,4,NA,NA,NA,NA,NA,NA,NA,NA,NA,1,1,94.25763634816643,117.42193482515103
44007003002,RI,007,03002,3224,40,3144,2,13,11,0,0,14,2433,26,2380,0,8,10,0,0,9,NA,NA,NA,NA,NA,NA,NA,NA,NA,1,1,463.2905641112907,577.1466008678635
44007003003,RI,007,03003,3158,8,3116,4,4,4,0,8,14,2375,4,2349,3,3,3,0,4,9,NA,NA,NA,NA,NA,NA,NA,NA,NA,1,1,452.2462350038288,563.3880711307752
44007003004,RI,007,03004,3171,31,3092,16,6,5,4,2,15,2308,20,2256,10,4,5,4,0,9,NA,NA,NA,NA,NA,NA,NA,NA,NA,1,1,439.4881306900366,547.4945971241385
44007003005,RI,007,03005,1813,7,1774,1,1,9,0,6,15,1347,4,1326,1,1,5,0,4,6,NA,NA,NA,NA,NA,NA,NA,NA,NA,1,1,256.4950225474347,319.5299923423807
44007003006,RI,007,03006,1354,13,1338,0,1,0,0,1,1,1049,4,1042,0,1,0,0,1,1,NA,NA,NA,NA,NA,NA,NA,NA,NA,1,1,199.7500212711648,248.83961541734024
44007003007,RI,007,03007,2395,30,2338,5,2,5,0,3,12,1746,13,1718,3,2,5,0,0,5,NA,NA,NA,NA,NA,NA,NA,NA,NA,1,1,332.472390028078,414.17918829235094
44007004001,RI,007,04001,1679,694,784,77,11,17,2,49,45,1232,460,624,58,9,14,2,34,31,NA,NA,NA,NA,NA,NA,NA,NA,NA,1,1,277.35403448533253,173.16234977980145
44007004002,RI,007,04002,344,23,293,5,0,1,0,5,17,293,12,256,5,0,1,0,4,15,NA,NA,NA,NA,NA,NA,NA,NA,NA,1,1,65.96163320146302,41.18227961483914
44007004003,RI,007,04003,3377,1810,1100,208,5,19,0,116,119,2253,1149,840,116,2,13,0,68,65,NA,NA,NA,NA,NA,NA,NA,NA,NA,1,1,507.206688064492,316.66783608270504
44007004004,RI,007,04004,1678,984,492,77,5,19,0,56,45,1112,623,369,43,1,16,0,33,27,NA,NA,NA,NA,NA,NA,NA,NA,NA,1,1,250.33903112637157,156.2958871389117
44007004005,RI,007,04005,3725,1564,1527,186,15,16,0,213,204,2520,979,1162,101,2,12,0,142,122,NA,NA,NA,NA,NA,NA,NA,NA,NA,1,1,567.3150705381802,354.1957154586848
44007004006,RI,007,04006,1813,1191,520,21,0,5,0,40,36,1241,774,408,14,0,5,0,22,18,NA,NA,NA,NA,NA,NA,NA,NA,NA,1,1,279.3801597372546,174.4273344778682
44007004007,RI,007,04007,3596,1530,1667,175,9,21,0,81,113,2713,1081,1333,143,6,21,0,47,82,NA,NA,NA,NA,NA,NA,NA,NA,NA,1,1,610.764200940509,381.3226095394491
44007004008,RI,007,04008,335,88,220,2,2,8,0,8,7,315,75,220,2,0,8,0,7,3,NA,NA,NA,NA,NA,NA,NA,NA,NA,1,1,70.91438381727252,44.2744644323356
44007004009,RI,007,04009,2381,1157,974,65,6,14,0,43,122,1718,766,791,42,4,8,0,29,78,NA,NA,NA,NA,NA,NA,NA,NA,NA,1,1,386.76479808912444,241.47152347540495
44007007001,RI,007,07001,1846,287,1273,68,0,175,2,2,39,1403,169,1071,32,0,107,2,0,22,NA,NA,NA,NA,NA,NA,NA,NA,NA,2,2,351.7260137363079,486.90109536600664
44007007002,RI,007,07002,432,16,402,6,1,5,1,0,1,336,8,319,3,1,3,1,0,1,NA,NA,NA,NA,NA,NA,NA,NA,NA,2,2,84.2337424200994,116.6063920477393
44007007003,RI,007,07003,1194,59,1062,31,5,32,0,2,3,962,33,878,25,4,17,0,2,3,NA,NA,NA,NA,NA,NA,NA,NA,NA,2,2,241.16922680992747,333.85520580334884
44007007004,RI,007,07004,2162,281,1446,79,26,235,0,15,80,1588,169,1153,58,18,140,0,8,42,NA,NA,NA,NA,NA,NA,NA,NA,NA,2,2,398.1047111997555,551.1040195589584
44007007005,RI,007,07005,1673,61,1513,35,5,45,0,2,12,1257,24,1186,17,2,22,0,2,4,NA,NA,NA,NA,NA,NA,NA,NA,NA,2,2,315.124447089479,436.2328416785961
44007007006,RI,007,07006,1653,104,1376,34,4,98,0,5,32,1256,56,1088,23,4,66,0,2,17,NA,NA,NA,NA,NA,NA,NA,NA,NA,2,2,314.87375142751443,435.8857988451207
44007007007,RI,007,07007,1991,52,1724,43,0,152,0,0,20,1585,38,1404,28,0,102,0,0,13,NA,NA,NA,NA,NA,NA,NA,NA,NA,2,2,397.35262421386176,550.0628910585322
44007007008,RI,007,07008,567,104,384,17,1,48,0,1,12,455,63,338,11,1,36,0,1,5,NA,NA,NA,NA,NA,NA,NA,NA,NA,2,2,114.0665261938846,157.90448923131362
44007007009,RI,007,07009,235,6,219,4,2,0,0,2,2,160,2,150,3,2,0,0,2,1,NA,NA,NA,NA,NA,NA,NA,NA,NA,2,2,40.11130591433305,55.52685335606633
44007007010,RI,007,07010,1447,108,1175,33,6,79,0,11,35,1087,63,920,22,3,53,0,4,22,NA,NA,NA,NA,NA,NA,NA,NA,NA,2,2,272.50618455550017,377.2355599877757
44007007011,RI,007,07011,1145,112,799,118,12,82,0,1,21,818,53,611,74,8,61,0,0,11,NA,NA,NA,NA,NA,NA,NA,NA,NA,2,2,205.0690514870277,283.8810377828891
44007007012,RI,007,07012,2186,66,2063,12,6,17,0,2,20,1806,42,1722,9,5,16,0,2,10,NA,NA,NA,NA,NA,NA,NA,NA,NA,2,2,452.75636550803426,626.7593572565987
44007007013,RI,007,07013,2234,55,2141,9,1,22,0,1,5,1798,33,1737,7,1,16,0,1,3,NA,NA,NA,NA,NA,NA,NA,NA,NA,2,2,450.75080021231764,623.9830145887954
44007007014,RI,007,07014,2695,51,2558,16,0,46,0,3,21,2174,32,2081,14,0,32,0,3,12,NA,NA,NA,NA,NA,NA,NA,NA,NA,2,2,545.0123691110003,754.4711199755513
44007007015,RI,007,07015,289,0,252,9,4,21,0,0,3,230,0,204,7,1,16,0,0,2,NA,NA,NA,NA,NA,NA,NA,NA,NA,2,2,57.66000225185376,79.81985169934536
44007007016,RI,007,07016,3056,38,2909,21,0,63,0,1,24,2111,21,2018,17,0,41,0,1,13,NA,NA,NA,NA,NA,NA,NA,NA,NA,2,2,529.2185424072317,732.6074214666002
44007007017,RI,007,07017,2162,20,2064,15,0,56,0,3,4,1881,17,1803,13,0,41,0,3,4,NA,NA,NA,NA,NA,NA,NA,NA,NA,2,2,471.55854015537795,652.7875697672548
44007007018,RI,007,07018,2091,31,2021,8,2,13,2,3,11,1640,17,1592,6,2,12,1,3,7,NA,NA,NA,NA,NA,NA,NA,NA,NA,2,2,411.14088562191375,569.1502468996799
44007007019,RI,007,07019,672,11,634,12,1,10,0,0,4,479,5,459,7,1,7,0,0,0,NA,NA,NA,NA,NA,NA,NA,NA,NA,2,2,120.08322208103456,166.2335172347236
44007007020,RI,007,07020,1181,9,1159,0,0,13,0,0,0,809,5,797,0,0,7,0,0,0,NA,NA,NA,NA,NA,NA,NA,NA,NA,2,2,202.8127905293465,280.75765228161043
44007007021,RI,007,07021,898,12,850,12,4,15,1,0,4,776,5,741,10,4,13,0,0,3,NA,NA,NA,NA,NA,NA,NA,NA,NA,2,2,194.5398336845153,269.3052387769217
44007007022,RI,007,07022,643,2,628,2,0,1,0,4,6,536,1,528,2,0,0,0,2,3,NA,NA,NA,NA,NA,NA,NA,NA,NA,2,2,134.3728748130157,186.01495874282222
44007007023,RI,007,07023,1337,9,1278,5,4,30,0,3,8,940,4,904,4,1,23,0,1,3,NA,NA,NA,NA,NA,NA,NA,NA,NA,2,2,235.65392224670668,326.2202634668897
44007007024,RI,007,07024,2838,23,2769,1,1,34,0,0,10,1977,16,1931,1,1,27,0,0,1,NA,NA,NA,NA,NA,NA,NA,NA,NA,2,2,495.6253237039777,686.1036817808946
44007007025,RI,007,07025,2015,40,1869,18,5,79,0,0,4,1526,21,1431,13,2,55,0,0,4,NA,NA,NA,NA,NA,NA,NA,NA,NA,2,2,382.5615801579515,529.5873638834827
44007007026,RI,007,07026,956,17,921,4,1,12,0,0,1,782,12,754,4,1,11,0,0,0,NA,NA,NA,NA,NA,NA,NA,NA,NA,2,2,196.04400765630277,271.3874957777742
44007007027,RI,007,07027,1887,65,1691,70,4,46,0,1,10,1620,64,1439,69,4,33,0,1,10,NA,NA,NA,NA,NA,NA,NA,NA,NA,2,2,406.12697238262217,562.2093902301716
44007007028,RI,007,07028,1638,20,1580,5,1,21,2,0,9,1317,10,1281,3,1,15,2,0,5,NA,NA,NA,NA,NA,NA,NA,NA,NA,2,2,330.1661868073539,457.05541168712097
44007007029,RI,007,07029,3874,438,2730,558,17,89,0,18,24,3344,367,2370,499,11,73,0,6,18,NA,NA,NA,NA,NA,NA,NA,NA,NA,2,2,838.3262936095607,1160.5112351417863
44007007031,RI,007,07031,2569,225,1793,478,11,49,1,0,12,2426,217,1670,475,11,42,1,0,10,NA,NA,NA,NA,NA,NA,NA,NA,NA,2,2,608.1876759260749,841.9259140113558
44007007032,RI,007,07032,383,10,348,6,2,11,0,0,6,288,6,262,5,2,7,0,0,6,NA,NA,NA,NA,NA,NA,NA,NA,NA,2,2,72.20035064579949,99.9483360409194
44007007033,RI,007,07033,2773,64,2451,71,9,112,1,6,59,2142,45,1915,51,7,82,1,3,38,NA,NA,NA,NA,NA,NA,NA,NA,NA,2,2,536.9901079281336,743.365749304338
44007007034,RI,007,07034,984,29,824,4,3,99,0,6,19,747,19,634,4,2,73,0,6,9,NA,NA,NA,NA,NA,NA,NA,NA,NA,2,2,187.2696594875424,259.2409966061347
44007007035,RI,007,07035,2006,67,1807,17,4,77,1,4,29,1528,42,1400,6,4,54,0,2,20,NA,NA,NA,NA,NA,NA,NA,NA,NA,2,2,383.06297148188065,530.2814495504335
44007007036,RI,007,07036,470,16,432,8,3,7,0,0,4,431,11,402,7,1,7,0,0,3,NA,NA,NA,NA,NA,NA,NA,NA,NA,2,2,108.04983030673465,149.5754612279037
44007007037,RI,007,07037,1477,43,1385,2,0,36,0,2,9,1189,30,1120,1,0,31,0,1,6,NA,NA,NA,NA,NA,NA,NA,NA,NA,2,2,298.0771420758875,412.6339290022679
44007007038,RI,007,07038,1303,14,1247,1,0,37,0,0,4,1056,12,1013,1,0,28,0,0,2,NA,NA,NA,NA,NA,NA,NA,NA,NA,2,2,264.7346190345981,366.47723215003776
44007007039,RI,007,07039,143,0,140,0,0,2,0,1,0,116,0,113,0,0,2,0,1,0,NA,NA,NA,NA,NA,NA,NA,NA,NA,2,2,29.080696787891462,40.256968683148095
44007007040,RI,007,07040,1012,11,948,7,0,39,0,0,7,834,8,786,7,0,29,0,0,4,NA,NA,NA,NA,NA,NA,NA,NA,NA,2,2,209.080182078461,289.4337231184958
44007007041,RI,007,07041,1852,107,1595,51,6,49,0,14,30,1376,58,1212,36,3,34,0,11,22,NA,NA,NA,NA,NA,NA,NA,NA,NA,2,2,344.9572308632643,477.5309388621705
44007007042,RI,007,07042,1718,104,1434,53,11,96,0,1,19,1337,67,1147,43,7,63,0,1,9,NA,NA,NA,NA,NA,NA,NA,NA,NA,2,2,335.1801000466455,463.9962683566293
44007007043,RI,007,07043,1031,60,794,36,4,83,5,10,39,773,38,615,28,2,51,5,6,28,NA,NA,NA,NA,NA,NA,NA,NA,NA,2,2,193.78774669862156,268.2641102764955
44007007044,RI,007,07044,1661,20,1566,25,2,25,2,1,20,1291,11,1238,13,2,20,1,1,5,NA,NA,NA,NA,NA,NA,NA,NA,NA,2,2,323.6480995962748,448.0322980167602
44007007045,RI,007,07045,2707,120,2390,83,14,51,0,7,42,2065,76,1867,53,7,33,0,4,25,NA,NA,NA,NA,NA,NA,NA,NA,NA,2,2,517.6865419568609,716.6434511267311
44007007046,RI,007,07046,1063,28,969,26,1,14,1,0,24,816,21,748,21,1,11,1,0,13,NA,NA,NA,NA,NA,NA,NA,NA,NA,2,2,204.56766016309854,283.1869521159383
44007007047,RI,007,07047,2500,303,1746,233,12,99,2,10,95,1931,197,1403,176,11,70,2,7,65,NA,NA,NA,NA,NA,NA,NA,NA,NA,2,2,484.09332325360697,670.1397114410255
44007007048,RI,007,07048,2172,148,1789,96,10,63,2,10,54,1725,105,1461,69,10,43,1,3,33,NA,NA,NA,NA,NA,NA,NA,NA,NA,2,2,432.4500168889032,598.6488877450902
44007007049,RI,007,07049,969,8,906,25,0,7,0,4,19,742,5,712,11,0,3,0,2,9,NA,NA,NA,NA,NA,NA,NA,NA,NA,2,2,186.01618117771952,257.50578243875765
44007007050,RI,007,07050,1454,22,1368,32,5,13,0,7,7,1130,15,1072,23,3,10,0,4,3,NA,NA,NA,NA,NA,NA,NA,NA,NA,2,2,283.28609801997715,392.1584018272185
44007007051,RI,007,07051,2025,117,1682,75,1,83,0,11,56,1575,67,1363,50,1,57,0,7,30,NA,NA,NA,NA,NA,NA,NA,NA,NA,2,2,394.84566759421597,546.592462723778
44007008001,RI,007,08001,2509,17,2445,6,1,26,0,7,7,1959,12,1915,6,1,18,0,2,5,NA,NA,NA,NA,NA,NA,NA,NA,NA,1,1,482.24658385093164,578.3714285714285
44007008002,RI,007,08002,888,6,879,0,0,2,0,1,0,734,4,727,0,0,2,0,1,0,NA,NA,NA,NA,NA,NA,NA,NA,NA,1,1,180.68861283643892,216.7047619047619
44007008003,RI,007,08003,3345,74,3137,23,1,56,3,13,38,2386,47,2245,17,0,44,2,9,22,NA,NA,NA,NA,NA,NA,NA,NA,NA,1,1,587.3610766045549,704.4380952380952
44007008004,RI,007,08004,2399,28,2318,7,4,10,0,7,25,1862,16,1810,6,3,9,0,5,13,NA,NA,NA,NA,NA,NA,NA,NA,NA,1,1,458.36811594202896,549.7333333333333
44007008005,RI,007,08005,2367,22,2256,15,1,32,5,9,27,1786,15,1713,8,1,24,3,5,17,NA,NA,NA,NA,NA,NA,NA,NA,NA,1,1,439.6592132505176,527.2952380952381
44007008006,RI,007,08006,1790,6,1743,8,2,24,0,0,7,1317,3,1286,7,1,17,0,0,3,NA,NA,NA,NA,NA,NA,NA,NA,NA,1,1,324.2055900621118,388.8285714285714
44007008007,RI,007,08007,1493,5,1468,2,0,7,0,8,3,1104,2,1090,2,0,4,0,4,2,NA,NA,NA,NA,NA,NA,NA,NA,NA,1,1,271.77142857142854,325.9428571428571
44007008008,RI,007,08008,2211,19,2166,3,3,14,0,2,4,1657,12,1631,2,1,10,0,0,1,NA,NA,NA,NA,NA,NA,NA,NA,NA,1,1,407.9033126293996,489.2095238095238
44007008009,RI,007,08009,742,5,724,4,0,5,0,0,4,552,4,539,3,0,5,0,0,1,NA,NA,NA,NA,NA,NA,NA,NA,NA,1,1,135.88571428571427,162.97142857142856
44007008010,RI,007,08010,1212,63,1126,5,0,4,0,6,8,923,39,869,3,0,2,0,3,7,NA,NA,NA,NA,NA,NA,NA,NA,NA,1,1,227.2146997929607,272.50476190476195
44007008011,RI,007,08011,1969,56,1842,36,0,11,0,9,15,1496,36,1421,15,0,6,0,6,12,NA,NA,NA,NA,NA,NA,NA,NA,NA,1,1,368.26997929606625,441.67619047619047
44007008012,RI,007,08012,1803,34,1734,14,2,2,0,4,13,1433,18,1392,7,2,2,0,3,9,NA,NA,NA,NA,NA,NA,NA,NA,NA,1,1,352.76128364389234,423.07619047619045
44007008013,RI,007,08013,2488,40,2390,10,2,19,0,1,26,1910,26,1853,4,2,12,0,1,12,NA,NA,NA,NA,NA,NA,NA,NA,NA,1,1,470.1842650103519,563.9047619047618
44007008014,RI,007,08014,1483,1,1442,3,0,25,0,0,12,1078,1,1051,3,0,17,0,0,6,NA,NA,NA,NA,NA,NA,NA,NA,NA,1,1,265.3710144927536,318.26666666666665
44007008015,RI,007,08015,2171,4,2132,9,2,7,0,6,11,1683,4,1662,3,2,6,0,2,4,NA,NA,NA,NA,NA,NA,NA,NA,NA,1,1,414.3037267080745,496.8857142857143
44007008016,RI,007,08016,2970,287,2598,16,4,20,0,15,30,2270,197,2011,10,4,16,0,9,23,NA,NA,NA,NA,NA,NA,NA,NA,NA,1,1,558.8053830227743,670.1904761904761
44007010001,RI,007,10001,2555,40,2338,84,5,30,4,17,37,1925,20,1779,62,3,21,3,13,24,NA,NA,NA,NA,NA,NA,NA,NA,NA,1,1,545.2703056997536,494.59912956845477
44007010002,RI,007,10002,1330,34,1183,50,4,7,0,14,38,1035,21,933,35,3,6,0,8,29,NA,NA,NA,NA,NA,NA,NA,NA,NA,1,1,293.171307220387,265.9273242095328
44007010003,RI,007,10003,2001,17,1874,42,5,11,0,24,28,1651,12,1559,30,3,9,0,17,21,NA,NA,NA,NA,NA,NA,NA,NA,NA,1,1,467.6578050443081,424.1990456714383
44007010004,RI,007,10004,1267,6,1208,27,1,3,0,5,17,976,3,937,18,1,3,0,5,9,NA,NA,NA,NA,NA,NA,NA,NA,NA,1,1,276.4591264223166,250.7681820565256
44007010005,RI,007,10005,2376,52,1764,178,24,13,0,150,195,1817,33,1374,143,18,12,0,112,125,NA,NA,NA,NA,NA,NA,NA,NA,NA,1,1,514.6785171202349,466.85019139006874
44007010006,RI,007,10006,2997,60,2485,195,21,14,3,97,122,2438,41,2076,138,21,13,3,71,75,NA,NA,NA,NA,NA,NA,NA,NA,NA,1,1,690.5813014524671,626.4065859157884
44007010007,RI,007,10007,2545,73,1883,164,17,20,1,135,252,1936,41,1493,116,10,13,1,85,177,NA,NA,NA,NA,NA,NA,NA,NA,NA,1,1,548.3861360180379,497.4254103088459
44007010008,RI,007,10008,1993,48,1388,237,26,3,0,130,161,1567,29,1101,192,21,2,0,103,119,NA,NA,NA,NA,NA,NA,NA,NA,NA,1,1,443.8641917046825,402.6165381993603
44007010009,RI,007,10009,460,28,344,52,4,1,0,19,12,324,13,263,29,1,1,0,9,8,NA,NA,NA,NA,NA,NA,NA,NA,NA,1,1,91.77536573855593,83.2468145351581
44007010010,RI,007,10010,2512,81,2037,192,24,14,0,67,97,1926,35,1671,100,13,10,0,43,54,NA,NA,NA,NA,NA,NA,NA,NA,NA,1,1,545.5535630014157,494.85606418121756
44007010011,RI,007,10011,2489,30,2155,118,11,25,1,68,81,1939,19,1697,87,10,21,1,48,56,NA,NA,NA,NA,NA,NA,NA,NA,NA,1,1,549.2359079230245,498.1962141471344
44007010012,RI,007,10012,2636,76,2209,137,10,117,2,24,61,2285,69,1924,112,10,92,2,24,52,NA,NA,NA,NA,NA,NA,NA,NA,NA,1,1,647.2429342981491,587.0955901630748
44007010013,RI,007,10013,1206,10,1131,37,1,9,6,2,10,997,5,949,27,1,6,4,2,3,NA,NA,NA,NA,NA,NA,NA,NA,NA,1,1,282.407529757223,256.1638089245451
44007010014,RI,007,10014,2844,44,2386,120,11,21,0,126,136,2213,26,1900,92,10,16,0,86,83,NA,NA,NA,NA,NA,NA,NA,NA,NA,1,1,626.84840857847,568.5962980441508
44007010015,RI,007,10015,2752,45,2343,148,0,31,2,59,124,2133,27,1854,100,0,27,1,39,85,NA,NA,NA,NA,NA,NA,NA,NA,NA,1,1,604.1878244454932,548.0415290231241
44007010016,RI,007,10016,1636,36,1389,71,7,19,0,33,81,1258,24,1085,53,4,11,0,23,58,NA,NA,NA,NA,NA,NA,NA,NA,NA,1,1,356.33768549105974,323.22374285564473
44007010017,RI,007,10017,1217,72,780,145,1,91,0,32,96,950,40,666,96,1,71,0,24,52,NA,NA,NA,NA,NA,NA,NA,NA,NA,1,1,269.0944365790991,244.08788212469193
44007010018,RI,007,10018,948,17,741,63,15,35,1,29,47,765,6,610,54,14,31,1,19,30,NA,NA,NA,NA,NA,NA,NA,NA,NA,1,1,216.69183577159038,196.55497876356773
44007010019,RI,007,10019,2137,49,1952,61,6,8,0,40,21,1598,31,1463,44,5,7,0,31,17,NA,NA,NA,NA,NA,NA,NA,NA,NA,1,1,452.645168056211,410.5815111950081
44007010020,RI,007,10020,2275,25,2104,60,3,23,2,10,48,1793,19,1669,48,3,20,2,9,23,NA,NA,NA,NA,NA,NA,NA,NA,NA,1,1,507.88034188034186,460.6837606837607
44007010021,RI,007,10021,2591,41,2298,134,12,7,0,18,81,2013,28,1832,84,8,6,0,15,40,NA,NA,NA,NA,NA,NA,NA,NA,NA,1,1,570.196948246028,517.2093754915841
44007010022,RI,007,10022,2337,16,2199,53,1,25,0,8,35,1798,10,1712,36,1,19,0,7,13,NA,NA,NA,NA,NA,NA,NA,NA,NA,1,1,509.29662838865295,461.96843374757486
44007010023,RI,007,10023,2217,3,2137,17,1,27,0,9,23,1757,1,1703,10,1,23,0,3,16,NA,NA,NA,NA,NA,NA,NA,NA,NA,1,1,497.68307902050236,451.4341146242987
44007010024,RI,007,10024,1367,19,1302,6,2,1,0,5,32,1048,9,1014,4,2,1,0,2,16,NA,NA,NA,NA,NA,NA,NA,NA,NA,1,1,296.8536521419957,269.26747417544965
44007012001,RI,007,12001,2445,26,2344,8,9,18,4,6,30,1807,12,1745,6,8,10,2,3,21,NA,NA,NA,NA,NA,NA,NA,NA,NA,2,2,387.173556326917,566.2199431997475
44007012002,RI,007,12002,1829,8,1794,1,1,6,0,0,19,1362,5,1339,1,1,3,0,0,13,NA,NA,NA,NA,NA,NA,NA,NA,NA,2,2,291.82644367308296,426.78005680025245
44007013001,RI,007,13001,2307,15,2264,9,3,5,0,0,11,1709,10,1682,5,2,4,0,0,6,NA,NA,NA,NA,NA,NA,NA,NA,NA,2,2,344.4277869302581,491.5369302580999
44007013002,RI,007,13002,2569,24,2490,8,6,13,0,2,26,1848,12,1805,4,5,5,0,1,16,NA,NA,NA,NA,NA,NA,NA,NA,NA,2,2,372.44151565074134,531.5156507413509
44007013003,RI,007,13003,1548,8,1526,4,0,2,0,1,7,1152,3,1141,3,0,1,0,1,3,NA,NA,NA,NA,NA,NA,NA,NA,NA,2,2,232.17133443163095,331.33443163097195
44007013004,RI,007,13004,995,7,979,1,0,1,0,1,6,742,6,730,1,0,1,0,1,3,NA,NA,NA,NA,NA,NA,NA,NA,NA,2,2,149.54091158704009,213.41158704008785
44007013005,RI,007,13005,2529,11,2485,11,2,3,0,0,17,1833,3,1813,5,2,3,0,0,7,NA,NA,NA,NA,NA,NA,NA,NA,NA,2,2,369.4184514003295,527.2014003294894
44007016001,RI,007,16001,1342,47,1265,9,3,7,0,1,10,1057,24,1016,5,3,5,0,1,3,NA,NA,NA,NA,NA,NA,NA,NA,NA,2,2,301.79676073399435,279.46076539997307
44007016002,RI,007,16002,2134,42,2056,8,2,9,0,2,15,1606,23,1563,6,1,8,0,0,5,NA,NA,NA,NA,NA,NA,NA,NA,NA,2,2,458.548342231594,424.6111534837812
44007016003,RI,007,16003,2294,16,2245,10,2,18,0,1,2,1761,13,1728,4,1,12,0,1,2,NA,NA,NA,NA,NA,NA,NA,NA,NA,2,2,502.8042532190767,465.59168199560327
44007016004,RI,007,16004,893,30,820,15,2,11,5,2,8,683,19,636,10,2,6,4,1,5,NA,NA,NA,NA,NA,NA,NA,NA,NA,2,2,195.01153035129437,180.57871595854456
44007016005,RI,007,16005,442,8,396,8,1,17,0,6,6,332,5,309,3,1,8,0,3,3,NA,NA,NA,NA,NA,NA,NA,NA,NA,2,2,94.79330611512405,87.7776481672574
44007016006,RI,007,16006,2386,91,2240,4,7,23,0,5,16,1859,55,1774,3,2,15,0,2,8,NA,NA,NA,NA,NA,NA,NA,NA,NA,2,2,530.7854098434206,491.5019516353358
44007016007,RI,007,16007,3097,49,2969,22,2,25,0,4,26,2525,31,2439,18,2,21,0,0,14,NA,NA,NA,NA,NA,NA,NA,NA,NA,2,2,720.9430660864103,667.5860289829063
44007016008,RI,007,16008,2223,48,2099,12,1,33,1,4,25,1762,32,1681,9,1,23,1,2,13,NA,NA,NA,NA,NA,NA,NA,NA,NA,2,2,503.0897752254475,465.8560725021311
44007016009,RI,007,16009,2348,21,2257,23,5,22,3,1,16,1956,13,1894,15,4,16,3,1,10,NA,NA,NA,NA,NA,NA,NA,NA,NA,2,2,558.4810444613935,517.1478307685405
44007016010,RI,007,16010,76,5,71,0,0,0,0,0,0,57,5,52,0,0,0,0,0,0,NA,NA,NA,NA,NA,NA,NA,NA,NA,2,2,16.27475436313877,15.07025887208937
44007016011,RI,007,16011,484,16,467,0,0,1,0,0,0,388,10,377,0,0,1,0,0,0,NA,NA,NA,NA,NA,NA,NA,NA,NA,2,2,110.78253847189195,102.58351653281888
44007016012,RI,007,16012,2046,52,1938,10,0,33,0,4,9,1548,26,1488,3,0,21,0,2,8,NA,NA,NA,NA,NA,NA,NA,NA,NA,2,2,441.9880658620844,409.27650410516395
44007016013,RI,007,16013,2457,28,2369,22,1,22,1,0,14,2026,19,1967,14,0,16,1,0,9,NA,NA,NA,NA,NA,NA,NA,NA,NA,2,2,578.4675849073534,535.6551662254924
44007016014,RI,007,16014,2462,22,2390,10,0,20,0,3,17,1932,17,1884,7,0,18,0,1,5,NA,NA,NA,NA,NA,NA,NA,NA,NA,2,2,551.628516308493,510.8024586118713
44007016015,RI,007,16015,1292,9,1245,5,5,13,0,0,15,1034,6,1004,3,5,7,0,0,9,NA,NA,NA,NA,NA,NA,NA,NA,NA,2,2,295.22975458746464,273.37978374983174
44007016016,RI,007,16016,408,20,363,10,0,9,0,2,4,315,12,290,5,0,6,0,0,2,NA,NA,NA,NA,NA,NA,NA,NA,NA,2,2,89.9394320068195,83.28300955628336
44007016017,RI,007,16017,1811,29,1726,3,1,39,0,0,13,1448,20,1389,3,1,26,0,0,9,NA,NA,NA,NA,NA,NA,NA,NA,NA,2,2,413.43586522499885,382.8374534523756
44007017001,RI,007,17001,1412,24,1317,17,2,20,0,2,30,1030,7,986,9,2,14,0,0,12,NA,NA,NA,NA,NA,NA,NA,NA,NA,1,1,253.68845689600403,335.8083984499078
44007017002,RI,007,17002,2013,58,1876,39,0,15,0,4,21,1557,25,1493,16,0,10,0,2,11,NA,NA,NA,NA,NA,NA,NA,NA,NA,1,1,383.4882790165809,507.62492853058893
44007017003,RI,007,17003,2530,17,2366,11,1,111,0,0,24,1996,15,1876,7,1,83,0,0,14,NA,NA,NA,NA,NA,NA,NA,NA,NA,1,1,491.61374753827585,650.751032335938
44007017004,RI,007,17004,1790,9,1739,21,0,5,0,3,13,1307,7,1278,11,0,3,0,1,7,NA,NA,NA,NA,NA,NA,NA,NA,NA,1,1,321.9134108379391,426.11803570294137
44007017005,RI,007,17005,1502,18,1443,15,2,7,0,2,15,1142,9,1106,6,2,5,0,2,12,NA,NA,NA,NA,NA,NA,NA,NA,NA,1,1,281.2739978400356,372.32348643669394
44007017006,RI,007,17006,2000,23,1909,8,5,30,0,11,14,1492,8,1443,5,3,18,0,8,7,NA,NA,NA,NA,NA,NA,NA,NA,NA,1,1,367.47881329013404,486.4331363954006
44007017007,RI,007,17007,1957,56,1828,10,1,30,0,16,16,1546,38,1465,6,1,17,0,11,8,NA,NA,NA,NA,NA,NA,NA,NA,NA,1,1,380.77898481672065,504.0386252461724
44007017008,RI,007,17008,2029,34,1924,6,1,45,0,6,13,1431,23,1363,5,1,27,0,6,6,NA,NA,NA,NA,NA,NA,NA,NA,NA,1,1,352.45454545454544,466.54545454545456
44007017009,RI,007,17009,2403,38,2266,16,2,52,2,8,19,1727,23,1638,13,2,36,1,5,9,NA,NA,NA,NA,NA,NA,NA,NA,NA,1,1,425.35918937805735,563.0496156533893
44007017010,RI,007,17010,1106,9,1037,12,0,28,0,4,16,820,8,772,7,0,22,0,3,8,NA,NA,NA,NA,NA,NA,NA,NA,NA,1,1,201.96556762594497,267.3426084746839
44007017011,RI,007,17011,514,4,497,2,0,11,0,0,0,485,3,474,2,0,6,0,0,0,NA,NA,NA,NA,NA,NA,NA,NA,NA,1,1,119.45524426656503,158.12337208563625
44007017012,RI,007,17012,1176,34,1098,5,1,11,0,7,20,859,15,818,3,1,8,0,5,9,NA,NA,NA,NA,NA,NA,NA,NA,NA,1,1,211.5712470618131,280.057683755797
44007017013,RI,007,17013,466,19,436,4,0,1,0,1,5,349,11,330,3,0,1,0,0,4,NA,NA,NA,NA,NA,NA,NA,NA,NA,1,1,85.9585159773839,113.78362238739597
44007024001,RI,007,24001,2175,171,1756,132,3,43,0,31,39,1741,108,1459,92,3,32,0,19,28,NA,NA,NA,NA,NA,NA,NA,NA,NA,1,1,575.2698016997167,476.43229461756374
44007024002,RI,007,24002,1320,25,1249,9,4,19,0,0,14,1069,17,1026,6,2,12,0,0,6,NA,NA,NA,NA,NA,NA,NA,NA,NA,1,1,353.2242492917847,292.53654390934844
44007024003,RI,007,24003,1205,29,1129,24,1,7,2,1,12,969,25,911,16,1,6,2,1,7,NA,NA,NA,NA,NA,NA,NA,NA,NA,1,1,320.1817563739377,265.171104815864
44007024004,RI,007,24004,1935,67,1776,23,2,15,0,2,50,1580,39,1470,19,2,13,0,1,36,NA,NA,NA,NA,NA,NA,NA,NA,NA,1,1,522.0713881019831,432.37393767705385
44007024005,RI,007,24005,2871,179,2528,75,4,43,0,5,37,2289,126,2040,56,2,39,0,4,22,NA,NA,NA,NA,NA,NA,NA,NA,NA,1,1,756.3426628895185,626.3949008498583
44007024006,RI,007,24006,473,35,375,24,2,30,0,3,4,383,26,310,20,1,22,0,2,2,NA,NA,NA,NA,NA,NA,NA,NA,NA,1,1,126.5527478753541,104.80963172804532
44007024007,RI,007,24007,2479,72,2290,34,10,33,0,10,30,1974,47,1843,26,7,20,0,6,25,NA,NA,NA,NA,NA,NA,NA,NA,NA,1,1,652.2588101983004,540.1937677053825
44007024008,RI,007,24008,2098,37,1985,27,2,24,0,1,22,1667,27,1591,15,2,18,0,1,13,NA,NA,NA,NA,NA,NA,NA,NA,NA,1,1,550.8183569405098,456.18186968838523
44007024009,RI,007,24009,2900,133,2464,58,2,168,1,11,63,2608,119,2219,53,2,148,0,11,56,NA,NA,NA,NA,NA,NA,NA,NA,NA,1,1,861.7482152974504,713.6906515580737
44007024010,RI,007,24010,1018,24,964,8,0,15,0,2,5,824,20,784,6,0,11,0,0,3,NA,NA,NA,NA,NA,NA,NA,NA,NA,1,1,272.2701416430595,225.4912181303116
44007024011,RI,007,24011,2019,65,1794,79,1,23,0,20,37,1592,42,1443,58,0,18,0,10,21,NA,NA,NA,NA,NA,NA,NA,NA,NA,1,1,526.0364872521246,435.65779036827195
44007024012,RI,007,24012,1780,59,1635,38,4,22,0,8,14,1550,36,1453,27,3,20,0,4,7,NA,NA,NA,NA,NA,NA,NA,NA,NA,1,1,512.1586402266289,424.1643059490085
44007024013,RI,007,24013,2352,28,2273,18,0,17,0,4,12,2037,19,1978,17,0,15,0,3,5,NA,NA,NA,NA,NA,NA,NA,NA,NA,1,1,673.0755807365439,557.4339943342776
44007024014,RI,007,24014,2134,79,1935,67,3,23,3,3,21,1737,61,1578,61,3,14,1,3,16,NA,NA,NA,NA,NA,NA,NA,NA,NA,1,1,573.9481019830027,475.33767705382434
44007024015,RI,007,24015,2250,84,1984,65,5,50,0,22,40,1817,53,1623,49,5,39,0,14,34,NA,NA,NA,NA,NA,NA,NA,NA,NA,1,1,600.3820963172805,497.23002832861187
44007024016,RI,007,24016,1735,87,1543,41,5,24,0,12,23,1332,60,1201,26,3,17,0,12,13,NA,NA,NA,NA,NA,NA,NA,NA,NA,1,1,440.1260056657224,364.5076487252125
44007024017,RI,007,24017,1667,73,1423,101,0,40,1,13,16,1306,45,1141,68,0,30,1,9,12,NA,NA,NA,NA,NA,NA,NA,NA,NA,1,1,431.5349575070822,357.3926345609065
44007025001,RI,007,25001,2000,17,1962,12,1,1,0,0,7,1549,12,1522,8,1,1,0,0,5,NA,NA,NA,NA,NA,NA,NA,NA,NA,1,1,398.57749726908605,549.5481247724238
44007025002,RI,007,25002,2466,12,2418,17,0,6,0,3,10,1829,5,1799,14,0,5,0,2,4,NA,NA,NA,NA,NA,NA,NA,NA,NA,1,1,470.6250758587207,648.8854229882268
44007025003,RI,007,25003,2048,10,2015,6,1,10,0,0,6,1716,8,1691,4,1,7,0,0,5,NA,NA,NA,NA,NA,NA,NA,NA,NA,1,1,441.5487316421896,608.7957276368492
44007025004,RI,007,25004,1489,3,1452,4,4,20,0,0,6,1141,2,1117,3,3,15,0,0,1,NA,NA,NA,NA,NA,NA,NA,NA,NA,1,1,293.59388275276126,404.7994902293968
44007025005,RI,007,25005,2615,8,2555,6,14,18,0,1,13,2004,6,1968,3,7,12,0,1,7,NA,NA,NA,NA,NA,NA,NA,NA,NA,1,1,515.6548124772423,710.9712343731035
44007026001,RI,007,26001,999,24,897,32,0,24,0,6,16,786,17,713,24,0,22,0,5,5,NA,NA,NA,NA,NA,NA,NA,NA,NA,1,1,207.3598992829383,163.61913624172095
44007026002,RI,007,26002,2671,852,971,315,2,20,1,332,178,1795,497,749,191,1,18,0,223,116,NA,NA,NA,NA,NA,NA,NA,NA,NA,1,1,473.55091502910216,373.65947780393014
44007026003,RI,007,26003,4620,552,3359,225,4,38,2,254,186,3415,349,2630,132,4,32,2,154,112,NA,NA,NA,NA,NA,NA,NA,NA,NA,1,1,900.9339135511888,710.8897586074771
44007026004,RI,007,26004,3742,682,1384,565,19,29,0,685,378,2614,426,1122,334,14,21,0,464,233,NA,NA,NA,NA,NA,NA,NA,NA,NA,1,1,689.6167642819348,544.1481197657233
44007026005,RI,007,26005,2462,152,2124,78,0,2,2,50,54,1960,105,1724,53,0,2,0,30,46,NA,NA,NA,NA,NA,NA,NA,NA,NA,1,1,517.0806648785739,408.0070064042914
44007026006,RI,007,26006,4286,1080,1295,661,8,41,0,823,378,2911,664,1008,395,6,27,0,550,261,NA,NA,NA,NA,NA,NA,NA,NA,NA,1,1,767.970314010984,605.9736712463737
44007026007,RI,007,26007,2830,602,1335,520,9,21,0,168,175,2019,379,1057,343,5,17,0,97,121,NA,NA,NA,NA,NA,NA,NA,NA,NA,1,1,532.645848158082,420.2888499644206
44007026008,RI,007,26008,1250,130,944,85,2,6,0,36,47,964,77,777,55,0,5,0,20,30,NA,NA,NA,NA,NA,NA,NA,NA,NA,1,1,254.31926578721698,200.67283376211068
44007026009,RI,007,26009,1543,122,1167,95,3,32,0,36,88,1250,87,985,75,0,28,0,23,52,NA,NA,NA,NA,NA,NA,NA,NA,NA,1,1,329.77083219296804,260.2085500027369
44007026010,RI,007,26010,3310,472,1725,390,13,24,0,377,309,2472,304,1430,251,8,18,0,257,204,NA,NA,NA,NA,NA,NA,NA,NA,NA,1,1,652.1547977448137,514.5884284854125
44007026011,RI,007,26011,1018,408,467,103,2,12,1,9,16,821,280,432,74,2,12,1,9,11,NA,NA,NA,NA,NA,NA,NA,NA,NA,1,1,216.59348258434142,170.9049756417976
44007026012,RI,007,26012,343,90,166,42,1,6,0,16,22,258,64,125,35,1,6,0,9,18,NA,NA,NA,NA,NA,NA,NA,NA,NA,1,1,68.06469976462861,53.707044720564895
44007026013,RI,007,26013,2573,428,1867,122,7,8,3,69,69,1964,285,1484,84,5,7,3,45,51,NA,NA,NA,NA,NA,NA,NA,NA,NA,1,1,518.1359315415914,408.8396737643002
44007026014,RI,007,26014,2032,210,1512,112,8,40,0,64,86,1525,135,1177,76,6,29,0,43,59,NA,NA,NA,NA,NA,NA,NA,NA,NA,1,1,402.320415275421,317.454431003339
44007026015,RI,007,26015,2604,847,1465,161,8,11,0,42,70,1760,419,1165,92,4,9,0,30,41,NA,NA,NA,NA,NA,NA,NA,NA,NA,1,1,464.317331727699,366.37363840385353
44007026016,RI,007,26016,1433,117,1252,15,2,11,0,14,22,1102,80,983,10,2,8,0,6,13,NA,NA,NA,NA,NA,NA,NA,NA,NA,1,1,290.7259656613207,229.39985768241286
44007026017,RI,007,26017,1923,96,1720,38,4,7,2,27,29,1530,53,1407,23,4,7,2,19,15,NA,NA,NA,NA,NA,NA,NA,NA,NA,1,1,403.63949860419285,318.4952652033499
44007026018,RI,007,26018,1131,265,671,82,3,17,0,66,27,971,190,633,60,3,11,0,49,25,NA,NA,NA,NA,NA,NA,NA,NA,NA,1,1,256.1659824474976,202.130001642126
44007026019,RI,007,26019,3170,631,1970,294,8,18,1,111,137,2330,414,1570,171,5,13,1,71,85,NA,NA,NA,NA,NA,NA,NA,NA,NA,1,1,614.6928312076924,485.0287372051015
44007026020,RI,007,26020,2703,352,1875,259,6,33,2,74,102,2043,216,1502,170,3,26,1,51,74,NA,NA,NA,NA,NA,NA,NA,NA,NA,1,1,538.9774481361869,425.2848541244731
44007026021,RI,007,26021,2538,663,1398,223,12,21,12,118,91,1823,425,1087,145,5,14,10,77,60,NA,NA,NA,NA,NA,NA,NA,NA,NA,1,1,480.9377816702246,379.4881493239914
44007026022,RI,007,26022,529,46,456,7,0,12,0,2,6,424,29,375,4,0,9,0,2,5,NA,NA,NA,NA,NA,NA,NA,NA,NA,1,1,111.85826627985476,88.26274016092835
44007026023,RI,007,26023,2883,159,2568,38,2,16,0,34,66,2251,107,2041,25,2,11,0,24,41,NA,NA,NA,NA,NA,NA,NA,NA,NA,1,1,593.8513146130969,468.5835568449286
44007026024,RI,007,26024,2023,112,1819,13,2,25,1,18,33,1569,67,1437,10,2,17,1,12,23,NA,NA,NA,NA,NA,NA,NA,NA,NA,1,1,413.9283485686135,326.61377196343534
44007026025,RI,007,26025,1743,19,1646,14,6,4,0,8,46,1397,11,1339,11,2,4,0,4,26,NA,NA,NA,NA,NA,NA,NA,NA,NA,1,1,368.5518820588611,290.80907548305873
44007026026,RI,007,26026,1961,329,1348,86,3,11,0,91,93,1379,199,994,60,3,9,0,53,61,NA,NA,NA,NA,NA,NA,NA,NA,NA,1,1,363.80318207528234,287.06207236301935
44007026027,RI,007,26027,685,45,590,18,1,5,0,6,20,528,25,468,8,1,4,0,4,18,NA,NA,NA,NA,NA,NA,NA,NA,NA,1,1,139.29519951830972,109.91209152115606
44007026028,RI,007,26028,765,83,592,35,5,0,0,23,27,576,53,464,20,2,0,0,16,21,NA,NA,NA,NA,NA,NA,NA,NA,NA,1,1,151.9583994745197,119.90409984126116
44007026029,RI,007,26029,1786,42,1681,6,2,6,0,20,29,1426,29,1351,5,2,5,0,15,19,NA,NA,NA,NA,NA,NA,NA,NA,NA,1,1,376.20256536573794,296.8459138431222
44007026030,RI,007,26030,2989,119,2704,67,0,18,0,17,64,2275,74,2086,48,0,14,0,11,42,NA,NA,NA,NA,NA,NA,NA,NA,NA,1,1,600.1829145912019,473.57956100498114
44007026031,RI,007,26031,3093,204,2669,68,5,30,2,28,87,2329,118,2056,47,2,24,1,20,61,NA,NA,NA,NA,NA,NA,NA,NA,NA,1,1,614.4290145419382,484.8205703650994
44007026032,RI,007,26032,2440,103,2215,31,1,13,1,21,55,1953,67,1803,19,1,9,1,12,41,NA,NA,NA,NA,NA,NA,NA,NA,NA,1,1,515.2339482182932,406.5498385242761
44007026033,RI,007,26033,2880,105,2584,76,3,42,1,30,39,2387,76,2172,50,3,34,1,19,32,NA,NA,NA,NA,NA,NA,NA,NA,NA,1,1,629.7303811556918,496.89424708522637
44007028001,RI,007,28001,1593,189,1186,123,6,44,0,4,41,1394,126,1118,86,5,30,0,3,26,NA,NA,NA,NA,NA,NA,NA,NA,NA,2,1,351.614589258304,216.52776587372702
44007028002,RI,007,28002,2265,1110,306,617,29,67,0,26,110,1246,552,236,329,15,42,0,21,51,NA,NA,NA,NA,NA,NA,NA,NA,NA,1,1,314.2839155063464,193.53916519272875
44007028003,RI,007,28003,232,79,70,69,0,1,0,5,8,174,51,68,47,0,1,0,5,2,NA,NA,NA,NA,NA,NA,NA,NA,NA,1,1,43.888765086761055,27.02713863847095
44007028004,RI,007,28004,2757,952,949,259,5,440,0,13,139,1919,549,798,160,4,296,0,9,103,NA,NA,NA,NA,NA,NA,NA,NA,NA,2,1,484.0375873649106,298.075166938079
44007028005,RI,007,28005,3450,1239,968,484,22,486,0,33,218,2337,733,854,297,12,272,0,25,144,NA,NA,NA,NA,NA,NA,NA,NA,NA,2,1,589.4715172859803,363.0024310236012
44007028006,RI,007,28006,1533,201,1134,106,25,31,0,6,30,1347,121,1091,69,13,26,0,6,21,NA,NA,NA,NA,NA,NA,NA,NA,NA,1,1,339.7595779992364,209.22733187368027
44007028008,RI,007,28008,42,12,7,15,7,0,0,0,1,20,4,6,8,1,0,0,0,1,NA,NA,NA,NA,NA,NA,NA,NA,NA,1,1,5.044685642156443,3.106567659594362
44007028009,RI,007,28009,918,70,603,56,2,140,0,6,41,894,65,589,55,1,139,0,6,39,NA,NA,NA,NA,NA,NA,NA,NA,NA,2,2,225.49744820439298,138.86357438386798
44007028010,RI,007,28010,1669,217,1044,273,18,50,1,11,55,1639,203,1036,268,18,47,1,11,55,NA,NA,NA,NA,NA,NA,NA,NA,NA,2,2,413.41198837472047,254.58321970375795
44007028011,RI,007,28011,1311,393,376,412,29,25,0,15,61,1027,270,362,307,20,24,0,6,38,NA,NA,NA,NA,NA,NA,NA,NA,NA,2,2,259.04460772473334,159.5222493201705
44007028012,RI,007,28012,1945,43,1629,45,2,134,0,26,66,1808,41,1517,38,2,132,0,23,55,NA,NA,NA,NA,NA,NA,NA,NA,NA,1,1,456.0395820509424,280.8337164273303
44007028013,RI,007,28013,3663,187,2701,187,22,235,0,102,229,3374,136,2554,168,19,224,0,73,200,NA,NA,NA,NA,NA,NA,NA,NA,NA,1,1,851.0384678317918,524.0779641735688
44007028014,RI,007,28014,1224,76,586,353,9,73,0,68,59,1027,59,561,242,5,63,0,51,46,NA,NA,NA,NA,NA,NA,NA,NA,NA,1,1,259.04460772473334,159.5222493201705
44007028015,RI,007,28015,1720,68,1389,52,4,153,0,10,44,1619,62,1306,44,4,150,0,10,43,NA,NA,NA,NA,NA,NA,NA,NA,NA,1,1,408.36730273256404,251.4766520441636
44007028016,RI,007,28016,3150,175,2289,127,7,432,2,11,107,2937,166,2101,127,7,425,2,10,99,NA,NA,NA,NA,NA,NA,NA,NA,NA,1,1,740.8120865506736,456.19946081143206
44007028017,RI,007,28017,3219,168,2277,124,3,489,4,8,146,3154,168,2228,121,3,486,4,6,138,NA,NA,NA,NA,NA,NA,NA,NA,NA,1,1,795.546925768071,489.90571991803085
44007028018,RI,007,28018,1722,83,1232,102,3,244,0,9,49,1693,83,1216,93,3,241,0,9,48,NA,NA,NA,NA,NA,NA,NA,NA,NA,1,1,427.03263960854287,262.9709523846627
44007028019,RI,007,28019,516,6,459,15,1,26,1,4,4,423,5,380,13,1,21,1,0,2,NA,NA,NA,NA,NA,NA,NA,NA,NA,1,1,106.69510133160877,65.70390600042076
44007028020,RI,007,28020,1555,21,1453,22,0,48,0,1,10,1219,11,1147,19,0,34,0,0,8,NA,NA,NA,NA,NA,NA,NA,NA,NA,1,1,307.4735898894352,189.34529885227636
44007028021,RI,007,28021,2297,48,2104,17,1,89,1,7,30,1829,37,1678,15,1,77,1,4,16,NA,NA,NA,NA,NA,NA,NA,NA,NA,1,1,461.33650197520666,284.0956124699044
44007028022,RI,007,28022,982,14,884,17,2,44,0,0,21,839,14,756,16,2,40,0,0,11,NA,NA,NA,NA,NA,NA,NA,NA,NA,1,1,211.62456268846276,130.3205133199835
44007028023,RI,007,28023,977,21,877,17,0,45,0,9,8,819,18,731,17,0,43,0,4,6,NA,NA,NA,NA,NA,NA,NA,NA,NA,1,1,206.57987704630634,127.21394566038913
44007028024,RI,007,28024,1151,52,894,33,2,125,0,2,43,1095,50,861,29,2,114,0,2,37,NA,NA,NA,NA,NA,NA,NA,NA,NA,1,1,276.19653890806524,170.08457936279132
44007028025,RI,007,28025,352,15,316,4,0,13,0,1,3,302,10,271,4,0,13,0,1,3,NA,NA,NA,NA,NA,NA,NA,NA,NA,1,1,76.17475319656228,46.909171659874865
44007028026,RI,007,28026,933,18,856,13,1,28,0,3,14,716,9,657,10,1,27,0,3,9,NA,NA,NA,NA,NA,NA,NA,NA,NA,1,1,180.59974598920064,111.21512221347815
44007028027,RI,007,28027,2055,88,1683,114,3,55,0,39,73,1701,56,1443,80,3,50,0,25,44,NA,NA,NA,NA,NA,NA,NA,NA,NA,1,1,429.05051386540543,264.21357944850047
44007028028,RI,007,28028,2008,73,1392,302,8,52,0,90,91,1616,46,1176,216,5,42,0,67,64,NA,NA,NA,NA,NA,NA,NA,NA,NA,1,1,407.61059988624055,251.01066689522443
44007028029,RI,007,28029,3054,466,1112,963,65,65,2,188,193,2222,248,941,688,38,46,2,129,130,NA,NA,NA,NA,NA,NA,NA,NA,NA,1,1,560.4645748435807,345.1396669809336
44007028030,RI,007,28030,893,37,794,20,1,32,2,2,5,726,29,650,12,1,27,2,2,3,NA,NA,NA,NA,NA,NA,NA,NA,NA,1,1,183.12208881027885,112.76840604327533
44007028031,RI,007,28031,457,17,394,13,0,21,0,7,5,368,16,314,11,0,19,0,3,5,NA,NA,NA,NA,NA,NA,NA,NA,NA,1,1,92.82221581567855,57.160844936536265
44007028032,RI,007,28032,707,23,474,125,7,30,2,11,35,676,17,472,111,7,27,2,9,31,NA,NA,NA,NA,NA,NA,NA,NA,NA,1,1,170.51037470488777,105.00198689428943
44007028033,RI,007,28033,2862,420,2055,211,9,25,0,51,91,2186,251,1698,126,4,20,0,32,55,NA,NA,NA,NA,NA,NA,NA,NA,NA,1,1,551.3841406876992,339.54784519366376
44007028034,RI,007,28034,3133,683,1638,540,47,31,0,48,146,2234,381,1372,331,22,20,0,29,79,NA,NA,NA,NA,NA,NA,NA,NA,NA,1,1,563.4913862288746,347.00360757669023
44007028035,RI,007,28035,2383,302,1783,151,16,31,0,14,86,1898,166,1549,86,9,22,0,14,52,NA,NA,NA,NA,NA,NA,NA,NA,NA,1,1,478.7406674406464,294.81327089550496
44007028036,RI,007,28036,293,76,168,34,0,0,0,2,13,177,36,119,18,0,0,0,2,2,NA,NA,NA,NA,NA,NA,NA,NA,NA,1,1,44.64546793308452,27.493123787410102
44007028037,RI,007,28037,964,44,869,27,2,8,0,13,1,757,27,700,16,2,6,0,6,0,NA,NA,NA,NA,NA,NA,NA,NA,NA,1,2,190.94135155562134,117.5835859156466
44007028038,RI,007,28038,894,34,815,15,0,23,0,0,7,721,20,669,11,0,15,0,0,6,NA,NA,NA,NA,NA,NA,NA,NA,NA,2,1,181.86091739973975,111.99176412837674
44007028039,RI,007,28039,2076,345,1442,167,7,43,0,21,51,1614,218,1208,109,4,34,0,14,27,NA,NA,NA,NA,NA,NA,NA,NA,NA,2,1,407.10613132202496,250.70001012926502
44007028040,RI,007,28040,448,53,355,15,0,7,0,7,11,351,35,291,10,0,5,0,4,6,NA,NA,NA,NA,NA,NA,NA,NA,NA,2,1,88.53423301984556,54.52026242588105
44007028041,RI,007,28041,2912,455,2057,242,8,38,0,27,85,2327,270,1791,155,4,28,0,18,61,NA,NA,NA,NA,NA,NA,NA,NA,NA,2,1,586.9491744649021,361.449147193804
44007028042,RI,007,28042,2120,867,701,332,25,74,4,26,91,1397,515,569,194,10,43,2,13,51,NA,NA,NA,NA,NA,NA,NA,NA,NA,2,2,352.3712921046275,216.99375102266617
44007028043,RI,007,28043,341,218,72,42,0,3,2,0,4,217,125,56,28,0,2,2,0,4,NA,NA,NA,NA,NA,NA,NA,NA,NA,2,2,54.7348392173974,33.70625910659883
44007028044,RI,007,28044,573,247,217,94,1,2,1,1,10,363,146,151,56,1,1,1,0,7,NA,NA,NA,NA,NA,NA,NA,NA,NA,2,2,91.56104440513943,56.38420302163767
44007028045,RI,007,28045,865,423,257,90,10,59,0,1,25,575,249,218,50,6,35,0,1,16,NA,NA,NA,NA,NA,NA,NA,NA,NA,2,2,145.03471221199774,89.3138202133379
44007028046,RI,007,28046,1044,69,927,8,1,18,0,0,21,834,42,765,6,1,11,0,0,9,NA,NA,NA,NA,NA,NA,NA,NA,NA,1,1,210.36339127792365,129.5438714050849
44007028047,RI,007,28047,183,21,146,7,0,8,0,1,0,156,13,131,5,0,6,0,1,0,NA,NA,NA,NA,NA,NA,NA,NA,NA,2,1,39.34854800882025,24.231227744836023
44007028048,RI,007,28048,1771,133,1462,113,2,22,1,5,33,1424,77,1240,72,1,17,1,2,14,NA,NA,NA,NA,NA,NA,NA,NA,NA,1,1,359.1816177215387,221.18761736311856
44007028049,RI,007,28049,2040,42,1921,26,2,23,2,0,24,2005,38,1896,24,2,23,2,0,20,NA,NA,NA,NA,NA,NA,NA,NA,NA,1,1,505.7297356261834,311.4334078743348
44007028050,RI,007,28050,108,0,108,0,0,0,0,0,0,91,0,91,0,0,0,0,0,0,NA,NA,NA,NA,NA,NA,NA,NA,NA,1,1,22.953319671811812,14.134882851154346
44007028051,RI,007,28051,2226,497,1075,501,13,40,1,24,75,1464,266,836,265,6,29,1,14,47,NA,NA,NA,NA,NA,NA,NA,NA,NA,1,1,369.2709890058516,227.40075268230729
44007028052,RI,007,28052,2756,647,1520,363,14,93,4,27,88,1978,366,1241,215,8,70,3,17,58,NA,NA,NA,NA,NA,NA,NA,NA,NA,1,1,498.91941000927216,307.2395415338824
44007028053,RI,007,28053,608,46,507,17,1,27,0,2,8,484,29,421,11,1,20,0,1,1,NA,NA,NA,NA,NA,NA,NA,NA,NA,2,1,122.0813925401859,75.17893736218356
44007028054,RI,007,28054,787,606,44,107,8,1,0,13,8,442,336,36,53,7,1,0,6,3,NA,NA,NA,NA,NA,NA,NA,NA,NA,2,2,111.48755269165738,68.6551452770354
44007028055,RI,007,28055,0,0,0,0,0,0,0,0,0,0,0,0,0,0,0,0,0,0,NA,NA,NA,NA,NA,NA,NA,NA,NA,2,2,0,0
44007028056,RI,007,28056,537,334,116,52,6,8,0,2,19,371,221,101,35,3,4,0,1,6,NA,NA,NA,NA,NA,NA,NA,NA,NA,2,2,93.57891866200201,57.62683008547541
44007028057,RI,007,28057,3213,1660,514,290,33,587,6,13,110,2081,1103,402,173,12,305,5,6,75,NA,NA,NA,NA,NA,NA,NA,NA,NA,2,2,524.8995410663779,323.2383649807934
44007028058,RI,007,28058,1956,1315,338,154,3,111,0,0,35,1259,800,275,95,3,72,0,0,14,NA,NA,NA,NA,NA,NA,NA,NA,NA,2,2,317.5629611737481,195.55843417146508
44007028059,RI,007,28059,3801,1871,912,607,39,216,0,29,127,2631,1150,821,409,22,146,0,17,66,NA,NA,NA,NA,NA,NA,NA,NA,NA,2,2,663.62839622568,408.6689756196383
44007028060,RI,007,28060,963,509,97,242,23,59,0,6,27,613,298,82,170,12,27,0,4,20,NA,NA,NA,NA,NA,NA,NA,NA,NA,2,2,154.61961493209498,95.21629876656719
44007028061,RI,007,28061,611,314,29,116,8,99,0,4,41,355,172,24,70,6,59,0,2,22,NA,NA,NA,NA,NA,NA,NA,NA,NA,2,2,89.54317014827686,55.14157595779993
44007028062,RI,007,28062,2414,456,1635,183,21,44,0,18,57,1830,271,1375,99,10,34,0,8,33,NA,NA,NA,NA,NA,NA,NA,NA,NA,2,2,461.5887362573145,284.2509408528841
44007028063,RI,007,28063,1578,157,1217,92,7,49,1,16,39,1388,108,1106,82,5,41,1,15,30,NA,NA,NA,NA,NA,NA,NA,NA,NA,2,2,350.10118356565715,215.5957955758487
44007028064,RI,007,28064,2452,692,1330,273,19,44,3,3,88,1767,427,1100,158,10,28,0,3,41,NA,NA,NA,NA,NA,NA,NA,NA,NA,2,2,445.6979764845217,274.46525272516186
44007028065,RI,007,28065,1995,664,934,210,29,52,0,14,92,1386,400,768,114,13,37,0,11,43,NA,NA,NA,NA,NA,NA,NA,NA,NA,2,2,349.59671500144145,215.28513880988928
44007028066,RI,007,28066,1720,621,764,122,20,131,0,14,48,1215,367,637,78,11,88,0,6,28,NA,NA,NA,NA,NA,NA,NA,NA,NA,2,2,306.4646527610039,188.72398532035749
44007028067,RI,007,28067,4700,2434,1453,401,74,177,5,9,147,2859,1309,1135,213,23,101,3,2,73,NA,NA,NA,NA,NA,NA,NA,NA,NA,2,2,721.1378125462634,444.083846939014
44007028068,RI,007,28068,327,125,155,17,9,6,0,0,15,254,86,137,12,5,5,0,0,9,NA,NA,NA,NA,NA,NA,NA,NA,NA,2,2,64.06750765538682,39.45340927684839
44007028069,RI,007,28069,456,139,214,53,5,21,0,7,17,327,84,177,35,2,16,0,4,9,NA,NA,NA,NA,NA,NA,NA,NA,NA,2,2,82.48061024925784,50.79238123436782
44007028070,RI,007,28070,2225,1271,407,290,28,152,1,15,61,1406,760,328,146,15,101,1,10,45,NA,NA,NA,NA,NA,NA,NA,NA,NA,2,2,354.64140064359793,218.39170646948367
44007028071,RI,007,28071,212,100,31,20,5,51,0,0,5,123,53,21,15,3,27,0,0,4,NA,NA,NA,NA,NA,NA,NA,NA,NA,2,2,31.02481669926212,19.105391106505326
44007028072,RI,007,28072,2467,612,1568,137,2,66,4,3,75,1813,362,1270,82,1,46,3,2,47,NA,NA,NA,NA,NA,NA,NA,NA,NA,2,2,457.3007534614815,281.6103583422289
44007028073,RI,007,28073,2806,1185,1190,206,10,115,2,16,82,1908,715,951,110,7,73,2,7,43,NA,NA,NA,NA,NA,NA,NA,NA,NA,2,2,481.2630102617247,296.36655472530214
44007028074,RI,007,28074,4455,2048,1589,424,49,186,0,26,133,2998,1276,1262,245,25,111,0,13,66,NA,NA,NA,NA,NA,NA,NA,NA,NA,2,2,756.1983777592508,465.6744921731949
44007028075,RI,007,28075,200,36,137,16,4,0,0,1,6,191,29,136,15,4,0,0,1,6,NA,NA,NA,NA,NA,NA,NA,NA,NA,2,2,48.17674788259402,29.667721149126155
44007028076,RI,007,28076,1838,653,744,303,10,44,2,18,64,1437,456,670,211,7,38,2,14,39,NA,NA,NA,NA,NA,NA,NA,NA,NA,2,2,362.4606633889404,223.20688634185493
44007028077,RI,007,28077,2247,997,902,215,9,40,1,13,70,1566,566,770,132,6,30,1,9,52,NA,NA,NA,NA,NA,NA,NA,NA,NA,2,2,394.99888578084943,243.24424774623853
44007028078,RI,007,28078,1826,417,967,219,9,130,0,21,63,1456,259,874,141,7,118,0,8,49,NA,NA,NA,NA,NA,NA,NA,NA,NA,2,2,367.253114748989,226.15812561846954
44007028079,RI,007,28079,2127,503,1157,289,15,78,2,14,69,1850,369,1080,244,11,72,2,11,61,NA,NA,NA,NA,NA,NA,NA,NA,NA,2,2,466.63342189947093,287.3575085124785
44007028080,RI,007,28080,63,16,31,7,1,1,0,1,6,46,7,29,4,1,1,0,1,3,NA,NA,NA,NA,NA,NA,NA,NA,NA,2,2,11.602776976959818,7.145105617067033
44007028081,RI,007,28081,1999,801,659,224,38,143,4,19,111,1309,471,537,131,21,82,4,11,52,NA,NA,NA,NA,NA,NA,NA,NA,NA,2,2,330.1746752791392,203.32485332045098
44007028082,RI,007,28082,1157,610,364,90,5,71,8,2,7,780,402,267,61,1,39,4,1,5,NA,NA,NA,NA,NA,NA,NA,NA,NA,2,2,196.74274004410125,121.15613872418011
44007028083,RI,007,28083,4296,2373,388,920,36,413,4,21,141,2742,1471,291,618,29,236,3,15,79,NA,NA,NA,NA,NA,NA,NA,NA,NA,2,2,691.6264015396483,425.910426130387
44007028084,RI,007,28084,3177,781,1248,493,39,456,0,24,136,2286,505,1041,306,24,308,0,13,89,NA,NA,NA,NA,NA,NA,NA,NA,NA,2,2,576.6075688984814,355.08068349163557
44007028085,RI,007,28085,598,235,223,78,4,45,0,5,8,430,145,186,59,2,27,0,4,7,NA,NA,NA,NA,NA,NA,NA,NA,NA,2,2,108.46074130636352,66.79120468127878
44007028086,RI,007,28086,1706,811,231,186,22,375,0,17,64,1138,528,207,138,12,205,0,12,36,NA,NA,NA,NA,NA,NA,NA,NA,NA,2,2,287.0426130387016,176.7636998309192
44007028087,RI,007,28087,532,273,15,99,26,86,0,12,21,312,169,10,66,8,40,0,7,12,NA,NA,NA,NA,NA,NA,NA,NA,NA,2,2,78.6970960176405,48.462455489672045
44007028088,RI,007,28088,432,215,16,60,0,106,0,0,35,243,135,7,31,0,60,0,0,10,NA,NA,NA,NA,NA,NA,NA,NA,NA,2,2,61.29293055220078,37.7447970640715
44007028089,RI,007,28089,314,149,7,19,0,125,0,0,14,220,101,6,18,0,87,0,0,8,NA,NA,NA,NA,NA,NA,NA,NA,NA,2,2,55.491542063720864,34.17224425553798
44007028090,RI,007,28090,943,579,65,125,11,98,0,10,55,570,362,41,83,8,41,0,8,27,NA,NA,NA,NA,NA,NA,NA,NA,NA,2,2,143.77354080145864,88.53717829843933
44007028091,RI,007,28091,6270,3809,681,1136,66,376,3,47,152,4083,2351,557,803,44,200,1,32,95,NA,NA,NA,NA,NA,NA,NA,NA,NA,2,2,1029.8725738462379,634.205787706189
44007028092,RI,007,28092,902,308,326,171,13,44,0,6,34,642,203,264,109,8,32,0,6,20,NA,NA,NA,NA,NA,NA,NA,NA,NA,2,2,161.93440911322182,99.72082187297902
44007028093,RI,007,28093,684,176,300,107,7,72,0,3,19,513,108,260,76,5,53,0,1,10,NA,NA,NA,NA,NA,NA,NA,NA,NA,2,2,129.39618672131274,79.68346046859537
44007028094,RI,007,28094,1766,970,104,285,21,282,1,30,73,1091,580,78,198,14,157,0,20,44,NA,NA,NA,NA,NA,NA,NA,NA,NA,2,2,275.18760177963395,169.46326583087244
44007028095,RI,007,28095,550,317,42,137,4,22,0,5,23,306,167,31,79,2,14,0,1,12,NA,NA,NA,NA,NA,NA,NA,NA,NA,2,2,77.18369032499356,47.53048519179374
44007028096,RI,007,28096,3699,1781,439,1126,78,85,4,32,154,2277,978,382,687,42,53,3,22,110,NA,NA,NA,NA,NA,NA,NA,NA,NA,2,2,574.3374603595109,353.6827280448181
44007028097,RI,007,28097,3496,2068,185,972,38,71,0,42,120,2132,1243,134,603,17,37,0,31,67,NA,NA,NA,NA,NA,NA,NA,NA,NA,2,2,537.7634894538768,331.160112512759
44007028098,RI,007,28098,737,357,126,195,8,18,0,7,26,536,240,115,144,4,10,0,6,17,NA,NA,NA,NA,NA,NA,NA,NA,NA,2,2,135.19757520979266,83.2560132771289
44007028099,RI,007,28099,1603,716,191,306,31,257,0,23,79,1016,409,160,217,13,147,0,13,57,NA,NA,NA,NA,NA,NA,NA,NA,NA,2,2,256.2700306215473,157.81363710739356
44007028100,RI,007,28100,2029,960,125,729,48,54,0,35,78,1225,541,106,442,28,30,0,23,55,NA,NA,NA,NA,NA,NA,NA,NA,NA,2,2,308.9869955820821,190.27726915015467
44007028101,RI,007,28101,2419,947,594,437,19,161,0,37,224,1561,585,435,261,14,102,0,21,143,NA,NA,NA,NA,NA,NA,NA,NA,NA,2,2,393.73771437031036,242.46760583133994
44007028102,RI,007,28102,3615,748,1764,562,17,114,0,68,342,2752,493,1491,392,12,85,0,43,236,NA,NA,NA,NA,NA,NA,NA,NA,NA,2,2,694.1487443607265,427.4637099601842
44007028103,RI,007,28103,1768,644,350,527,27,69,0,23,128,1192,400,290,346,12,49,0,14,81,NA,NA,NA,NA,NA,NA,NA,NA,NA,2,2,300.663264272524,185.15143251182394
44007030001,RI,007,30001,2004,19,1951,5,1,11,2,1,14,1528,10,1498,4,1,5,1,0,9,NA,NA,NA,NA,NA,NA,NA,NA,NA,2,2,302.6588633112238,584.4515541682923
44007030002,RI,007,30002,1811,12,1762,6,0,12,0,3,16,1372,6,1350,3,0,5,0,2,6,NA,NA,NA,NA,NA,NA,NA,NA,NA,2,2,271.7591364286643,524.7824164390688
44007030003,RI,007,30003,1985,20,1948,6,0,2,0,0,9,1504,15,1480,5,0,0,0,0,4,NA,NA,NA,NA,NA,NA,NA,NA,NA,2,2,297.90505917544544,575.2716868253349
44007030004,RI,007,30004,2317,10,2269,5,4,19,0,6,4,1731,7,1699,4,3,12,0,4,2,NA,NA,NA,NA,NA,NA,NA,NA,NA,2,2,342.868123293016,662.0979321108076
44007030005,RI,007,30005,2207,16,2148,7,2,16,0,4,14,1554,9,1516,3,2,14,0,3,7,NA,NA,NA,NA,NA,NA,NA,NA,NA,2,2,307.80881779165037,594.3964104564963
44007031001,RI,007,31001,2099,16,2053,5,0,18,0,0,7,1631,8,1605,3,0,14,0,0,1,NA,NA,NA,NA,NA,NA,NA,NA,NA,1,1,347.64655899722794,426.96540918404247
44007031002,RI,007,31002,2241,17,2175,18,1,7,0,2,21,1753,11,1705,15,1,5,0,0,16,NA,NA,NA,NA,NA,NA,NA,NA,NA,1,1,373.6507773894179,458.90273592864895
44007031003,RI,007,31003,1987,9,1955,5,1,6,1,1,9,1535,7,1508,5,1,5,1,1,7,NA,NA,NA,NA,NA,NA,NA,NA,NA,1,1,327.1842232132096,401.8343979751717
44007031004,RI,007,31004,3663,19,3586,19,2,22,0,0,15,2873,10,2822,15,2,19,0,0,5,NA,NA,NA,NA,NA,NA,NA,NA,NA,1,1,612.3780282029649,752.0978666988068
44007031005,RI,007,31005,837,7,809,1,0,17,0,0,3,673,7,650,1,0,13,0,0,2,NA,NA,NA,NA,NA,NA,NA,NA,NA,1,1,143.44949981921175,176.1788598288538
44007031006,RI,007,31006,2067,8,2030,7,2,5,0,0,15,1723,6,1696,6,2,5,0,0,8,NA,NA,NA,NA,NA,NA,NA,NA,NA,1,1,367.25629745691214,451.04929492587684
44007031007,RI,007,31007,2205,16,2162,4,0,16,0,1,6,1640,8,1614,2,0,12,0,1,3,NA,NA,NA,NA,NA,NA,NA,NA,NA,1,1,349.5649029769796,429.3214414848741
44007031008,RI,007,31008,285,1,280,4,0,0,0,0,0,222,1,219,2,0,0,0,0,0,NA,NA,NA,NA,NA,NA,NA,NA,NA,1,1,47.31915150054236,58.115463420513436
44007031009,RI,007,31009,2225,22,2175,7,6,10,0,1,4,1774,11,1744,6,4,6,0,1,2,NA,NA,NA,NA,NA,NA,NA,NA,NA,1,1,378.12691334217186,464.40014463058935
44007031010,RI,007,31010,3004,76,2704,91,2,82,1,1,47,2770,72,2486,88,2,75,1,1,45,NA,NA,NA,NA,NA,NA,NA,NA,NA,1,1,590.4236471013619,725.1343859226225
44007039001,RI,007,39001,2184,262,1622,140,2,92,0,1,65,1626,141,1283,107,2,61,0,1,31,NA,NA,NA,NA,NA,NA,NA,NA,NA,1,1,421.74897876453895,361.31079859053915
44007039002,RI,007,39002,2586,688,1368,218,10,170,4,15,113,1592,285,1033,109,5,108,1,2,49,NA,NA,NA,NA,NA,NA,NA,NA,NA,1,1,412.9301194299791,353.7557142411675
44007039003,RI,007,39003,1771,58,1597,45,6,32,0,1,32,1328,31,1234,25,4,22,0,1,11,NA,NA,NA,NA,NA,NA,NA,NA,NA,1,1,344.45427047927905,295.09270635192865
44007039004,RI,007,39004,1751,169,1265,57,2,187,2,0,69,1345,89,1060,37,1,117,1,0,40,NA,NA,NA,NA,NA,NA,NA,NA,NA,1,1,348.863700146559,298.8702485266145
44007039005,RI,007,39005,1823,106,1588,36,4,57,0,0,32,1325,59,1185,24,4,41,0,0,12,NA,NA,NA,NA,NA,NA,NA,NA,NA,1,1,343.676135832112,294.4260812622782
44007039006,RI,007,39006,4189,698,2647,378,8,298,2,19,139,3038,361,2142,257,7,200,2,9,60,NA,NA,NA,NA,NA,NA,NA,NA,NA,1,1,787.9910193644953,675.0690074526801
44007039007,RI,007,39007,1648,48,1494,27,6,46,0,4,23,1271,25,1176,19,4,32,0,3,12,NA,NA,NA,NA,NA,NA,NA,NA,NA,1,1,329.66971218310516,282.4268296485703
44007039008,RI,007,39008,761,73,560,66,0,26,0,1,35,585,36,473,43,0,17,0,1,15,NA,NA,NA,NA,NA,NA,NA,NA,NA,1,1,151.736256197574,129.99189248183606
44007039009,RI,007,39009,2337,32,2164,28,0,57,1,3,52,1893,20,1776,20,0,45,1,2,29,NA,NA,NA,NA,NA,NA,NA,NA,NA,1,1,491.0029623624061,420.6404315694284
44007039010,RI,007,39010,2239,44,2052,36,2,59,0,5,41,1809,32,1691,27,2,40,0,2,15,NA,NA,NA,NA,NA,NA,NA,NA,NA,1,1,469.21519224172874,401.97492905921604
44007039011,RI,007,39011,2603,125,2189,64,6,165,0,3,51,1958,67,1703,51,5,109,0,3,20,NA,NA,NA,NA,NA,NA,NA,NA,NA,1,1,507.8625463843587,435.0839751785213
44007039012,RI,007,39012,1777,34,1699,10,0,15,0,0,19,1415,18,1373,4,0,9,0,0,11,NA,NA,NA,NA,NA,NA,NA,NA,NA,1,1,367.0201752471234,314.42483395179147
44007039013,RI,007,39013,3063,154,2700,76,4,58,0,5,66,2359,97,2128,53,4,36,0,4,37,NA,NA,NA,NA,NA,NA,NA,NA,NA,1,1,611.8732108890206,524.1895288284636
44007039014,RI,007,39014,3431,225,2813,120,21,182,1,10,59,2493,117,2125,91,12,119,0,7,22,NA,NA,NA,NA,NA,NA,NA,NA,NA,1,1,646.6298917958153,553.9654494995167
44007039015,RI,007,39015,1569,287,961,142,7,97,0,3,72,1001,138,692,73,6,63,0,0,29,NA,NA,NA,NA,NA,NA,NA,NA,NA,1,1,259.63759393807106,222.43057158003057
44007039016,RI,007,39016,2677,197,2262,71,2,62,1,5,77,1965,112,1729,40,2,44,1,2,35,NA,NA,NA,NA,NA,NA,NA,NA,NA,1,1,509.67819389441513,436.639433721039
44007039017,RI,007,39017,2470,520,1713,84,13,74,0,12,54,1761,227,1415,43,8,38,0,5,25,NA,NA,NA,NA,NA,NA,NA,NA,NA,1,1,456.76503788705605,391.30892762480903
44007039018,RI,007,39018,1514,13,1470,12,0,14,0,0,5,1232,9,1200,9,0,12,0,0,2,NA,NA,NA,NA,NA,NA,NA,NA,NA,1,1,319.5539617699336,273.7607034831145
44007039019,RI,007,39019,2831,297,2339,82,5,42,0,2,64,2073,142,1813,54,3,29,0,1,31,NA,NA,NA,NA,NA,NA,NA,NA,NA,1,1,537.6910411924289,460.6379369484549
44009005001,RI,009,05001,2087,25,1982,10,27,12,0,0,31,1519,14,1445,9,19,12,0,0,20,NA,NA,NA,NA,NA,NA,NA,NA,NA,2,2,234.50967951846428,390.4376118431755
44009005002,RI,009,05002,1457,28,1385,3,23,3,0,1,14,1075,11,1035,3,15,3,0,1,7,NA,NA,NA,NA,NA,NA,NA,NA,NA,2,2,165.96307141695135,276.3136489344395
44009005003,RI,009,05003,1393,13,1360,1,11,5,0,0,3,1193,11,1165,0,11,3,0,0,3,NA,NA,NA,NA,NA,NA,NA,NA,NA,2,2,184.18041320969579,306.6438913291036
44009005004,RI,009,05004,1310,11,1268,5,2,8,0,5,11,1128,8,1103,3,2,5,0,4,3,NA,NA,NA,NA,NA,NA,NA,NA,NA,2,2,174.14543679843825,289.9365544167887
44009005005,RI,009,05005,1612,10,1529,9,33,19,1,0,11,1232,5,1179,6,23,12,1,0,6,NA,NA,NA,NA,NA,NA,NA,NA,NA,2,2,190.2013990564503,316.6682934764926
44009011001,RI,009,11001,3233,41,3119,6,18,9,0,1,39,2379,24,2314,6,11,9,0,1,14,NA,NA,NA,NA,NA,NA,NA,NA,NA,2,2,425.5078545780969,616.6393626570915
44009011002,RI,009,11002,412,3,384,6,7,7,0,0,5,292,2,270,6,7,6,0,0,1,NA,NA,NA,NA,NA,NA,NA,NA,NA,2,2,52.227109515260324,75.6867145421903
44009011003,RI,009,11003,1159,14,1093,18,7,10,0,1,16,860,4,828,9,5,7,0,1,6,NA,NA,NA,NA,NA,NA,NA,NA,NA,2,2,153.81956912028724,222.9129263913824
44009011004,RI,009,11004,1241,19,1179,7,4,19,0,0,13,925,11,879,7,4,15,0,0,9,NA,NA,NA,NA,NA,NA,NA,NA,NA,2,2,165.44546678635547,239.76099640933575
44009014001,RI,009,14001,2040,22,1950,12,22,16,0,0,18,1551,13,1494,9,12,13,0,0,10,NA,NA,NA,NA,NA,NA,NA,NA,NA,2,2,258.810643776824,434.28
44009014002,RI,009,14002,2887,23,2793,13,19,6,0,2,31,2173,13,2119,10,10,3,0,2,16,NA,NA,NA,NA,NA,NA,NA,NA,NA,2,2,362.60188841201716,608.44
44009014003,RI,009,14003,2909,38,2788,16,26,12,0,3,26,2101,22,2029,11,18,8,0,0,13,NA,NA,NA,NA,NA,NA,NA,NA,NA,2,2,350.5874678111588,588.28
44009020001,RI,009,20001,2130,20,2078,2,6,10,1,0,13,1919,15,1878,2,6,8,1,0,9,NA,NA,NA,NA,NA,NA,NA,NA,NA,2,2,398.0421348314607,470.38764044943827
44009020002,RI,009,20002,2676,40,2533,22,24,23,2,0,32,2375,27,2277,17,13,20,2,0,19,NA,NA,NA,NA,NA,NA,NA,NA,NA,2,2,492.62640449438203,582.1629213483146
44009020003,RI,009,20003,2130,20,2023,14,22,22,0,6,23,1859,12,1780,11,18,17,0,5,16,NA,NA,NA,NA,NA,NA,NA,NA,NA,2,2,385.59683619160256,455.68036664695444
44009020004,RI,009,20004,2074,49,1911,20,41,18,0,6,29,1780,35,1670,14,20,17,0,5,19,NA,NA,NA,NA,NA,NA,NA,NA,NA,2,2,369.2105263157895,436.31578947368416
44009020005,RI,009,20005,1825,5,1761,8,12,9,0,1,29,1320,3,1281,5,12,7,0,0,12,NA,NA,NA,NA,NA,NA,NA,NA,NA,2,2,273.7965700768776,323.56002365464224
44009020006,RI,009,20006,2611,27,2498,22,9,24,0,2,29,2094,18,2016,20,6,16,0,2,16,NA,NA,NA,NA,NA,NA,NA,NA,NA,2,2,434.34092253104666,513.2838557066824
44009020007,RI,009,20007,1198,31,1089,18,21,10,0,0,29,927,19,860,12,12,9,0,0,15,NA,NA,NA,NA,NA,NA,NA,NA,NA,2,2,192.27986398580722,227.22738024837375
44009020008,RI,009,20008,1717,12,1652,13,9,8,0,5,18,1254,6,1217,11,5,5,0,3,7,NA,NA,NA,NA,NA,NA,NA,NA,NA,2,2,260.10674157303373,307.38202247191015
44009022001,RI,009,22001,1010,12,979,6,0,8,0,0,5,825,9,804,3,0,5,0,0,4,NA,NA,NA,NA,NA,NA,NA,NA,NA,2,2,340,405
44009023001,RI,009,23001,2378,33,2256,35,7,28,0,0,19,1780,16,1715,19,3,20,0,0,7,NA,NA,NA,NA,NA,NA,NA,NA,NA,2,2,375.22743608173323,592.0844029161104
44009023002,RI,009,23002,2496,41,2407,13,1,18,0,8,8,1771,19,1722,13,1,9,0,3,4,NA,NA,NA,NA,NA,NA,NA,NA,NA,2,2,373.3302187082863,589.0907177328268
44009023003,RI,009,23003,2811,145,2468,61,42,26,1,3,65,2061,68,1880,41,28,19,1,1,23,NA,NA,NA,NA,NA,NA,NA,NA,NA,2,2,434.4627785193552,685.5539069719684
44009023004,RI,009,23004,2321,39,2192,38,10,17,0,0,25,1743,18,1661,29,9,11,0,0,15,NA,NA,NA,NA,NA,NA,NA,NA,NA,2,2,367.42776465756236,579.7770304959441
44009023005,RI,009,23005,1632,11,1575,7,9,12,0,1,17,1343,7,1303,5,5,12,0,1,10,NA,NA,NA,NA,NA,NA,NA,NA,NA,2,2,283.1069925043639,446.72435568333503
44009023006,RI,009,23006,1816,11,1761,11,5,14,1,2,11,1399,7,1363,8,3,12,1,0,5,NA,NA,NA,NA,NA,NA,NA,NA,NA,2,2,294.9119006058117,465.35173015710035
44009023007,RI,009,23007,2251,29,2166,5,6,24,0,2,19,1678,14,1633,3,3,18,0,0,7,NA,NA,NA,NA,NA,NA,NA,NA,NA,2,2,353.72563918266763,558.1559708388952
44009023008,RI,009,23008,1881,26,1813,7,10,8,0,5,12,1453,18,1401,6,9,8,0,5,6,NA,NA,NA,NA,NA,NA,NA,NA,NA,2,2,306.2952048464935,483.31384125680256
44009023009,RI,009,23009,2367,60,2162,42,20,27,1,0,55,1842,42,1710,34,14,19,1,0,22,NA,NA,NA,NA,NA,NA,NA,NA,NA,2,2,388.297155765479,612.7075675120649
44009023010,RI,009,23010,3756,49,3624,15,1,40,0,1,26,2597,33,2516,11,1,26,0,1,9,NA,NA,NA,NA,NA,NA,NA,NA,NA,2,2,547.4526132046411,863.8444912208646
44009023011,RI,009,23011,2617,21,2512,12,13,37,1,0,21,1811,13,1746,7,11,21,1,0,12,NA,NA,NA,NA,NA,NA,NA,NA,NA,2,2,381.76229592360613,602.3959852140877
44009029001,RI,009,29001,2878,16,2782,12,38,7,0,0,23,2082,12,2021,9,23,4,0,0,13,NA,NA,NA,NA,NA,NA,NA,NA,NA,2,2,350.9976958525346,470.1290322580645
44009029002,RI,009,29002,2024,35,1927,14,18,10,0,1,19,1434,22,1368,11,14,9,0,1,9,NA,NA,NA,NA,NA,NA,NA,NA,NA,2,2,241.75345622119815,323.80645161290323
44009029003,RI,009,29003,2320,38,2236,3,5,15,0,2,21,1692,23,1640,2,5,11,0,2,9,NA,NA,NA,NA,NA,NA,NA,NA,NA,2,2,285.2488479262673,382.06451612903226
44009032001,RI,009,32001,4440,224,3684,154,56,220,13,16,73,4333,208,3613,152,56,209,13,16,66,NA,NA,NA,NA,NA,NA,NA,NA,NA,2,2,745.1630540278227,918.1866709802653
44009032002,RI,009,32002,1720,8,1640,18,13,13,0,2,26,1351,5,1308,11,9,9,0,0,9,NA,NA,NA,NA,NA,NA,NA,NA,NA,2,2,232.33678421222905,286.2843739890003
44009032003,RI,009,32003,2703,25,2407,39,53,149,1,3,26,2058,17,1856,30,43,98,1,1,12,NA,NA,NA,NA,NA,NA,NA,NA,NA,2,2,353.92235522484634,436.1015852474927
44009032004,RI,009,32004,1181,8,1137,3,8,17,0,0,8,919,6,887,1,6,14,0,0,5,NA,NA,NA,NA,NA,NA,NA,NA,NA,2,2,158.0440449230485,194.7411840828211
44009032005,RI,009,32005,3742,66,3294,90,144,50,0,7,91,2529,31,2276,57,86,33,0,4,42,NA,NA,NA,NA,NA,NA,NA,NA,NA,2,2,434.9220779220779,535.9090909090909
44009032006,RI,009,32006,3253,44,2837,22,2,307,0,7,34,2270,29,1955,16,1,250,0,0,19,NA,NA,NA,NA,NA,NA,NA,NA,NA,2,2,390.38082913527757,481.0255580718214
44009032007,RI,009,32007,2429,52,2142,47,84,20,0,3,81,1742,28,1571,32,54,17,0,1,39,NA,NA,NA,NA,NA,NA,NA,NA,NA,2,2,299.57859222627906,369.1394370753801
44009032008,RI,009,32008,2079,18,1954,10,36,17,1,2,41,1496,11,1421,7,23,11,1,0,22,NA,NA,NA,NA,NA,NA,NA,NA,NA,2,2,257.27300457549563,317.0106761565836
44009032009,RI,009,32009,834,21,743,9,22,29,0,1,9,632,13,570,3,19,21,0,0,6,NA,NA,NA,NA,NA,NA,NA,NA,NA,2,2,108.68752599713454,133.92429634422518
44009032010,RI,009,32010,2702,16,2622,12,2,21,0,2,27,2106,9,2053,9,2,15,0,2,16,NA,NA,NA,NA,NA,NA,NA,NA,NA,2,2,362.1771040347553,446.27305079262374
44009032011,RI,009,32011,2838,11,2770,4,15,11,0,0,27,2201,8,2159,3,10,8,0,0,13,NA,NA,NA,NA,NA,NA,NA,NA,NA,2,2,378.51462772103343,466.40407635069556
44009036001,RI,009,36001,1446,30,1371,11,9,4,0,0,21,927,11,890,10,5,4,0,0,7,NA,NA,NA,NA,NA,NA,NA,NA,NA,2,2,200.97317767653757,240.82995444191343
44009036002,RI,009,36002,1868,13,1734,14,16,74,0,0,17,1494,12,1401,11,12,47,0,0,11,NA,NA,NA,NA,NA,NA,NA,NA,NA,2,2,323.8985193621868,388.1337129840547
44009036003,RI,009,36003,2624,42,2418,43,23,22,0,6,70,2014,25,1890,25,16,16,0,3,39,NA,NA,NA,NA,NA,NA,NA,NA,NA,2,2,436.63428246013666,523.2271070615034
44009036004,RI,009,36004,1308,20,1219,10,3,46,0,4,6,1042,16,981,6,3,32,0,1,3,NA,NA,NA,NA,NA,NA,NA,NA,NA,2,2,225.90512528473803,270.70637813211846
44009036005,RI,009,36005,2304,46,2151,23,18,47,0,0,19,1626,31,1530,15,8,31,0,0,11,NA,NA,NA,NA,NA,NA,NA,NA,NA,2,2,352.51605922551255,422.4266514806378
44009036006,RI,009,36006,2540,24,2391,7,13,72,0,0,33,1866,15,1773,7,6,52,0,0,13,NA,NA,NA,NA,NA,NA,NA,NA,NA,2,2,404.5479498861048,484.7774487471526
44009036007,RI,009,36007,2128,23,1971,14,11,76,0,2,31,1717,14,1611,12,8,54,0,1,17,NA,NA,NA,NA,NA,NA,NA,NA,NA,2,2,372.2448177676538,446.06799544419135
44009036008,RI,009,36008,2112,23,2000,12,8,54,0,2,13,1683,17,1606,10,5,35,0,2,8,NA,NA,NA,NA,NA,NA,NA,NA,NA,2,2,364.8736332574032,437.2349658314351
44009036009,RI,009,36009,1798,18,1744,3,3,18,0,0,12,1394,14,1355,3,3,12,0,0,7,NA,NA,NA,NA,NA,NA,NA,NA,NA,2,2,302.2185649202733,362.1542141230068
44009036010,RI,009,36010,1653,11,1608,15,2,5,0,3,9,1361,7,1332,9,2,5,0,1,5,NA,NA,NA,NA,NA,NA,NA,NA,NA,2,2,295.0641799544419,353.58097949886104
44009036011,RI,009,36011,1390,6,1331,3,4,30,0,2,14,1100,4,1065,3,4,20,0,0,4,NA,NA,NA,NA,NA,NA,NA,NA,NA,2,2,238.47949886104786,285.77448747152624
44009036012,RI,009,36012,1795,14,1731,5,14,7,0,0,24,1336,8,1304,4,7,4,0,0,9,NA,NA,NA,NA,NA,NA,NA,NA,NA,2,2,289.64419134396354,347.08610478359907
