GEOID,pop,pop_white,pop_black,pop_hisp,pop_aian,pop_asian,pop_other,vap,vap_white,vap_black,vap_hisp,vap_aian,vap_asian,vap_other,ndv,nrv,ai_an_nh,place,mcd,school,cd_1980,cd_1990
20001009526,2191,13,2161,13,2,13,2,1624,10,1590,10,2,10,2,145,223,NA,48125,20900,09660,1,2
20001009527,2192,19,2140,19,2,26,5,1560,9,1519,9,1,17,5,44,68,NA,37725,20550,07740,1,2
20001009528,4099,46,3848,46,154,27,23,2988,27,2808,27,97,14,15,527.86,834.31,NA,34300,34300,07740,1,2
20001009529,3004,33,2897,33,43,18,13,2248,20,2153,20,32,14,9,397.14,627.69,NA,34300,34300,07740,1,2
20001009530,3152,147,2923,147,64,15,3,2392,92,2155,92,43,10,0,463,521,NA,33450,33450,07590,1,2
20003009536,4806,40,4713,40,14,37,2,3607,24,3524,24,11,22,2,589,781,NA,25925,25925,06450,1,2
20003009537,2997,11,2932,11,23,27,4,2166,8,2129,8,5,14,2,46,79,NA,14950,53900,08040,1,2
20005009816,4516,16,4409,16,76,14,1,3250,8,3167,8,57,9,1,90,158,NA,20025,6150,05700,5,2
20005009817,5469,97,4673,97,611,26,61,4051,56,3492,56,385,15,47,237,266,NA,2900,2900,03540,5,2
20005009818,3511,195,3145,195,98,12,59,2536,83,2273,83,64,9,24,872.26,673.77,NA,2900,2900,03540,5,2
20005009819,3436,62,3199,62,146,20,7,2613,49,2386,49,108,16,5,898.74,694.23,NA,2900,2900,03540,5,2
20007009681,3859,18,3809,18,11,21,0,2797,9,2757,9,9,13,0,9,21,NA,45500,45525,09450,3,4
20007009682,2015,55,1946,55,2,7,3,1549,33,1476,33,2,4,1,60,83,NA,37125,37150,08130,3,4
20009009711,4554,46,4467,46,13,27,1,3338,18,3283,18,4,15,0,54,87,NA,20425,38125,05820,3,4
20009009712,2272,23,2242,23,1,3,3,1647,15,1611,15,1,3,2,23,45,NA,54875,54900,07320,3,4
20009009713,3629,88,3483,88,34,12,11,2714,46,2587,46,18,9,8,61,107,NA,32550,32550,07320,3,4
20009009714,2536,79,2335,79,104,8,10,1911,49,1721,49,81,6,5,431.09,799.69,NA,28300,28300,06660,3,4
20009009715,3213,44,3137,44,6,12,14,2438,25,2366,25,4,11,7,549.97,1020.22,NA,28300,28300,06660,3,4
20009009716,4174,84,4028,84,34,13,14,3273,50,3129,50,27,8,9,738.33,1369.64,NA,28300,28300,06660,3,4
20009009717,2807,175,2532,175,51,25,10,2104,89,1860,89,43,15,8,474.62,880.45,NA,28300,28300,06660,3,4
20009009718,6197,277,5749,277,98,32,38,4465,149,4036,149,79,21,31,81,189,NA,28300,28325,06660,3,4
20011009556,2426,20,2390,20,4,8,3,1771,9,1742,9,4,5,2,56,68,NA,8475,24300,06180,1,2
20011009557,2346,5,2313,5,4,21,2,1699,5,1671,5,1,15,2,54,66,NA,72525,44650,12450,1,2
20011009558,3714,9,3583,9,113,5,4,2885,8,2763,8,99,3,4,178.13,226.56,NA,24000,24000,06180,1,2
20011009559,3487,19,3269,19,180,14,1,2476,7,2322,7,127,12,1,152.87,194.44,NA,24000,24000,06180,1,2
20011009560,2993,26,2836,26,111,9,11,2305,19,2160,19,92,9,6,1318,1540,NA,24000,24000,06180,1,2
20013009806,3309,61,2742,61,5,493,4,2284,29,1932,29,5,287,2,99,216,36725,48300,57375,00006,5,2
20013009807,4069,53,3843,53,99,56,10,3092,40,2894,40,68,40,10,452,903,NA,31675,31675,00006,5,2
20013009808,3750,78,3523,78,27,119,1,2803,43,2632,43,15,70,0,90,179,NA,33200,47200,07470,5,2
20015000201,4602,53,4470,53,32,42,5,3328,25,3218,25,31,27,2,178,184,NA,39450,26400,08550,1,1
20015000203,3523,97,3294,97,76,24,31,2673,61,2458,61,54,16,23,115.68,117.58,NA,20075,20075,05730,1,1
20015000204,2661,50,2543,50,36,21,10,2046,31,1928,31,31,16,9,634.76,699.74,NA,20075,20075,05730,1,1
20015000205,5511,100,5310,100,57,28,15,4220,65,4022,65,36,22,10,1309.24,1443.26,NA,20075,20075,05730,1,1
20015000206,6465,54,6318,54,23,63,5,4573,28,4460,28,15,37,5,45,78,NA,71125,56850,06240,1,1
20015000207,4312,73,4165,73,3,53,18,3301,49,3152,49,2,38,11,816.32,911.19,NA,3300,3300,03630,1,1
20015000208,2987,54,2869,54,17,34,13,2057,29,1958,29,7,25,9,508.68,567.81,NA,3300,3300,03630,1,1
20015000209,9192,79,8957,79,27,91,38,6239,41,6054,41,18,65,20,46,42,NA,18400,18425,05610,1,1
20015020201,4184,55,4023,55,66,34,6,2965,30,2814,30,61,27,3,128.32,130.42,NA,20075,20100,12300,1,1
20015020202,4251,76,4127,76,12,25,11,2974,41,2861,41,8,16,7,456.03,741.56,NA,1800,8825,03360,1,1
20015020203,2892,51,2785,51,12,34,9,2015,22,1942,22,5,19,5,308.97,502.44,NA,1800,8825,03360,1,1
20017009906,3021,40,2964,40,5,11,1,2289,22,2230,22,5,9,1,19,31,NA,15900,22850,05250,1,4
20019009946,4407,44,4183,44,23,151,6,3397,23,3227,23,15,104,5,13,25,NA,11450,63775,11520,1,1
20021009581,2939,11,2871,11,8,49,0,2221,8,2163,8,5,37,0,60,57,NA,76350,61350,05070,1,2
20021009582,2310,5,2209,5,13,83,0,1682,3,1613,3,12,51,0,52,87,NA,77150,64625,05070,1,2
20021009583,4000,61,3842,61,10,77,10,3023,39,2889,39,7,45,4,537,628,NA,15075,15075,05070,1,2
20021009584,3380,35,3204,35,14,125,1,2447,18,2325,18,6,80,0,91,83,NA,NA,25250,11130,1,2
20021009585,3943,30,3738,30,29,145,1,2875,14,2725,14,21,100,1,522,376,NA,25100,25100,06360,1,2
20021009586,4802,33,4447,33,41,269,12,3583,17,3344,17,29,169,7,625,844,NA,4625,4625,03810,1,2
20023009501,933,2,928,2,3,0,0,726,2,721,2,1,0,0,115,293,NA,6825,6850,04790,3,4
20023009502,2310,18,2280,18,2,1,9,1746,9,1721,9,2,1,4,8,32,NA,62175,75375,11880,3,4
20025009671,2418,42,2344,42,0,25,7,1836,24,1765,24,0,20,3,190,354,NA,2675,11600,03510,3,4
20027009581,4229,19,4176,19,8,6,17,3061,12,3015,12,4,6,12,36,95,NA,74525,59025,04890,5,4
20027009582,4929,19,4880,19,10,10,10,3783,14,3738,14,5,7,5,610,1268,NA,13625,13625,04890,5,4
20029009771,2719,12,2703,12,1,3,0,2057,7,2040,7,0,3,0,31,46,NA,46950,68050,05100,3,4
20029009772,2776,23,2741,23,3,8,0,2060,14,2024,14,2,6,0,27.93,31.53,NA,15200,15200,05100,3,4
20029009773,3813,37,3736,37,32,4,2,3102,31,3006,31,28,4,2,42.07,47.47,NA,15200,15200,05100,3,4
20029009774,1715,4,1708,4,0,0,3,1332,2,1325,2,0,0,3,26,23,NA,26375,66250,05100,3,4
20031009961,2576,23,2538,23,2,10,3,1912,11,1878,11,2,7,3,19,49,NA,39650,60500,08670,1,2
20031009962,2810,20,2757,20,2,25,6,2040,9,2006,9,2,11,3,44.32,69.36,NA,39125,40550,12810,1,2
20031009963,3018,18,2977,18,5,14,4,2195,11,2156,11,4,9,4,47.68,74.64,NA,9400,9400,04290,1,2
20033009676,2313,13,2283,13,6,11,0,1758,9,1730,9,2,8,0,185,385,NA,14700,14725,05040,3,4
20035009931,2786,21,2727,21,3,31,1,2056,15,2000,15,3,22,1,76,98,NA,17925,17950,04230,1,1
20035009932,2938,22,2847,22,1,65,3,2108,10,2048,10,0,39,1,35,70,NA,71950,50625,12390,1,1
20035009933,2450,15,2384,15,12,36,3,1702,4,1662,4,8,21,3,123,150,NA,79950,56500,13050,1,1
20035009934,2477,90,2232,90,70,30,52,1896,51,1679,51,61,20,34,72,122,NA,79950,79950,13050,1,1
20035009935,5350,304,4624,304,237,43,138,4200,208,3470,208,200,32,82,66,130,NA,79950,79950,13050,1,1
20035009936,4329,104,4061,104,64,31,69,3367,55,3145,55,44,22,46,1629,2120,NA,79950,79950,13050,1,1
20035009937,3483,94,3127,94,155,81,23,2730,54,2464,54,90,55,13,1346.76,1048,NA,2300,2300,03450,1,1
20035009938,5010,135,4434,135,334,91,14,3765,72,3308,72,237,64,12,339.26,343.64,NA,2300,2300,03450,1,1
20035009939,3718,90,3529,90,13,84,2,2674,46,2521,46,9,50,2,240.95,244.07,NA,2300,7875,03450,1,1
20035009940,2594,123,2268,123,118,83,2,1985,74,1702,74,81,53,1,979.24,762,NA,2300,2300,03450,1,1
20035009941,1780,99,1556,99,33,81,8,1296,66,1093,66,22,46,3,116.78,118.29,NA,2300,2300,03450,1,1
20037009566,4091,40,3976,40,20,47,7,3135,20,3043,20,15,32,5,176,128,NA,2375,75575,03480,1,2
20037009567,3833,9,3797,9,0,21,6,2853,6,2826,6,0,13,2,132,197,NA,12825,64675,06480,1,2
20037009568,3302,10,3231,10,30,23,8,2447,6,2400,6,20,11,4,484,605,NA,26300,26300,06480,1,2
20037009569,3428,27,3347,27,1,47,6,2671,14,2613,14,1,26,3,859,465,NA,24850,24850,06300,1,2
20037009570,2853,23,2772,23,37,13,8,2157,17,2078,17,29,10,6,473.19,439.75,NA,56025,56025,10710,1,2
20037009571,2747,34,2587,34,93,24,4,2034,19,1925,19,54,15,2,446.21,414.67,NA,56025,56025,10710,1,2
20037009572,2078,26,2011,26,18,12,11,1565,14,1506,14,13,10,8,343.32,319.06,NA,56025,56025,10710,1,2
20037009573,2908,22,2736,22,48,27,75,2319,16,2163,16,34,18,72,508.73,472.77,NA,56025,3750,10710,1,2
20037009574,2213,28,2128,28,31,22,4,1659,21,1580,21,22,11,4,363.94,338.22,NA,56025,56025,10710,1,2
20037009575,2609,28,2443,28,80,23,33,2081,18,1939,18,67,14,25,456.52,424.25,NA,56025,56025,10710,1,2
20037009576,5506,78,5015,78,117,38,257,4568,57,4090,57,90,29,245,1002.1,931.28,NA,56025,56025,10710,1,2
20039009511,1680,8,1671,8,0,1,0,1205,5,1194,5,0,1,0,10,22,NA,50925,40600,10080,3,4
20039009512,2341,5,2325,5,2,8,1,1785,2,1774,2,0,6,1,247,714,NA,52000,52000,10080,3,4
20041009841,3464,67,3362,67,7,10,16,2532,33,2447,33,3,7,9,40,136,NA,12550,50800,04620,3,4
20041009842,2396,28,2353,28,0,12,3,1785,20,1740,20,0,4,1,19,59,NA,66275,40625,04620,3,4
20041009843,2332,58,2250,58,11,6,6,1738,36,1649,36,7,6,4,40.55,79.8,NA,125,125,03180,3,4
20041009844,4711,81,4543,81,50,19,17,3620,52,3456,52,35,15,10,84.45,166.2,NA,125,125,03180,3,4
20041009845,3297,38,3222,38,20,8,9,2390,18,2334,18,10,4,6,58,105,NA,21425,11675,04620,3,4
20041009846,2758,69,2644,69,34,8,3,2149,43,2034,43,23,4,2,417,360,NA,31400,31400,07110,3,4
20043000201,2553,10,2423,10,33,86,1,1981,9,1875,9,33,54,1,76,118,34462,31850,34400,07230,5,2
20043000202,2294,23,2257,23,5,1,5,1680,8,1658,8,3,1,2,252,416,NA,71575,11700,12330,5,2
20043000203,3287,15,3134,15,117,9,12,2383,12,2263,12,86,3,7,446,514,NA,20950,75600,12750,5,2
20045000001,2483,73,2176,73,166,57,10,1892,46,1644,46,113,38,5,71,93,NA,38900,38900,08400,5,3
20045000002,6439,258,5196,258,666,251,49,4848,161,3963,161,388,140,35,1400.32,1463.32,NA,38900,38900,08400,5,3
20045000003,7051,202,6331,202,167,71,271,6837,185,5998,185,153,58,258,1974.84,2063.67,NA,38900,38900,08400,5,3
20045000004,4890,189,3655,189,247,13,783,4813,169,3539,169,234,13,689,1390.21,1452.75,NA,38900,38900,08400,5,3
20045000005,9289,285,8028,285,607,144,206,7967,222,6815,222,424,97,187,2301.23,2404.75,NA,38900,38900,08400,5,3
20045000006,5809,134,5342,134,163,43,127,4485,96,4043,96,122,33,95,93.21,125.93,NA,38900,38900,08400,5,3
20045000008,5538,153,4952,153,227,97,106,4254,112,3710,112,167,70,83,88.41,119.44,NA,38900,38900,08400,5,3
20045000009,9117,270,7579,270,411,341,499,7666,212,6257,212,312,237,436,159.32,215.24,NA,38900,38900,08400,5,3
20045000010,5732,186,4424,186,275,742,105,4430,130,3268,130,157,666,79,92.07,124.38,NA,38900,38900,08400,5,3
20045000011,3268,63,3128,63,9,61,6,2372,32,2258,32,7,39,4,585,753,NA,21675,21700,06090,5,3
20045000012,6414,68,6217,68,49,47,30,4884,52,4685,52,35,33,27,626,851,NA,3900,54225,03720,5,3
20045000013,4892,41,4734,41,24,85,7,3491,25,3380,25,6,51,4,53,133,NA,39150,39175,08400,5,2
20045000797,3644,61,3409,61,69,12,93,2995,46,2771,46,53,9,70,865.09,904.01,NA,38900,38900,08400,5,3
20045000798,7232,155,6576,155,194,56,249,5710,112,5123,112,137,39,187,1649.31,1723.5,NA,38900,38900,08400,5,3
20047009696,1815,96,1710,96,1,7,1,1376,57,1253,57,1,7,1,13,28,NA,39725,5850,08100,3,4
20047009697,1972,101,1856,101,3,5,7,1578,57,1454,57,3,5,2,33,38,NA,37075,37075,08100,3,4
20049009951,3327,59,3205,59,5,51,3,2639,31,2540,31,5,29,3,162,292,NA,33250,33275,07500,1,1
20051009726,2840,20,2816,20,0,2,2,2095,9,2074,9,0,1,2,57,64,NA,73775,31525,12600,3,4
20051009727,7923,52,7796,52,15,18,38,5388,26,5284,26,11,12,29,79.73,121.15,NA,31100,31100,07020,3,4
20051009728,6736,39,6616,39,30,9,39,5097,23,4998,23,20,8,25,75.42,114.6,NA,31100,31100,07020,3,4
20051009729,5485,77,5268,77,60,10,65,4600,61,4363,61,46,9,60,68.07,103.43,NA,31100,31100,07020,3,4
20051009730,3020,17,2995,17,2,0,6,2216,10,2194,10,0,0,2,32.79,49.83,NA,20450,20475,05850,3,4
20053009866,2273,99,2163,99,1,3,6,1730,64,1593,64,0,3,6,10,21,NA,35950,28600,05870,3,4
20053009867,4313,87,4070,87,133,18,4,3430,71,3145,71,129,10,4,19,28,NA,20500,20500,05870,3,4
20055009601,3558,426,3045,426,4,43,37,2473,236,1951,236,2,26,22,34,118,NA,32575,64800,06390,3,4
20055009602,6467,1767,4410,1767,99,51,134,5010,960,2922,960,58,33,77,62.04,133.4,NA,25325,25325,06390,3,4
20055009603,3042,421,2551,421,28,10,32,2541,247,1993,247,27,5,22,2202,3708,NA,25325,25325,06390,3,4
20055009604,7109,572,6329,572,63,21,122,5161,337,4372,337,39,15,61,63.91,137.42,NA,25325,25325,06390,3,4
20055009605,7415,2854,3668,2854,156,39,672,6375,1638,2568,1638,108,23,400,78.94,169.75,NA,25325,25325,06390,3,4
20055009606,5479,2313,2911,2313,51,36,154,4936,1342,2119,1342,32,22,79,61.12,131.43,NA,25325,25325,06390,3,4
20057009616,1992,19,1962,19,0,11,0,1405,11,1374,11,0,9,0,209,240,NA,67125,67150,11820,3,4
20057009617,2050,46,1993,46,0,9,2,1478,21,1427,21,0,7,2,16.33,29.64,NA,9000,9025,04140,3,4
20057009618,5600,791,4486,791,164,29,127,4560,495,3358,495,109,19,84,123,133,NA,18250,18250,05580,3,4
20057009619,6908,572,6177,572,65,21,65,5438,377,4587,377,47,12,38,82,141,NA,18250,18250,05580,3,4
20057009620,4238,581,3515,581,37,26,72,3287,334,2535,334,28,17,39,73,114,NA,18250,18250,05580,3,4
20057009621,6675,2074,3988,2074,182,32,383,5852,1296,2912,1296,110,23,215,64.67,117.36,NA,18250,18250,05580,3,4
20059009541,5612,57,5503,57,7,41,4,3991,33,3891,33,4,29,1,81.31,132.99,17487,76625,24375,10800,1,2
20059009542,2398,157,2178,157,33,18,12,1801,91,1569,91,31,13,6,36.69,60.01,NA,53550,53550,00015,1,2
20059009543,4387,112,4109,112,106,37,19,3240,71,2998,71,66,19,15,80,115,NA,53550,53550,00015,1,2
20059009544,4626,116,4287,116,122,48,52,3512,72,3190,72,90,36,52,1511,1986,NA,53550,53550,00015,1,2
20059009545,4971,29,4902,29,10,22,8,3569,14,3515,14,5,16,5,110,135,NA,59675,79325,00014,1,2
20061000001,3770,280,2211,280,1144,21,106,2717,175,1539,175,729,13,86,145,201,NA,35750,35750,07890,5,2
20061000002,3417,261,1594,261,1380,26,148,2392,148,1149,148,827,18,102,255.99,322.02,NA,35750,35750,07890,5,2
20061000003,3951,249,2161,249,1240,39,249,3082,157,1703,157,844,24,197,329.83,414.91,NA,35750,35750,07890,5,2
20061000004,5493,264,3960,264,939,18,308,4223,160,3038,160,627,14,224,451.93,568.52,NA,35750,35750,07890,5,2
20061000005,3655,225,2673,225,609,16,126,2822,139,2030,139,419,11,84,302,379.91,NA,35750,35750,07890,5,2
20061000006,4833,385,2969,385,1309,29,130,3476,238,2015,238,880,18,87,371.99,467.95,NA,10175,66000,07890,5,2
20061000007,2312,86,2029,86,138,12,47,1681,53,1457,53,81,8,29,31,38,NA,27425,35200,07890,5,2
20061000008,3022,103,2616,103,223,23,56,2189,70,1856,70,135,17,41,234.26,294.69,NA,46525,66000,07890,5,2
20063009551,1916,6,1900,6,4,4,2,1379,1,1373,1,1,2,1,77,74,NA,58250,3775,10950,3,4
20063009552,1315,3,1311,3,0,1,0,986,2,981,2,0,1,0,38,78,NA,27200,28925,06780,3,4
20065009521,1489,5,1426,5,56,2,0,1091,0,1039,0,50,2,0,32,146,NA,48275,26175,07260,3,4
20065009522,2054,18,1967,18,46,11,12,1535,10,1469,10,32,7,7,266,556,NA,32175,32200,07260,3,4
20067009636,1291,97,1180,97,0,12,2,867,57,744,57,0,8,1,110,220.78,NA,NA,68875,12420,3,4
20067009637,5868,1446,4320,1446,2,58,32,4666,789,3031,789,2,37,18,592,1188.22,NA,71975,40725,12420,3,4
20069009626,2557,92,2452,92,0,9,1,1792,50,1686,50,0,5,1,291.96,547.49,NA,13275,13300,04800,3,4
20069009627,2839,137,2681,137,7,13,0,1995,70,1844,70,4,7,0,325.04,609.51,NA,47875,47900,09630,3,4
20071009581,1774,107,1659,107,3,1,1,1281,56,1164,56,3,1,1,209,415,NA,71450,71475,06690,3,4
20073009950,0,0,0,0,0,0,0,0,0,0,0,0,0,0,24,31,NA,NA,67425,06120,1,1
20073009956,2673,25,2634,25,0,14,0,2005,14,1968,14,0,9,0,74,163,NA,44050,35000,09090,1,1
20073009957,3211,61,3113,61,6,31,0,2571,41,2462,41,6,21,0,587,775,NA,21800,21800,06120,1,1
20073009958,1963,5,1926,5,3,29,0,1462,2,1435,2,2,21,0,47,51,NA,64050,71825,06120,1,1
20075009586,2388,139,2212,139,5,8,23,1854,82,1671,82,3,4,12,354,616,NA,69850,69875,12150,3,4
20077009916,2566,46,2506,46,2,12,0,1923,29,1857,29,1,7,0,92,94,NA,30175,71217,03390,2,1
20077009917,1833,12,1807,12,3,10,1,1373,8,1350,8,1,5,1,25,64,NA,3100,71201,03390,2,1
20077009918,2725,47,2642,47,8,24,4,2086,27,2013,27,8,9,2,61,115,NA,1975,1975,03390,2,1
20079000301,4224,269,3758,269,140,16,37,3428,154,2976,154,100,14,30,258,167,NA,50475,50475,09960,1,1
20079000302,5397,208,5049,208,62,23,50,4134,113,3829,113,34,16,29,72.63,112.6,NA,50475,50475,09960,1,1
20079000303,3919,566,3161,566,129,35,28,3209,362,2367,362,85,18,15,56.37,87.4,NA,50475,50475,09960,1,1
20079000304,5179,322,4698,322,95,24,36,4015,186,3541,186,66,15,21,3040,3301,NA,50475,50475,09960,1,1
20079000305,5719,111,5503,111,49,13,37,4226,71,4004,71,40,7,33,448,670,NA,31600,21025,07170,1,1
20079000306,6590,140,6347,140,49,30,19,4805,77,4588,77,29,22,12,233,352,NA,29600,63825,06840,1,1
20081009631,3886,557,3305,557,2,17,4,2940,319,2284,319,2,13,3,192,480,NA,63150,18825,12090,3,4
20083009611,2177,32,2120,32,22,2,1,1582,16,1532,16,15,2,1,174,316,NA,35450,44575,07800,3,4
20085009826,4691,58,4528,58,18,86,1,3328,36,3180,36,12,63,1,95,150,57150,33375,18350,04830,5,2
20085009827,3640,19,3541,19,8,70,2,2760,10,2679,10,7,52,2,92,162,NA,32825,32825,07380,5,2
20085009828,3194,49,2599,49,13,525,6,2199,19,1839,19,9,311,2,115,91,57150,13375,40750,04830,5,2
20087000201,7221,66,7050,66,37,52,16,5273,41,5115,41,32,34,10,175,172,NA,55450,60575,10620,5,2
20087000202,4125,29,4009,29,27,28,31,2999,18,2899,18,23,17,24,171,203,NA,73300,17425,13020,5,2
20087000203,4559,37,4451,37,9,44,15,3352,23,3259,23,8,26,13,252,381,NA,53375,53400,09360,5,2
20089009761,1636,3,1627,3,0,5,1,1278,1,1274,1,0,2,0,9,24,NA,9525,9550,12950,3,4
20089009762,2615,5,2600,5,0,7,3,1960,2,1952,2,0,4,0,10,27,NA,44300,11750,07830,3,4
20091000500,5177,185,4923,185,22,10,36,4207,137,3892,137,13,6,22,400,371,NA,77500,77500,11640,4,3
20091000501,4899,253,4345,253,185,23,75,3839,166,3332,166,111,17,47,1487,1486,NA,60825,60825,11640,4,3
20091000502,4211,162,3978,162,25,10,26,3367,100,3117,100,17,10,23,594.62,713.39,NA,47225,47225,11640,4,3
20091000504,4261,129,3874,129,179,26,46,3353,82,3026,82,113,17,33,526.05,590.63,NA,53775,53775,11640,4,3
20091000505,2944,74,2792,74,24,17,37,2252,51,2101,51,14,15,20,383.45,543.1,NA,53775,53775,11640,4,3
20091000506,5300,118,5083,118,24,17,58,4155,65,3955,65,18,11,41,707.48,1002.04,NA,53775,53775,11640,4,3
20091000507,4880,98,4691,98,44,3,41,3873,70,3677,70,25,2,29,894.33,1314.67,NA,57575,57575,11640,4,3
20091000508,2600,19,2549,19,1,2,29,2028,16,1966,16,0,2,28,161.64,513.53,NA,47350,47350,11640,4,3
20091000509,4647,53,4556,53,14,2,22,3643,40,3533,40,10,2,18,290.36,922.47,NA,57575,57575,11640,4,3
20091000510,4038,71,3918,71,21,9,18,3072,51,2934,51,14,8,14,709.37,1042.77,NA,57575,57575,11640,4,3
20091000511,3860,115,3626,115,42,13,62,3101,73,2869,73,29,11,46,528.01,747.85,NA,53775,53775,11640,4,3
20091000512,4298,109,4063,109,54,16,54,3534,68,3295,68,43,16,44,601.74,852.28,NA,53775,53775,11640,4,3
20091000513,4609,125,4342,125,56,16,66,3680,91,3404,91,36,10,48,849.77,1249.16,NA,57575,57575,11640,4,3
20091000514,3376,51,3283,51,11,6,25,2724,28,2637,28,8,5,18,629.01,924.65,NA,57575,57575,11640,4,3
20091000515,3723,90,3548,90,29,11,45,2810,49,2660,49,16,9,27,648.87,953.84,NA,57575,57575,11640,4,3
20091000516,5477,24,5363,24,25,9,52,4425,19,4329,19,14,7,37,602.01,1319.82,NA,39075,39075,11640,4,3
20091000517,4470,41,4345,41,10,2,72,3544,29,3421,29,9,2,54,482.15,1057.05,NA,39075,39075,11640,4,3
20091000525,1763,25,1712,25,17,4,5,1253,18,1202,18,10,2,3,213.35,302.18,NA,64500,64500,05490,4,3
20091000526,4747,70,4620,70,29,17,11,3335,48,3201,48,17,13,8,567.86,804.29,NA,64500,64500,05490,4,3
20091000527,4167,33,4086,33,7,31,9,3036,18,2965,18,6,25,4,516.94,732.18,NA,17850,39800,05490,4,3
20091000532,4733,52,4495,52,68,12,106,3286,30,3121,30,40,6,59,559.51,792.47,NA,53775,53775,12000,4,3
20091000536,8349,126,7830,126,225,64,104,5948,68,5575,68,146,36,55,1012.78,1434.45,NA,52575,52575,10140,4,3
20091050301,4723,107,4422,107,127,12,53,4256,88,3914,88,109,11,46,751.62,901.75,NA,47225,47225,11640,4,3
20091050302,1614,53,1521,53,18,5,17,1335,33,1239,33,15,2,13,235.76,282.86,NA,47225,47225,11640,4,3
20091051801,3599,26,3451,26,28,2,91,2822,21,2705,21,16,2,57,651.64,957.91,NA,57575,57575,11640,4,3
20091051802,6371,112,5992,112,79,10,176,5262,88,4890,88,61,8,127,895.97,1269.01,NA,53775,53775,11640,4,3
20091051803,4718,106,4390,106,66,25,126,3714,58,3455,58,47,15,81,632.39,895.69,NA,53775,53775,11640,4,3
20091051804,5420,81,5177,81,67,10,83,4413,61,4177,61,49,10,55,751.41,1064.26,NA,53775,53775,11640,4,3
20091051805,5723,77,5482,77,42,13,109,4507,58,4283,58,26,11,71,767.41,1086.93,NA,53775,53775,11640,4,3
20091051806,4424,40,4286,40,44,2,51,3462,33,3331,33,36,1,28,589.48,834.91,NA,53775,53775,11640,4,3
20091051902,5276,82,5025,82,77,13,77,3980,57,3760,57,44,9,53,677.68,959.84,NA,53775,53775,11640,4,3
20091051903,2770,64,2529,64,108,18,51,2109,38,1922,38,66,13,32,359.1,508.62,NA,53775,53775,11640,4,3
20091051904,6386,118,5967,118,131,13,154,4623,75,4272,75,83,8,110,787.17,1114.91,NA,53775,53775,11640,4,3
20091051905,7952,127,7462,127,148,18,196,6112,90,5677,90,111,14,130,1040.7,1474,NA,53775,53775,11640,4,3
20091051906,4868,152,4431,152,157,13,108,3886,99,3490,99,113,10,75,661.68,937.17,NA,53775,53775,11640,4,3
20091051907,3463,98,3105,98,154,12,93,2728,66,2427,66,97,9,63,464.5,657.9,NA,53775,53775,11640,4,3
20091052001,2104,58,1979,58,31,2,33,1818,50,1668,50,26,2,22,285.23,320.24,NA,46000,46000,11640,4,3
20091052003,6917,224,6402,224,139,34,110,5507,147,5010,147,98,23,82,937.69,1328.1,NA,64500,64500,11640,4,3
20091052004,1734,32,1646,32,41,6,9,1471,23,1377,23,36,3,9,230.79,259.12,NA,46000,46000,11640,4,3
20091052101,2718,86,2466,86,81,19,61,2115,63,1884,63,47,15,43,331.82,372.56,NA,46000,46000,11640,4,3
20091052102,2920,87,2696,87,87,7,38,2298,54,2109,54,45,5,31,391.28,554.2,NA,64500,64500,11640,4,3
20091052201,3544,162,3020,162,259,23,78,2614,103,2170,103,170,19,49,410.11,460.46,NA,46000,46000,11640,4,3
20091052202,3943,107,3771,107,21,12,32,2941,68,2766,68,12,9,18,500.77,709.27,NA,64500,64500,11640,4,3
20091052301,5608,138,5375,138,52,10,31,4265,90,4022,90,33,7,23,99,413,NA,64500,64500,11640,4,3
20091052303,5428,156,4963,156,124,17,168,3818,101,3417,101,69,12,118,650.1,920.77,NA,64500,64500,11640,4,3
20091052304,5055,90,4752,90,104,15,93,3663,58,3407,58,73,8,59,623.7,883.39,NA,64500,64500,11640,4,3
20091052401,11371,262,10332,262,415,44,313,8646,185,7740,185,292,34,210,1472.17,2085.11,NA,39350,39350,11640,4,3
20091052404,8316,150,7854,150,176,25,111,6387,102,5968,102,121,21,73,1087.52,1540.32,NA,39350,39350,11640,4,3
20091052405,7874,158,7166,158,264,22,260,5766,100,5211,100,163,15,177,981.79,1390.56,NA,39350,39350,11640,4,3
20091052406,5169,79,4870,79,88,19,112,3619,58,3353,58,64,12,74,616.21,872.78,NA,39350,39350,11640,4,3
20091052407,5006,72,4714,72,98,17,105,3149,33,2952,33,64,11,56,536.19,759.43,NA,39350,39350,11640,4,3
20091052801,2587,24,2480,24,48,2,31,1667,14,1595,14,27,2,15,283.84,402.02,NA,52575,52575,10140,4,3
20091052802,4657,68,4079,68,386,17,98,3232,50,2820,50,232,17,63,550.32,779.45,NA,52575,52575,10140,4,3
20091052901,1739,46,1660,46,21,4,8,1154,25,1085,25,12,1,6,196.49,278.3,NA,39350,39350,10140,4,3
20091052902,9434,184,8697,184,344,50,151,6626,106,6067,106,206,40,101,1128.22,1597.96,NA,52575,52575,10140,4,3
20091052903,8046,199,7364,199,232,25,218,5667,131,5086,131,151,20,148,964.93,1366.68,NA,52575,52575,10140,4,3
20091053001,4618,88,4271,88,162,17,77,3529,56,3241,56,113,11,52,600.89,851.07,NA,53775,53775,10140,4,3
20091053002,3758,63,3545,63,87,9,53,2908,45,2707,45,67,8,36,495.15,701.31,NA,53775,53775,12000,4,3
20091053003,3760,62,3565,62,59,1,73,2568,31,2420,31,38,1,47,437.26,619.31,NA,53775,53775,10140,4,3
20091053101,4322,88,4029,88,68,4,132,3024,61,2764,61,55,4,79,514.9,729.28,NA,53775,53775,12000,4,3
20091053102,4878,108,4611,108,48,5,102,3457,78,3189,78,34,4,74,588.63,833.71,NA,53775,53775,12000,4,3
20091053103,4415,64,4176,64,106,9,59,3313,43,3107,43,70,7,43,564.11,798.98,NA,53775,53775,12000,4,3
20091053301,864,0,845,0,12,0,7,653,0,640,0,9,0,4,88.84,194.77,NA,39075,39075,12000,4,3
20091053302,8089,94,7649,94,97,14,234,5266,45,4968,45,57,10,141,716.43,1570.66,NA,39075,39075,12000,4,3
20091053401,3290,29,3176,29,34,18,32,2177,20,2085,20,23,9,20,370.68,525.02,NA,53775,53775,12000,4,3
20091053402,4794,58,4611,58,59,21,44,3231,37,3080,37,37,11,29,439.57,963.69,NA,53775,53775,12000,4,3
20091053501,5026,121,4653,121,95,55,100,3872,77,3549,77,58,41,70,659.29,933.79,NA,52575,52575,10140,4,3
20091053502,3712,64,3428,64,162,12,44,2948,43,2710,43,109,12,31,501.96,710.95,NA,52575,52575,10140,4,3
20091053503,9703,143,9228,143,187,11,126,6035,79,5678,79,112,8,79,1027.59,1455.43,NA,52575,52575,10140,4,3
20091053504,9082,133,8612,133,166,24,145,5712,73,5365,73,94,13,94,972.59,1377.53,NA,52575,52575,10140,4,3
20091053505,239,1,235,1,2,1,0,171,0,171,0,0,0,0,29.12,41.24,NA,NA,52600,10140,4,3
20091053701,2101,23,2044,23,1,31,1,1415,18,1362,18,0,16,1,193,204,NA,19825,43623,06420,4,3
20091053702,6079,114,5851,114,52,42,18,4409,67,4193,67,40,31,11,499,542,NA,25425,25450,06420,4,3
20091053801,4024,67,3876,67,30,27,21,2725,39,2598,39,15,20,14,368,475,NA,67625,67625,11850,4,3
20091053802,4294,37,4214,37,13,3,27,2948,20,2887,20,4,3,14,440,734,NA,NA,3225,12000,4,3
20093009591,4027,671,3323,671,3,23,5,3059,375,2288,375,3,13,5,263,588,NA,38175,38200,08280,3,4
20095009911,2355,10,2328,10,7,10,0,1654,4,1634,4,5,7,0,23,47,NA,51600,6050,08070,2,1
20095009912,3562,50,3493,50,2,10,7,2697,34,2614,34,2,7,6,617,909,NA,36950,36950,08070,2,1
20095009913,2375,17,2351,17,0,4,3,1691,8,1671,8,0,3,1,49,24,NA,16775,40150,05370,2,1
20097009691,3660,39,3584,39,7,16,11,2730,20,2667,20,7,11,5,438,1127,NA,28675,77065,06720,3,4
20099009501,3704,185,3303,185,153,44,18,2882,118,2496,118,112,26,12,93,128,NA,54675,54675,10560,1,2
20099009502,2830,101,2331,101,377,14,7,2147,68,1723,68,274,8,6,2039,1833,NA,54675,54675,10560,1,2
20099009503,3269,90,2969,90,135,40,35,2429,47,2214,47,77,26,18,86.93,78.52,NA,54675,54675,10560,1,2
20099009504,3721,76,3352,76,248,26,19,2768,45,2500,45,144,20,14,99.07,89.48,NA,54675,54675,10560,1,2
20099009505,3908,25,3832,25,5,43,3,2789,15,2727,15,4,25,3,50,85,NA,48825,48850,03300,1,2
20099009506,2327,14,2222,14,0,82,9,1712,8,1634,8,0,56,6,116,242,NA,19900,20750,03300,1,2
20099009507,2241,20,2125,20,42,54,0,1710,11,1618,11,39,31,0,377,555,NA,53450,53450,10350,1,2
20099009508,1693,5,1520,5,65,102,1,1278,2,1154,2,50,70,0,70,80,NA,12950,12950,04770,1,2
20101009566,2375,44,2325,44,1,5,0,1747,27,1688,27,1,4,0,213,477,NA,18050,18075,05550,3,4
20103000701,2181,85,1478,85,582,14,19,1686,53,1155,53,401,11,13,229.72,193.72,NA,39000,39000,08430,5,2
20103000702,2992,96,2476,96,353,22,43,2264,52,1881,52,238,14,27,308.47,260.13,NA,39000,39000,08430,5,2
20103000703,5790,159,5063,159,383,34,143,4244,97,3696,97,240,29,85,578.25,487.63,NA,39000,39000,08430,5,2
20103000704,3983,119,3392,119,404,11,56,3019,69,2564,69,269,9,39,411.34,346.88,NA,39000,39000,08430,5,2
20103000705,3010,106,1973,106,849,33,46,2154,60,1462,60,524,16,32,293.48,247.49,NA,39000,39000,08430,5,2
20103000706,1263,35,1115,35,67,3,41,1059,21,918,21,59,3,37,144.29,121.68,NA,39000,39000,08430,5,2
20103000707,5093,146,4386,146,422,18,119,3693,90,3144,90,269,14,86,503.17,424.32,NA,39000,39000,08430,5,2
20103000708,12630,1047,8598,1047,2606,97,265,10358,858,6176,858,2199,84,183,1411.28,1190.13,NA,39000,39000,06330,5,2
20103000709,2812,42,2734,42,10,10,14,2032,21,1966,21,8,10,6,238.45,240.59,NA,19600,19625,05640,5,2
20103000710,2266,28,2170,28,60,3,5,1640,20,1545,20,47,3,5,236,274,NA,39000,32125,12210,5,2
20103000712,5737,49,5624,49,24,26,13,4110,27,4013,27,18,18,7,556.56,579.03,NA,4400,68500,03780,5,2
20103000713,4057,50,3939,50,35,17,14,2839,36,2724,36,24,11,8,384.44,399.97,NA,70800,70825,12210,5,2
20103000714,2980,33,2902,33,16,21,5,2185,27,2103,27,10,16,2,320,306,NA,41475,65000,03780,5,2
20103071198,9577,197,8078,197,1083,79,124,7461,140,6063,140,961,65,92,875.55,883.41,NA,38650,38650,08340,5,2
20105009861,3653,15,3624,15,1,11,1,2792,12,2755,12,1,11,1,311,612,NA,41300,20375,08790,3,4
20107009551,4007,16,3946,16,22,20,3,2978,8,2926,8,16,18,2,81,114,NA,37575,40825,08250,4,2
20107009552,4247,18,4187,18,15,24,3,3183,6,3148,6,8,14,1,178,309,NA,56450,57175,07750,4,2
20109009546,2308,22,2271,22,8,7,0,1727,13,1691,13,8,2,0,311,622,NA,51825,51850,10050,3,4
20109009547,773,4,765,4,3,1,0,554,3,544,3,3,1,0,16,35,NA,80075,80100,00013,3,4
20111000001,5806,289,4927,289,364,39,179,5016,193,4174,193,290,22,144,71.77,99.02,NA,21275,21275,05940,1,4
20111000002,6027,147,5739,147,53,12,76,4432,88,4160,88,33,9,54,2227.67,2496.07,NA,21275,21275,05940,1,4
20111000003,5818,753,4769,753,77,29,188,4458,432,3428,432,44,23,99,63.79,88.01,NA,21275,21275,05940,1,4
20111000004,3347,172,2971,172,76,19,109,2784,111,2384,111,63,15,100,1399.33,1567.93,NA,21275,21275,05940,1,4
20111000005,4738,634,3884,634,113,33,66,3595,359,2739,359,78,21,39,51.44,70.97,NA,21275,21275,05940,1,4
20111000006,2599,43,2529,43,6,16,5,1839,22,1775,22,6,12,2,39,66,NA,58600,525,03210,1,4
20111000007,2734,41,2660,41,2,17,14,1900,23,1837,23,1,11,5,254,310,NA,1675,1700,03210,1,4
20111000008,3663,35,3588,35,15,16,5,2650,16,2596,16,12,8,2,172,162,NA,30475,11800,06930,1,4
20113009881,2747,19,2708,19,3,13,4,1982,10,1951,10,1,10,0,20,36,NA,10475,10500,04440,1,4
20113009882,3255,28,3179,28,21,5,17,2628,23,2546,23,21,4,11,479,699,NA,41375,41375,00002,1,4
20113009883,2800,8,2781,8,1,5,5,2035,5,2017,5,0,5,3,39,47,NA,44925,44950,00002,1,4
20113009884,5248,53,5103,53,45,14,29,3901,39,3772,39,25,8,18,46.46,64.12,NA,43950,43950,09390,1,4
20113009885,1933,42,1832,42,33,19,7,1364,24,1278,24,20,14,4,1866,2871,NA,43950,43950,09390,1,4
20113009886,5855,139,5540,139,97,33,43,4495,91,4184,91,77,21,31,53.54,73.88,NA,43950,43950,09390,1,4
20113009887,5430,36,5361,36,3,12,17,3958,14,3916,14,1,6,7,313,288,NA,48800,48675,09780,1,4
20115009895,1872,33,1829,33,0,5,5,1411,19,1366,19,0,4,3,35,41,NA,41325,13750,08940,1,4
20115009896,3791,17,3713,17,30,13,16,2989,9,2928,9,22,10,11,30,79,NA,32275,32275,07290,1,4
20115009897,2773,10,2742,10,2,13,6,2162,7,2138,7,2,6,2,75,132,NA,44750,44750,09240,1,4
20115009898,4452,58,4336,58,50,3,5,3382,36,3262,36,44,3,1,25,51,NA,55100,55125,10590,1,4
20117009791,2874,6,2858,6,0,7,2,2033,3,2023,3,0,2,2,31,31,NA,3600,49275,00016,3,4
20117009792,3958,31,3903,31,0,19,5,2997,20,2943,20,0,10,4,102,154,NA,45050,45050,00016,3,4
20117009793,2599,7,2584,7,0,8,0,1928,4,1916,4,0,4,0,186,225,NA,7650,7700,12780,3,4
20117009794,2274,5,2256,5,9,0,4,1678,2,1666,2,7,0,1,224,261,NA,24275,73550,04560,3,4
20119009666,2576,148,2416,148,0,3,6,1931,87,1753,87,0,3,1,141.67,359.91,NA,56100,77300,08190,3,4
20119009667,1671,50,1605,50,0,8,6,1272,30,1199,30,0,7,6,93.33,237.09,NA,45325,45350,09420,3,4
20121001001,2415,23,2375,23,4,6,3,1777,13,1740,13,4,4,3,157,204,NA,67625,59475,10500,4,3
20121001002,1391,6,1373,6,6,6,0,983,4,966,4,4,5,0,141,159,NA,67625,70125,08970,4,3
20121001003,1367,3,1352,3,3,8,1,964,2,952,2,3,4,1,241,265,NA,42875,76225,08970,4,3
20121001004,2211,10,2187,10,2,11,1,1569,8,1543,8,0,10,0,47,68,NA,42875,42875,08970,4,3
20121001005,3530,28,3479,28,7,15,1,2530,21,2471,21,6,10,1,226,234,NA,23650,53175,10500,4,3
20121001006,6796,81,6421,81,250,39,5,5001,46,4713,46,166,27,3,135,133,NA,54250,54250,10500,4,3
20121001007,5756,125,5277,125,290,43,20,4294,77,3870,77,225,30,15,126,98,NA,53225,53225,10260,4,3
20123009766,4892,16,4813,16,43,14,6,3607,8,3573,8,11,7,0,32,45,NA,5775,5775,03870,3,4
20123009767,2311,13,2292,13,0,2,4,1684,4,1672,4,0,2,2,8,8,NA,11175,11150,04470,3,4
20125009501,2004,14,1974,14,0,16,0,1495,10,1465,10,0,10,0,106,265,NA,20250,42900,07650,1,1
20125009502,2892,33,2805,33,13,26,11,2144,19,2068,19,12,18,8,358,486,NA,12925,12925,04740,1,1
20125009503,4025,81,3739,81,116,55,30,3064,52,2842,52,60,39,19,79.98,153.34,NA,33875,33875,07650,1,1
20125009504,2083,55,1905,55,66,47,10,1577,40,1408,40,46,35,8,1112,1967,NA,33875,33875,07650,1,1
20125009505,1734,50,1395,50,261,25,2,1294,31,1034,31,176,20,2,33.78,64.76,NA,33875,33875,07650,1,1
20125009506,4312,185,3781,185,290,43,12,3327,127,2823,127,211,29,10,86.85,166.51,NA,33875,33875,07650,1,1
20125009507,4050,20,3868,20,33,127,2,2965,14,2833,14,25,78,1,77.4,148.39,NA,17150,23325,04410,1,1
20125009508,4995,70,4738,70,61,100,26,3783,32,3599,32,43,63,14,156.65,167.63,NA,14600,14600,04980,1,1
20125009509,2589,31,1638,31,827,79,14,1904,16,1268,16,542,55,7,98,113,NA,14600,14600,04980,1,1
20125009510,2362,50,1964,50,271,62,10,1874,40,1546,40,193,45,10,949.19,866.83,NA,14600,14600,04980,1,1
20125009511,3432,75,2985,75,247,114,11,2586,39,2274,39,155,74,5,1309.81,1196.17,NA,14600,14600,04980,1,1
20125009512,1847,49,1460,49,215,110,12,1385,31,1100,31,151,65,7,57.35,61.37,NA,14600,14600,04980,1,1
20125009513,2491,38,2362,38,0,81,9,1859,20,1763,20,0,51,5,140,264,NA,10375,10375,04410,1,1
20127009836,3573,42,3497,42,1,24,9,2696,22,2634,22,0,11,7,56,89,NA,77825,71206,05280,1,4
20127009837,2625,48,2553,48,17,5,2,1995,29,1917,29,14,4,2,382,465,NA,15925,15925,05280,1,4
20129009646,3480,352,3062,352,1,26,38,2606,185,2192,185,1,19,24,45,76,NA,20350,69975,05790,3,4
20131009801,3173,6,3132,6,22,6,7,2303,2,2274,2,20,4,1,26,96,NA,62025,62025,00005,5,2
20131009802,4563,5,4543,5,7,3,4,3191,5,3173,5,5,2,1,126,88,NA,63950,63950,11580,5,2
20131009803,2710,3,2690,3,8,4,5,1959,1,1946,1,3,3,5,117,75,NA,12425,30375,04560,5,2
20133009516,4121,20,4059,20,16,18,8,3045,13,2990,13,13,12,4,72,69,NA,21500,21525,06000,1,2
20133009517,2892,84,2692,84,81,24,11,2156,61,1954,61,59,15,6,45.84,63.69,NA,12500,12500,04590,1,2
20133009518,3810,106,3618,106,57,16,13,3056,72,2836,72,53,12,11,64.98,90.27,NA,12500,12500,04590,1,2
20133009519,3434,126,3238,126,26,41,3,2642,95,2412,95,12,25,3,56.18,78.04,NA,12500,12500,04590,1,2
20133009520,2778,25,2718,25,2,30,3,1995,16,1945,16,2,15,1,108,124,NA,70300,12975,06000,1,2
20135009561,2065,5,2056,5,0,1,3,1548,1,1542,1,0,1,3,91,200,NA,58500,50125,11010,3,4
20135009562,1968,18,1945,18,0,3,2,1434,8,1414,8,0,3,1,28,58,NA,49925,11925,09930,3,4
20137009516,1387,5,1381,5,0,1,0,1051,3,1044,3,0,1,0,136,265,NA,39400,32060,10020,3,4
20137009517,4560,77,4312,77,134,13,20,3624,51,3367,51,133,8,14,102,291,NA,51500,51500,10020,3,4
20139000101,4132,88,4005,88,11,23,5,2924,44,2813,44,5,14,4,245,379,NA,10600,59825,10410,1,2
20139000102,2918,19,2864,19,1,28,6,2148,13,2099,13,1,18,4,320,310,NA,9350,9375,04260,1,2
20139000103,2168,22,2121,22,14,6,5,1581,11,1551,11,2,4,2,31,55,NA,45700,45725,09480,1,2
20139000104,2802,42,2744,42,3,13,0,2178,28,2115,28,2,5,0,514,579,NA,53200,53200,10230,1,2
20139000105,3228,16,3177,16,0,34,1,2401,8,2365,8,0,19,1,175,170,NA,43350,73200,09000,1,2
20141009741,3476,11,3449,11,4,6,6,2634,8,2608,8,3,3,4,31,36,NA,18500,61375,10290,3,4
20141009742,1391,6,1373,6,0,12,0,1066,2,1057,2,0,5,0,8,20,NA,49425,69150,10290,3,4
20143009856,1656,5,1649,5,0,1,1,1238,3,1230,3,0,1,1,14,29,NA,6075,6100,09570,3,4
20143009857,3978,29,3924,29,4,15,6,2971,9,2936,9,4,10,3,19,23,NA,47075,47075,09570,3,4
20145009701,738,10,726,10,0,2,0,501,7,486,7,0,1,0,7,25,NA,NA,56600,08370,3,4
20145009702,5494,244,4941,244,231,14,56,4285,155,3746,155,176,13,40,737,1068,NA,38700,38700,08370,3,4
20145009703,1323,2,1309,2,2,10,0,970,1,960,1,2,6,0,53,66,NA,25750,25775,11280,3,4
20147009751,1517,6,1509,6,0,2,0,1132,2,1126,2,0,2,0,6,34,NA,37275,37300,08160,3,4
20147009752,1845,3,1836,3,4,1,1,1374,2,1366,2,2,1,1,20,78,NA,42100,42125,08910,3,4
20147009753,3228,23,3161,23,12,6,26,2447,11,2393,11,8,6,18,37,150,NA,55675,55675,10650,3,4
20149000001,4570,88,4362,88,52,37,31,3307,56,3122,56,29,23,21,54,103,NA,62200,7550,00004,5,2
20149000002,4628,76,4499,76,27,12,14,3267,44,3141,44,15,11,12,625,970,NA,75325,75350,00003,5,2
20149000003,3048,50,2961,50,4,20,11,2097,27,2020,27,4,17,2,67,43,NA,62400,62425,07970,5,2
20149000004,3882,25,3810,25,10,32,5,2860,20,2792,20,8,19,1,121,171,NA,52875,46700,10170,5,2
20151009686,2570,75,2448,75,5,28,12,1854,33,1763,33,3,15,7,96,166,NA,57675,71223,11430,3,4
20151009687,3748,70,3605,70,41,16,5,2888,46,2748,46,31,12,5,56.29,113.12,NA,57625,57625,10890,3,4
20151009688,3384,38,3243,38,68,17,12,2550,17,2444,17,54,11,7,49.71,99.88,NA,57625,57625,10890,3,4
20153009506,1905,15,1882,15,3,3,2,1356,5,1341,5,2,3,0,28.05,79.83,NA,43750,60362,03600,3,4
20153009507,1499,12,1479,12,0,2,6,1158,6,1139,6,0,2,5,23.95,68.17,NA,3150,3175,03600,3,4
20155000001,2955,54,2841,54,44,9,7,2194,33,2090,33,28,7,3,504.26,539.57,NA,33625,33625,04200,2,4
20155000002,4214,105,3957,105,109,18,24,3469,73,3201,73,89,12,21,797.29,853.14,NA,33625,33625,07620,2,4
20155000003,4762,82,4638,82,9,24,7,3730,46,3613,46,6,16,3,857.28,917.33,NA,33625,33625,07620,2,4
20155000004,3592,155,3372,155,38,19,4,2794,85,2585,85,23,13,3,642.16,687.13,NA,33625,33625,07620,2,4
20155000005,5896,243,5474,243,132,21,19,4433,139,4047,139,83,15,10,1018.85,1090.22,NA,33625,33625,07620,2,4
20155000006,2706,390,2070,390,193,31,16,2208,231,1589,231,125,23,9,507.47,543.02,NA,33625,33625,07620,2,4
20155000007,6026,462,5177,462,319,34,24,4721,291,3887,291,210,23,19,1085.05,1161.04,NA,33625,33625,07620,2,4
20155000008,2573,409,1981,409,153,22,6,2188,257,1537,257,114,17,6,502.88,538.1,NA,33625,33625,07620,2,4
20155000009,1068,41,652,41,346,19,3,1090,40,649,40,339,19,3,250.52,268.07,NA,33625,33625,07620,2,4
20155000010,2489,108,2248,108,82,16,27,1872,68,1655,68,52,13,16,430.25,460.38,NA,33625,33625,07620,2,4
20155000011,4947,113,4622,113,155,33,21,3709,67,3405,67,136,22,12,495,637,NA,33625,13600,04200,2,4
20155000012,3404,59,3310,59,22,5,8,2600,31,2513,31,16,3,6,186,323,NA,33625,28025,09990,2,4
20155000013,2774,86,2629,86,36,15,4,2178,47,2054,47,17,12,1,808,709,NA,66750,58975,09990,2,4
20155000014,5071,37,4965,37,16,37,16,3561,19,3475,19,13,30,5,70,88,NA,30725,30750,06960,2,4
20155000015,3342,52,3249,52,10,21,8,2405,32,2316,32,2,16,7,304,461,NA,9200,41550,04200,2,4
20155000016,1915,14,1892,14,3,5,0,1347,7,1327,7,1,5,0,19,47,NA,50525,50525,09990,2,4
20155000017,2821,59,2747,59,8,6,1,2137,27,2074,27,2,6,1,40,73,NA,2325,69825,08310,2,4
20155000018,1834,9,1819,9,2,1,2,1332,5,1317,5,2,1,2,169,212,NA,57700,875,10920,2,4
20157009781,1643,6,1634,6,0,3,0,1247,1,1244,1,0,1,0,25,34,NA,16625,59575,05340,3,4
20157009782,2131,4,2123,4,1,3,0,1594,3,1586,3,0,2,0,20,20,NA,63350,63375,05310,3,4
20157009783,2708,5,2683,5,2,6,12,2176,5,2151,5,2,4,9,425,697,NA,5600,5600,03930,3,4
20159009871,2880,71,2795,71,3,9,2,2121,37,2039,37,1,6,1,99,113,NA,26075,73825,08880,3,4
20159009872,3958,168,3712,168,55,17,5,3027,105,2767,105,36,12,2,668,806,NA,43525,43525,09030,3,4
20159009873,3772,40,3634,40,58,25,11,2835,24,2712,24,47,18,10,29,70,NA,68200,68200,12030,3,4
20161000001,6236,98,5895,98,97,44,99,4664,66,4358,66,71,34,69,42,66,NA,59875,3825,11100,5,2
20161000002,6760,137,6108,137,311,53,142,4782,94,4281,94,196,20,97,756.56,996.04,NA,44250,44250,09180,5,2
20161000003,9594,255,8714,255,291,25,303,8305,203,7412,203,225,22,240,1313.93,1729.84,NA,44250,44250,09180,5,2
20161000004,4416,178,3421,178,253,20,540,4143,148,3227,148,184,18,418,655.46,862.94,NA,44250,44275,09180,5,2
20161000005,4589,132,4023,132,159,25,246,4350,119,3730,119,124,19,239,688.21,906.06,NA,44250,44250,09180,5,2
20161000006,4934,97,4517,97,152,18,148,3508,62,3192,62,91,9,92,83,200,NA,44250,44250,09180,5,2
20161000007,4592,124,4170,124,179,12,106,3906,96,3492,96,122,12,88,617.97,813.58,NA,44250,44250,09180,5,2
20161000008,7118,313,5938,313,612,58,192,6244,222,5147,222,434,44,175,987.86,1300.55,NA,44250,44250,09180,5,2
20161000009,5444,147,4736,147,366,64,121,3993,99,3467,99,200,44,84,29,48,NA,52275,52300,09180,5,2
20161000010,13456,1318,7265,1318,4262,125,446,10757,900,5427,900,3120,99,311,123,236,NA,23990,44125,07890,5,2
20163009746,2537,15,2484,15,31,2,5,1899,10,1846,10,26,2,5,205,495,NA,68350,71211,12060,3,4
20163009747,3502,10,3479,10,3,10,0,2545,7,2521,7,2,8,0,345,701,NA,56150,71246,10740,3,4
20165009721,877,2,875,2,0,0,0,689,1,687,1,0,0,0,289,414,NA,43700,29812,08220,3,4
20165009722,2965,33,2921,33,0,5,5,2288,11,2260,11,0,3,3,61,51,NA,37500,37525,04020,3,4
20167009736,1221,5,1208,5,3,5,0,958,2,951,2,0,3,0,208.14,366.69,NA,43250,43275,11310,3,4
20167009737,1646,5,1625,5,6,9,1,1205,3,1184,3,5,9,1,261.8,461.24,NA,9225,12150,11310,3,4
20167009738,4968,35,4873,35,34,21,5,3885,19,3806,19,22,17,2,844.06,1487.07,NA,61825,61825,11310,3,4
20169000001,5848,155,5420,155,209,26,32,4713,106,4311,106,146,19,25,927.66,1277.87,NA,62700,62700,11370,3,4
20169000002,2444,79,1972,79,328,40,23,1897,49,1529,49,229,29,12,373.39,514.35,NA,62700,62700,11370,3,4
20169000003,5858,274,5201,274,282,49,46,4384,156,3842,156,168,28,34,862.91,1188.67,NA,62700,62700,11370,3,4
20169000004,3177,72,3023,72,55,16,10,2523,52,2364,52,41,8,6,496.6,684.08,NA,62700,62700,11370,3,4
20169000005,5789,218,5140,218,239,22,166,4233,127,3708,127,143,20,108,833.19,1147.73,NA,62700,62700,11370,3,4
20169000006,2273,65,2047,65,89,8,61,1556,30,1404,30,53,5,34,306.27,421.89,NA,62700,62700,11370,3,4
20169000007,4232,42,4028,42,60,5,96,2965,25,2802,25,50,5,58,583.6,803.92,NA,62700,62700,11370,3,4
20169000008,3359,82,3209,82,41,5,21,2564,45,2427,45,28,5,14,504.67,695.2,NA,62700,62700,11370,3,4
20169000009,5936,117,5634,117,130,19,36,4557,72,4281,72,94,15,23,896.96,1235.57,NA,62700,62700,11370,3,4
20169000010,3832,34,3717,34,40,12,29,2920,21,2827,21,25,7,19,574.75,791.72,NA,62700,62700,11370,3,4
20169000011,3469,49,3398,49,9,10,3,2449,23,2392,23,5,6,0,93,169,NA,8575,67500,05800,3,4
20169000012,3084,35,3037,35,5,7,0,2287,20,2235,20,5,7,0,95,210,NA,29250,21925,00001,3,4
20171009571,5289,138,5119,138,5,9,18,3827,69,3670,69,2,7,10,471,1179,NA,63600,63575,00017,3,4
20173000001,3182,1442,1333,1442,304,27,74,2953,843,999,843,207,20,41,639.96,707.58,NA,79000,79000,12990,2,1
20173000002,2820,233,2504,233,43,29,10,2305,139,1975,139,30,15,7,499.53,552.31,NA,79000,79000,12990,2,1
20173000003,5032,1407,3002,1407,457,74,89,4371,801,2366,801,304,43,56,947.26,1047.35,NA,79000,79000,12990,2,1
20173000004,2460,761,1255,761,331,43,66,2083,404,996,404,211,26,42,451.42,499.11,NA,79000,79000,12990,2,1
20173000006,2660,75,34,75,2291,14,246,1714,32,26,32,1487,12,125,371.45,410.7,NA,79000,79000,12990,2,1
20173000007,4360,62,231,62,4028,23,12,2872,39,158,39,2609,18,9,622.4,688.17,NA,79000,79000,12990,2,1
20173000008,2776,28,77,28,2634,19,18,1917,17,62,17,1796,12,13,415.44,459.34,NA,79000,79000,12990,2,1
20173000009,3155,92,1037,92,1484,24,510,2466,64,912,64,935,18,473,534.42,590.88,NA,79000,79000,12990,2,1
20173000010,4061,110,3208,110,638,42,61,3033,73,2446,73,380,24,37,657.29,726.74,NA,79000,79000,12990,2,1
20173000011,2404,88,927,88,1352,10,23,1732,55,718,55,880,10,14,375.35,415.01,NA,79000,79000,12990,2,1
20173000014,4308,146,4042,146,63,40,13,3509,99,3242,99,32,28,9,760.45,840.8,NA,79000,79000,12990,2,1
20173000015,3158,170,2849,170,51,43,36,2492,97,2216,97,32,24,26,540.05,597.11,NA,79000,79000,12990,2,1
20173000018,2514,151,913,151,1241,39,163,1675,77,711,77,693,25,92,363,401.35,NA,79000,79000,12990,2,1
20173000019,2450,109,1938,109,332,36,34,1777,52,1435,52,188,24,26,385.1,425.79,NA,79000,79000,12990,2,1
20173000020,2329,47,2246,47,21,3,11,1688,31,1606,31,11,3,6,365.81,404.47,NA,79000,79000,12990,2,1
20173000021,3450,77,3306,77,38,9,19,2775,44,2641,44,24,7,15,601.38,664.92,NA,79000,79000,12990,2,1
20173000022,2260,53,2176,53,11,7,13,1723,29,1641,29,9,4,11,373.4,412.85,NA,79000,79000,12990,2,1
20173000023,2366,96,2158,96,91,12,7,1797,50,1620,50,61,9,7,389.44,430.58,NA,79000,79000,12990,2,1
20173000024,1789,90,1400,90,238,22,37,1404,62,1099,62,135,19,27,304.27,336.42,NA,79000,79000,12990,2,1
20173000026,1842,312,1291,312,98,45,96,1535,180,1019,180,69,33,54,332.66,367.8,NA,79000,79000,12990,2,1
20173000027,1949,166,1660,166,51,60,12,1562,100,1282,100,27,43,10,338.51,374.27,NA,79000,79000,12990,2,1
20173000028,3534,162,3204,162,66,61,40,2685,96,2385,96,42,35,31,581.88,643.36,NA,79000,79000,12990,2,1
20173000029,2898,124,2633,124,86,36,16,2251,75,2011,75,50,29,11,487.82,539.37,NA,79000,79000,12990,2,1
20173000030,2496,156,2223,156,54,44,19,1950,88,1703,88,33,25,13,422.59,467.24,NA,79000,79000,12990,2,1
20173000031,2492,147,2212,147,70,46,12,1843,76,1610,76,43,29,9,399.4,441.61,NA,79000,79000,12990,2,1
20173000032,3071,180,2675,180,101,43,68,2335,98,2018,98,46,26,49,506.03,559.49,NA,79000,79000,12990,2,1
20173000034,3368,208,2951,208,115,56,37,2627,135,2235,135,63,33,26,569.31,629.46,NA,79000,79000,12990,2,1
20173000035,2137,52,1972,52,78,16,18,1658,33,1519,33,47,14,12,359.31,397.28,NA,79000,79000,12990,2,1
20173000036,3186,166,2553,166,384,29,46,2502,97,2054,97,203,13,38,542.22,599.51,NA,79000,79000,12990,2,1
20173000037,1920,174,1453,174,149,62,79,1435,94,1100,94,59,36,52,310.98,343.84,NA,79000,79000,12990,2,1
20173000038,2667,46,2438,46,120,23,39,2146,34,1966,34,68,18,26,465.07,514.21,NA,79000,79000,12990,2,1
20173000039,4461,175,4032,175,143,83,25,3464,116,3083,116,81,51,17,750.7,830.02,NA,79000,79000,12990,2,1
20173000040,4514,218,3949,218,181,95,70,3607,135,3130,135,104,62,41,781.69,864.28,NA,79000,79000,12990,2,1
20173000041,805,81,412,81,269,20,23,780,57,395,57,234,18,19,169.04,186.9,NA,79000,79000,12990,2,1
20173000042,1136,49,45,49,1030,12,0,763,26,34,26,671,6,0,165.35,182.82,NA,79000,79000,12990,2,1
20173000043,2227,106,1781,106,249,36,52,2084,75,1641,75,221,29,43,451.63,499.35,NA,79000,79000,12990,2,1
20173000051,4979,207,4463,207,177,76,50,3937,125,3497,125,100,58,32,853.2,943.35,NA,79000,79000,12990,2,1
20173000052,4749,268,4130,268,203,48,96,3672,159,3158,159,102,34,60,795.77,879.86,NA,79000,79000,12990,2,1
20173000053,6437,219,5895,219,151,65,106,4665,112,4262,112,77,43,59,1010.97,1117.79,NA,79000,79000,12990,2,1
20173000054,5838,139,5471,139,91,67,69,4450,86,4149,86,47,43,39,964.38,1066.28,NA,79000,79000,12990,2,1
20173000056,4300,146,3916,146,100,90,48,3081,66,2805,66,51,63,30,325.87,310.07,NA,79000,60125,07050,2,1
20173000057,6408,249,5852,249,106,91,109,4634,129,4178,129,68,62,68,1004.25,1110.36,NA,79000,79000,12990,2,1
20173000058,4274,146,3421,146,349,83,273,2754,75,2218,75,170,51,165,291.29,277.16,NA,51810,60125,05460,2,1
20173000059,4465,187,3817,187,297,84,77,3140,97,2714,97,133,52,47,680.48,752.38,NA,79000,79000,12990,2,1
20173000060,4829,208,3923,208,358,82,255,3649,127,3018,127,172,53,152,790.79,874.35,NA,79000,79000,12990,2,1
20173000061,3262,126,2876,126,131,34,94,2527,85,2188,85,77,30,62,547.64,605.5,NA,79000,79000,12990,2,1
20173000062,3348,180,2852,180,204,46,66,2718,102,2307,102,134,35,38,589.03,651.27,NA,79000,79000,12990,2,1
20173000063,2217,43,2065,43,65,11,33,1933,29,1801,29,44,8,22,418.91,463.17,NA,79000,79000,12990,2,1
20173000064,1772,43,1656,43,29,22,22,1434,25,1332,25,20,15,17,310.77,343.6,NA,79000,79000,12990,2,1
20173000065,4246,267,2268,267,489,120,1092,2666,135,1445,135,255,76,620,577.76,638.81,NA,79000,79000,12990,2,1
20173000066,4239,238,2998,238,828,34,132,2779,130,1943,130,463,21,92,293.93,279.67,NA,79000,29300,05460,2,1
20173000067,2341,63,1953,63,207,21,97,1910,45,1573,45,156,14,77,413.92,457.66,NA,79000,79000,12990,2,1
20173000068,4759,204,3476,204,896,59,120,3717,128,2829,128,499,41,92,805.53,890.64,NA,79000,79000,12990,2,1
20173000069,2664,62,2415,62,85,22,80,2111,37,1921,37,50,19,47,457.48,505.82,NA,79000,79000,12990,2,1
20173000070,3849,196,3144,196,369,34,101,3094,115,2537,115,226,24,77,670.51,741.36,NA,79000,79000,12990,2,1
20173000071,6929,224,5693,224,675,56,277,5636,151,4616,151,481,44,193,1221.4,1350.46,NA,79000,79000,12990,2,1
20173000074,896,6,869,6,13,3,5,701,4,678,4,9,1,5,151.92,167.97,NA,19300,47125,12990,2,1
20173000075,2253,38,972,38,1184,16,42,1575,17,780,17,720,10,31,341.32,377.39,NA,79000,79000,12990,2,1
20173000076,4009,77,3556,77,298,18,59,3336,58,2949,58,213,12,46,722.96,799.35,NA,79000,79000,12990,2,1
20173000077,5634,138,2867,138,2387,26,207,4409,99,2379,99,1651,19,162,955.49,1056.45,NA,79000,79000,12990,2,1
20173000078,3501,54,541,54,2706,18,174,2552,50,531,50,1762,13,146,553.05,611.49,NA,79000,79000,12990,2,1
20173000080,4915,166,4568,166,75,91,13,3261,75,3010,75,47,43,11,706.71,781.38,NA,54450,36250,12990,2,1
20173000081,4727,114,4499,114,52,55,5,3546,64,3338,64,36,40,4,768.47,849.67,NA,79000,36250,12990,2,1
20173000082,5442,882,4194,882,171,58,133,4555,526,3282,526,106,47,68,987.13,1091.43,NA,79000,79000,12990,2,1
20173000083,4323,198,3966,198,84,31,44,3466,133,3085,133,60,26,29,751.13,830.5,NA,79000,79000,12990,2,1
20173000084,3236,128,2958,128,96,7,47,2821,94,2515,94,78,6,34,611.35,675.95,NA,79000,79000,12990,2,1
20173000085,2565,63,2425,63,41,20,16,2156,39,2021,39,37,12,8,467.24,516.6,NA,79000,79000,12990,2,1
20173000086,3866,146,3613,146,59,27,21,3162,97,2895,97,34,24,15,685.25,757.65,NA,79000,79000,12990,2,1
20173000087,4094,177,3591,177,233,43,50,3275,106,2870,106,136,28,29,709.74,784.73,NA,79000,79000,12990,2,1
20173000088,4872,224,4452,224,73,70,50,3556,114,3221,114,39,39,29,770.64,852.06,NA,79000,79000,12990,2,1
20173000089,3826,161,3399,161,98,58,110,2768,87,2464,87,39,35,56,599.87,663.25,NA,79000,79000,12990,2,1
20173000090,3095,196,2718,196,92,55,31,2447,118,2097,118,57,32,25,530.3,586.33,NA,79000,79000,12990,2,1
20173000091,7117,378,5996,378,393,90,256,4889,209,4091,209,175,55,150,1059.52,1171.46,NA,79000,79000,12990,2,1
20173000092,3193,74,2958,74,58,52,48,2485,40,2307,40,34,31,33,538.53,595.44,NA,79000,79000,12990,2,1
20173000095,974,33,887,33,16,4,34,711,17,640,17,10,3,24,154.08,170.36,NA,79000,79000,12990,2,1
20173000096,6697,61,6515,61,9,34,78,4560,39,4407,39,5,23,47,988.22,1092.63,NA,13925,50725,04920,2,1
20173000097,4722,106,4509,106,20,67,20,3360,55,3188,55,15,35,12,659.79,661.42,NA,31125,62675,04920,2,1
20173000099,5195,86,5021,86,28,36,20,3546,43,3412,43,15,23,10,515.94,719.04,NA,49100,60675,09840,2,1
20173000100,9485,188,8795,188,202,68,230,6564,111,6040,111,129,37,136,694.27,660.59,NA,17800,47125,05460,2,1
20173000102,6206,109,6000,109,40,40,17,4357,52,4184,52,32,26,11,813,1239,NA,73250,28125,12510,2,1
20173000103,4158,69,3979,69,46,54,8,2936,31,2801,31,34,33,6,470,641,NA,44200,54425,09140,2,1
20173000104,1955,23,1910,23,8,14,0,1389,11,1357,11,2,8,0,120,135,NA,48900,28400,06960,2,1
20173000105,3196,44,3119,44,1,15,17,2103,22,2042,22,1,8,8,230,170,NA,15100,65100,11080,2,1
20173000106,2802,27,2746,27,8,17,4,1887,11,1853,11,0,9,3,226,275,NA,25375,25400,11080,2,1
20173000107,2431,44,2371,44,3,10,3,1719,21,1665,21,3,7,2,15,27,NA,12775,48550,04670,2,1
20173005501,4588,92,4363,92,23,68,42,3145,54,2958,54,11,42,26,332.64,316.51,NA,31125,60125,07050,2,1
20173005502,3997,97,3817,97,3,59,19,2802,52,2646,52,3,35,14,550.21,551.58,NA,31125,62675,07050,2,1
20173007201,2320,120,2078,120,45,44,31,1674,72,1456,72,28,26,20,362.78,401.11,NA,79000,47125,12990,2,1
20173007202,7930,224,6953,224,431,61,257,6198,151,5371,151,307,46,172,1343.2,1485.12,NA,79000,79000,12990,2,1
20173007301,3210,41,3062,41,29,6,71,2385,31,2242,31,21,6,54,516.86,571.48,NA,79000,79000,12990,2,1
20173007302,3961,88,3653,88,81,13,126,3182,57,2915,57,61,10,82,689.58,762.45,NA,79000,79000,12990,2,1
20173009301,5074,126,4705,126,112,33,97,3880,97,3537,97,83,21,45,840.85,929.7,NA,79000,79000,12990,2,1
20173009302,5470,195,4754,195,343,56,122,4124,121,3564,121,216,30,72,893.73,988.16,NA,79000,79000,12990,2,1
20173009401,4338,90,4173,90,21,18,35,3257,57,3096,57,18,10,19,705.84,780.42,NA,79000,79000,12990,2,1
20173009402,2526,48,2403,48,46,15,14,2071,28,1961,28,31,13,10,448.82,496.24,NA,79000,79000,12990,2,1
20173009501,12130,247,11557,247,121,77,123,7963,126,7512,126,84,51,64,287.1,532.88,NA,79000,79000,09140,2,1
20173009502,10362,233,9912,233,86,63,66,7070,116,6710,116,53,35,40,254.9,473.12,NA,79000,3125,06540,2,1
20173009801,5250,145,4997,145,32,34,38,3801,82,3578,82,17,17,25,553.05,770.75,NA,17800,60675,05460,2,1
20173009802,6744,116,6475,116,75,32,46,4543,69,4303,69,45,25,32,661.01,921.21,NA,17800,60675,05460,2,1
20173010101,11884,264,10712,264,539,29,330,9112,179,8117,179,384,24,229,1974.7,2183.35,NA,79000,79000,12990,2,1
20173010102,6351,125,5776,125,333,50,63,4482,80,4012,80,233,36,41,971.31,1073.94,NA,5337,55075,12990,2,1
20175009656,2089,263,1801,263,9,9,7,1550,143,1247,143,7,7,3,81,234,NA,37325,64075,08190,3,4
20175009657,3524,174,3179,174,116,15,38,2683,97,2387,97,66,10,26,318.89,775.53,NA,39825,39825,08730,3,4
20175009658,3867,469,3194,469,126,23,47,3056,296,2348,296,68,15,33,363.22,883.35,NA,39825,39825,08730,3,4
20175009659,5443,1193,3884,1193,243,42,72,4255,648,2759,648,131,34,35,53,146,NA,39825,39825,08730,3,4
20175009660,3820,1561,1357,1561,590,30,277,3415,924,1044,924,349,24,150,405.89,987.12,NA,39825,39825,08730,3,4
20177000001,976,70,768,70,104,22,4,894,50,688,50,85,17,4,226.2,228.1,NA,71000,71000,12260,5,2
20177000002,572,215,199,215,133,23,1,621,156,173,156,118,17,1,157.13,158.45,NA,71000,71000,12260,5,2
20177000003,1485,120,775,120,547,35,7,1242,73,663,73,404,22,7,314.26,316.9,NA,71000,71000,12260,5,2
20177000004,4434,260,2974,260,1077,66,51,3486,152,2392,152,696,50,44,882.04,889.45,NA,71000,71000,12260,5,2
20177000005,2688,122,1745,122,698,91,23,2213,90,1431,90,518,64,20,559.94,564.65,NA,71000,71000,12260,5,2
20177000006,2613,138,2076,138,299,71,23,2008,86,1589,86,179,46,22,508.07,512.34,NA,71000,71000,12260,5,2
20177000007,3444,173,2851,173,328,80,9,2331,61,2001,61,154,48,6,589.8,594.76,NA,71000,71000,11490,5,2
20177000008,3901,166,3490,166,126,104,13,3089,118,2663,118,98,80,12,781.59,788.16,NA,71000,71000,12260,5,2
20177000009,2528,201,2277,201,8,31,11,1956,105,1712,105,5,20,9,494.92,499.07,NA,71000,71000,12260,5,2
20177000010,3713,1077,2544,1077,44,39,7,3639,810,1956,810,31,26,6,920.76,928.49,NA,71000,71000,12260,5,2
20177000011,3117,631,1566,631,834,75,6,2599,417,1187,417,519,55,4,657.61,663.14,NA,71000,71000,12260,5,2
20177000012,2045,206,834,206,953,45,6,1552,114,642,114,649,28,5,392.69,395.99,NA,71000,71000,12260,5,2
20177000013,4158,297,3301,297,491,51,10,3288,183,2535,183,339,40,8,831.94,838.93,NA,71000,71000,12260,5,2
20177000014,931,36,365,36,513,12,5,673,24,270,24,342,8,5,170.29,171.72,NA,71000,71000,12260,5,2
20177000015,1436,77,1186,77,155,17,0,1186,48,960,48,118,12,0,300.09,302.61,NA,71000,71000,12260,5,2
20177000017,667,25,563,25,73,4,2,616,21,504,21,65,3,2,155.86,157.17,NA,71000,71000,12260,5,2
20177000018,4219,181,3741,181,231,33,30,3309,120,2871,120,151,22,25,837.26,844.29,NA,71000,71000,12260,5,2
20177000019,3313,51,3201,51,48,6,6,2593,43,2469,43,27,6,5,656.09,661.61,NA,71000,71000,12260,5,2
20177000020,3624,96,3413,96,70,31,12,2845,54,2656,54,54,22,5,719.85,725.9,NA,71000,71000,12260,5,2
20177000021,3834,243,3039,243,496,38,13,3082,154,2379,154,355,29,11,779.82,786.37,NA,71000,71000,12260,5,2
20177000022,2890,91,2720,91,36,34,9,2299,58,2129,58,23,23,8,581.7,586.59,NA,71000,71000,12260,5,2
20177000023,978,34,819,34,97,16,10,889,30,722,30,88,10,9,224.94,226.83,NA,71000,71000,12260,5,2
20177000024,5322,129,4895,129,207,25,64,4407,85,4024,85,151,17,45,1115.08,1124.45,NA,71000,71000,12260,5,2
20177000025,2938,45,2820,45,33,20,19,2385,29,2270,29,30,15,12,603.46,608.53,NA,71000,71000,12260,5,2
20177000028,4504,179,3965,179,294,34,32,3655,107,3195,107,196,28,22,924.8,932.58,NA,71000,71000,12260,5,2
20177000029,3803,224,2557,224,936,54,23,2646,117,1829,117,536,31,16,669.5,675.13,NA,71000,71000,12260,5,2
20177000030,8269,633,6639,633,902,54,33,6196,371,4784,371,608,40,22,1567.74,1580.91,NA,71000,71000,12180,5,2
20177000031,5126,378,2956,378,1658,68,62,3563,223,2123,223,912,41,41,901.53,909.1,NA,71000,71000,12260,5,2
20177000032,1170,74,1021,74,62,9,4,950,46,802,46,48,6,2,240.37,242.39,NA,71000,71000,12180,5,2
20177000033,4905,94,4727,94,46,32,6,3610,54,3444,54,34,23,1,913.42,921.09,NA,71000,66225,11490,5,2
20177000034,6898,123,6640,123,66,43,26,4931,79,4679,79,45,33,16,1247.66,1258.15,NA,71000,66225,11490,5,2
20177000035,4950,62,4815,62,6,56,11,3517,35,3392,35,4,42,9,889.89,897.36,NA,61400,61425,11700,5,2
20177000037,5618,179,5126,179,206,54,44,3814,89,3451,89,127,27,31,965.03,973.14,NA,71000,79350,03200,5,2
20177000038,78,3,55,3,20,0,0,81,3,55,3,20,0,0,20.49,20.67,NA,71000,79350,12180,5,2
20177001601,3169,57,2912,57,138,16,46,2708,42,2478,42,103,10,33,685.19,690.95,NA,71000,71000,12260,5,2
20177001602,7470,210,6805,210,325,26,98,5926,140,5335,140,231,22,58,1499.42,1512.02,NA,71000,71000,12260,5,2
20177002601,4267,119,3983,119,104,31,30,3388,73,3132,73,67,22,21,857.25,864.45,NA,71000,71000,12260,5,2
20177002602,4930,113,4583,113,132,22,79,3950,78,3625,78,101,16,52,999.45,1007.84,NA,71000,71000,12260,5,2
20177002701,3509,67,3316,67,74,27,18,2715,44,2554,44,43,17,13,686.96,692.73,NA,71000,71000,12260,5,2
20177002702,3383,144,3052,144,127,21,37,2678,91,2368,91,88,15,25,677.6,683.29,NA,71000,71000,12260,5,2
20177003601,3377,32,3298,32,14,22,11,2396,21,2320,21,11,16,7,606.25,611.34,NA,3250,3275,03200,5,2
20177003602,10486,199,9855,199,212,48,169,7512,116,6997,116,141,32,110,1900.72,1916.69,NA,71000,47275,03200,5,2
20177003901,6206,177,5831,177,111,58,27,4541,106,4199,106,76,35,19,1148.98,1158.64,NA,71000,70100,12180,5,2
20177003902,3032,34,2952,34,24,16,6,2183,22,2113,22,13,8,5,552.35,556.99,NA,71000,79350,12180,5,2
20179009526,1532,17,1515,17,0,0,0,1053,5,1043,5,0,0,0,11,38,NA,63875,66400,07530,3,4
20179009527,1511,9,1495,9,0,1,6,1126,4,1113,4,0,1,4,239,469,NA,33350,36525,07530,3,4
20181009536,1501,103,1396,103,0,1,1,1103,47,1007,47,0,1,1,17,44,NA,35975,74175,06580,3,4
20181009537,5425,371,5019,371,17,3,15,4234,203,3802,203,12,3,11,558,1215,NA,26875,26875,06580,3,4
20183009756,1144,0,1144,0,0,0,0,859,0,859,0,0,0,0,11,25,NA,39100,51650,00007,3,4
20183009757,1733,3,1728,3,0,1,0,1344,1,1341,1,0,1,0,7,16,NA,26000,33225,00007,3,4
20183009758,2201,4,2185,4,4,5,3,1739,1,1732,1,1,4,0,319,707,NA,65925,12175,00007,3,4
20185009706,2612,42,2555,42,0,7,8,1996,21,1943,21,0,5,6,18,55,NA,67775,67800,11970,3,4
20185009707,2753,70,2655,70,10,17,1,2046,33,1963,33,8,9,0,18,24,NA,62275,62300,11910,3,4
20187009641,2333,392,1915,392,2,17,5,1807,227,1333,227,1,14,5,166,347,NA,35600,67975,07860,3,4
20189009651,1489,117,1347,117,9,15,1,1056,60,918,60,6,11,1,111.26,267.97,NA,48600,48625,07560,3,4
20189009652,3559,435,3076,435,17,23,8,2731,224,2245,224,14,18,6,287.74,693.03,NA,33425,12200,07560,3,4
20191009921,5731,97,5533,97,2,64,32,4098,70,3895,70,1,45,17,44,48,NA,5500,5525,03900,2,1
20191009922,5254,57,5146,57,1,38,5,3633,29,3547,29,1,25,2,107,78,NA,15325,15300,05130,2,1
20191009923,3278,37,3190,37,3,46,2,2424,22,2352,22,0,26,2,31,65,NA,9900,66675,04380,2,1
20191009924,4343,193,4099,193,14,27,10,3319,89,3099,89,12,20,10,30.4,29.43,NA,76475,76475,12840,2,1
20191009925,4667,475,4004,475,114,59,14,3560,286,2868,286,73,40,7,32.6,31.57,NA,76475,76475,12840,2,1
20191009926,2568,29,2483,29,4,46,6,1817,14,1758,14,3,24,4,20,34,NA,53850,53875,10440,2,1
20193009531,6036,67,5892,67,28,16,30,4424,40,4288,40,21,12,23,700,1344,NA,14650,14650,05010,3,4
20193009532,1208,12,1191,12,1,0,4,845,6,830,6,1,0,2,14,31,NA,59125,45775,05010,3,4
20193009533,1014,22,990,22,0,1,1,705,8,687,8,0,1,1,15,45,NA,8425,36925,04080,3,4
20195009556,1356,4,1346,4,1,4,1,950,4,939,4,0,2,1,141.02,247.31,NA,14900,14925,12630,3,4
20195009557,2338,5,2314,5,1,2,16,1785,3,1769,3,1,1,8,264.98,464.69,NA,74450,74475,12630,3,4
20197009831,4047,97,3902,97,34,14,0,2957,49,2831,49,21,7,0,187,328,NA,1350,50275,03240,1,4
20197009832,2556,19,2513,19,7,10,7,1922,13,1877,13,7,7,5,128,183,NA,21650,79525,06060,1,4
20199009541,1821,79,1729,79,6,3,4,1332,40,1241,40,6,3,2,142,384,NA,64375,64400,11610,3,4
20201009786,3919,20,3894,20,2,3,0,2951,10,2928,10,0,3,0,27,67,NA,75825,29900,09120,3,4
20201009787,3154,2,3146,2,2,4,0,2397,2,2387,2,2,4,0,69,189,NA,28625,28650,00012,3,4
20203009576,2758,326,2414,326,1,8,8,2058,175,1696,175,1,7,4,321,644,NA,39550,39575,08610,3,4
20205009971,2283,7,2262,7,0,13,1,1661,5,1642,5,0,8,1,40,56,NA,1625,11375,04170,1,2
20205009972,1684,18,1652,18,1,11,2,1266,8,1242,8,0,6,2,79,174,NA,16150,22825,06270,1,2
20205009973,2926,29,2863,29,16,17,1,2259,20,2195,20,14,9,1,392,688,NA,24575,24575,06270,1,2
20205009974,3396,22,3342,22,3,23,5,2509,13,2461,13,2,16,4,65,131,NA,49650,49650,09900,1,2
20207009966,2093,19,2042,19,11,19,2,1598,11,1550,11,11,13,2,79,175,NA,49825,49850,13110,1,2
20207009967,2023,6,1999,6,4,11,3,1546,5,1522,5,2,10,2,265,439,NA,80700,80700,13110,1,2
20209000402,2239,26,77,26,2130,5,1,1415,16,62,16,1319,2,0,375.79,164.04,NA,36000,36000,07950,4,3
20209000403,1245,6,32,6,1205,0,1,816,3,26,3,783,0,1,216.71,94.6,NA,36000,36000,07950,4,3
20209000404,2888,22,270,22,2589,3,0,1934,13,226,13,1681,1,0,513.63,224.2,NA,36000,36000,07950,4,3
20209000405,1916,78,1445,78,375,10,3,1482,51,1134,51,236,8,2,393.58,171.8,NA,36000,36000,07950,4,3
20209000406,3453,69,532,69,2840,8,4,2272,54,433,54,1721,7,3,603.39,263.39,NA,36000,36000,07950,4,3
20209000407,2881,21,71,21,2783,2,1,2105,19,66,19,1998,2,1,559.04,244.03,NA,36000,36000,07950,4,3
20209000408,1158,16,15,16,1117,3,7,817,11,10,11,778,3,4,216.98,94.71,NA,36000,36000,07950,4,3
20209000410,2210,28,21,28,2149,9,3,1402,11,13,11,1356,9,2,372.34,162.53,NA,36000,36000,07950,4,3
20209000413,4989,133,2205,133,2592,11,42,3499,81,1759,81,1554,8,16,929.25,405.63,NA,36000,36000,07950,4,3
20209000415,2130,124,1640,124,329,30,7,1674,67,1301,67,211,22,6,444.58,194.06,NA,36000,36000,07950,4,3
20209000416,3623,210,2613,210,741,23,32,2852,141,2082,141,446,17,25,757.43,330.63,NA,36000,36000,07950,4,3
20209000417,2752,238,1328,238,1102,21,59,2017,146,950,146,731,15,29,535.67,233.83,NA,36000,36000,07950,4,3
20209000418,949,25,355,25,543,7,19,860,17,311,17,500,7,8,228.4,99.7,NA,36000,36000,07950,4,3
20209000419,1845,244,1476,244,98,2,25,1581,151,1200,151,65,2,12,419.88,183.28,NA,36000,36000,07950,4,3
20209000421,2526,293,1798,293,274,37,121,1915,174,1334,174,157,22,54,508.58,222,NA,36000,36000,07950,4,3
20209000422,1547,119,1346,119,35,13,32,1236,79,1029,79,21,9,19,328.25,143.29,NA,36000,36000,07950,4,3
20209000423,3172,445,2290,445,292,32,110,2519,263,1740,263,179,22,52,668.99,292.02,NA,36000,36000,07950,4,3
20209000424,2571,555,1431,555,467,29,86,2067,335,1114,335,229,18,36,548.95,239.62,NA,36000,36000,07950,4,3
20209000426,3252,871,2300,871,22,30,23,2670,524,1573,524,11,24,14,709.09,309.53,NA,36000,36000,07950,4,3
20209000427,3425,815,1921,815,540,31,110,2718,474,1431,474,261,25,53,721.84,315.09,NA,36000,36000,07950,4,3
20209000428,3547,954,1926,954,595,17,47,2967,624,1428,624,248,12,31,787.97,343.96,NA,36000,36000,07950,4,3
20209000430,141,15,107,15,14,0,5,116,11,81,11,8,0,5,30.81,13.45,NA,36000,36000,07950,4,3
20209000434,2476,236,2122,236,72,17,26,1973,154,1578,154,53,14,20,523.98,228.73,NA,36000,36000,07950,4,3
20209000435,1692,100,1557,100,7,15,13,1322,66,1167,66,5,11,7,351.09,153.26,NA,36000,36000,12360,4,3
20209000436,6781,346,6170,346,87,55,123,4888,207,4324,207,55,31,64,1298.14,566.65,NA,36000,36000,12360,4,3
20209000437,2128,117,1980,117,20,8,3,1597,63,1449,63,12,7,3,424.13,185.14,NA,36000,36000,12360,4,3
20209000444,2913,106,2034,106,754,14,2,2223,57,1604,57,492,12,1,590.38,257.71,NA,36000,36000,07950,4,3
20209000445,2640,58,1277,58,1269,17,19,1995,35,967,35,936,11,11,529.83,231.28,NA,36000,36000,07950,4,3
20209000449,4085,113,3562,113,377,26,7,3048,63,2639,63,260,18,5,644.04,590.27,NA,7975,7975,04050,4,3
20209000450,4374,921,3082,921,143,48,169,3560,534,2291,534,68,38,95,945.45,412.7,NA,36000,36000,07950,4,3
20209000451,2147,223,1040,223,784,10,86,1854,163,907,163,541,6,74,492.38,214.93,NA,36000,36000,07950,4,3
20209000452,4378,479,3275,479,437,26,150,3862,330,2739,330,315,23,125,1025.66,447.71,NA,36000,36000,07950,4,3
20209040001,1,0,1,0,0,0,0,1,0,1,0,0,0,0,0.27,0.12,NA,36000,36000,07950,4,3
20209040002,0,0,0,0,0,0,0,0,0,0,0,0,0,0,0,0,NA,36000,36000,07950,4,3
20209040901,1331,15,561,15,749,4,2,1036,12,467,12,539,4,2,275.14,120.1,NA,36000,36000,07950,4,3
20209040902,641,4,7,4,630,0,0,422,0,4,0,418,0,0,112.07,48.92,NA,36000,36000,07950,4,3
20209041101,1188,5,19,5,1113,1,50,735,2,12,2,700,1,18,195.2,85.21,NA,36000,36000,07950,4,3
20209041102,536,12,5,12,509,1,9,379,7,4,7,357,1,3,100.65,43.94,NA,36000,36000,07950,4,3
20209041201,1086,8,32,8,1033,5,8,781,4,26,4,739,5,3,207.42,90.54,NA,36000,36000,07950,4,3
20209041202,1043,23,84,23,936,0,0,681,12,75,12,582,0,0,180.86,78.95,NA,36000,36000,07950,4,3
20209042001,1704,236,891,236,482,18,68,1317,146,656,146,327,14,28,349.76,152.68,NA,36000,36000,07950,4,3
20209042002,2042,573,1084,573,287,20,70,1726,329,838,329,179,12,39,458.39,200.09,NA,36000,36000,07950,4,3
20209042501,207,1,204,1,1,1,0,185,1,181,1,1,1,0,49.13,21.45,NA,36000,36000,07950,4,3
20209042502,19,7,12,7,0,0,0,20,4,12,4,0,0,0,5.31,2.32,NA,36000,36000,07950,4,3
20209043301,3467,297,2740,297,356,21,51,2984,191,2284,191,257,16,45,792.48,345.93,NA,36000,36000,07950,4,3
20209043802,1544,32,1489,32,6,12,5,1138,15,1095,15,3,6,4,302.23,131.93,NA,36000,36000,12360,4,3
20209043803,2637,117,2488,117,16,11,5,2027,71,1868,71,8,7,2,538.32,234.99,NA,36000,36000,12360,4,3
20209043804,23,15,8,15,0,0,0,29,12,5,12,0,0,0,7.7,3.36,NA,36000,36000,07950,4,3
20209043901,288,7,166,7,115,0,0,205,5,121,5,74,0,0,54.44,23.77,NA,36000,36000,07950,4,3
20209043902,2283,86,1676,86,478,28,11,1677,58,1228,58,305,19,9,445.37,194.41,NA,36000,36000,07950,4,3
20209043903,3026,133,2212,133,649,18,14,2220,79,1646,79,396,12,8,589.58,257.36,NA,36000,36000,07950,4,3
20209043904,3021,59,1311,59,1616,17,9,2053,32,1026,32,948,9,6,545.23,238,NA,36000,36000,07950,4,3
20209044001,3810,153,2785,153,824,29,18,2773,98,2039,98,508,18,12,736.44,321.47,NA,36000,36000,07950,4,3
20209044003,2891,103,2341,103,421,20,3,2125,63,1756,63,226,14,3,564.35,246.35,NA,36000,36000,07950,4,3
20209044004,873,25,839,25,5,2,2,658,17,617,17,3,2,2,174.75,76.28,NA,36000,36000,12360,4,3
20209044101,937,37,576,37,309,12,2,684,24,435,24,189,10,2,181.65,79.29,NA,36000,36000,07950,4,3
20209044102,3457,176,2411,176,821,27,16,2452,102,1693,102,532,12,11,651.19,284.25,NA,36000,36000,07950,4,3
20209044103,2874,54,2201,54,595,7,15,2351,40,1825,40,430,5,11,624.37,272.55,NA,36000,36000,07950,4,3
20209044104,2678,95,1431,95,1134,4,13,2149,64,1254,64,753,3,11,570.72,249.13,NA,36000,36000,07950,4,3
20209044201,3916,84,3211,84,579,24,13,3001,55,2471,55,403,13,4,797,347.9,NA,36000,36000,07950,4,3
20209044202,3782,107,2879,107,763,15,17,2893,55,2277,55,484,12,10,768.31,335.38,NA,36000,36000,07950,4,3
20209044301,2537,59,2160,59,308,9,1,1946,41,1642,41,215,6,1,516.81,225.6,NA,36000,36000,07950,4,3
20209044302,2161,61,1585,61,493,9,11,1627,33,1217,33,329,8,7,432.09,188.61,NA,36000,36000,07950,4,3
20209044303,2458,30,1019,30,1386,6,14,1814,15,816,15,953,5,10,481.76,210.29,NA,36000,36000,07950,4,3
20209044601,3221,86,2936,86,186,8,5,2389,51,2162,51,112,8,5,634.46,276.95,NA,36000,36000,07950,4,3
20209044602,34,0,34,0,0,0,0,23,0,23,0,0,0,0,6.11,2.67,NA,36000,36000,07950,4,3
20209044603,0,0,0,0,0,0,0,0,0,0,0,0,0,0,0,0,NA,36000,36000,07950,4,3
20209044702,3981,88,3650,88,225,12,4,2977,56,2696,56,156,10,3,597,467,NA,20000,20000,04050,4,3
20209044703,1562,43,1449,43,66,4,0,1111,25,1014,25,43,4,0,295.06,128.8,NA,36000,36000,10680,4,3
20209044704,1150,16,903,16,220,3,4,849,10,680,10,144,2,3,225.47,98.42,NA,36000,36000,07950,4,3
20209044803,1623,32,1559,32,12,12,6,1134,17,1090,17,5,3,2,294.44,314.34,NA,NA,57450,10680,4,3
20209044804,1480,53,1394,53,15,16,2,1057,31,972,31,11,11,1,280.71,122.54,NA,36000,36000,10680,4,3
20209044805,1718,53,1624,53,11,30,0,1182,25,1103,25,9,20,0,249.76,228.9,NA,7975,7975,04050,4,3
20209044806,683,6,673,6,0,1,3,531,6,517,6,0,1,1,112.2,102.83,NA,7975,7975,04050,4,3
20209045398,7,0,7,0,0,0,0,6,0,6,0,0,0,0,1.56,1.66,NA,36000,36000,08340,5,3
