GEOID,state,county,tract,pop,pop_white,pop_black,pop_hisp,pop_aian,pop_asian,pop_other,vap,vap_white,vap_black,vap_hisp,vap_aian,vap_asian,vap_other,ndv,nrv,ai_an_nh,place,mcd,school_elm,DISTRICT,school,cd_1980,cd_1990
23001000101,23,001,000101,1980,34,1917,34,17,2,7,1592,26,1522,26,12,2,4,374.28,434.51,NA,2060,2060,NA,NA,02610,2,2
23001000102,23,001,000102,4723,18,4591,18,28,14,68,3602,13,3510,13,13,8,45,846.83,983.1,NA,2060,2060,NA,NA,02610,2,2
23001000103,23,001,000103,2942,13,2880,13,23,4,18,2120,9,2068,9,15,4,15,498.41,578.62,NA,2060,2060,NA,NA,02610,2,2
23001000104,23,001,000104,2193,15,2161,15,4,3,9,1728,6,1703,6,3,3,7,406.25,471.63,NA,2060,2060,NA,NA,02610,2,2
23001000105,23,001,000105,2333,13,2292,13,15,11,1,1705,7,1673,7,7,10,1,400.85,465.35,NA,2060,2060,NA,NA,02610,2,2
23001000106,23,001,000106,2978,4,2961,4,4,3,6,2194,2,2185,2,1,3,1,515.81,598.81,NA,2060,2060,NA,NA,02610,2,2
23001000107,23,001,000107,2882,22,2823,22,11,6,20,2173,16,2117,16,5,5,14,510.87,593.08,NA,2060,2060,NA,NA,02610,2,2
23001000108,23,001,000108,4278,13,4214,13,10,7,34,3125,9,3077,9,2,7,21,734.69,852.91,NA,2060,2060,NA,NA,02610,2,2
23001000201,23,001,000201,1648,18,1594,18,25,5,4,1246,11,1207,11,10,3,4,344.42,238,NA,38740,38740,NA,NA,07320,2,2
23001000202,23,001,000202,1537,23,1487,23,9,1,15,1211,19,1157,19,6,0,10,334.74,231.32,NA,38740,38740,NA,NA,07320,2,2
23001000203,23,001,000203,7435,55,7218,55,64,23,71,6270,43,6052,43,48,20,64,1733.14,1197.65,NA,38740,38740,NA,NA,07320,2,2
23001000204,23,001,000204,4365,52,4160,52,78,30,29,2989,23,2867,23,34,23,19,826.21,570.94,NA,38740,38740,NA,NA,07320,2,2
23001000205,23,001,000205,4116,21,4072,21,4,4,15,3260,11,3222,11,2,4,10,901.12,622.7,NA,38740,38740,NA,NA,07320,2,2
23001000206,23,001,000206,2906,10,2883,10,4,1,8,2282,9,2256,9,1,1,6,630.79,435.89,NA,38740,38740,NA,NA,07320,2,2
23001000207,23,001,000207,5146,26,5069,26,17,6,26,4113,21,4036,21,13,6,16,1136.91,785.64,NA,38740,38740,NA,NA,07320,2,2
23001000208,23,001,000208,7704,50,7583,50,32,7,32,5673,27,5573,27,17,4,25,1568.12,1083.61,NA,38740,38740,NA,NA,07320,2,2
23001000209,23,001,000209,4900,29,4765,29,25,14,61,3844,22,3724,22,22,8,46,1062.55,734.25,NA,38740,38740,NA,NA,07320,2,2
23001000301,23,001,000301,4508,37,4427,37,15,12,13,3299,20,3224,20,12,10,13,700.62,759.01,NA,NA,40035,NA,NA,07530,2,2
23001000302,23,001,000302,4949,54,4818,54,16,21,35,3538,34,3427,34,11,15,17,751.38,813.99,NA,40105,40035,NA,NA,07530,2,2
23001000400,23,001,000400,2842,9,2817,9,9,3,4,2023,6,2000,6,6,2,3,470,539,NA,NA,19105,NA,NA,05190,2,2
23001000410,23,001,000410,4342,10,4297,10,13,8,13,3070,8,3040,8,3,5,6,580,861,NA,NA,60020,NA,NA,09870,2,2
23001000415,23,001,000415,4583,12,4564,12,1,4,2,3254,8,3233,8,0,3,2,182,394,NA,44620,44585,NA,NA,08100,2,2
23001000420,23,001,000420,4315,137,4145,137,14,8,11,3090,90,2892,90,8,3,7,514,849,NA,NA,77800,NA,NA,14160,2,2
23001000430,23,001,000430,1950,13,1925,13,5,3,4,1446,8,1423,8,3,2,2,444,410,NA,NA,40665,NA,NA,11400,2,2
23001000440,23,001,000440,3455,37,3395,37,3,14,6,2523,19,2470,19,1,9,5,755,455,NA,40805,40770,NA,NA,11400,2,2
23001000450,23,001,000450,1669,20,1630,20,6,5,8,1149,9,1122,9,2,3,4,257,310,NA,NA,38565,NA,NA,14160,2,2
23001000460,23,001,000460,3661,22,3622,22,8,2,7,2614,14,2580,14,2,1,3,536,731,NA,NA,29255,NA,NA,14160,2,2
23001000465,23,001,000465,4919,13,4882,13,3,8,12,3460,7,3432,7,1,5,8,583,602,NA,NA,64570,13410,07570,NA,2,2
23003009501,23,003,009501,2280,7,2248,7,12,10,3,1718,3,1700,3,6,5,1,70,63,NA,NA,11335,NA,NA,11010,2,2
23003009502,23,003,009502,3603,4,3575,4,3,11,7,2744,1,2729,1,2,6,5,191,38,NA,78535,78570,NA,NA,11010,2,2
23003009503,23,003,009503,4803,4,4777,4,3,8,11,3659,3,3638,3,1,5,9,1209,506,NA,42485,42520,NA,NA,07800,2,2
23003009504,23,003,009504,2257,2,2252,2,2,1,0,1620,1,1617,1,0,1,0,255,97,NA,NA,26735,NA,NA,11310,2,2
23003009505,23,003,009505,564,0,559,0,1,4,0,441,0,439,0,1,1,0,55,86,NA,NA,73472,NA,NA,82001,2,2
23003009506,23,003,009506,4268,10,4228,10,8,12,10,3121,5,3089,5,7,7,8,1050,601,NA,25720,25755,NA,NA,11100,2,2
23003009507,23,003,009507,2951,3,2931,3,1,11,5,2163,2,2144,2,0,10,5,137,63,NA,NA,79865,NA,NA,11100,2,2
23003009508,23,003,009508,404,0,403,0,0,1,0,312,0,311,0,0,1,0,71,158,NA,NA,53602,NA,NA,82001,2,2
23003009509,23,003,009509,2437,2,2414,2,3,14,4,1813,2,1797,2,2,8,2,255,296,NA,NA,1710,NA,NA,11280,2,2
23003009510,23,003,009510,3920,17,3886,17,5,11,1,2835,5,2815,5,2,7,1,33,104,NA,NA,80285,NA,NA,11700,2,2
23003009511,23,003,009511,2724,10,2691,10,0,22,1,2004,8,1974,8,0,13,1,164,483,NA,NA,43255,NA,NA,10860,2,2
23003009512,23,003,009512,2999,8,2903,8,15,44,29,2282,4,2207,4,15,33,19,317.58,559.52,NA,10565,10565,NA,NA,03960,2,2
23003009513,23,003,009513,3988,7,3876,7,21,53,31,2974,4,2899,4,15,31,21,413.88,729.2,NA,10565,10565,NA,NA,03960,2,2
23003009514,23,003,009514,2428,27,2357,27,14,22,8,1865,18,1800,18,8,14,7,259.54,457.28,NA,10565,10565,NA,NA,03960,2,2
23003009515,23,003,009515,7844,299,6662,299,668,49,159,6125,218,5038,218,493,39,119,208.85,376.41,NA,41260,39300,NA,NA,07380,2,2
23003009516,23,003,009516,2093,21,1978,21,50,18,23,1588,13,1496,13,41,11,14,54.15,97.59,NA,39265,39300,NA,NA,07380,2,2
23003009517,23,003,009517,5289,16,5219,16,4,47,3,3861,10,3818,10,1,21,1,686,971,NA,25650,25615,NA,NA,10890,2,2
23003009518,23,003,009518,4283,8,4214,8,5,31,22,3097,4,3053,4,4,18,14,440.66,863.5,NA,60825,60825,NA,NA,10860,2,2
23003009519,23,003,009519,2800,14,2757,14,13,10,3,2167,9,2134,9,6,7,2,308.33,604.2,NA,60825,60825,NA,NA,10860,2,2
23003009520,23,003,009520,3467,44,3312,44,39,39,33,2734,20,2620,20,26,26,22,389.01,762.29,NA,60825,60825,NA,NA,10860,2,2
23003009521,23,003,009521,3197,1,3160,1,6,27,3,2367,1,2340,1,2,20,3,59,125,NA,43745,43710,NA,NA,11610,2,2
23003009522,23,003,009522,122,0,119,0,0,3,0,95,0,93,0,0,2,0,638,1029,NA,NA,11785,NA,NA,82001,2,2
23003009523,23,003,009523,2475,13,2413,13,0,48,1,1820,4,1786,4,0,26,0,75,235,NA,NA,40595,NA,NA,11160,2,2
23003009524,23,003,009524,3995,4,3859,4,6,118,8,2995,1,2926,1,2,61,4,415.27,965.14,NA,33945,33980,NA,NA,11160,2,2
23003009525,23,003,009525,2618,4,2492,4,13,91,18,1967,1,1902,1,4,46,13,272.73,633.86,NA,33945,33980,NA,NA,11160,2,2
23003009526,23,003,009526,3081,16,3015,16,10,37,3,2222,5,2183,5,7,21,1,51,144,NA,NA,48960,NA,NA,14762,2,2
23003009527,23,003,009527,2873,6,2840,6,2,21,4,2062,3,2043,3,1,10,2,6,18,NA,NA,67790,NA,NA,12410,2,2
23003009528,23,003,009528,1131,3,1116,3,0,12,0,826,3,814,3,0,6,0,3,2,NA,NA,69930,NA,NA,82001,2,2
23003009529,23,003,009529,2042,4,2013,4,5,15,5,1452,3,1434,3,0,9,3,43,67,NA,NA,33385,NA,NA,14762,2,2
23005000000,23,005,000000,0,0,0,0,0,0,0,0,0,0,0,0,0,0,0,0,NA,60545,60545,NA,NA,03930,1,1
23005000001,23,005,000001,2561,25,2422,25,74,8,28,2040,13,1943,13,48,7,16,542.43,355.91,NA,60545,60545,NA,NA,09930,1,1
23005000002,23,005,000002,2762,39,2639,39,49,11,14,2225,27,2118,27,35,7,11,591.63,388.19,NA,60545,60545,NA,NA,09930,1,1
23005000003,23,005,000003,331,5,312,5,12,1,1,272,4,253,4,9,1,1,72.32,47.45,NA,60545,60545,NA,NA,09930,1,1
23005000004,23,005,000004,2918,35,2776,35,35,21,49,2798,32,2644,32,29,19,42,743.99,488.16,NA,60545,60545,NA,NA,09930,1,1
23005000005,23,005,000005,2289,34,2161,34,44,19,30,1543,17,1448,17,32,14,15,410.28,269.2,NA,60545,60545,NA,NA,09930,1,1
23005000006,23,005,000006,799,14,736,14,7,6,36,672,11,613,11,7,5,25,178.68,117.24,NA,60545,60545,NA,NA,09930,1,1
23005000009,23,005,000009,1645,14,1522,14,35,10,60,1416,13,1321,13,22,7,40,376.51,247.04,NA,60545,60545,NA,NA,09930,1,1
23005000010,23,005,000010,2644,38,2397,38,69,26,112,2308,31,2099,31,55,20,72,613.69,402.67,NA,60545,60545,NA,NA,09930,1,1
23005000011,23,005,000011,2441,30,2317,30,26,13,55,2200,25,2084,25,17,10,39,584.98,383.83,NA,60545,60545,NA,NA,09930,1,1
23005000012,23,005,000012,1656,11,1579,11,17,11,35,1275,6,1216,6,14,11,22,339.02,222.44,NA,60545,60545,NA,NA,09930,1,1
23005000013,23,005,000013,2053,16,1997,16,21,8,11,1796,16,1733,16,16,7,8,477.55,313.34,NA,60545,60545,NA,NA,09930,1,1
23005000014,23,005,000014,1304,18,1189,18,50,18,29,1098,12,995,12,44,15,20,291.96,191.56,NA,60545,60545,NA,NA,09930,1,1
23005000015,23,005,000015,3315,20,3186,20,18,8,74,2846,17,2730,17,18,6,58,756.75,496.53,NA,60545,60545,NA,NA,09930,1,1
23005000016,23,005,000016,1758,9,1690,9,24,9,26,1358,6,1304,6,15,8,19,361.09,236.93,NA,60545,60545,NA,NA,09930,1,1
23005000017,23,005,000017,4572,29,4417,29,17,10,94,3604,20,3483,20,14,7,60,958.3,628.78,NA,60545,60545,NA,NA,09930,1,1
23005000018,23,005,000018,3785,17,3718,17,19,6,25,3092,14,3034,14,10,4,16,822.16,539.45,NA,60545,60545,NA,NA,09930,1,1
23005000019,23,005,000019,4581,46,4448,46,21,21,44,3651,28,3528,28,17,17,33,970.8,636.98,NA,60545,60545,NA,NA,09930,1,1
23005000022,23,005,000022,4162,15,4078,15,23,4,37,3425,11,3357,11,13,4,29,910.7,597.55,NA,60545,60545,NA,NA,09930,1,1
23005000023,23,005,000023,3520,27,3343,27,38,18,94,2763,20,2634,20,26,11,52,734.68,482.05,NA,60545,60545,NA,NA,09930,1,1
23005000024,23,005,000024,1091,4,1078,4,3,2,3,846,2,839,2,2,0,1,224.95,147.6,NA,60545,60545,NA,NA,09930,1,1
23005000026,23,005,000026,3517,5,3464,5,28,10,10,2680,3,2646,3,13,7,8,694.37,691.3,NA,82105,82105,NA,NA,13560,1,1
23005000027,23,005,000027,3836,27,3763,27,23,10,13,2899,15,2843,15,13,3,10,751.11,747.79,NA,82105,82105,NA,NA,13560,1,1
23005000028,23,005,000028,2978,17,2897,17,16,3,45,2263,9,2205,9,8,2,30,586.33,583.74,NA,82105,82105,NA,NA,13560,1,1
23005000029,23,005,000029,5790,29,5684,29,30,17,22,4393,15,4315,15,17,14,17,1138.19,1133.17,NA,82105,82105,NA,NA,13560,1,1
23005000030,23,005,000030,6384,73,6173,73,31,26,81,4789,40,4615,40,24,13,57,1278.74,1245.69,NA,71990,71990,NA,NA,12330,1,1
23005000031,23,005,000031,3641,28,3536,28,12,14,48,2862,22,2770,22,7,11,30,764.2,744.45,NA,71990,71990,NA,NA,12330,1,1
23005000032,23,005,000032,3026,14,2980,14,6,2,24,2473,11,2428,11,4,2,17,660.33,643.26,NA,71990,71990,NA,NA,12330,1,1
23005000033,23,005,000033,2630,12,2557,12,7,8,44,2027,10,1969,10,4,6,28,541.24,527.25,NA,71990,71990,NA,NA,12330,1,1
23005000034,23,005,000034,3939,19,3888,19,1,6,24,3027,10,2993,10,1,4,9,808.26,787.37,NA,71990,71990,NA,NA,12330,1,1
23005000035,23,005,000035,2257,16,2197,16,7,6,26,1823,11,1774,11,7,6,14,486.77,474.19,NA,71990,71990,NA,NA,12330,1,1
23005000036,23,005,000036,1244,3,1233,3,1,0,7,942,1,936,1,1,0,3,251.53,245.03,NA,71990,71990,NA,NA,12330,1,1
23005000038,23,005,000038,5993,26,5898,26,11,4,52,4563,18,4487,18,6,3,31,923.19,1519.25,NA,NA,66145,NA,NA,10530,1,1
23005000039,23,005,000039,6525,15,6457,15,19,7,27,5006,12,4941,12,15,6,20,1012.81,1666.75,NA,66110,66145,NA,NA,10530,1,1
23005000041,23,005,000041,4295,14,4246,14,8,12,11,3066,8,3030,8,5,8,7,616.3,939.11,NA,40367,28240,NA,NA,06060,1,1
23005000042,23,005,000042,5867,28,5797,28,7,11,21,4285,18,4228,18,4,7,10,535.78,1215.07,NA,15500,15430,NA,NA,14240,1,1
23005000045,23,005,000045,6905,31,6821,31,19,21,13,5263,18,5199,18,10,10,8,1317,1611,NA,26490,26525,NA,NA,05820,1,1
23005000046,23,005,000046,2398,4,2379,4,3,4,8,1723,2,1711,2,2,3,3,399,605,NA,87810,53860,NA,NA,14240,1,1
23005000047,23,005,000047,5904,27,5828,27,15,8,26,4318,17,4255,17,10,5,14,818,1331,NA,NA,28870,NA,NA,10710,1,1
23005000100,23,005,000100,5012,41,4939,41,4,8,20,3995,31,3911,31,4,6,12,935,1338,NA,NA,31390,NA,NA,14768,1,1
23005000111,23,005,000111,5104,131,4683,131,197,27,60,3900,87,3510,87,157,19,40,881.63,808.66,NA,8395,8430,NA,NA,03780,1,1
23005000112,23,005,000112,166,0,162,0,3,1,0,125,0,122,0,2,1,0,28.26,25.92,NA,8395,8430,NA,NA,03780,1,1
23005000113,23,005,000113,1567,5,1554,5,4,0,4,1131,4,1118,4,2,0,3,255.67,234.51,NA,8395,8430,NA,NA,03780,1,1
23005000115,23,005,000115,5178,24,5120,24,14,9,10,3702,15,3650,15,5,7,10,480,765,NA,NA,48820,NA,NA,10710,1,1
23005000120,23,005,000120,3311,9,3282,9,4,5,10,2384,3,2366,3,3,4,5,502,777,NA,NA,61945,NA,NA,10080,1,1
23005000130,23,005,000130,3018,11,2988,11,3,8,8,2138,6,2116,6,2,6,2,440,567,NA,NA,11125,NA,NA,14210,1,1
23005000140,23,005,000140,2860,12,2836,12,4,5,2,2097,8,2075,8,1,3,2,383,571,NA,NA,48085,NA,NA,14210,1,1
23005000165,23,005,000165,2478,5,2451,5,4,14,3,1885,4,1864,4,2,8,3,203,328,NA,NA,2655,NA,NA,14190,1,1
23005000170,23,005,000170,7678,16,7615,16,23,6,17,5548,9,5504,9,12,4,10,992,1542,NA,NA,73670,NA,NA,11790,1,1
23005000399,23,005,000399,0,0,0,0,0,0,0,0,0,0,0,0,0,0,0,0,NA,60545,60545,NA,NA,09930,1,1
23005002001,23,005,002001,3734,14,3580,14,36,10,87,2832,11,2731,11,23,6,50,753.03,494.09,NA,60545,60545,NA,NA,09930,1,1
23005002002,23,005,002002,601,2,592,2,1,1,5,453,1,447,1,1,1,2,120.45,79.03,NA,60545,60545,NA,NA,09930,1,1
23005002101,23,005,002101,5464,32,5362,32,19,7,39,4088,21,4011,21,12,4,19,1086.99,713.22,NA,60545,60545,NA,NA,09930,1,1
23005002102,23,005,002102,4372,19,4250,19,34,5,59,3342,13,3244,13,21,4,47,888.63,583.07,NA,60545,60545,NA,NA,09930,1,1
23005002501,23,005,002501,3166,13,3118,13,6,4,25,2589,5,2553,5,5,3,18,688.41,451.69,NA,24530,24495,NA,NA,05670,1,1
23005002502,23,005,002502,4444,17,4403,17,4,2,18,3392,11,3358,11,0,2,10,1380,2417,NA,60545,24495,NA,NA,05670,1,1
23005003599,23,005,003599,26,0,26,0,0,0,0,26,0,26,0,0,0,0,6.94,6.76,NA,71990,71990,NA,NA,12330,1,1
23005003701,23,005,003701,3881,15,3840,15,4,1,20,2871,7,2840,7,4,1,12,696.07,1198.27,NA,71990,10180,NA,NA,03930,1,1
23005003702,23,005,003702,4989,36,4909,36,8,5,29,3749,20,3692,20,5,3,9,908.93,1564.73,NA,NA,10180,NA,NA,03930,1,1
23005004001,23,005,004001,2170,7,2134,7,4,7,18,1587,5,1561,5,3,3,10,319.01,486.1,NA,28205,28240,NA,NA,06060,1,1
23005004002,23,005,004002,5391,32,5303,32,27,9,18,4237,21,4161,21,16,9,9,851.69,1297.79,NA,28205,28240,NA,NA,06060,1,1
23005004401,23,005,004401,4585,25,4522,25,10,6,21,3446,15,3392,15,5,5,14,1328,2238,NA,87810,87845,NA,NA,14100,1,1
23005004402,23,005,004402,3277,25,3233,25,7,1,11,2553,15,2513,15,5,1,4,319.22,723.93,NA,87810,87845,NA,NA,14100,1,1
23005004801,23,005,004801,5636,18,5592,18,5,11,8,4125,8,4096,8,3,4,6,790.63,1146.56,NA,53685,86025,NA,NA,13800,1,1
23005004802,23,005,004802,3082,10,3053,10,4,3,9,2356,8,2332,8,2,1,5,451.57,654.86,NA,53685,86025,NA,NA,13800,1,1
23005004803,23,005,004803,4302,26,4225,26,19,17,5,3312,20,3231,20,19,17,5,634.8,920.58,NA,40367,86025,NA,NA,13800,1,1
23005011201,23,005,011201,6950,67,6724,67,71,8,77,5202,36,5029,36,46,5,50,1175.96,1078.63,NA,8395,8430,NA,NA,03780,1,1
23005011202,23,005,011202,7119,86,6777,86,110,11,130,5890,69,5555,69,96,8,93,1331.49,1221.28,NA,8395,8430,NA,NA,03780,1,1
23005015098,23,005,015098,1951,4,1940,4,2,0,5,1403,3,1392,3,2,0,3,297,504,NA,NA,31600,NA,NA,10770,1,1
23005016098,23,005,016098,4303,24,4235,24,14,17,11,3198,16,3146,16,9,6,5,612.23,1055.68,NA,7135,7170,NA,NA,14210,1,1
23005017197,23,005,017197,4,0,4,0,0,0,0,4,0,4,0,0,0,0,0.77,1.32,NA,NA,7170,NA,NA,14210,1,1
23005017198,23,005,017198,0,0,0,0,0,0,0,0,0,0,0,0,0,0,0,0,NA,NA,7170,NA,NA,14210,2,1
23007009901,23,007,009901,17,0,17,0,0,0,0,15,0,15,0,0,0,0,173.68,189.47,57075,NA,51400,NA,NA,82003,2,2
23007009902,23,007,009902,4,0,4,0,0,0,0,4,0,4,0,0,0,0,46.32,50.53,57955,NA,51400,NA,NA,82003,2,2
23007009903,23,007,009903,616,0,615,0,0,0,1,460,0,459,0,0,0,1,118,169,NA,NA,24005,NA,NA,14300,2,2
23007009904,23,007,009904,510,1,507,1,1,1,0,418,1,414,1,1,1,0,61,133,NA,NA,10740,NA,NA,03980,2,2
23007009905,23,007,009905,1573,4,1546,4,2,12,9,1148,4,1125,4,1,8,6,742,973,NA,NA,19865,NA,NA,82003,2,2
23007009906,23,007,009906,328,0,328,0,0,0,0,270,0,270,0,0,0,0,12,24,NA,NA,61875,NA,NA,10050,2,2
23007009907,23,007,009907,1063,4,1050,4,1,8,0,839,4,823,4,1,7,0,164,394,NA,NA,61840,NA,NA,10020,2,2
23007009908,23,007,009908,1326,6,1313,6,2,5,0,956,4,943,4,0,5,0,0,0,NA,NA,58445,NA,NA,14300,2,2
23007009909,23,007,009909,944,7,934,7,1,1,1,700,4,690,4,1,0,1,81,107,NA,NA,81300,NA,NA,11880,2,2
23007009910,23,007,009910,3682,13,3651,13,5,8,4,2628,7,2603,7,2,7,2,196,318,NA,NA,74825,NA,NA,11880,2,2
23007009911,23,007,009911,2187,4,2176,4,2,4,1,1532,4,1519,4,1,3,1,142,178,NA,NA,12595,NA,NA,11880,2,2
23007009912,23,007,009912,7436,32,7338,32,9,21,34,5854,21,5766,21,8,15,23,968,1617,NA,24740,24775,NA,NA,11880,2,2
23007009913,23,007,009913,4242,13,4192,13,3,13,19,3019,7,2981,7,1,10,13,666,994,NA,85815,85850,NA,NA,11880,2,2
23007009914,23,007,009914,5080,26,5028,26,4,10,12,3634,12,3588,12,4,9,9,1273,813,NA,12770,35625,NA,NA,06840,2,2
23009009651,23,009,009651,1433,11,1416,11,2,3,1,1021,7,1001,7,2,3,1,18,36,57075,NA,20405,NA,NA,82011,2,2
23009009652,23,009,009652,1584,1,1554,1,1,22,6,1132,0,1115,0,1,13,3,166,329,NA,NA,16935,NA,NA,04890,2,2
23009009653,23,009,009653,4825,38,4757,38,2,13,15,3413,18,3365,18,0,5,7,814,1007,NA,8780,8815,NA,NA,03810,2,2
23009009654,23,009,009654,2320,9,2306,9,3,2,0,1738,7,1723,7,1,0,0,398,390,NA,23200,55505,NA,NA,09270,2,2
23009009655,23,009,009655,5975,22,5898,22,12,19,24,4586,16,4517,16,7,10,20,688,1675,NA,23200,23200,NA,NA,05500,2,2
23009009656,23,009,009656,4128,33,4064,33,0,22,9,3125,15,3074,15,0,16,5,158,361,NA,NA,30970,NA,NA,06260,2,2
23009009657,23,009,009657,2573,9,2536,9,3,14,8,1910,5,1882,5,3,9,6,135,252,NA,NA,74965,11950,05730,82011,2,2
23009009658,23,009,009658,3143,37,3043,37,47,8,8,2437,30,2326,30,37,7,7,76,187,NA,NA,28450,06090,08500,NA,2,2
23009009659,23,009,009659,4443,20,4363,20,5,26,28,3532,11,3468,11,5,18,19,819,1118,NA,2830,2865,02850,08500,NA,2,2
23009009660,23,009,009660,1899,8,1880,8,0,5,6,1540,5,1519,5,0,5,6,332,654,NA,NA,47630,08490,08500,NA,2,2
23009009661,23,009,009661,2141,10,2119,10,1,5,4,1639,7,1618,7,1,4,2,122.31,156.78,NA,NA,72865,12390,08500,04620,2,2
23009009662,23,009,009662,1716,5,1699,5,0,6,4,1309,5,1292,5,0,6,1,97.69,125.22,NA,NA,77345,12960,08500,11910,2,2
23009009663,23,009,009663,2945,13,2916,13,1,9,4,2222,7,2199,7,1,7,1,356,551,NA,NA,5700,NA,NA,03210,2,2
23009009664,23,009,009664,2292,22,2245,22,13,4,8,1920,15,1871,15,9,4,6,196,302,NA,NA,57920,NA,NA,09630,2,2
23009009665,23,009,009665,2450,9,2432,9,2,3,4,1895,7,1875,7,1,3,2,152,212,NA,NA,7975,NA,NA,03640,2,2
23009009666,23,009,009666,3081,19,3047,19,3,6,5,2353,8,2332,8,0,2,3,289,376,NA,NA,17145,NA,NA,04895,2,2
23009966199,23,009,966199,0,0,0,0,0,0,0,0,0,0,0,0,0,0,281,539,NA,NA,72865,12390,08500,NA,2,2
23011000101,23,011,000101,5228,27,5126,27,6,28,40,4111,22,4014,22,5,21,27,949.2,1115.39,NA,2100,2100,NA,NA,02640,1,1
23011000102,23,011,000102,5036,27,4938,27,20,16,35,3817,19,3736,19,11,11,21,881.32,1035.63,NA,2100,2100,NA,NA,02640,1,1
23011000103,23,011,000103,3811,23,3725,23,16,19,28,2990,16,2910,16,11,16,21,690.37,811.24,NA,2100,2100,NA,NA,02640,1,1
23011000104,23,011,000104,2536,15,2484,15,12,3,18,2121,10,2077,10,9,2,13,489.72,575.47,NA,2100,2100,NA,NA,02640,1,1
23011000105,23,011,000105,4714,24,4597,24,14,16,59,3683,15,3604,15,7,12,30,850.38,999.27,NA,2100,2100,NA,NA,02640,1,1
23011000106,23,011,000106,6890,22,6777,22,9,57,24,5094,10,5015,10,7,37,15,387,597,NA,61735,12350,NA,NA,10590,1,1
23011000107,23,011,000107,2534,14,2494,14,6,7,12,2003,8,1970,8,6,5,6,582,640,NA,30550,30550,NA,NA,10740,1,1
23011000108,23,011,000108,7541,10,7470,10,5,26,21,5515,7,5466,7,3,20,12,466,788,NA,24635,43080,07920,08520,10590,1,1
23011000109,23,011,000109,1918,10,1891,10,6,7,4,1402,6,1377,6,4,5,4,332.2,394.98,NA,27085,27085,NA,NA,10590,1,1
23011000110,23,011,000110,4835,23,4761,23,17,13,17,3578,15,3519,15,10,11,8,847.8,1008.02,NA,27085,27085,NA,NA,10590,1,1
23011000120,23,011,000120,2650,13,2622,13,4,5,6,1871,7,1848,7,1,4,4,386,529,NA,NA,40175,07560,07570,NA,1,1
23011000130,23,011,000130,3353,11,3319,11,9,8,5,2389,9,2358,9,6,5,2,480,822,NA,NA,46405,NA,NA,08370,1,1
23011000140,23,011,000140,5968,27,5888,27,9,15,27,4480,18,4415,18,4,10,15,853,1436,NA,86935,86970,07920,08520,13970,1,1
23011000145,23,011,000145,1843,5,1832,5,2,0,4,1367,4,1356,4,2,0,1,186,191,NA,NA,80880,13380,08520,14160,1,1
23011000150,23,011,000150,2074,11,2049,11,9,4,1,1477,5,1461,5,3,3,0,374,524,NA,NA,62190,10110,08520,14160,1,1
23011000155,23,011,000155,2537,5,2502,5,11,13,6,1819,1,1804,1,6,6,1,218,276,NA,NA,47770,08560,08520,10300,1,1
23011000160,23,011,000160,2375,3,2362,3,3,3,4,1736,1,1729,1,1,3,1,355,582,NA,NA,4020,NA,NA,14360,1,1
23011000170,23,011,000170,2593,15,2570,15,1,2,4,1814,5,1800,5,1,2,1,388,633,NA,NA,68385,NA,NA,14360,1,1
23011000180,23,011,000180,3679,18,3643,18,1,10,7,2686,9,2660,9,0,4,4,631,745,NA,NA,78745,NA,NA,13110,1,1
23011000190,23,011,000190,1895,6,1878,6,1,7,0,1360,3,1347,3,1,6,0,255,467,NA,2100,86165,NA,NA,13830,1,1
23011000200,23,011,000200,3713,16,3654,16,1,21,21,2550,10,2507,10,0,12,11,436,830,NA,NA,12735,NA,NA,04290,1,1
23011000205,23,011,000205,1772,5,1759,5,3,2,3,1275,3,1261,3,3,2,3,204,379,NA,NA,590,NA,NA,14330,1,1
23011000210,23,011,000210,3332,14,3307,14,2,4,5,2332,5,2319,5,1,0,2,435,580,NA,13435,13470,NA,NA,14330,1,1
23011000220,23,011,000220,2312,7,2301,7,1,1,2,1713,3,1703,3,1,1,2,367,472,NA,NA,4475,NA,NA,14330,1,1
23011000230,23,011,000230,7997,30,7911,30,5,23,28,5939,18,5863,18,1,22,17,1615,1479,NA,86480,86515,NA,NA,13860,1,1
23011000242,23,011,000242,6856,39,6704,39,50,8,52,5897,29,5739,29,44,8,48,1411.4,1174.95,NA,80740,80740,NA,NA,13350,1,1
23011000250,23,011,000250,5595,24,5546,24,4,10,10,4048,17,3998,17,3,7,6,827,1052,NA,54525,54560,NA,NA,14360,1,1
23011024101,23,011,024101,4874,29,4813,29,6,10,15,3661,19,3604,19,3,7,9,876.23,729.44,NA,80740,80740,NA,NA,13350,1,1
23011024102,23,011,024102,5443,43,5316,43,23,30,30,4234,26,4127,26,13,20,22,1013.37,843.61,NA,80740,80740,NA,NA,13350,1,1
23013000000,23,013,000000,0,0,0,0,0,0,0,0,0,0,0,0,0,0,0,0,NA,NA,15125,NA,NA,82007,1,1
23013009701,23,013,009701,1517,2,1499,2,2,10,4,1186,0,1182,0,0,3,1,227,249,NA,NA,79130,NA,NA,11850,1,1
23013009702,23,013,009702,5067,43,4988,43,4,16,12,4014,30,3932,30,4,10,8,1081,1378,NA,9690,9725,NA,NA,11130,1,1
23013009703,23,013,009703,5260,28,5198,28,2,16,14,3742,9,3706,9,1,11,6,244,544,NA,NA,78115,NA,NA,11550,1,1
23013009705,23,013,009705,2847,10,2824,10,3,2,8,2163,5,2143,5,3,2,5,536,867,NA,NA,63660,NA,NA,11130,1,1
23013009706,23,013,009706,3111,8,3088,8,2,9,4,2308,7,2282,7,2,7,3,360.41,596.34,NA,63590,63590,NA,NA,11760,1,1
23013009707,23,013,009707,4860,15,4801,15,19,14,8,3717,10,3673,10,11,7,6,580.43,960.4,NA,63590,63590,NA,NA,11760,1,1
23013009708,23,013,009708,2796,3,2780,3,5,4,4,2193,2,2182,2,2,3,2,109.51,181.22,NA,NA,72585,NA,NA,11760,1,1
23013009709,23,013,009709,2266,6,2253,6,1,4,2,1752,2,1742,2,1,4,1,87.49,144.78,NA,NA,65130,NA,NA,14390,1,1
23013009710,23,013,009710,2087,4,2080,4,0,2,1,1571,1,1566,1,0,2,1,126,184,NA,NA,26805,NA,NA,11550,1,1
23013970498,23,013,970498,6498,23,6406,23,16,33,20,4877,14,4790,14,15,27,17,346,709,NA,76330,80215,NA,NA,11550,1,1
23013970699,23,013,970699,1,0,1,0,0,0,0,1,0,1,0,0,0,0,0.16,0.26,NA,63590,63590,NA,NA,11760,1,1
23013971198,23,013,971198,0,0,0,0,0,0,0,0,0,0,0,0,0,0,0,0,NA,NA,80215,NA,NA,11550,1,1
23015000000,23,015,000000,0,0,0,0,0,0,0,0,0,0,0,0,0,0,402,752,NA,NA,NA,NA,NA,82006,1,1
23015009751,23,015,009751,4501,13,4434,13,5,41,8,3211,12,3162,12,2,18,5,273,578,NA,NA,35695,NA,NA,06870,1,1
23015009753,23,015,009753,3266,10,3252,10,1,1,2,2506,7,2490,7,1,1,0,245,409,NA,16322,49660,06160,04830,08940,1,1
23015009754,23,015,009754,3102,5,3087,5,1,3,6,2340,3,2330,3,0,3,1,259,446,NA,16322,48645,06160,08760,02340,1,1
23015009755,23,015,009755,5334,50,5257,50,7,11,7,3910,19,3853,19,5,8,6,473,900,NA,87040,87075,NA,NA,13980,1,1
23015009756,23,015,009756,3000,15,2978,15,0,7,0,2346,10,2322,10,0,4,0,133.37,212.14,NA,NA,7485,NA,NA,03600,1,1
23015009757,23,015,009757,825,2,821,2,0,0,2,662,2,656,2,0,0,2,37.63,59.86,NA,NA,70240,NA,NA,12300,1,1
23015009758,23,015,009758,2648,10,2628,10,1,6,1,2031,8,2010,8,1,4,0,367,744,NA,NA,6050,NA,NA,03290,1,1
23015009759,23,015,009759,2347,8,2319,8,5,10,5,1868,3,1852,3,2,4,4,365,770,NA,6085,6120,NA,NA,03290,1,1
23015009760,23,015,009760,645,0,644,0,0,0,1,523,0,522,0,0,0,1,119,281,NA,NA,71955,NA,NA,12360,1,1
23015009761,23,015,009761,88,1,86,1,0,0,1,72,1,70,1,0,0,0,30,32,NA,NA,46335,NA,NA,08340,1,1
23015975298,23,015,975298,4601,12,4576,12,3,6,3,3342,10,3316,10,1,3,2,606,1048,NA,79515,79550,NA,NA,11550,1,1
23015976298,23,015,976298,0,0,0,0,0,0,0,0,0,0,0,0,0,0,0,0,NA,NA,79550,NA,NA,11550,1,1
23017009951,23,017,009951,38,0,38,0,0,0,0,33,0,33,0,0,0,0,5.98,14.35,NA,NA,52575,NA,NA,82002,2,2
23017009952,23,017,009952,126,0,126,0,0,0,0,105,0,105,0,0,0,0,19.02,45.65,NA,NA,52575,NA,NA,82002,2,2
23017009953,23,017,009953,1473,0,1471,0,1,0,1,1060,0,1058,0,1,0,1,60,92,NA,NA,1325,NA,NA,11670,2,2
23017009954,23,017,009954,3892,7,3861,7,1,2,21,2927,5,2902,5,0,2,13,85,50,NA,45250,45285,NA,NA,11640,2,2
23017009955,23,017,009955,2511,20,2477,20,3,1,8,1936,12,1903,12,3,1,5,636.03,424.5,NA,64255,64290,NA,NA,11640,2,2
23017009956,23,017,009956,4567,24,4521,24,1,10,10,3473,7,3447,7,0,6,6,1140.97,761.5,NA,64255,64290,NA,NA,11640,2,2
23017009957,23,017,009957,3525,20,3486,20,3,8,8,2608,12,2572,12,3,3,6,424,485,NA,17705,17740,NA,NA,10920,2,2
23017009958,23,017,009958,3024,9,3000,9,4,8,3,2127,7,2104,7,1,6,2,83,146,NA,NA,31670,NA,NA,11490,2,2
23017009959,23,017,009959,2729,7,2711,7,2,5,4,2051,1,2039,1,1,5,4,446,644,NA,NA,4825,NA,NA,11670,2,2
23017009960,23,017,009960,962,2,947,2,2,6,5,693,2,683,2,0,4,2,43,57,NA,NA,71755,NA,NA,14765,2,2
23017009961,23,017,009961,3397,13,3357,13,14,7,6,2515,8,2484,8,5,6,4,150,304,NA,NA,29710,NA,NA,11670,2,2
23017009962,23,017,009962,4492,8,4460,8,2,6,16,3385,5,3352,5,2,6,15,585,1038,NA,71780,56625,NA,NA,10770,2,2
23017009963,23,017,009963,2442,16,2414,16,1,3,8,1679,9,1655,9,1,2,3,218,342,NA,NA,8710,NA,NA,11490,2,2
23017009964,23,017,009964,4843,30,4770,30,8,21,14,3415,15,3361,15,7,13,4,180,273,NA,56240,56310,NA,NA,10770,2,2
23017009965,23,017,009965,4754,11,4715,11,2,8,16,3531,6,3505,6,1,4,9,702,989,NA,53965,54000,NA,NA,10770,2,2
23017009966,23,017,009966,2409,4,2400,4,0,3,2,1830,3,1822,3,0,0,2,129,225,NA,NA,41365,NA,NA,14765,2,2
23017009967,23,017,009967,2960,13,2932,13,8,4,3,2251,7,2227,7,3,4,3,354,653,NA,26875,26910,NA,NA,14765,2,2
23017009969,23,017,009969,2561,9,2533,9,9,2,6,1843,7,1818,7,4,2,5,203,298,NA,NA,33315,NA,NA,14190,2,2
23017996898,23,017,996898,1897,13,1873,13,3,2,3,1371,7,1352,7,1,2,2,153,192,NA,NA,17250,NA,NA,14765,2,2
23017997094,23,017,997094,0,0,0,0,0,0,0,0,0,0,0,0,0,0,0,0,NA,NA,54000,NA,NA,10770,2,2
23017997095,23,017,997095,0,0,0,0,0,0,0,0,0,0,0,0,0,0,145,227,NA,NA,17250,NA,NA,14765,2,2
23017997096,23,017,997096,0,0,0,0,0,0,0,0,0,0,0,0,0,0,0,0,NA,NA,26910,NA,NA,14765,2,2
23017997097,23,017,997097,0,0,0,0,0,0,0,0,0,0,0,0,0,0,0,0,NA,NA,17250,NA,NA,14765,2,2
23017997098,23,017,997098,0,0,0,0,0,0,0,0,0,0,0,0,0,0,0,0,NA,NA,26910,NA,NA,14765,2,2
23019000001,23,019,000001,635,7,610,7,6,7,5,615,7,585,7,6,7,3,117.4,155.26,NA,2795,2795,NA,NA,02820,2,2
23019000002,23,019,000002,3111,29,3022,29,14,31,15,2497,18,2415,18,10,25,11,476.68,630.39,NA,2795,2795,NA,NA,02820,2,2
23019000003,23,019,000003,4565,20,4435,20,11,39,57,3674,11,3585,11,5,25,37,701.37,927.54,NA,2795,2795,NA,NA,02820,2,2
23019000004,23,019,000004,2642,12,2587,12,8,23,12,2022,9,1977,9,8,12,7,386,510.47,NA,2795,2795,NA,NA,02820,2,2
23019000005,23,019,000005,4082,15,3981,15,26,27,31,3204,12,3121,12,18,20,21,611.65,808.88,NA,2795,2795,NA,NA,02820,2,2
23019000006,23,019,000006,2744,12,2643,12,41,18,27,2162,11,2073,11,31,13,23,412.73,545.82,NA,2795,2795,NA,NA,02820,2,2
23019000007,23,019,000007,3124,8,3092,8,10,7,7,2442,4,2414,4,8,5,7,466.18,616.51,NA,2795,2795,NA,NA,02820,2,2
23019000008,23,019,000008,253,7,210,7,10,15,11,255,7,206,7,10,14,11,48.68,64.38,NA,2795,2795,NA,NA,02820,2,2
23019000009,23,019,000009,5847,52,5562,52,104,42,81,3937,31,3733,31,66,26,50,751.58,993.93,NA,2795,2795,NA,NA,02820,2,2
23019000010,23,019,000010,1117,26,1005,26,43,16,26,1015,24,892,24,39,12,24,193.76,256.25,NA,2795,2795,NA,NA,02820,2,2
23019000011,23,019,000011,5061,23,4934,23,27,19,52,4201,12,4108,12,17,13,39,801.97,1060.58,NA,2795,2795,NA,NA,02820,2,2
23019000020,23,019,000020,5974,15,5904,15,10,10,34,4351,9,4301,9,6,8,18,831,1572,NA,30760,30795,NA,NA,10950,2,2
23019000030,23,019,000030,3309,12,3279,12,4,2,12,2472,8,2446,8,1,2,7,498,940,NA,NA,55680,NA,NA,09330,2,2
23019000041,23,019,000041,2060,8,2034,8,3,12,3,1568,4,1549,4,3,5,3,311.35,583.46,NA,6925,6925,NA,NA,03510,2,2
23019000042,23,019,000042,2642,13,2604,13,11,8,6,2035,8,2002,8,9,5,3,404.07,757.24,NA,6925,6925,NA,NA,03510,2,2
23019000043,23,019,000043,4319,28,4259,28,7,13,11,3352,16,3299,16,5,8,8,665.58,1247.3,NA,6925,6925,NA,NA,03510,2,2
23019000050,23,019,000050,1633,8,1606,8,2,10,7,1282,7,1255,7,1,6,6,292,469,NA,NA,78780,NA,NA,13140,2,2
23019000061,23,019,000061,2332,19,2236,19,7,9,61,1972,16,1875,16,6,5,54,355.13,377.94,NA,55575,55540,NA,NA,09300,2,2
23019000062,23,019,000062,2493,30,2396,30,10,14,42,1988,17,1910,17,8,12,24,358.02,381.01,NA,55575,55540,NA,NA,09300,2,2
23019000063,23,019,000063,5748,60,5500,60,47,57,82,5552,54,5270,54,45,52,77,999.85,1064.06,NA,55575,55540,NA,NA,09300,2,2
23019000071,23,019,000071,5470,30,5279,30,12,104,43,4283,24,4141,24,6,56,32,1268.91,1053.34,NA,55225,55225,NA,NA,09210,2,2
23019000072,23,019,000072,2847,26,2642,26,16,46,116,2174,19,2009,19,12,26,89,644.09,534.66,57955,55225,55225,NA,NA,09210,2,2
23019000090,23,019,000090,5506,26,5440,26,3,23,14,4165,18,4104,18,1,17,7,291,472,NA,NA,13365,NA,NA,14470,2,2
23019000100,23,019,000100,3755,10,3712,10,5,15,13,2769,8,2734,8,4,10,5,451,945,NA,NA,32510,NA,NA,06510,2,2
23019000110,23,019,000110,1906,6,1886,6,0,10,4,1416,2,1405,2,0,3,4,257,378,NA,NA,10670,NA,NA,10980,2,2
23019000120,23,019,000120,1317,6,1298,6,2,5,5,964,3,951,3,0,3,4,156,286,NA,NA,48505,NA,NA,10950,2,2
23019000125,23,019,000125,2159,20,2114,20,2,17,6,1492,10,1454,10,2,13,3,127,183,NA,NA,17950,NA,NA,11460,2,2
23019000130,23,019,000130,3036,10,3003,10,5,5,13,2236,5,2213,5,2,3,8,367,751,NA,49100,49065,NA,NA,14500,2,2
23019000135,23,019,000135,1824,6,1801,6,5,7,5,1254,4,1235,4,2,6,3,91,157,NA,NA,23865,NA,NA,11460,2,2
23019000140,23,019,000140,2196,8,2169,8,7,5,5,1612,8,1583,8,3,5,5,255,474,NA,NA,14310,NA,NA,14500,2,2
23019000150,23,019,000150,4419,27,4375,27,3,4,10,3240,12,3205,12,2,3,6,586,977,NA,17495,17530,NA,NA,14530,2,2
23019000155,23,019,000155,2001,1,1985,1,1,12,2,1446,0,1434,0,0,10,2,111,169,NA,NA,27190,NA,NA,14530,2,2
23019000160,23,019,000160,1187,5,1174,5,5,3,0,869,5,851,5,5,3,0,100,283,NA,NA,12105,NA,NA,14761,2,2
23019000170,23,019,000170,2177,4,2156,4,2,9,6,1553,3,1537,3,1,7,2,202,503,NA,NA,14380,NA,NA,14440,2,2
23019000180,23,019,000180,1627,2,1607,2,7,9,2,1124,2,1113,2,1,4,2,164,326,NA,NA,38705,NA,NA,10980,2,2
23019000190,23,019,000190,1234,1,1224,1,0,7,1,884,0,876,0,0,7,1,149,238,NA,NA,36325,NA,NA,14440,2,2
23019000200,23,019,000200,3198,7,3158,7,14,14,5,2278,6,2245,6,11,5,5,363,600,NA,NA,27645,NA,NA,06000,2,2
23019000205,23,019,000205,2151,6,2120,6,2,21,1,1521,3,1498,3,1,15,1,154,209,NA,NA,34365,NA,NA,14440,2,2
23019000215,23,019,000215,1637,7,1610,7,1,10,9,1169,4,1147,4,1,7,6,65,92,57955,55225,37760,NA,NA,11580,2,2
23019000225,23,019,000225,1737,4,1716,4,1,15,1,1173,4,1149,4,1,14,1,174,207,57955,NA,29185,NA,NA,06180,2,2
23019000235,23,019,000235,906,2,891,2,4,1,5,630,2,622,2,2,1,1,0,0,NA,NA,41435,NA,NA,11250,2,2
23019000245,23,019,000245,1311,1,1303,1,0,5,2,942,1,936,1,0,3,1,131,198,NA,NA,38530,NA,NA,11220,2,2
23019000255,23,019,000255,1265,3,1254,3,1,4,2,916,1,911,1,1,2,0,26,28,57075,NA,73250,NA,NA,11220,2,2
23019000260,23,019,000260,830,0,818,0,0,10,2,637,0,629,0,0,8,0,160,156,NA,NA,44270,NA,NA,14760,2,2
23019000265,23,019,000265,2579,6,2561,6,0,9,3,1740,2,1729,2,0,4,3,36,25,57955,NA,45005,NA,NA,08160,2,2
23019000270,23,019,000270,5420,10,5373,10,3,21,13,3961,7,3918,7,3,15,11,720,1199,NA,39440,39475,NA,NA,14760,2,2
23019000280,23,019,000280,1471,7,1458,7,1,5,0,1080,2,1074,2,1,1,0,276,284,NA,NA,23620,NA,NA,11250,2,2
23019000285,23,019,000285,1561,4,1551,4,0,5,1,1183,3,1174,3,0,2,1,10,25,NA,34225,34190,NA,NA,11250,2,2
23019000290,23,019,000290,403,1,401,1,0,0,1,309,0,309,0,0,0,0,41,58,57955,45845,52710,NA,NA,82010,2,2
23019000300,23,019,000300,6956,15,6880,15,8,30,19,5279,12,5215,12,5,21,14,1543,1450,NA,45845,45810,NA,NA,08280,2,2
23019000310,23,019,000310,2166,5,2145,5,0,8,8,1626,4,1608,4,0,5,5,493,495,NA,21065,21030,NA,NA,05280,2,2
23019000315,23,019,000315,1990,6,1977,6,4,1,2,1473,3,1463,3,1,1,2,125,252,NA,NA,73600,NA,NA,11040,2,2
23019008001,23,019,008001,4020,23,3956,23,7,22,12,3007,13,2955,13,3,14,9,276,217,NA,45635,45670,NA,NA,08250,2,2
23019008002,23,019,008002,648,2,227,2,0,417,2,450,1,189,1,0,258,1,72,72,57955,NA,57937,NA,NA,00001,2,2
23021009601,23,021,009601,194,0,193,0,0,1,0,149,0,148,0,0,1,0,40,118,57955,NA,51105,NA,NA,82009,2,2
23021009602,23,021,009602,146,0,146,0,0,0,0,123,0,123,0,0,0,0,4.75,8.37,NA,29500,53628,NA,NA,82009,2,2
23021009603,23,021,009603,1983,2,1972,2,1,4,4,1508,2,1498,2,0,4,2,58.25,102.63,NA,29500,29535,NA,NA,06250,2,2
23021009604,23,021,009604,1359,7,1338,7,0,14,0,996,4,978,4,0,10,0,145,222,NA,NA,46580,NA,NA,14761,2,2
23021009605,23,021,009605,1750,10,1737,10,0,2,1,1275,5,1263,5,0,2,0,5,4,NA,NA,56765,NA,NA,11730,2,2
23021009606,23,021,009606,3108,18,3069,18,9,3,9,2306,12,2272,12,1,3,6,197,321,NA,30060,30095,NA,NA,11730,2,2
23021009607,23,021,009607,4657,22,4571,22,2,39,21,3392,12,3324,12,1,29,14,608,1191,NA,18230,18195,NA,NA,14761,2,2
23021009608,23,021,009608,3927,5,3897,5,3,7,15,2911,3,2893,3,1,7,4,523,598,NA,45985,46020,NA,NA,11580,2,2
23021009609,23,021,009609,1529,5,1512,5,3,5,4,1151,2,1141,2,1,3,2,7,20,NA,NA,8325,NA,NA,11580,2,2
23023000000,23,023,000000,0,0,0,0,0,0,0,0,0,0,0,0,0,0,0,0,NA,NA,NA,NA,NA,82004,1,1
23023009801,23,023,009801,3072,19,3008,19,19,9,13,2225,12,2174,12,12,8,7,397,587,NA,62610,62645,NA,NA,10170,1,1
23023009802,23,023,009802,4405,33,4324,33,11,18,18,3124,22,3048,22,9,12,11,426,457,NA,NA,6365,NA,NA,14768,1,1
23023009803,23,023,009803,8746,110,8419,110,77,15,122,6316,72,6021,72,47,13,91,1357,1602,NA,76925,76960,NA,NA,14768,1,1
23023009804,23,023,009804,3982,18,3926,18,17,6,12,2956,12,2909,12,10,4,9,455.05,586.44,NA,3355,87460,NA,NA,14070,1,1
23023009805,23,023,009805,5966,56,5784,56,83,13,26,4536,36,4389,36,44,13,18,698.28,899.9,NA,3355,3355,NA,NA,02940,1,1
23023009806,23,023,009806,3582,61,3425,61,61,5,30,2691,42,2541,42,43,4,19,414.26,533.87,NA,3355,3355,NA,NA,02940,1,1
23023009807,23,023,009807,3531,34,3477,34,8,2,10,2714,20,2659,20,7,2,6,270,506,NA,NA,58515,NA,NA,09750,1,1
23023980699,23,023,980699,251,6,190,6,46,5,4,256,6,189,6,46,5,4,39.41,50.79,NA,3355,3355,NA,NA,02940,1,1
23025009851,23,025,009851,1,0,1,0,0,0,0,1,0,1,0,0,0,0,13.06,15.5,NA,NA,67238,NA,NA,82008,2,2
23025009852,23,025,009852,18,0,18,0,0,0,0,15,0,15,0,0,0,0,195.94,232.5,57075,NA,67238,NA,NA,82008,2,2
23025009853,23,025,009853,1250,8,1236,8,0,2,4,925,3,918,3,0,1,0,0,0,57075,NA,53636,NA,NA,10620,2,2
23025009854,23,025,009854,871,0,869,0,1,1,0,613,0,613,0,0,0,0,0,0,NA,NA,53636,NA,NA,82008,2,2
23025009855,23,025,009855,377,1,371,1,0,5,0,296,1,289,1,0,5,0,1042,1398,NA,NA,51114,NA,NA,82008,2,2
23025009856,23,025,009856,1829,1,1822,1,1,3,2,1309,0,1306,0,1,2,0,136,134,NA,NA,1885,NA,NA,14560,2,2
23025009857,23,025,009857,2659,5,2644,5,1,3,6,1885,2,1874,2,0,3,4,186,336,NA,NA,64850,NA,NA,14500,2,2
23025009858,23,025,009858,2618,2,2604,2,2,6,4,1889,1,1877,1,1,5,4,208,376,NA,NA,56520,NA,NA,14500,2,2
23025009859,23,025,009859,1806,7,1782,7,4,11,1,1296,3,1279,3,4,6,1,195,370,NA,31705,31740,NA,NA,14500,2,2
23025009860,23,025,009860,4190,43,4122,43,9,5,7,3061,27,2992,27,5,5,5,564,968,NA,58970,59005,NA,NA,14610,2,2
23025009861,23,025,009861,2644,7,2622,7,8,5,2,1847,6,1826,6,3,4,2,269,281,NA,NA,14555,NA,NA,14590,2,2
23025009862,23,025,009862,2146,3,2127,3,2,8,6,1543,3,1529,3,0,3,5,167,185,NA,4965,5000,NA,NA,10650,2,2
23025009863,23,025,009863,1737,5,1714,5,1,13,4,1317,3,1302,3,0,7,2,83,139,NA,NA,23410,NA,NA,14767,2,2
23025009864,23,025,009864,2382,10,2357,10,0,13,2,1764,6,1741,6,0,9,2,369,485,NA,NA,1395,NA,NA,14767,2,2
23025009865,23,025,009865,4725,22,4671,22,5,20,3,3525,13,3483,13,4,11,1,787,770,NA,42625,42660,NA,NA,14560,2,2
23025009866,23,025,009866,4658,7,4616,7,2,18,15,3522,4,3491,4,1,11,11,769.4,876.27,NA,68875,68910,NA,NA,14590,2,2
23025009867,23,025,009867,4067,8,4022,8,3,17,13,2937,2,2911,2,2,11,9,641.6,730.73,NA,68875,68910,NA,NA,14590,2,2
23025009868,23,025,009868,6718,22,6641,22,14,13,28,4867,11,4817,11,5,8,15,1096,1126,NA,24285,24320,NA,NA,14330,2,2
23025009869,23,025,009869,3105,10,3077,10,5,9,2,2213,4,2193,4,3,7,2,385,567,NA,49800,49835,NA,NA,14590,2,2
23025009870,23,025,009870,1966,11,1941,11,1,5,8,1385,6,1365,6,1,3,4,94,108,NA,NA,73845,NA,NA,14590,2,2
23027000000,23,027,000000,0,0,0,0,0,0,0,0,0,0,0,0,0,0,342,614,NA,NA,74475,NA,NA,14640,2,2
23027000410,23,027,000410,3175,17,3137,17,2,5,14,2210,6,2182,6,2,5,9,481,618,NA,86725,86760,NA,NA,10950,2,2
23027000420,23,027,000420,5548,32,5473,32,9,17,15,4069,15,4016,15,6,9,8,245,320,NA,66600,66635,NA,NA,14640,2,2
23027000430,23,027,000430,6355,27,6290,27,6,22,10,4830,21,4764,21,3,15,6,913,1455,NA,3950,3950,NA,NA,11340,2,2
23027000440,23,027,000440,3589,24,3554,24,3,4,4,2792,15,2752,15,3,4,3,169,284,NA,NA,39755,NA,NA,07450,1,1
23027000450,23,027,000450,4582,21,4548,21,1,5,7,3250,13,3217,13,1,1,5,143,199,NA,NA,39055,NA,NA,11520,1,1
23027000460,23,027,000460,5896,31,5823,31,10,19,12,4312,16,4249,16,8,12,11,229,382,NA,NA,56450,NA,NA,11520,1,1
23027000470,23,027,000470,3873,18,3837,18,7,5,5,2716,7,2690,7,3,5,4,148,168,NA,NA,46475,NA,NA,11520,2,2
23029009551,23,029,009551,2473,11,1903,11,2,553,4,1775,3,1464,3,1,303,1,40,51,34750,NA,53500,NA,NA,82012,2,2
23029009552,23,029,009552,403,0,399,0,0,3,1,297,0,294,0,0,2,1,13.82,23.81,57075,NA,53500,NA,NA,82012,2,2
23029009553,23,029,009553,1674,4,1646,4,0,24,0,1176,2,1163,2,0,9,0,80,90,34750,NA,61035,NA,NA,09990,2,2
23029009554,23,029,009554,2031,11,2000,11,1,12,7,1502,5,1481,5,1,3,7,334,351,NA,87250,2480,NA,NA,02730,2,2
23029009555,23,029,009555,3963,17,3900,17,5,34,7,3042,9,2992,9,4,21,7,505,798,NA,9585,9585,NA,NA,03870,2,2
23029009556,23,029,009556,1825,3,1218,3,4,599,1,1265,1,906,1,2,354,1,83,155,59635,NA,58165,NA,NA,09650,2,2
23029009557,23,029,009557,1965,12,1846,12,1,98,8,1507,7,1443,7,1,43,6,353,422,NA,21730,21730,NA,NA,05360,2,2
23029009558,23,029,009558,3095,9,3036,9,20,18,12,2353,8,2300,8,16,12,9,54,145,NA,21730,41610,NA,NA,10830,2,2
23029009559,23,029,009559,1753,7,1735,7,0,10,1,1300,5,1284,5,0,5,1,28,94,NA,NA,57780,NA,NA,09560,2,2
23029009560,23,029,009560,862,4,850,4,7,0,1,637,1,633,1,1,0,1,280,407,NA,NA,19870,NA,NA,82012,2,2
23029009561,23,029,009561,2384,5,2354,5,9,9,7,1776,1,1762,1,3,6,3,150,220,NA,NA,20960,NA,05730,11940,2,2
23029009562,23,029,009562,3271,20,3220,20,1,11,19,2546,8,2502,8,1,10,17,45,133,NA,41925,41960,NA,NA,07710,2,2
23029009563,23,029,009563,3041,3,3021,3,3,10,4,2260,3,2244,3,3,5,2,105.18,181.19,NA,NA,36010,07100,08400,06900,2,2
23029009564,23,029,009564,2996,6,2970,6,1,15,4,2216,3,2199,3,0,8,3,191,315,NA,NA,31530,02950,08400,11430,2,2
23029009565,23,029,009565,3572,15,3528,15,10,14,5,2680,8,2647,8,4,10,3,147,212,NA,NA,74125,12480,05730,11430,2,2
23029956399,23,029,956399,0,0,0,0,0,0,0,0,0,0,0,0,0,0,191,246,NA,NA,36010,07100,08400,NA,2,2
23031000000,23,031,000000,0,0,0,0,0,0,0,0,0,0,0,0,0,0,0,0,NA,NA,NA,NA,NA,99998,1,1
23031000051,23,031,000051,3106,11,3076,11,9,3,7,2193,5,2174,5,3,1,5,633.98,644.31,NA,64675,64675,NA,NA,10380,1,1
23031000052,23,031,000052,4198,18,4151,18,8,4,17,3215,11,3172,11,2,4,15,929.44,944.58,NA,64675,64675,NA,NA,10380,1,1
23031000053,23,031,000053,5910,46,5777,46,22,8,56,4568,26,4462,26,8,4,42,1320.58,1342.1,NA,64675,64675,NA,NA,10380,1,1
23031000054,23,031,000054,1967,8,1944,8,1,1,13,1582,5,1562,5,1,1,8,471.62,305.48,NA,64675,64675,NA,NA,10380,1,1
23031000061,23,031,000061,7789,60,7641,60,43,19,26,6269,47,6108,47,32,16,19,1527,1590,NA,55120,55085,NA,NA,09200,1,1
23031000200,23,031,000200,6494,25,6401,25,20,16,31,4673,16,4601,16,13,10,17,1054,1489,NA,NA,9410,NA,NA,11790,1,1
23031000210,23,031,000210,3573,22,3534,22,2,10,3,2482,13,2446,13,2,6,2,526,747,NA,NA,33665,NA,NA,11790,1,1
23031000220,23,031,000220,2796,11,2778,11,2,3,2,1851,7,1832,7,1,2,2,342,485,NA,NA,39405,NA,NA,11790,1,1
23031000225,23,031,000225,2650,14,2627,14,4,1,3,1920,8,1902,8,1,1,0,210,318,NA,NA,56870,NA,NA,14190,1,1
23031000230,23,031,000230,1688,13,1670,13,2,1,2,1209,8,1191,8,1,1,0,263,388,NA,NA,39195,NA,NA,14670,1,1
23031000235,23,031,000235,4680,35,4625,35,3,4,12,3442,16,3397,16,2,2,9,283,482,NA,NA,67475,NA,NA,14670,1,1
23031000240,23,031,000240,4510,9,4481,9,2,10,8,3110,3,3089,3,0,8,7,509,955,NA,NA,80530,NA,NA,14670,1,1
23031000245,23,031,000245,4589,15,4550,15,6,5,12,3203,7,3176,7,3,3,7,401,649,NA,NA,41750,NA,NA,14670,1,1
23031000251,23,031,000251,3220,7,3179,7,8,13,13,2395,4,2369,4,3,7,8,713.99,462.46,NA,4860,4860,NA,NA,03150,1,1
23031000252,23,031,000252,13137,79,12838,79,33,40,139,10054,53,9812,53,14,32,90,2997.25,1941.39,NA,4860,4860,NA,NA,03150,1,1
23031000253,23,031,000253,2329,1,2315,1,0,5,8,1728,1,1718,1,0,3,5,515.14,333.67,NA,4860,4860,NA,NA,03150,1,1
23031000254,23,031,000254,2024,12,1985,12,12,2,13,1796,11,1750,11,11,2,11,203.4,462.14,NA,4860,4860,NA,NA,03150,1,1
23031000260,23,031,000260,2669,11,2638,11,3,9,7,1997,9,1966,9,2,6,5,392,541,NA,NA,1605,NA,NA,02580,1,1
23031000270,23,031,000270,3356,13,3330,13,1,3,9,2716,9,2689,9,1,3,5,307.6,698.86,NA,36710,36745,NA,NA,14764,1,1
23031000280,23,031,000280,8004,45,7873,45,21,14,49,6073,30,5965,30,5,13,30,1110,2465,NA,36500,36535,NA,NA,14764,1,1
23031000290,23,031,000290,2236,3,2217,3,6,4,6,1701,3,1687,3,3,3,2,341,551,NA,NA,730,NA,NA,14670,1,1
23031000301,23,031,000301,4365,49,4190,49,7,14,104,3034,29,2904,29,6,9,57,648.65,713.16,NA,73285,65760,NA,NA,10500,1,1
23031000302,23,031,000302,12984,97,12641,97,20,43,176,9451,54,9193,54,14,31,105,2020.57,2221.53,NA,65725,65760,NA,NA,10500,1,1
23031000303,23,031,000303,3114,34,2993,34,8,4,75,2188,18,2100,18,3,3,46,467.78,514.31,NA,72200,65760,NA,NA,10500,1,1
23031000310,23,031,000310,4263,21,4221,21,7,1,13,2951,11,2912,11,6,1,10,466,733,NA,NA,38425,NA,NA,14700,1,1
23031000320,23,031,000320,5984,23,5875,23,6,14,65,4140,11,4068,11,4,11,35,528,1015,NA,NA,4720,NA,NA,14700,1,1
23031000330,23,031,000330,3804,8,3764,8,5,8,19,2661,6,2631,6,3,5,10,376,771,NA,50290,50325,NA,NA,14700,1,1
23031000340,23,031,000340,8759,33,8669,33,14,7,35,6761,20,6687,20,7,5,22,973,1958,NA,NA,81475,NA,NA,13490,1,1
23031000350,23,031,000350,5877,31,5766,31,27,5,45,4160,21,4070,21,13,5,30,661,1203,NA,NA,70030,NA,NA,11370,1,1
23031000360,23,031,000360,9811,46,9696,46,32,12,25,7476,29,7370,29,17,10,21,1565,2890,NA,10320,87985,NA,NA,14130,1,1
23031000370,23,031,000370,5329,52,5219,52,25,12,20,3886,35,3787,35,12,8,9,713,1363,NA,70660,22955,NA,NA,11370,1,1
23031000380,23,031,000380,9020,130,8673,130,143,14,54,6961,76,6660,76,101,10,38,1399.99,1845.75,NA,37235,37270,NA,NA,07140,1,1
23031032198,23,031,032198,0,0,0,0,0,0,0,0,0,0,0,0,0,0,0,0,NA,NA,NA,NA,NA,14700,1,1
23031038099,23,031,038099,352,11,303,11,27,4,7,363,11,303,11,27,4,7,73.01,96.25,NA,37235,37270,NA,NA,07140,1,1
