GEOID,pop,pop_white,pop_black,pop_hisp,pop_aian,pop_asian,pop_other,vap,vap_white,vap_black,vap_hisp,vap_aian,vap_asian,vap_other,ndv,nrv,ai_an_nh,place,mcd,school_elm,DISTRICT,school,cd_1980,cd_1990
41001009501,2495,31,2428,31,0,33,2,1819,21,1754,21,0,22,1,427.52,570.24,NA,31600,91326,NA,NA,01710,5,3
41001009502,2936,73,2818,73,6,30,9,2117,31,2031,31,5,15,4,497.56,663.66,NA,3650,90204,NA,NA,01710,5,3
41001009503,2641,50,2562,50,3,12,14,1956,28,1880,28,2,12,6,459.72,613.19,NA,3650,90204,NA,NA,01710,5,3
41001009504,2573,54,2498,54,2,12,7,1996,33,1914,33,2,9,5,469.12,625.73,NA,3650,90204,NA,NA,01710,5,3
41001009505,2568,47,2466,47,17,28,10,2004,34,1893,34,17,19,7,471,628.24,NA,3650,90204,NA,NA,01710,5,3
41001009506,2104,21,2057,21,1,22,3,1566,8,1530,8,1,16,3,368.06,490.93,NA,31650,91258,NA,NA,09720,5,3
41003000001,4703,150,4362,150,42,55,93,3453,86,3156,86,21,29,75,938.47,853.7,NA,15800,90680,NA,NA,03480,3,1
41003000002,2082,47,1983,47,8,7,37,1564,26,1476,26,5,4,27,425.07,386.67,NA,15800,90680,NA,NA,03480,4,1
41003000003,2289,21,2202,21,16,10,39,1716,12,1652,12,7,5,28,466.38,424.25,NA,15800,90680,NA,NA,03480,3,5
41003000004,6164,115,5723,115,23,12,285,4584,80,4199,80,12,11,202,1245.86,1133.32,NA,15800,90680,NA,NA,03480,4,1
41003000005,3103,27,2977,27,13,15,67,2253,13,2166,13,7,9,45,612.33,557.02,NA,15800,90680,NA,NA,03480,4,1
41003000006,3588,77,3350,77,30,35,94,2682,48,2486,48,17,24,59,728.93,663.08,NA,15800,90680,NA,NA,03480,4,1
41003000007,1268,50,1093,50,12,10,102,1162,41,969,41,11,8,92,315.81,287.29,NA,15800,90680,NA,NA,03480,4,1
41003000008,7536,240,5976,240,134,58,1124,7202,215,5552,215,119,51,1050,1957.39,1780.58,NA,15800,90680,NA,NA,03480,4,1
41003000009,5057,133,4553,133,50,18,302,3956,90,3489,90,37,15,235,1075.18,978.06,NA,15800,90680,NA,NA,03480,4,1
41003000010,6975,203,6178,203,101,39,450,5521,126,4836,126,67,29,337,1500.52,1364.98,NA,15800,90680,NA,NA,03480,4,1
41003000011,8825,251,7290,251,112,67,1093,8214,204,6677,204,89,52,988,2232.44,2030.78,NA,15800,90680,NA,NA,03480,4,1
41003000101,5767,96,5563,96,13,30,64,4247,58,4065,58,6,24,36,1154.27,1050,NA,52900,92142,NA,NA,01120,4,1
41003000102,3466,77,3308,77,13,30,35,2400,42,2276,42,5,18,17,652.28,593.36,NA,275,92176,NA,NA,09600,3,5
41003000103,3303,39,3205,39,2,32,23,2382,21,2306,21,0,19,15,647.39,588.91,NA,NA,93077,01950,08430,01200,3,5
41003000104,3509,125,3323,125,6,38,16,2613,90,2399,90,4,19,11,710.17,646.02,NA,49600,93009,08400,08430,03480,3,5
41003000105,3176,84,3017,84,5,45,21,2261,42,2135,42,3,28,11,614.5,559,NA,57450,90680,NA,NA,09600,3,5
41005000201,3830,51,3694,51,14,13,57,3004,35,2869,35,11,11,43,774.39,831.08,NA,40550,92261,NA,NA,07230,2,2
41005000202,5654,92,5450,92,12,15,83,4600,73,4371,73,9,13,61,1185.82,1272.63,NA,40550,92261,NA,NA,07230,2,2
41005000206,5430,102,5198,102,24,24,76,3894,56,3702,56,13,17,50,1003.82,1077.31,NA,80150,92261,NA,NA,13170,4,1
41005000207,2784,56,2682,56,8,13,25,1988,31,1893,31,4,13,16,512.48,550,NA,80150,92261,NA,NA,13170,4,1
41005000208,3732,71,3581,71,13,31,36,3192,54,3018,54,9,23,34,822.86,883.09,NA,48650,92261,NA,NA,08830,2,4
41005000209,3709,108,3458,108,43,31,69,2842,57,2635,57,19,19,55,732.63,786.26,NA,48650,92261,NA,NA,08830,2,4
41005000210,4342,57,4137,57,18,13,116,3351,41,3162,41,10,10,87,863.85,927.08,NA,48650,92261,NA,NA,08830,2,4
41005000211,5302,106,4974,106,25,26,166,4006,68,3717,68,19,15,119,1032.7,1108.29,NA,48650,92261,NA,NA,08830,2,4
41005000212,3812,91,3637,91,13,19,51,3219,54,3058,54,6,13,34,829.82,890.56,NA,53900,92261,NA,NA,08830,2,4
41005000213,5546,204,5142,204,19,34,143,4286,128,3902,128,7,22,99,1104.88,1185.76,NA,53900,92261,NA,NA,08830,4,1
41005000214,4305,118,4023,118,27,26,111,3342,66,3093,66,20,20,77,861.52,924.59,NA,54325,92261,NA,NA,08830,4,1
41005000215,4175,115,3931,115,3,14,112,3264,79,3016,79,2,11,77,841.42,903.01,NA,54325,92261,NA,NA,08830,4,4
41005000217,4893,130,4610,130,27,26,100,3903,87,3623,87,13,20,73,1006.14,1079.8,NA,37400,92261,NA,NA,09330,4,1
41005000218,8691,159,8278,159,47,56,143,6661,102,6294,102,24,36,103,1717.12,1842.82,NA,54325,92261,NA,NA,08830,4,1
41005000219,2761,78,2619,78,5,15,43,2062,48,1923,48,4,11,28,531.56,570.47,NA,29000,92261,NA,NA,05610,4,1
41005000220,6203,147,5846,147,31,37,142,4552,77,4264,77,19,19,96,1173.45,1259.35,NA,29000,92261,NA,NA,05610,4,1
41005000223,6802,112,6486,112,30,78,96,4831,66,4588,66,11,45,55,1245.37,1336.54,NA,55200,92261,NA,NA,09330,4,1
41005000224,3898,108,3689,108,14,48,38,2990,64,2794,64,10,29,29,770.78,827.21,NA,55200,92261,NA,NA,09330,4,1
41005000225,6856,151,6555,151,19,42,89,4974,86,4709,86,7,33,53,1282.23,1376.1,NA,55200,92261,NA,NA,09330,4,1
41005000226,8658,139,8361,139,16,53,89,6207,76,5958,76,9,41,47,1600.09,1717.22,NA,55200,92261,02640,02670,09330,4,1
41005000228,3443,78,3318,78,2,22,19,2975,60,2825,60,2,13,15,766.92,823.06,NA,82800,93536,02640,02670,NA,4,1
41005000229,11034,869,9944,869,8,51,155,8469,534,7268,534,4,36,93,2183.2,2343.02,NA,10750,90442,02640,02670,NA,4,1
41005000230,7031,167,6752,167,17,38,57,5061,129,4727,129,13,30,33,1304.66,1400.17,NA,NA,90272,02760,02670,09330,4,1
41005000231,5507,59,5339,59,18,41,50,3982,36,3845,36,13,24,28,1026.51,1101.65,NA,NA,92618,NA,NA,10320,4,1
41005000232,8328,102,8050,102,21,65,89,6014,62,5783,62,13,43,51,1550.33,1663.82,NA,NA,92261,03900,06000,08830,4,4
41005000233,4734,76,4549,76,9,34,66,3513,48,3342,48,3,29,43,905.61,971.9,NA,NA,92788,02250,06000,04700,4,4
41005000235,5914,167,5671,167,16,38,20,4402,101,4155,101,10,24,11,1134.78,1217.85,NA,NA,91088,10890,10920,04700,4,1
41005000236,3655,98,3507,98,12,26,11,2656,52,2514,52,9,21,8,684.68,734.81,NA,NA,91088,03060,08340,04700,4,1
41005000237,4499,126,4312,126,11,21,28,3320,64,3148,64,8,19,17,855.85,918.51,NA,NA,92040,08610,08340,09330,4,1
41005000238,7081,466,6514,466,16,40,44,5319,328,4598,328,7,30,28,1371.17,1471.55,NA,NA,93587,08760,08340,NA,4,1
41005000239,5349,252,5008,252,5,54,30,3770,145,3421,145,2,37,20,971.86,1043,NA,49450,91955,08310,08340,NA,4,1
41005000240,2489,82,2372,82,6,19,10,1751,48,1636,48,3,14,2,451.39,484.43,NA,NA,91955,02550,08340,03270,4,1
41005000241,4586,77,4423,77,2,50,32,3214,51,3068,51,0,31,13,828.53,889.18,NA,NA,90595,08310,08340,03270,4,1
41005000242,5089,191,4723,191,80,56,36,3643,104,3311,104,59,40,25,939.12,1007.87,78650,23800,91088,13140,10920,04700,4,1
41005020301,7857,163,7285,163,62,22,314,6105,110,5604,110,43,16,222,1573.79,1689,NA,40550,92261,NA,NA,07230,2,2
41005020302,3197,57,3012,57,23,22,82,2479,38,2319,38,16,16,52,639.05,685.84,NA,40550,92261,NA,NA,07230,2,2
41005020401,5112,125,4865,125,8,24,86,3758,81,3534,81,6,14,42,968.76,1039.68,NA,40550,92261,NA,NA,07230,2,2
41005020402,7537,104,7209,104,17,17,190,5361,62,5114,62,9,13,101,1382,1483.17,NA,40550,92261,NA,NA,07230,2,2
41005020501,2309,25,2234,25,9,6,35,1664,18,1591,18,4,6,27,428.96,460.36,NA,80150,92261,NA,NA,13170,4,1
41005020502,10156,187,9589,187,76,36,259,7325,110,6881,110,45,25,154,1888.29,2026.52,NA,80150,92261,NA,NA,07230,4,1
41005021601,4221,120,3870,120,43,64,118,3113,71,2822,71,26,46,77,802.49,861.24,NA,NA,92261,NA,NA,08830,2,4
41005021602,4109,100,3815,100,22,35,136,3165,68,2896,68,16,24,93,815.9,875.62,NA,48650,92261,NA,NA,08830,2,4
41005022101,6329,102,6032,102,15,43,136,4683,60,4427,60,12,32,92,1207.22,1295.59,NA,54325,92261,NA,NA,08830,4,1
41005022102,7282,162,6852,162,42,60,160,5578,107,5189,107,27,41,107,1437.94,1543.2,NA,13450,92261,NA,NA,08830,4,1
41005022201,2913,64,2700,64,34,33,82,2528,49,2309,49,25,26,70,651.69,699.39,NA,59000,92261,NA,NA,08830,4,4
41005022202,7470,105,6940,105,45,36,343,5439,64,5035,64,30,26,220,1402.1,1504.75,NA,32050,92261,NA,NA,08830,4,4
41005022701,7429,191,7007,191,41,75,111,5669,125,5257,125,29,59,74,1461.4,1568.38,NA,82800,93536,02640,02670,13170,4,1
41005022702,4553,61,4393,61,17,14,68,3372,47,3205,47,12,12,49,869.26,932.89,NA,74950,92261,NA,NA,13170,4,1
41005023401,4314,120,4095,120,4,46,48,3167,72,2953,72,4,29,37,816.41,876.18,NA,65250,92788,10890,10920,NA,4,4
41005023402,5574,149,5289,149,3,65,66,3981,85,3729,85,2,41,39,1026.25,1101.38,NA,65250,92788,10890,10920,NA,4,4
41005024301,3925,178,3692,178,6,30,19,2966,103,2727,103,6,17,10,764.6,820.57,NA,50235,92023,13140,10920,NA,4,4
41005024302,4441,111,4253,111,9,27,38,3225,57,3063,57,7,18,23,831.36,892.22,NA,50235,92023,10890,10920,04700,4,4
41007009501,2985,50,2829,50,9,39,57,2305,34,2167,34,4,27,39,680.16,529.29,NA,3150,90153,NA,NA,01620,1,2
41007009502,3915,91,3702,91,6,29,87,3109,65,2883,65,6,21,69,917.41,713.91,NA,3150,90153,NA,NA,01620,1,2
41007009503,3708,158,3315,158,60,97,75,2712,89,2362,89,44,69,59,800.26,622.75,NA,3150,90153,NA,NA,01620,1,2
41007009504,3084,31,3004,31,0,25,18,2203,20,2134,20,0,17,12,650.07,505.87,NA,3150,90153,NA,NA,03260,1,2
41007009505,3133,39,2966,39,3,49,76,2255,26,2124,26,2,34,43,665.41,517.81,NA,78900,90153,NA,NA,13080,1,2
41007009506,2402,37,2335,37,2,10,16,1749,21,1686,21,2,8,11,516.1,401.62,NA,78900,90153,NA,NA,07440,1,2
41007009507,1600,15,1573,15,1,7,4,1203,7,1181,7,0,4,4,354.98,276.24,NA,28450,90153,NA,NA,11100,1,2
41007009508,1076,30,1021,30,2,6,17,890,15,838,15,2,4,16,262.62,204.37,NA,65950,92839,NA,NA,11100,1,2
41007009509,3616,58,3484,58,8,37,28,2796,36,2664,36,7,32,21,825.05,642.04,NA,65950,92839,NA,NA,11100,1,2
41007009510,1092,43,1028,43,0,11,9,934,33,858,33,0,6,4,275.61,214.47,NA,10850,92839,NA,NA,11100,1,2
41007009511,1852,25,1803,25,5,7,11,1427,13,1385,13,3,4,9,421.08,327.68,NA,65950,92839,NA,NA,11100,1,2
41007009512,2780,41,2686,41,2,33,15,1979,24,1907,24,2,15,7,583.97,454.43,NA,NA,91445,NA,NA,06750,1,2
41007009513,2014,28,1968,28,1,11,6,1524,17,1478,17,1,6,5,449.7,349.95,NA,78900,90153,NA,NA,13080,1,2
41007950199,0,0,0,0,0,0,0,0,0,0,0,0,0,0,0,0,NA,3150,90153,NA,NA,01620,1,2
41007950399,44,2,42,2,0,0,0,46,2,42,2,0,0,0,13.57,10.56,NA,NA,90153,NA,NA,01620,1,2
41009009701,551,1,545,1,0,4,1,423,1,417,1,0,3,1,123.19,104.48,NA,NA,91819,NA,NA,03260,1,2
41009009702,5406,57,5221,57,4,92,32,3826,39,3674,39,2,54,18,1114.21,945.05,NA,13750,90544,NA,NA,03260,1,2
41009009703,4277,93,4077,93,2,66,35,3078,49,2922,49,1,43,14,896.37,760.29,NA,60850,92601,NA,NA,03265,1,2
41009009704,1983,23,1921,23,0,19,15,1434,12,1390,12,0,13,7,417.61,354.21,NA,NA,91190,NA,NA,03265,1,2
41009009705,4133,68,3981,68,7,54,23,2903,40,2772,40,2,34,15,845.41,717.06,NA,14750,92703,NA,NA,11720,1,2
41009009706,4276,83,4150,83,9,20,13,3208,46,3081,46,7,18,10,934.23,792.4,NA,64600,92703,NA,NA,10980,1,2
41009009707,3709,85,3521,85,1,58,44,2671,49,2506,49,1,39,27,777.85,659.75,NA,64600,92703,NA,NA,11720,1,2
41009009708,3925,60,3775,60,4,40,46,2893,29,2788,29,1,25,21,842.5,714.59,NA,64600,92703,NA,NA,11720,1,2
41009009711,3178,57,3056,57,2,36,26,2205,29,2110,29,1,23,13,642.14,544.65,NA,77250,93332,NA,NA,12930,1,2
41009970998,2754,96,2593,96,5,37,23,2046,58,1885,58,4,25,16,595.84,505.38,NA,65500,92805,NA,NA,10980,1,2
41009971098,3365,61,3227,61,3,59,15,2454,33,2343,33,2,32,11,714.65,606.15,NA,65500,92805,NA,NA,10980,1,2
41011000001,5480,90,5260,90,3,99,28,4206,57,3999,57,2,71,20,1146.75,959.46,15360,40650,92159,NA,NA,08820,3,5
41011000002,2435,30,2334,30,7,48,15,1841,24,1752,24,0,32,9,501.94,419.96,15360,15250,91003,NA,NA,03660,3,5
41011000003,3507,65,3331,65,4,47,60,2706,47,2543,47,2,31,36,737.78,617.28,15360,53000,90629,NA,NA,08820,3,5
41011000004,6129,171,5745,171,32,102,79,4542,96,4205,96,26,71,48,1238.36,1036.1,15360,53000,90629,NA,NA,08820,3,5
41011000005,10223,336,9428,336,34,291,131,7790,183,7118,183,15,191,100,2123.91,1777.02,15360,15250,90629,NA,NA,03660,3,5
41011000006,2576,41,2458,41,2,36,36,2011,22,1916,22,1,24,26,548.29,458.74,15360,15250,90629,NA,NA,03660,3,5
41011000007,7327,170,6868,170,14,176,97,5676,101,5302,101,9,107,56,1547.54,1294.79,15360,15250,90629,NA,NA,03660,3,5
41011000008,2916,41,2770,41,1,89,15,2214,23,2104,23,0,56,8,603.64,505.05,15360,15250,91003,NA,NA,03660,3,5
41011000009,7771,151,7384,151,22,165,49,5893,98,5560,98,10,99,28,1606.7,1344.29,15360,15350,90646,NA,NA,03390,3,5
41011000010,5580,108,5357,108,9,75,27,4447,67,4232,67,5,59,17,1212.46,1014.43,15360,3800,90221,NA,NA,01800,3,5
41011000799,13,0,13,0,0,0,0,13,0,13,0,0,0,0,3.54,2.97,NA,15250,90629,NA,NA,03660,3,5
41011001198,6316,150,5931,150,5,210,19,4585,72,4304,72,2,124,11,1250.08,1045.91,15360,51050,92074,NA,NA,00640,3,5
41011001298,0,0,0,0,0,0,0,0,0,0,0,0,0,0,0,0,15360,NA,91003,NA,NA,03660,3,5
41013009501,4676,98,4478,98,5,73,22,3387,56,3215,56,1,49,10,742.31,1028.04,NA,59850,92363,NA,NA,03720,5,3
41013009502,3574,131,3391,131,3,47,1,2651,74,2474,74,1,27,1,581.01,804.65,NA,59850,92363,NA,NA,03720,5,3
41013009503,4313,133,4108,133,3,52,17,3256,78,3060,78,1,31,8,713.6,988.28,NA,59850,92363,NA,NA,03720,5,3
41013009504,1548,26,1478,26,0,35,7,1173,14,1117,14,0,24,4,257.08,356.04,NA,NA,90765,NA,NA,03720,5,3
41015009501,2881,34,2758,34,7,65,13,2300,21,2193,21,4,51,10,501.9,667.63,15360,59250,92533,01050,05760,10020,3,5
41015009502,4760,101,4512,101,2,113,29,3837,66,3607,66,1,78,19,837.31,1113.78,15360,29900,91207,05730,05760,10020,3,5
41015009503,7216,140,6815,140,20,174,64,5576,79,5263,79,13,96,46,1216.79,1618.56,15360,8650,90357,09810,05760,02310,3,5
41015009504,4470,79,4282,79,2,92,15,3831,45,3669,45,2,59,11,836,1112.03,15360,32100,91275,NA,NA,02310,3,5
41015950598,0,0,0,0,0,0,0,0,0,0,0,0,0,0,0,0,NA,NA,90357,NA,NA,06900,3,3
41017009901,41,0,39,0,0,2,0,27,0,26,0,0,1,0,5.88,7.64,NA,NA,92958,NA,NA,02370,5,3
41017009902,1152,36,1094,36,0,3,19,825,17,776,17,0,2,13,179.55,233.49,NA,NA,92958,NA,NA,01980,5,3
41017009903,2292,20,2221,20,2,38,11,1785,11,1733,11,1,23,6,388.48,505.19,NA,NA,92958,NA,NA,01980,5,3
41017009904,3564,46,3468,46,4,36,10,2803,29,2703,29,1,33,8,610.04,793.3,NA,73225,92958,NA,NA,01980,5,3
41017009905,3913,55,3807,55,0,35,16,2993,26,2909,26,0,19,13,651.39,847.07,NA,73225,92958,NA,NA,01980,5,3
41017009906,2985,51,2885,51,3,33,13,2294,27,2204,27,3,27,6,499.26,649.24,NA,67950,92958,NA,NA,11490,5,3
41017009907,3720,91,3586,91,2,29,10,2782,47,2663,47,1,20,4,605.47,787.36,NA,NA,93247,NA,NA,10350,5,3
41017009908,3781,99,3635,99,0,39,8,2756,61,2596,61,0,33,5,599.81,780,NA,72800,92635,NA,NA,10350,5,3
41017009909,3279,99,3106,99,2,46,24,2427,60,2261,60,1,28,17,528.2,686.88,NA,61200,92635,NA,NA,10350,5,3
41017009910,4056,102,3884,102,2,44,24,2995,56,2841,56,1,29,12,651.82,847.64,NA,61200,92635,NA,NA,10350,5,3
41017009911,4115,60,4024,60,2,22,6,3110,34,3022,34,1,15,4,676.85,880.19,NA,61200,92635,NA,NA,10350,5,3
41017009912,7804,126,7595,126,9,40,32,5767,71,5572,71,5,35,13,1255.11,1632.16,NA,5800,90306,NA,NA,01980,5,3
41017009913,4191,83,4054,83,11,20,22,3215,58,3063,58,4,15,17,699.7,909.9,NA,5800,90306,NA,NA,01980,5,3
41017009914,3293,79,3163,79,9,29,13,2608,56,2466,56,4,19,7,567.6,738.11,NA,5800,90306,NA,NA,01980,5,3
41017009915,3768,124,3564,124,7,36,34,2940,85,2713,85,5,28,24,639.85,832.07,NA,5800,90306,NA,NA,01980,5,3
41017009916,3696,67,3564,67,2,37,26,2860,42,2732,42,2,26,16,622.44,809.43,NA,5800,90306,NA,NA,01980,5,3
41017009917,7080,157,6822,157,7,38,56,5252,88,5013,88,4,26,33,1143.03,1486.41,NA,5800,90306,NA,NA,01980,5,3
41017009918,4350,60,4244,60,5,15,26,3042,36,2945,36,2,10,13,662.05,860.94,NA,5800,90306,NA,NA,01980,5,3
41017009919,4248,95,4045,95,10,39,55,3194,54,3017,54,5,27,37,695.13,903.96,NA,5800,90306,NA,NA,01980,5,3
41017009920,3630,76,3503,76,1,28,21,2855,49,2721,49,1,20,15,621.35,808.02,NA,19020,90306,NA,NA,01980,5,3
41019000400,2296,30,2233,30,0,15,18,1708,18,1646,18,0,13,13,354.06,468.82,15360,84600,91547,NA,NA,13650,3,5
41019000500,8492,247,8079,247,13,112,39,6242,150,5828,150,6,82,26,1293.93,1713.32,15360,71650,90425,NA,NA,11940,3,5
41019000600,3187,55,3096,55,0,22,14,2387,37,2291,37,0,13,9,494.81,655.19,15360,NA,90425,NA,NA,09120,3,5
41019000700,4457,84,4319,84,3,35,16,3371,57,3223,57,3,24,7,698.79,925.28,15360,NA,91853,NA,NA,10710,3,5
41019000800,5711,113,5513,113,7,27,51,4514,77,4302,77,5,21,32,935.73,1239.02,15360,63650,92686,NA,NA,10710,3,5
41019000900,5341,160,5074,160,1,62,40,4238,105,3964,105,1,38,25,878.51,1163.26,15360,63660,92686,NA,NA,10710,3,5
41019001000,3021,82,2804,82,21,89,21,2231,55,2030,55,18,58,15,462.47,612.37,NA,NA,92244,NA,NA,05670,3,5
41019001100,2534,28,2450,28,3,30,21,1875,20,1804,20,1,20,10,388.68,514.66,15360,NA,92244,NA,NA,05670,3,5
41019001200,7169,260,6719,260,20,105,63,5547,187,5032,187,13,79,49,1149.86,1522.56,15360,63650,92686,NA,NA,10710,3,5
41019001300,4958,180,4620,180,17,82,58,3743,103,3427,103,10,64,36,775.9,1027.39,15360,63650,92686,NA,NA,10710,3,5
41019001400,4732,72,4566,72,4,50,38,3601,46,3454,46,2,32,21,746.47,988.41,15360,63650,92686,NA,NA,10710,3,5
41019001500,5076,112,4847,112,8,79,29,3484,59,3293,59,3,52,18,722.21,956.3,NA,30750,92686,NA,NA,10710,3,5
41019001600,5397,138,5125,138,9,91,33,3885,69,3668,69,4,56,19,805.34,1066.37,NA,83400,93179,NA,NA,13490,3,5
41019001700,3587,24,3489,24,1,62,11,2612,17,2527,17,1,45,5,541.45,716.95,15360,NA,93179,NA,NA,13490,3,5
41019001800,4579,107,4383,107,2,63,23,3281,49,3129,49,0,42,12,680.13,900.58,15360,50950,92057,NA,NA,11610,3,5
41019001900,3853,78,3637,78,2,97,39,2731,43,2560,43,1,64,20,566.12,749.61,15360,74650,92057,NA,NA,11610,3,5
41019002000,4680,90,4432,90,8,123,24,3440,43,3249,43,5,85,15,713.09,944.22,15360,11000,92057,NA,NA,11610,3,5
41019010098,2612,59,2484,59,2,56,8,2019,38,1903,38,1,36,3,418.53,554.18,15360,61300,92652,NA,NA,10410,3,5
41019020098,4454,76,4257,76,2,76,43,3355,54,3179,54,1,42,25,695.47,920.89,15360,61300,92652,NA,NA,10410,3,5
41019030098,4093,79,3937,79,4,58,15,2985,40,2854,40,3,39,9,618.77,819.33,15360,20500,91054,NA,NA,04350,3,5
41019210098,4420,151,4132,151,13,94,25,3269,78,3032,78,6,60,15,677.65,897.29,15360,29350,93060,NA,NA,05640,3,5
41019220098,0,0,0,0,0,0,0,0,0,0,0,0,0,0,0,0,15360,NA,92652,NA,NA,10410,3,5
41019230087,0,0,0,0,0,0,0,0,0,0,0,0,0,0,0,0,15360,NA,91054,NA,NA,10410,3,5
41019230088,0,0,0,0,0,0,0,0,0,0,0,0,0,0,0,0,15360,NA,92652,NA,NA,10410,3,5
41019230089,0,0,0,0,0,0,0,0,0,0,0,0,0,0,0,0,15360,NA,92652,NA,NA,10410,3,5
41019230090,0,0,0,0,0,0,0,0,0,0,0,0,0,0,0,0,15360,NA,92652,NA,NA,10410,3,5
41019230091,0,0,0,0,0,0,0,0,0,0,0,0,0,0,0,0,15360,NA,92652,NA,NA,10410,3,5
41019230092,0,0,0,0,0,0,0,0,0,0,0,0,0,0,0,0,15360,NA,92652,NA,NA,10410,3,5
41019230093,0,0,0,0,0,0,0,0,0,0,0,0,0,0,0,0,15360,NA,92652,NA,NA,10410,3,5
41019230094,0,0,0,0,0,0,0,0,0,0,0,0,0,0,0,0,15360,NA,92652,NA,NA,10410,3,5
41019230095,0,0,0,0,0,0,0,0,0,0,0,0,0,0,0,0,15360,NA,92652,NA,NA,10410,3,5
41019230096,0,0,0,0,0,0,0,0,0,0,0,0,0,0,0,0,15360,NA,92652,NA,NA,10410,3,5
41019230097,0,0,0,0,0,0,0,0,0,0,0,0,0,0,0,0,15360,NA,92652,NA,NA,10410,3,5
41019230098,0,0,0,0,0,0,0,0,0,0,0,0,0,0,0,0,15360,NA,92652,NA,NA,10410,3,5
41019240098,0,0,0,0,0,0,0,0,0,0,0,0,0,0,0,0,15360,NA,90425,NA,NA,10410,3,5
41019250098,0,0,0,0,0,0,0,0,0,0,0,0,0,0,0,0,NA,NA,90425,NA,NA,09120,3,5
41019260098,0,0,0,0,0,0,0,0,0,0,0,0,0,0,0,0,NA,NA,93179,NA,NA,00640,3,5
41021009601,1717,30,1668,30,0,10,9,1273,17,1229,17,0,5,5,376,502,78650,15000,90612,NA,NA,03330,5,3
41023009601,2582,55,2492,55,5,24,6,1949,43,1840,43,2,17,4,396.96,674.53,NA,59650,92584,NA,NA,10110,5,3
41023009602,5271,97,5103,97,1,62,8,3879,61,3706,61,1,44,6,790.04,1342.47,NA,37550,91462,NA,NA,06780,5,3
41025009801,5240,165,4796,165,2,241,34,3910,109,3522,109,1,145,24,849.22,1379.52,9825,9800,90391,11910,03630,02490,5,3
41025009802,1820,56,1748,56,0,11,5,1325,41,1234,41,0,5,4,287.78,467.48,9825,NA,90918,03600,03630,02490,5,3
41027009501,3555,574,2826,574,3,65,81,2921,385,2032,385,2,49,68,620.97,694,NA,11600,92431,NA,NA,06510,5,3
41027009502,4700,575,3989,575,5,31,92,3806,359,2992,359,2,21,73,809.1,904.26,NA,34900,91343,NA,NA,06510,5,3
41027009503,4267,450,3703,450,12,47,52,3442,269,2822,269,8,31,43,731.72,817.78,NA,34900,91343,NA,NA,06510,5,3
41027009504,4381,1153,3110,1153,16,43,59,3830,715,2311,715,11,29,49,814.21,909.96,78650,34900,92380,NA,NA,06510,5,3
41029000001,1809,286,1432,286,4,25,62,1512,171,1111,171,2,16,41,309.77,418.53,15360,47000,91836,NA,NA,08040,5,3
41029000002,10246,906,9038,906,57,177,60,7867,502,6674,502,35,118,36,1611.75,2177.61,15360,47000,91836,NA,NA,08040,5,3
41029000003,3794,156,3558,156,1,55,24,3006,92,2760,92,1,45,16,615.85,832.07,15360,47000,91836,NA,NA,08040,5,3
41029000004,11695,321,11094,321,15,80,184,8791,186,8245,186,10,57,107,1801.05,2433.37,15360,47000,91836,NA,NA,08040,5,3
41029000005,7106,235,6656,235,23,87,102,5717,135,5300,135,14,70,63,1171.27,1582.48,15360,47000,91836,NA,NA,08040,5,3
41029000006,8479,291,8074,291,9,48,57,6902,187,6454,187,3,34,37,1414.05,1910.49,15360,47000,91836,NA,NA,08040,5,3
41029000007,4945,350,4475,350,3,67,45,3793,195,3333,195,0,45,25,777.09,1049.91,15360,47000,91836,NA,NA,08040,5,3
41029000008,3956,141,3721,141,13,51,27,3092,88,2857,88,3,37,19,633.47,855.87,15360,47000,91836,NA,NA,08040,5,3
41029000009,4239,118,4026,118,7,51,33,3156,65,2971,65,4,31,20,646.58,873.59,NA,12400,91836,NA,NA,02940,5,3
41029000010,6363,203,6033,203,4,46,74,4686,111,4380,111,0,39,45,960.04,1297.1,15360,12400,91836,NA,NA,02940,5,3
41029000011,3280,97,3127,97,1,43,10,2523,64,2360,64,1,27,7,516.9,698.37,15360,12400,91836,NA,NA,02940,5,3
41029000012,1909,70,1788,70,0,36,15,1397,35,1291,35,0,22,14,286.21,386.69,15360,47000,91836,NA,NA,08040,5,3
41029000013,9648,542,8878,542,30,139,56,6903,284,6190,284,24,87,34,1414.25,1910.77,15360,81450,91836,NA,NA,04500,5,3
41029000014,5006,184,4687,184,7,85,40,3546,93,3281,93,3,52,24,726.49,981.54,15360,21550,90952,NA,NA,04500,5,3
41029000015,3705,109,3557,109,1,29,9,2928,57,2785,57,1,20,8,599.87,810.48,NA,37000,91836,NA,NA,08040,5,3
41029000016,7866,331,7324,331,19,111,79,6342,191,5820,191,5,85,50,1299.32,1755.48,15360,57500,91836,NA,NA,09630,5,3
41029000017,4613,341,4186,341,8,55,18,3703,195,3254,195,2,44,13,758.65,1025,15360,72500,90119,NA,NA,09630,5,3
41029000018,4852,100,4601,100,14,55,81,3707,79,3444,79,9,39,57,759.47,1026.11,15360,3050,90119,NA,NA,01560,5,3
41029000019,2740,81,2483,81,23,26,122,2431,64,2148,64,15,20,120,498.05,672.91,15360,3050,90119,NA,NA,01560,5,3
41029000020,2059,81,1928,81,15,14,21,1704,48,1569,48,9,9,21,349.11,471.67,15360,3050,90119,NA,NA,01560,5,3
41029000021,2924,56,2781,56,4,39,43,2250,36,2116,36,3,27,32,460.97,622.81,15360,3050,90119,NA,NA,01560,5,3
41029000022,4375,75,4190,75,17,18,72,3505,51,3323,51,13,13,54,718.09,970.19,15360,3050,90119,NA,NA,01560,5,3
41029000023,1484,35,1423,35,1,19,6,1119,16,1065,16,0,16,6,229.25,309.74,NA,NA,93094,NA,NA,09630,5,3
41029000024,1599,113,1459,113,6,13,8,1288,87,1103,87,2,6,3,263.88,356.52,NA,3050,90119,NA,NA,01560,5,3
41029000025,1946,45,1880,45,3,7,11,1478,28,1409,28,0,7,6,302.8,409.11,NA,3050,93026,NA,NA,01560,5,3
41029000026,2345,74,2212,74,1,56,2,1742,39,1615,39,1,46,2,356.89,482.19,NA,10050,90408,NA,NA,02580,5,3
41029000027,4851,95,4651,95,5,78,21,3638,56,3458,56,3,52,13,745.33,1007.01,15360,66550,92873,NA,NA,04500,5,3
41029000028,3884,106,3692,106,9,51,26,2949,65,2764,65,3,41,11,604.18,816.29,15360,29950,92771,NA,NA,02940,3,3
41029000029,6109,218,5787,218,12,64,28,4865,125,4546,125,5,45,19,996.72,1346.65,15360,63450,92278,NA,NA,10680,3,3
41029000030,8562,189,8216,189,7,97,50,6573,112,6242,112,3,73,31,1346.64,1819.43,15360,63450,93094,NA,NA,08040,5,3
41029003198,0,0,0,0,0,0,0,0,0,0,0,0,0,0,0,0,NA,NA,92278,NA,NA,05640,3,3
41031009601,1237,96,1075,96,4,60,2,944,58,791,58,3,32,2,182.82,239.71,NA,NA,91751,NA,NA,06740,5,3
41031009602,6218,953,4964,953,10,245,43,4863,511,3659,511,6,142,34,941.81,1234.87,NA,45250,91751,NA,NA,06740,5,3
41031009603,3821,278,3466,278,4,60,12,2998,164,2625,164,3,33,9,580.62,761.29,NA,47750,90782,NA,NA,03840,5,3
41031009604,2400,121,85,121,2,2186,5,1367,47,77,47,1,1190,5,264.75,347.13,78650,78600,93383,NA,NA,06740,5,3
41033003601,1422,55,1322,55,8,33,4,1037,34,938,34,5,23,3,200.72,316.6,NA,NA,92295,NA,NA,06900,3,5
41033003603,4430,108,4127,108,7,160,26,3325,56,3093,56,1,103,16,643.57,1015.13,NA,NA,92295,NA,NA,06900,3,5
41033003604,3243,86,3115,86,3,19,20,2546,63,2388,63,2,16,14,492.79,777.3,NA,30550,91241,NA,NA,06900,3,5
41033003605,4597,101,4390,101,7,25,73,3650,63,3441,63,7,20,56,706.47,1114.35,NA,30550,91241,NA,NA,05910,5,3
41033003606,5098,151,4815,151,11,42,78,3960,90,3691,90,5,32,52,766.47,1209,NA,30550,91241,NA,NA,05910,5,3
41033003607,8100,224,7698,224,21,104,52,6259,130,5873,130,11,74,41,1211.45,1910.88,NA,30550,91241,NA,NA,05910,5,3
41033003608,4104,129,3904,129,13,39,18,3253,83,3036,83,7,31,13,629.63,993.15,NA,NA,91241,NA,NA,06900,5,3
41033003609,2744,73,2630,73,1,31,9,2127,46,2003,46,1,24,7,411.69,649.38,NA,NA,93485,NA,NA,06900,5,3
41033003610,4300,125,4111,125,6,33,25,3362,73,3174,73,1,27,14,650.73,1026.42,NA,61250,91241,NA,NA,06900,5,3
41033003611,3714,96,3557,96,14,30,15,2922,54,2779,54,6,19,10,565.56,892.09,NA,61250,91241,NA,NA,05910,5,3
41033003612,4902,188,4606,188,3,63,39,3810,109,3521,109,3,41,27,737.44,1163.2,NA,32075,91241,NA,NA,05910,5,3
41033003613,5694,142,5450,142,5,68,28,4458,88,4210,88,4,48,20,862.86,1361.04,NA,NA,91241,NA,NA,06900,5,3
41033003614,2713,55,2606,55,4,35,9,2035,33,1936,33,4,23,6,393.88,621.29,NA,NA,93519,NA,NA,06900,5,3
41033003616,6217,173,5906,173,6,97,31,4731,103,4423,103,5,73,24,915.7,1444.38,NA,11850,90493,NA,NA,06900,5,3
41033361598,1371,43,1284,43,14,23,7,1018,27,932,27,8,19,5,197.04,310.8,NA,NA,93485,NA,NA,06900,5,3
41035009701,2384,41,2273,41,3,58,9,1754,23,1663,23,3,37,5,310.61,532.58,NA,NA,90731,07020,NA,NA,5,3
41035009702,3784,151,2970,151,1,641,19,2796,92,2219,92,0,381,12,495.14,848.97,39810,13050,90527,07020,07080,NA,5,3
41035009703,2550,49,2413,49,1,63,24,1905,23,1803,23,1,39,16,337.35,578.43,39810,NA,91564,07020,07080,NA,5,3
41035009704,1170,75,1064,75,1,19,11,817,43,716,43,1,10,4,144.68,248.07,NA,7300,92499,07020,07080,NA,5,3
41035009705,1504,48,1393,48,21,31,11,1104,31,1000,31,13,18,11,195.5,335.22,NA,7300,91649,07020,NA,NA,5,3
41035009706,1456,321,1111,321,0,16,8,1217,197,810,197,0,9,4,215.52,369.53,NA,45400,91785,07020,NA,NA,5,3
41035009707,2016,256,1729,256,2,19,9,1593,151,1269,151,2,14,6,282.1,483.69,NA,47700,91870,07020,NA,NA,5,3
41035009708,1661,45,1558,45,1,48,9,1285,26,1199,26,1,29,4,227.56,390.17,39810,39700,91581,07020,07080,NA,5,3
41035009709,3386,150,3086,150,22,104,23,2561,87,2294,87,14,63,16,453.52,777.61,39810,39700,91581,07020,07080,NA,5,3
41035009710,2088,47,2002,47,3,26,10,1548,27,1468,27,3,17,6,274.13,470.03,39810,39700,91581,07020,07080,NA,5,3
41035009711,4308,171,3966,171,18,109,44,3296,98,2990,98,11,71,28,583.68,1000.79,39810,1850,91581,07020,07080,NA,5,3
41035009712,2640,132,2342,132,15,130,21,2042,80,1789,80,8,71,14,361.61,620.03,39810,1850,91581,07020,07080,NA,5,3
41035009713,4582,148,4269,148,20,113,25,3497,85,3225,85,18,69,15,619.28,1061.82,39810,1850,91581,07020,07080,NA,5,3
41035009714,4538,174,4224,174,35,75,28,3300,86,3045,86,21,45,17,584.39,1002,39810,1850,91581,07020,07080,NA,5,3
41035009715,4082,209,3669,209,35,155,14,3074,118,2704,118,24,99,11,544.37,933.38,39810,1850,91581,07020,07080,NA,5,3
41035009716,2912,276,2435,276,46,119,35,2379,162,1916,162,31,80,28,421.29,722.35,39810,39700,91581,07050,07080,NA,5,3
41035009717,2886,248,2464,248,32,127,14,2362,146,1966,146,20,75,9,418.28,717.19,39810,39700,91581,07050,07080,NA,5,3
41035009718,2511,158,2178,158,39,115,20,1966,80,1693,80,24,73,16,348.15,596.95,39810,39700,91581,07050,07080,NA,5,3
41035009719,3483,178,3051,178,35,171,47,2625,100,2274,100,18,94,39,464.85,797.05,39810,39700,91581,07050,07080,NA,5,3
41035009720,3761,107,3507,107,22,63,61,2925,68,2683,68,17,36,53,517.98,888.14,39810,39700,91581,07050,07080,NA,5,3
41037009601,2098,74,1971,74,2,42,7,1556,48,1423,48,2,29,6,340.88,598.01,NA,56250,92924,NA,NA,11400,5,3
41037009602,5088,196,4718,196,3,136,34,3739,83,3476,83,2,72,23,819.12,1436.99,NA,40700,91632,NA,NA,07280,5,3
41039000001,4929,82,4732,82,16,37,58,3807,48,3634,48,9,29,39,1052.66,865.55,NA,NA,91717,NA,NA,07980,3,5
41039000002,4583,87,4429,87,2,37,28,3448,49,3303,49,0,29,18,953.39,783.93,NA,NA,91802,NA,NA,07740,3,5
41039000003,2051,33,1982,33,0,16,20,1566,21,1503,21,0,10,11,433.01,356.04,NA,14400,90578,13560,06210,04740,3,5
41039000011,6209,164,5915,164,21,71,36,4528,83,4283,83,8,49,22,1252.02,1029.47,15360,16950,90748,NA,NA,03690,3,5
41039000012,7136,161,6836,161,15,75,46,5327,97,5044,97,10,54,25,1472.95,1211.13,15360,15950,90697,NA,NA,11580,3,5
41039000013,6880,115,6607,115,15,75,62,5084,77,4839,77,7,51,33,1405.75,1155.88,15360,15950,90697,NA,NA,11580,3,5
41039000015,4578,176,4275,176,20,84,21,3391,93,3133,93,9,52,11,937.63,770.97,NA,54100,92346,NA,NA,09150,3,5
41039000016,4570,78,4403,78,7,51,29,3231,50,3079,50,3,34,15,893.39,734.59,NA,44050,91700,NA,NA,07590,3,5
41039000017,5350,77,5179,77,8,51,34,4020,46,3866,46,2,37,23,1111.55,913.98,15360,NA,92482,NA,NA,09870,3,5
41039000022,4941,69,4753,69,12,21,85,3768,45,3588,45,9,18,63,1041.87,856.68,NA,23850,91105,NA,NA,04740,3,5
41039000023,5676,78,5453,78,20,63,53,4157,44,3995,44,10,35,29,1149.43,945.12,NA,65400,91105,NA,NA,04740,3,5
41039000026,3952,85,3730,85,30,51,49,2926,51,2749,51,17,28,30,809.06,665.25,15360,23850,91105,NA,NA,02040,3,5
41039000027,3069,88,2892,88,24,36,25,2272,49,2123,49,9,22,20,628.22,516.56,15360,62300,91105,NA,NA,04740,3,5
41039000028,3806,123,3554,123,38,49,40,2895,76,2661,76,17,33,32,800.48,658.2,15360,62300,91105,NA,NA,04740,3,5
41039000030,3981,57,3792,57,46,20,64,3198,39,3035,39,22,14,49,884.26,727.09,15360,23850,91105,NA,NA,04740,3,5
41039000032,6676,234,6147,234,51,78,164,5082,145,4596,145,29,64,103,1405.2,1155.43,15360,69600,91105,NA,NA,11670,3,5
41039000033,6542,197,6080,197,49,116,100,5048,127,4620,127,26,77,71,1395.8,1147.7,15360,69600,91105,NA,NA,11670,3,5
41039000034,4821,173,4471,173,32,87,54,3588,104,3276,104,19,56,29,992.1,815.76,15360,69600,91105,NA,NA,11670,3,5
41039000035,2337,36,2247,36,10,31,11,1807,22,1724,22,8,23,8,499.65,410.83,15360,69600,91105,NA,NA,11670,3,5
41039000036,3222,49,3053,49,22,39,59,2619,40,2459,40,13,28,39,724.17,595.45,15360,23850,91105,NA,NA,04740,3,5
41039000037,3489,127,2799,127,49,39,470,3357,113,2595,113,48,30,458,928.23,763.24,15360,23850,91105,NA,NA,04740,3,5
41039000038,5686,152,4761,152,89,29,646,5723,147,4681,147,86,25,637,1582.44,1301.16,15360,23850,91105,NA,NA,04740,3,5
41039000039,2364,78,2143,78,56,43,40,2283,73,2011,73,50,36,40,631.26,519.06,15360,23850,91105,NA,NA,04740,3,5
41039000040,2421,110,2193,110,54,24,38,2076,70,1860,70,30,14,32,574.03,471.99,15360,23850,91105,NA,NA,04740,3,5
41039000041,3714,113,3478,113,32,36,55,2734,54,2552,54,15,27,32,755.97,621.59,15360,62300,91105,NA,NA,04740,3,5
41039000042,3782,358,3164,358,117,61,76,3255,271,2549,271,65,46,53,900.03,740.05,15360,23850,91105,NA,NA,04740,3,5
41039000043,5080,102,4799,102,51,85,38,3913,67,3672,67,33,48,26,1081.97,889.65,15360,23850,91105,NA,NA,02040,3,5
41039000045,5267,153,4816,153,78,67,141,4617,117,4155,117,59,47,122,1276.63,1049.71,15360,23850,91105,NA,NA,04740,3,5
41039000046,2836,92,2601,92,55,23,63,2196,51,2002,51,32,18,42,607.21,499.28,15360,23850,91105,NA,NA,04740,3,5
41039000047,3525,98,3284,98,45,14,83,2930,62,2705,62,26,12,63,810.16,666.16,15360,23850,91105,NA,NA,04740,3,5
41039000048,4168,122,3705,122,50,19,267,3633,96,3143,96,41,13,244,1004.54,825.99,15360,23850,91105,NA,NA,04740,3,5
41039000049,4199,76,3933,76,36,13,138,3532,51,3279,51,26,12,113,976.62,803.02,15360,23850,91105,NA,NA,04740,3,5
41039000050,4907,108,4590,108,43,29,129,3699,74,3416,74,28,16,91,1022.79,840.99,15360,23850,91105,NA,NA,04740,3,5
41039000051,3244,85,3024,85,39,21,74,2677,51,2482,51,18,19,56,740.21,608.63,15360,23850,91105,NA,NA,04740,3,5
41039000052,2039,36,1927,36,25,8,37,1601,21,1516,21,12,6,25,442.69,364,15360,23850,91105,NA,NA,04740,3,5
41039000053,2534,50,2395,50,23,14,52,1978,27,1857,27,16,5,46,546.93,449.71,15360,23850,91105,NA,NA,04740,3,5
41039000054,4866,89,4612,89,38,19,108,3767,61,3531,61,27,12,75,1041.6,856.45,15360,23850,91105,NA,NA,04740,3,5
41039000401,7168,127,6934,127,21,56,29,5328,70,5119,70,9,39,21,1473.22,1211.36,NA,38000,91513,06180,06210,06930,3,5
41039000402,3172,64,3056,64,5,33,14,2342,43,2217,43,3,28,8,647.58,532.47,NA,NA,91513,08400,08430,06930,3,5
41039000598,2461,70,2322,70,3,46,20,1763,35,1650,35,0,32,11,487.48,400.83,15360,NA,91887,NA,NA,07710,3,5
41039000703,4184,58,4038,58,4,66,18,3281,36,3157,36,1,38,13,907.21,745.96,15360,26050,92227,NA,NA,05100,3,5
41039000704,4047,114,3783,114,3,104,41,3351,79,3112,79,1,57,23,926.57,761.87,15360,26050,92227,NA,NA,05100,3,5
41039000798,2400,35,2305,35,5,39,12,1897,19,1827,19,1,22,9,524.53,431.3,15360,21150,93043,NA,NA,05100,3,5
41039000898,1449,11,1399,11,6,30,3,1070,9,1022,9,5,23,2,295.86,243.27,15360,NA,93298,NA,NA,03780,3,5
41039000901,5754,103,5498,103,23,90,35,4082,60,3881,60,12,53,16,1128.7,928.07,15360,77050,90187,NA,NA,04950,3,5
41039000902,4719,70,4546,70,13,58,29,3459,45,3309,45,8,39,13,956.43,786.43,15360,77050,90187,NA,NA,04950,3,5
41039001001,2201,35,2123,35,7,21,15,1738,22,1662,22,5,16,11,480.57,395.15,NA,23850,91105,NA,NA,02040,3,5
41039001002,3748,73,3588,73,13,20,49,2858,49,2700,49,12,16,32,790.25,649.79,15360,23850,91105,NA,NA,04740,3,5
41039001498,2263,23,2190,23,1,39,10,1646,15,1586,15,0,24,6,455.13,374.23,15360,NA,90697,NA,NA,11580,3,5
41039001801,2170,59,2080,59,3,17,9,1598,39,1498,39,2,14,6,441.86,363.32,15360,69600,91105,NA,NA,11670,3,5
41039001803,3625,59,3461,59,9,40,55,2475,45,2330,45,4,26,25,684.35,562.71,15360,69600,91105,NA,NA,11670,3,5
41039001804,2925,73,2792,73,8,13,36,1972,39,1857,39,2,10,25,545.27,448.35,15360,69600,91105,NA,NA,11670,3,5
41039001901,6966,150,6604,150,30,116,66,5062,88,4757,88,16,72,41,1399.67,1150.88,15360,69600,91105,NA,NA,11670,3,5
41039001902,4447,159,4144,159,24,83,29,3103,85,2849,85,8,60,16,858,705.49,15360,69600,91105,NA,NA,11670,3,5
41039002001,2351,34,2268,34,1,25,23,1834,20,1758,20,1,20,15,507.11,416.97,NA,53525,91105,NA,NA,11670,3,5
41039002002,3792,88,3595,88,21,29,59,2938,56,2750,56,6,24,46,812.37,667.97,15360,69600,91105,NA,NA,11670,3,5
41039002101,2824,39,2727,39,6,32,20,2154,31,2052,31,3,20,17,595.59,489.73,NA,53525,91105,NA,NA,11670,3,5
41039002102,4720,165,4334,165,61,58,99,3749,101,3382,101,38,47,80,1036.62,852.36,15360,69600,91105,NA,NA,11670,3,5
41039002401,1893,44,1812,44,10,2,23,1383,26,1311,26,7,2,11,382.41,314.43,NA,65400,91105,NA,NA,04740,3,5
41039002402,5909,100,5688,100,29,46,45,4368,49,4205,49,12,30,23,1207.78,993.1,NA,65400,91105,NA,NA,04740,3,5
41039002501,3598,90,3403,90,29,38,36,2482,45,2327,45,18,24,23,686.29,564.3,NA,23850,91105,NA,NA,02040,3,5
41039002502,4194,108,3954,108,50,35,45,3264,65,3063,65,22,19,30,902.51,742.09,NA,23850,91105,NA,NA,02040,3,5
41039002901,3059,48,2951,48,13,6,40,2434,31,2332,31,7,6,27,673.01,553.39,15360,23850,91105,NA,NA,04740,3,5
41039002902,3589,98,3350,98,19,24,91,2668,50,2480,50,11,17,60,737.72,606.59,15360,23850,91105,NA,NA,04740,3,5
41039003101,4141,86,3912,86,41,36,64,3146,49,2962,49,24,23,39,869.89,715.27,15360,23850,91105,NA,NA,04740,3,5
41039003102,3207,60,3010,60,29,27,81,2362,34,2215,34,17,15,47,653.11,537.02,15360,23850,91105,NA,NA,04740,3,5
41039004401,5245,189,4693,189,95,64,201,3824,104,3388,104,55,33,140,1057.36,869.41,15360,23850,91105,NA,NA,04740,3,5
41039004402,6020,110,5659,110,52,19,177,4526,69,4230,69,33,11,114,1251.46,1029.02,15360,23850,91105,NA,NA,04740,3,5
41039004403,5241,199,4418,199,88,73,452,4102,139,3386,139,53,52,333,1134.23,932.62,15360,23850,91105,NA,NA,04740,3,5
41039005596,0,0,0,0,0,0,0,0,0,0,0,0,0,0,0,0,15360,NA,93298,NA,NA,03780,3,5
41039005597,0,0,0,0,0,0,0,0,0,0,0,0,0,0,0,0,15360,NA,93298,NA,NA,04950,3,5
41039005598,0,0,0,0,0,0,0,0,0,0,0,0,0,0,0,0,15360,NA,93298,NA,NA,04950,3,5
41039005689,0,0,0,0,0,0,0,0,0,0,0,0,0,0,0,0,15360,NA,91887,NA,NA,07710,3,5
41039005690,0,0,0,0,0,0,0,0,0,0,0,0,0,0,0,0,15360,NA,91887,NA,NA,07710,3,5
41039005691,0,0,0,0,0,0,0,0,0,0,0,0,0,0,0,0,15360,NA,91887,NA,NA,07710,3,5
41039005692,0,0,0,0,0,0,0,0,0,0,0,0,0,0,0,0,15360,NA,91887,NA,NA,07710,3,5
41039005693,0,0,0,0,0,0,0,0,0,0,0,0,0,0,0,0,15360,NA,91887,NA,NA,07710,3,5
41039005694,0,0,0,0,0,0,0,0,0,0,0,0,0,0,0,0,15360,NA,91887,NA,NA,07710,3,5
41039005695,0,0,0,0,0,0,0,0,0,0,0,0,0,0,0,0,15360,NA,91887,NA,NA,05100,3,5
41039005696,0,0,0,0,0,0,0,0,0,0,0,0,0,0,0,0,15360,NA,91887,NA,NA,05100,3,5
41039005697,0,0,0,0,0,0,0,0,0,0,0,0,0,0,0,0,15360,NA,91887,NA,NA,05100,3,5
41039005698,0,0,0,0,0,0,0,0,0,0,0,0,0,0,0,0,15360,NA,91887,NA,NA,05100,3,5
41041009501,2458,35,2379,35,1,34,9,1938,23,1861,23,1,25,5,570.13,453.3,NA,63800,90867,NA,NA,07500,1,1
41041009502,1083,15,1044,15,2,10,12,908,12,869,12,2,5,8,267.12,212.38,NA,42600,90867,NA,NA,07500,1,1
41041009503,2762,53,2625,53,1,36,47,2209,27,2097,27,1,26,31,649.85,516.69,NA,42600,90867,NA,NA,07500,1,1
41041009504,1911,38,1828,38,6,16,20,1524,24,1443,24,3,12,18,448.34,356.47,NA,42600,90867,NA,NA,07500,1,1
41041009505,1391,24,1333,24,2,19,10,1091,12,1047,12,1,11,8,320.95,255.19,NA,42600,90867,NA,NA,07500,1,1
41041009506,1610,22,1558,22,9,13,8,1382,16,1336,16,2,8,4,406.56,323.25,NA,42550,90884,NA,NA,07500,1,1
41041009507,1446,11,1406,11,0,11,17,1206,7,1172,7,0,11,9,354.79,282.09,NA,18850,90884,NA,NA,07500,1,1
41041009508,1969,44,1880,44,0,26,19,1539,26,1463,26,0,16,8,452.75,359.98,NA,52450,90034,NA,NA,07500,1,1
41041009509,3161,35,3032,35,5,52,36,2279,26,2170,26,3,32,22,670.45,533.06,NA,52450,90034,NA,NA,07500,1,1
41041009510,2110,62,1963,62,13,41,31,1678,47,1525,47,7,27,25,493.64,392.49,NA,52450,90034,NA,NA,07500,1,1
41041009511,1807,34,1715,34,1,32,25,1501,30,1406,30,1,20,14,441.57,351.09,NA,52450,90034,NA,NA,07500,1,1
41041009512,1877,24,1796,24,1,46,10,1460,15,1390,15,0,32,8,429.51,341.5,NA,52450,90034,NA,NA,07500,1,1
41041009513,2491,36,2363,36,1,79,11,1834,20,1737,20,1,51,5,539.53,428.98,NA,74000,93230,NA,NA,07500,1,1
41041009514,2770,50,2647,50,3,53,17,1938,31,1835,31,0,30,11,570.13,453.3,NA,74000,93230,NA,NA,07500,1,1
41041009515,1981,23,1924,23,1,21,12,1618,17,1563,17,0,14,7,475.99,378.46,NA,78000,93349,NA,NA,07500,1,1
41041009516,3069,31,2937,31,1,70,30,2393,18,2290,18,1,44,22,703.98,559.73,NA,78000,93349,NA,NA,07500,1,1
41041009517,1606,16,1567,16,2,17,3,1344,13,1302,13,1,13,2,395.38,314.37,NA,84200,93349,NA,NA,07500,1,1
41041009518,3387,45,2965,45,14,350,12,2350,27,2090,27,3,199,4,691.33,549.67,67525,67500,92907,NA,NA,07500,1,1
41043000202,1549,32,1480,32,3,11,21,1189,20,1122,20,3,9,15,278.99,300.4,NA,1000,90068,NA,NA,01120,4,5
41043000203,5094,96,4897,96,10,36,54,3876,60,3692,60,5,29,30,909.48,979.28,NA,1000,90068,NA,NA,01120,4,5
41043000204,3975,192,3679,192,21,55,26,3038,105,2761,105,10,38,19,712.85,767.56,NA,1000,90068,NA,NA,01120,4,5
41043000205,2576,77,2445,77,2,25,27,2173,58,2014,58,2,22,19,509.88,549.01,NA,1000,90068,NA,NA,01120,4,5
41043000206,4840,88,4614,88,8,36,94,3663,53,3478,53,7,23,49,859.5,925.47,NA,1000,90068,NA,NA,01120,4,5
41043000207,4569,110,4342,110,17,32,63,3249,69,3042,69,8,27,34,762.36,820.87,NA,1000,90068,NA,NA,01120,4,5
41043000208,6820,246,6364,246,34,99,76,5065,153,4625,153,17,65,52,1188.48,1279.69,NA,1000,90068,NA,NA,01120,4,5
41043000301,5596,99,5365,99,5,89,33,4133,62,3933,62,3,58,15,969.79,1044.21,NA,65650,92822,07170,07380,11040,4,5
41043000303,2606,38,2536,38,0,24,8,1947,28,1873,28,0,13,5,456.85,491.91,NA,71950,90986,00002,07380,11970,3,5
41043000305,3768,72,3627,72,9,43,17,2724,41,2600,41,6,28,8,639.17,688.23,NA,9050,90374,06180,06210,02910,3,5
41043000306,4971,153,4727,153,8,56,21,3579,87,3349,87,4,39,13,839.79,904.24,NA,31750,91292,06180,06210,02910,4,5
41043000307,3463,47,3360,47,5,19,32,2760,30,2658,30,4,16,22,647.62,697.32,NA,72600,90068,12060,07380,01120,4,5
41043000308,7087,132,6829,132,9,68,48,5280,74,5058,74,3,45,26,1238.93,1334.01,NA,41650,91666,07350,07380,01120,3,5
41043020198,4882,182,4607,182,2,35,56,3810,105,3525,105,2,33,40,894,962.61,NA,48300,90068,NA,NA,01120,4,5
41043030298,5991,150,5709,150,12,82,35,4353,81,4102,81,8,59,22,1021.41,1099.8,NA,48150,91904,07770,11850,08100,3,5
41043030401,5705,120,5499,120,5,53,28,4293,64,4106,64,3,37,19,1007.33,1084.64,NA,71950,93162,07350,07380,11970,3,5
41043030402,4732,85,4520,85,7,79,39,3343,44,3179,44,2,53,21,784.42,844.62,NA,71950,93162,NA,NA,11970,3,5
41043030901,7788,174,7444,174,12,95,59,5820,96,5526,96,9,65,28,1365.63,1470.44,NA,41650,91666,07350,07380,NA,3,5
41043030902,5205,84,5028,84,2,63,28,3835,52,3662,52,2,50,17,899.86,968.92,NA,41650,91666,07350,07380,11970,3,5
41043031096,0,0,0,0,0,0,0,0,0,0,0,0,0,0,0,0,NA,NA,92822,07810,02780,NA,4,5
41043031097,0,0,0,0,0,0,0,0,0,0,0,0,0,0,0,0,NA,NA,92822,NA,NA,06710,4,5
41043031098,10,0,9,0,0,1,0,7,0,6,0,0,1,0,1.64,1.77,NA,NA,92822,NA,NA,06710,4,5
41045009702,3820,365,3281,365,7,21,146,2890,204,2359,204,5,11,107,359.59,829.12,NA,54900,92397,12780,12810,09270,5,3
41045009703,3902,440,3211,440,13,29,209,3109,249,2404,249,9,17,181,386.84,891.95,NA,54900,92397,NA,NA,09270,5,3
41045009704,4473,1654,2660,1654,31,41,86,3908,897,2000,897,20,25,69,486.26,1121.18,NA,54900,92397,NA,NA,09270,5,3
41045009705,4843,1851,2823,1851,9,20,125,4208,1027,2043,1027,6,12,93,523.59,1207.25,NA,53750,92329,12780,12810,09000,5,3
41045009706,3904,398,3418,398,2,30,54,2972,223,2460,223,1,23,42,369.8,852.65,NA,76600,93315,12780,12810,09000,5,3
41045009707,1785,141,1578,141,0,5,60,1337,89,1107,89,0,4,48,166.36,383.58,NA,500,90017,NA,NA,01020,5,3
41045009708,1447,107,1312,107,1,21,6,1107,84,922,84,1,11,5,137.74,317.59,26475,37850,91479,06820,06840,01500,5,3
41045970198,1864,199,1556,199,0,10,97,1421,111,1116,111,0,5,78,176.81,407.68,NA,NA,90340,06120,12810,09270,5,3
41047000001,764,36,689,36,8,12,19,774,35,665,35,8,12,19,167.83,181.93,NA,64900,92737,NA,NA,10820,4,1
41047000002,2869,163,2546,163,38,23,97,2628,103,2287,103,25,18,92,569.84,617.71,NA,64900,92737,NA,NA,10820,4,1
41047000003,4582,573,3730,573,55,125,94,3704,366,2810,366,31,76,55,803.15,870.62,NA,64900,92737,NA,NA,10820,4,1
41047000004,4206,729,3236,729,29,141,67,3603,466,2526,466,15,81,49,781.25,846.88,NA,64900,92737,NA,NA,10820,4,1
41047000005,6650,808,5286,808,93,135,311,5019,448,3816,448,42,83,182,1088.28,1179.71,NA,64900,92737,NA,NA,10820,4,1
41047000006,4844,169,4507,169,44,43,80,3763,110,3435,110,28,30,50,815.94,884.49,NA,64900,92737,NA,NA,10820,4,1
41047000007,4043,291,3475,291,41,70,163,3330,176,2795,176,28,45,110,722.05,782.71,NA,64900,92737,NA,NA,10820,4,1
41047000008,3365,255,2538,255,424,120,22,3537,254,2472,254,420,116,21,766.94,831.37,NA,64900,92737,NA,NA,10820,4,1
41047000009,6459,788,5168,788,133,146,220,5310,470,4009,470,80,95,186,1151.38,1248.11,NA,64900,92737,NA,NA,10820,4,1
41047000010,2632,215,2303,215,23,65,25,2184,123,1858,123,16,43,21,473.56,513.35,NA,64900,92737,NA,NA,10820,4,1
41047000011,4653,176,4334,176,46,45,51,3632,114,3318,114,26,25,35,787.54,853.7,NA,64900,92737,NA,NA,10820,4,1
41047000012,3798,133,3530,133,26,28,74,3001,85,2748,85,16,20,47,650.71,705.38,NA,64900,92737,NA,NA,10820,4,1
41047000013,3582,83,3397,83,17,22,61,2900,54,2723,54,15,17,37,628.81,681.64,NA,64900,92737,NA,NA,10820,4,1
41047000014,7334,305,6745,305,38,130,116,5655,172,5114,172,25,95,77,1226.19,1329.2,NA,38500,92737,NA,NA,10820,4,1
41047000015,11553,633,10479,633,63,241,133,8598,355,7612,355,33,155,88,1864.33,2020.95,NA,38500,92737,NA,NA,10820,4,1
41047000016,17546,1004,15556,1004,135,202,641,13436,605,11550,605,77,141,458,2913.36,3158.12,NA,32850,92737,NA,NA,10820,4,1
41047000017,10299,550,9049,550,90,159,445,7781,290,6770,290,52,100,279,1687.17,1828.92,NA,64900,92737,NA,NA,10820,4,1
41047000018,13872,849,12141,849,411,213,241,11249,574,9467,574,327,157,150,2439.15,2644.07,NA,26750,92737,12480,02780,10820,4,1
41047000019,906,27,818,27,37,16,7,734,9,685,9,23,4,4,159.16,172.53,NA,64900,92737,NA,NA,10820,4,1
41047000020,3649,93,3424,93,14,43,74,2706,58,2510,58,11,23,46,586.75,636.04,NA,64900,92737,NA,NA,10820,4,1
41047000021,7678,221,7244,221,34,71,101,5877,147,5442,147,19,39,83,1274.33,1381.38,NA,64900,92737,NA,NA,10820,4,1
41047000022,7795,206,7326,206,61,54,146,5797,126,5384,126,33,37,91,1256.98,1362.58,NA,64900,92737,NA,NA,10820,4,1
41047000023,9279,238,8767,238,31,78,164,6701,133,6258,133,19,52,106,1453,1575.06,NA,64900,92737,NA,NA,10820,4,1
41047000024,2113,22,2065,22,1,4,20,1572,13,1529,13,1,3,13,340.86,369.5,NA,64900,92737,NA,NA,10820,4,1
41047000025,6601,661,5799,661,8,51,73,5493,416,4558,416,6,38,59,1191.06,1291.12,NA,38500,92737,02340,05550,10820,4,1
41047000026,1947,54,1877,54,1,8,7,1413,31,1343,31,0,6,2,306.38,332.12,NA,NA,92737,08850,11470,10820,4,1
41047000027,6911,162,6612,162,16,63,50,5163,88,4901,88,10,43,33,1119.51,1213.56,NA,75150,92737,12480,02780,10820,4,1
41047000028,2957,116,2781,116,2,28,26,2223,68,2048,68,2,18,19,482.02,522.51,NA,64900,92737,NA,NA,10820,4,1
41047000101,1623,373,1234,373,0,7,8,1373,251,857,251,0,6,8,297.71,322.72,NA,64850,92720,05520,05550,11760,4,1
41047000102,7736,827,6802,827,13,52,40,6119,519,5018,519,8,30,25,1326.8,1438.27,NA,35450,91360,NA,NA,08880,4,1
41047000104,4537,836,3612,836,12,32,38,3704,536,2579,536,5,20,28,803.15,870.62,NA,50150,92006,08370,11470,08550,4,1
41047000105,11737,500,11101,500,13,67,56,8455,276,7835,276,3,42,23,1833.32,1987.34,NA,67650,92941,11450,11470,08100,4,1
41047000106,2665,125,2448,125,4,76,11,1995,60,1819,60,2,47,7,432.58,468.92,78650,19100,91921,07770,11850,04110,4,1
41047000107,9509,240,9103,240,8,114,44,6923,116,6581,116,8,74,28,1501.13,1627.24,NA,70200,93128,11820,11850,NA,4,1
41047000311,0,0,0,0,0,0,0,0,0,0,0,0,0,0,0,0,NA,NA,91428,NA,NA,06710,4,5
41047010301,7486,1594,5820,1594,8,21,32,6908,905,5049,905,5,18,26,1497.88,1623.72,NA,83750,93570,NA,NA,13530,4,1
41047010302,10988,3618,7152,3618,57,101,50,9092,2098,4792,2098,16,54,34,1971.44,2137.07,NA,83750,93570,05520,05550,13530,4,1
41047010898,9306,552,8517,552,5,162,67,6710,304,5954,304,2,105,41,1454.95,1577.18,NA,37250,91428,01670,02780,06710,4,1
41047010998,0,0,0,0,0,0,0,0,0,0,0,0,0,0,0,0,NA,NA,91428,NA,NA,01120,4,1
41047011094,0,0,0,0,0,0,0,0,0,0,0,0,0,0,0,0,NA,NA,93128,11820,11850,NA,3,1
41047011095,0,0,0,0,0,0,0,0,0,0,0,0,0,0,0,0,NA,NA,93128,11820,11850,NA,4,1
41047011096,0,0,0,0,0,0,0,0,0,0,0,0,0,0,0,0,NA,NA,93128,11820,11850,NA,4,1
41047011097,0,0,0,0,0,0,0,0,0,0,0,0,0,0,0,0,NA,NA,93128,11820,11850,NA,4,1
41047011098,9,0,7,0,0,2,0,7,0,5,0,0,2,0,1.52,1.65,NA,NA,91428,08990,02780,NA,4,1
41047011198,0,0,0,0,0,0,0,0,0,0,0,0,0,0,0,0,NA,NA,93128,11820,11850,NA,3,1
41047011298,0,0,0,0,0,0,0,0,0,0,0,0,0,0,0,0,NA,NA,92737,NA,NA,10820,1,1
41049009701,4444,783,3583,783,5,50,17,3446,450,2499,450,3,35,9,754.2,913.73,NA,7200,90323,NA,NA,08520,5,3
41049009702,3181,42,3105,42,3,15,13,2343,29,2263,29,2,12,8,512.8,621.27,NA,33550,91309,NA,NA,08520,5,3
41051000001,5563,172,5111,172,42,64,173,4425,105,4039,105,26,36,114,1398.96,931.5,NA,59000,92516,NA,NA,10040,2,4
41051000002,5584,143,4992,143,117,40,286,4648,103,4129,103,83,24,206,1469.46,978.44,NA,59000,92516,NA,NA,10040,2,4
41051000010,5369,231,4368,231,204,115,442,4308,140,3498,140,136,77,317,1361.97,906.87,NA,59000,92516,NA,NA,10040,2,4
41051000014,4800,133,4151,133,88,71,351,3837,98,3264,98,59,48,270,1213.06,807.72,NA,59000,92516,NA,NA,10040,2,4
41051000015,3452,74,3186,74,36,35,121,2634,46,2420,46,19,22,81,832.73,554.48,NA,59000,92516,NA,NA,10040,2,4
41051000019,5006,120,4627,120,74,23,161,3863,72,3545,72,48,17,109,1221.28,813.19,NA,59000,92516,NA,NA,10040,2,4
41051000020,5323,209,4400,209,298,112,289,4676,162,3825,162,234,71,222,1478.31,984.34,NA,59000,92516,NA,NA,10040,2,4
41051000021,2066,102,1575,102,169,45,168,1847,81,1392,81,135,36,122,583.93,388.81,NA,59000,92516,NA,NA,10040,2,4
41051000026,2659,64,2482,64,51,8,52,2061,42,1903,42,33,7,34,651.58,433.86,NA,59000,92516,NA,NA,10040,2,4
41051000030,4441,71,3852,71,343,28,129,3425,41,3028,41,210,13,92,1082.81,720.99,NA,59000,92516,NA,NA,10040,2,4
41051000031,4725,108,3483,108,917,50,144,3392,66,2594,66,551,34,81,1072.37,714.04,NA,59000,92516,NA,NA,10040,2,4
41051000032,4156,171,2183,171,1616,62,99,2937,105,1606,105,1029,36,56,928.53,618.26,NA,59000,92516,NA,NA,10040,2,4
41051000042,2760,146,2374,146,109,78,47,2202,104,1836,104,67,50,41,696.16,463.54,NA,59000,92516,NA,NA,10040,2,4
41051000043,851,12,788,12,7,33,9,664,9,612,9,4,22,8,209.92,139.78,NA,59000,92516,NA,NA,10040,1,4
41051000044,40,3,33,3,2,0,2,37,1,32,1,2,0,1,11.7,7.79,NA,59000,92516,NA,NA,10040,1,4
41051000045,1686,50,1474,50,50,49,63,1387,31,1214,31,31,34,46,438.5,291.97,NA,59000,92516,NA,NA,10040,1,2
41051000047,3680,89,3405,89,65,16,104,3444,81,3126,81,56,14,86,1088.81,724.99,NA,59000,92516,NA,NA,10040,1,2
41051000048,2743,89,2478,89,78,32,64,2743,83,2415,83,71,29,62,867.19,577.42,NA,59000,92516,NA,NA,10040,1,2
41051000049,2889,96,2586,96,111,42,54,2836,91,2473,91,96,35,50,896.6,597,NA,59000,92516,NA,NA,10040,1,2
41051000050,617,26,518,26,32,9,31,613,25,501,25,27,9,26,193.8,129.04,NA,59000,92516,NA,NA,10040,1,2
41051000051,1590,119,1226,119,152,56,36,1695,119,1215,119,152,56,34,535.87,356.81,NA,59000,92516,NA,NA,10040,1,2
41051000052,3388,96,3031,96,134,42,82,3394,90,2962,90,133,39,80,1073.01,714.46,NA,59000,92516,NA,NA,10040,1,2
41051000053,1864,73,1538,73,117,39,96,1908,71,1516,71,115,39,96,603.21,401.65,NA,59000,92516,NA,NA,10040,1,2
41051000054,866,86,587,86,152,23,12,946,86,587,86,152,23,12,299.08,199.14,NA,59000,92516,NA,NA,10040,1,2
41051000055,1385,43,1149,43,40,17,134,1349,40,1089,40,39,16,125,426.48,283.98,NA,59000,92516,NA,NA,10040,1,2
41051000056,3433,109,2700,109,69,23,529,3432,106,2618,106,68,22,512,1085.02,722.46,NA,59000,92516,NA,NA,10040,1,2
41051000057,1775,42,1560,42,26,13,133,1745,36,1505,36,25,12,131,551.68,367.34,NA,59000,92516,NA,NA,10040,1,2
41051000058,4850,66,4482,66,38,17,247,4311,58,3926,58,37,17,215,1362.92,907.5,NA,59000,92516,NA,NA,10040,1,2
41051000059,3355,81,3072,81,87,25,87,3055,60,2791,60,59,13,72,965.83,643.1,NA,59000,92516,NA,NA,10040,1,2
41051000061,2099,23,2020,23,6,5,45,1762,17,1685,17,4,4,35,557.05,370.92,NA,59000,92516,NA,NA,10040,1,2
41051000062,2742,69,2569,69,27,8,69,2274,49,2107,49,18,5,46,718.92,478.7,NA,59000,92516,NA,NA,10040,1,2
41051000063,4766,83,4356,83,49,16,254,3936,67,3518,67,40,14,230,1244.36,828.56,NA,59000,92516,NA,NA,10040,1,4
41051000069,2296,27,2189,27,5,8,67,1843,15,1754,15,5,8,46,582.66,387.97,NA,59000,92516,NA,NA,10040,1,2
41051000070,1933,11,1868,11,6,4,44,1510,10,1451,10,5,3,31,477.38,317.87,NA,59000,92516,NA,NA,10040,1,4
41051000071,2575,41,2476,41,6,21,29,2102,30,2002,30,6,18,16,664.54,442.49,NA,59000,92975,08910,06360,10040,1,4
41051000073,956,78,780,78,74,14,10,889,71,654,71,70,14,9,281.06,187.14,NA,59000,92516,NA,NA,09480,2,4
41051000074,2765,124,1953,124,457,45,185,2091,73,1534,73,276,33,102,661.07,440.17,NA,59000,92516,NA,NA,10040,2,4
41051000075,4193,124,3308,124,362,61,332,3173,74,2538,74,236,46,205,1003.14,667.94,NA,59000,92516,NA,NA,10040,2,4
41051000076,3176,307,2541,307,71,69,182,2540,218,1918,218,41,36,109,803.02,534.69,NA,59000,92516,NA,NA,10040,2,4
41051000077,1758,54,1599,54,14,26,65,1391,38,1238,38,12,19,46,439.76,292.82,NA,59000,92516,NA,NA,09480,2,4
41051000078,1639,33,1488,33,51,18,45,1244,22,1132,22,30,11,27,393.29,261.87,NA,59000,92516,NA,NA,09480,2,4
41051000079,3790,104,3329,104,54,59,240,2993,72,2618,72,31,45,155,946.23,630.05,NA,59000,92516,NA,NA,09480,2,4
41051000081,5720,219,5048,219,97,46,303,4819,144,4195,144,67,38,231,1523.52,1014.44,NA,59000,92516,NA,NA,03940,2,4
41051000084,2678,44,2444,44,15,41,131,2074,29,1876,29,13,34,93,655.69,436.59,NA,59000,92516,NA,NA,03940,2,4
41051000085,3245,95,2950,95,56,40,102,2409,52,2184,52,30,23,68,761.6,507.11,NA,59510,92516,NA,NA,03940,2,4
41051000086,3148,128,2837,128,47,32,103,2378,85,2095,85,25,24,64,751.8,500.59,NA,59000,92516,NA,NA,10040,2,4
41051000087,3879,144,3499,144,24,51,153,2921,87,2603,87,12,32,100,923.47,614.89,NA,59000,92516,NA,NA,10040,2,4
41051000088,3422,137,3113,137,19,40,110,2559,80,2280,80,13,25,81,809.02,538.69,NA,59000,92516,NA,NA,10040,2,4
41051000089,6720,119,6232,119,53,36,278,4986,73,4599,73,29,23,189,1576.32,1049.59,NA,59000,92516,NA,NA,03940,2,4
41051000090,5990,253,5377,253,86,62,207,4440,147,3918,147,48,45,135,1403.7,934.66,NA,59510,92516,NA,NA,03940,2,4
41051000091,7490,225,6806,225,99,72,281,5598,134,5034,134,54,51,191,1769.8,1178.42,NA,59510,92516,NA,NA,02800,2,4
41051000093,6926,335,6167,335,84,58,280,5516,214,4797,214,57,40,194,1743.87,1161.16,NA,33000,92516,NA,NA,10520,2,4
41051000094,6186,72,5776,72,65,25,248,5015,42,4695,42,44,21,171,1585.48,1055.7,NA,59000,92516,NA,NA,09480,2,4
41051000095,6752,152,5838,152,335,31,386,5558,94,4827,94,221,24,298,1757.15,1170,NA,59000,92516,NA,NA,09480,2,4
41051000100,5550,239,5081,239,43,49,137,4323,151,3864,151,34,40,83,1366.71,910.03,NA,31250,92516,05970,06000,NA,2,4
41051000101,5229,244,4713,244,79,61,129,3822,151,3348,151,40,40,92,1208.32,804.56,NA,31250,92516,05970,06000,10520,2,4
41051000102,2210,42,2130,42,6,11,21,1843,24,1764,24,5,10,16,582.66,387.97,NA,24250,92516,NA,NA,10520,2,4
41051000105,3732,87,3562,87,21,21,40,2717,58,2548,58,12,18,23,858.97,571.95,NA,74850,90663,NA,NA,03420,2,4
41051000301,4652,68,4148,68,92,28,314,4185,58,3702,58,82,20,265,1323.08,880.98,NA,59000,92516,NA,NA,10040,2,4
41051000302,6625,64,6276,64,39,23,222,5070,47,4757,47,25,18,176,1602.87,1067.28,NA,59000,92516,NA,NA,10040,2,4
41051000401,3379,70,3099,70,46,39,124,2747,45,2521,45,25,17,94,868.46,578.27,NA,59000,92516,NA,NA,10040,2,4
41051000402,3369,88,3021,88,42,43,173,2597,58,2302,58,28,32,119,821.04,546.69,NA,59000,92516,NA,NA,10040,2,4
41051000501,3577,93,3192,93,47,57,181,2680,63,2365,63,26,38,125,847.28,564.16,NA,59000,92516,NA,NA,10040,2,4
41051000502,4037,126,3585,126,53,70,198,3110,73,2755,73,33,41,135,983.22,654.68,NA,59000,92516,NA,NA,10040,2,4
41051000601,4325,216,3817,216,57,72,150,3270,130,2809,130,35,44,122,1033.8,688.36,NA,59000,92516,NA,NA,10040,2,4
41051000602,4254,173,3815,173,32,59,174,3089,103,2714,103,16,43,110,976.58,650.26,NA,59000,92516,NA,NA,10040,2,4
41051000701,4541,110,3768,110,78,32,550,3625,72,3002,72,60,22,397,1146.04,763.09,NA,59000,92516,NA,NA,10040,2,4
41051000702,4300,190,3614,190,50,48,387,3228,97,2722,97,26,32,254,1020.53,679.52,NA,59000,92516,NA,NA,10040,2,4
41051000801,4550,144,3879,144,86,62,373,3621,93,3051,93,62,40,282,1144.77,762.25,NA,59000,92516,NA,NA,10040,2,4
41051000802,4462,155,3788,155,78,57,381,3530,108,2949,108,58,36,271,1116,743.09,NA,59000,92516,NA,NA,10040,2,4
41051000901,4043,129,3359,129,98,48,402,3196,80,2655,80,67,29,285,1010.41,672.78,NA,59000,92516,NA,NA,10040,2,4
41051000902,4196,133,3354,133,149,84,474,3359,84,2721,84,90,62,318,1061.94,707.1,NA,59000,92516,NA,NA,10040,2,4
41051001101,1852,81,1599,81,62,26,83,1740,74,1447,74,57,22,66,550.1,366.28,NA,59000,92516,NA,NA,10040,2,4
41051001102,1331,25,1106,25,28,5,167,1138,18,941,18,18,4,139,359.78,239.56,NA,59000,92516,NA,NA,10040,2,4
41051001201,4605,244,3739,244,251,55,313,4094,174,3279,174,174,49,244,1294.31,861.82,NA,59000,92516,NA,NA,10040,2,4
41051001202,3245,72,2783,72,48,16,320,2694,48,2286,48,35,15,262,851.7,567.11,NA,59000,92516,NA,NA,10040,2,4
41051001301,3476,141,2975,141,91,67,197,2945,92,2510,92,64,48,139,931.06,619.95,NA,59000,92516,NA,NA,10040,2,4
41051001302,2839,81,2450,81,29,40,235,2293,51,1968,51,21,29,173,724.93,482.69,NA,59000,92516,NA,NA,10040,2,4
41051001601,5966,140,5093,140,49,38,636,4862,99,4150,99,35,28,451,1537.11,1023.49,NA,59000,92516,NA,NA,10040,2,4
41051001602,3521,105,3020,105,25,57,309,2736,52,2377,52,15,37,203,864.98,575.95,NA,59000,92516,NA,NA,10040,2,4
41051001701,6434,220,5546,220,130,64,470,5074,150,4326,150,73,50,325,1604.14,1068.12,NA,59000,92516,NA,NA,10040,2,4
41051001702,3629,67,3251,67,59,38,213,2901,42,2597,42,43,27,150,917.15,610.68,NA,59000,92516,NA,NA,10040,2,4
41051001801,3340,87,2946,87,74,41,192,2729,64,2380,64,52,28,141,862.77,574.48,NA,59000,92516,NA,NA,10040,2,4
41051001802,3104,70,2765,70,37,25,206,2543,45,2262,45,25,21,145,803.96,535.32,NA,59000,92516,NA,NA,10040,2,4
41051002201,290,16,155,16,110,6,3,251,14,140,14,75,5,3,79.35,52.84,NA,59000,92516,NA,NA,10040,2,4
41051002202,184,31,74,31,73,0,5,185,24,71,24,61,0,5,58.49,38.94,NA,59000,92516,NA,NA,10040,2,4
41051002301,2142,79,774,79,1215,32,33,1620,48,621,48,857,24,22,512.16,341.02,NA,59000,92516,NA,NA,10040,2,4
41051002302,972,34,659,34,232,12,28,871,30,608,30,171,11,21,275.37,183.35,NA,59000,92516,NA,NA,10040,2,4
41051002401,2827,69,1744,69,931,20,59,2203,50,1367,50,679,16,41,696.47,463.75,NA,59000,92516,NA,NA,10040,2,4
41051002402,2728,105,2124,105,403,35,55,2504,84,1930,84,334,27,45,791.64,527.11,NA,59000,92516,NA,NA,10040,2,4
41051002501,4781,90,4368,90,211,15,93,3472,52,3155,52,139,11,63,1097.67,730.88,NA,59000,92516,NA,NA,10040,2,4
41051002502,3738,100,3127,100,341,33,132,3187,73,2644,73,267,28,102,1007.56,670.89,NA,59000,92516,NA,NA,10040,2,4
41051002701,3084,68,2858,68,46,22,90,2332,44,2129,44,31,16,68,737.26,490.9,NA,59000,92516,NA,NA,10040,2,4
41051002702,2433,45,2171,45,80,17,119,2075,32,1843,32,67,15,86,656.01,436.8,NA,59000,92516,NA,NA,10040,2,4
41051002801,3038,41,2792,41,41,19,145,2324,29,2136,29,23,14,93,734.73,489.22,NA,59000,92516,NA,NA,10040,2,4
41051002802,2988,75,2593,75,65,8,240,2369,59,2036,59,41,8,166,748.96,498.69,NA,59000,92516,NA,NA,10040,2,4
41051002901,4559,117,4088,117,51,56,243,3516,66,3157,66,29,34,164,1111.58,740.15,NA,59000,92516,NA,NA,10040,2,4
41051002902,5503,116,4436,116,70,32,844,4212,85,3515,85,48,17,462,1331.62,886.66,NA,59000,92516,NA,NA,10040,2,4
41051002903,4081,80,3667,80,42,28,263,3171,59,2814,59,24,18,197,1002.51,667.52,NA,59000,92516,NA,NA,10040,2,4
41051003301,2538,133,745,133,1563,49,45,1726,67,568,67,966,28,30,545.67,363.34,NA,59000,92516,NA,NA,10040,2,4
41051003302,2545,178,844,178,1444,42,27,1817,118,596,118,938,34,13,574.44,382.49,NA,59000,92516,NA,NA,10040,2,4
41051003401,2832,181,647,181,1914,43,41,2074,107,472,107,1327,34,27,655.69,436.59,NA,59000,92516,NA,NA,10040,2,4
41051003402,2411,185,488,185,1659,42,34,1698,103,359,103,1089,22,22,536.82,357.44,NA,59000,92516,NA,NA,10040,2,4
41051003501,3287,174,2201,174,568,62,275,2553,107,1735,107,382,45,177,807.13,537.43,NA,59000,92516,NA,NA,10040,2,4
41051003502,1969,92,1426,92,361,9,80,1470,49,1109,49,200,8,55,464.74,309.45,NA,59000,92516,NA,NA,10040,2,4
41051003601,4148,158,1318,158,2502,46,105,2896,99,1030,99,1553,35,80,915.57,609.63,NA,59000,92516,NA,NA,10040,2,4
41051003602,6157,228,3004,228,2637,67,191,4382,125,2329,125,1634,44,125,1385.36,922.45,NA,59000,92516,NA,NA,10040,2,4
41051003603,1606,40,1085,40,375,28,75,1311,28,918,28,270,17,50,414.47,275.98,NA,59000,92516,NA,NA,10040,2,4
41051003701,3815,213,2191,213,1173,76,158,2865,134,1728,134,703,54,112,905.76,603.11,NA,59000,92516,NA,NA,10040,2,4
41051003702,2443,78,1267,78,980,21,79,1818,49,1008,49,636,18,58,574.76,382.7,NA,59000,92516,NA,NA,10040,2,4
41051003801,2618,149,2039,149,235,53,138,2054,96,1600,96,124,37,101,649.37,432.38,NA,59000,92516,NA,NA,10040,2,4
41051003802,2857,115,2211,115,279,53,188,2232,70,1777,70,172,31,112,705.64,469.85,NA,59000,92516,NA,NA,10040,2,4
41051003803,4132,202,3132,202,545,49,197,3081,117,2361,117,333,24,129,974.05,648.58,NA,59000,92516,NA,NA,10040,2,4
41051003901,5963,267,4021,267,1268,127,267,4430,172,3083,172,764,83,156,1400.54,932.55,NA,59000,92516,NA,NA,10040,2,4
41051003902,2937,89,2595,89,95,35,123,2345,59,2056,59,57,23,91,741.37,493.64,NA,59000,92516,NA,NA,10040,2,4
41051004001,6028,333,4097,333,1109,130,350,4138,184,2947,184,542,81,200,1308.22,871.08,NA,59000,92516,NA,NA,10040,2,4
41051004002,4758,131,4218,131,81,49,260,4065,96,3554,96,60,29,230,1285.14,855.72,NA,59000,92516,NA,NA,10040,2,4
41051004101,5494,265,4463,265,388,116,260,3901,131,3227,131,195,70,147,1233.29,821.19,NA,59000,92516,NA,NA,10040,2,4
41051004102,4485,199,3745,199,142,109,286,3421,122,2904,122,77,55,141,1081.54,720.15,NA,59000,92516,NA,NA,10040,2,4
41051004499,91,18,62,18,2,6,3,109,18,62,18,2,6,3,34.46,22.95,NA,59000,92516,NA,NA,10040,2,4
41051004601,2760,33,2669,33,12,4,41,2337,29,2231,29,11,4,33,738.84,491.96,NA,59000,92516,NA,NA,10040,1,2
41051004602,1766,19,1714,19,3,7,22,1433,15,1381,15,2,6,14,453.04,301.66,NA,59000,92516,NA,NA,10040,1,2
41051006001,1350,16,1280,16,17,1,35,1171,13,1101,13,15,1,28,370.21,246.5,NA,59000,92516,NA,NA,10040,1,2
41051006002,1958,32,1833,32,15,8,69,1643,20,1532,20,11,6,54,519.43,345.86,NA,59000,92516,NA,NA,10040,1,2
41051006401,6091,151,5553,151,93,34,260,5034,116,4505,116,62,31,204,1591.49,1059.7,NA,59000,92516,NA,NA,10040,1,2
41051006402,4534,60,4255,60,30,12,176,3476,37,3253,37,21,6,122,1098.93,731.73,NA,59000,92516,NA,NA,10040,1,2
41051006501,5156,102,4824,102,42,27,157,3957,69,3662,69,29,22,106,1251,832.98,NA,59000,92516,NA,NA,10040,1,2
41051006502,3506,97,3150,97,65,38,154,2928,74,2596,74,40,25,119,925.68,616.37,NA,59000,92516,NA,NA,10040,1,2
41051006601,2428,54,2288,54,25,15,46,1938,38,1815,38,12,9,26,612.7,407.96,NA,59000,92516,NA,NA,10040,1,2
41051006602,4549,158,4033,158,105,38,212,3709,104,3262,104,52,30,157,1172.59,780.77,NA,59000,92516,NA,NA,10040,1,2
41051006701,2910,59,2728,59,37,7,77,2333,34,2190,34,15,7,53,737.57,491.12,NA,59000,92516,NA,NA,10040,1,2
41051006702,2831,72,2615,72,27,10,105,2429,56,2199,56,21,7,90,767.92,511.32,NA,59000,92516,NA,NA,10040,1,2
41051006801,2105,50,1960,50,23,12,59,1664,34,1526,34,18,7,45,526.07,350.29,NA,59000,92516,NA,NA,10040,1,2
41051006802,3346,48,3170,48,29,10,89,2561,29,2416,29,14,9,64,809.66,539.11,NA,59000,92516,NA,NA,10040,1,2
41051007201,1883,30,1789,30,33,8,23,1772,29,1664,29,27,6,17,560.21,373.02,NA,59000,92516,NA,NA,10040,2,4
41051007202,1295,29,1190,29,24,11,40,1057,21,970,21,13,10,22,334.17,222.51,NA,59000,92516,NA,NA,10040,2,4
41051007299,5,2,3,2,0,0,0,7,2,3,2,0,0,0,2.21,1.47,NA,59000,92516,NA,NA,10950,2,4
41051008001,2852,47,2595,47,47,25,136,2326,30,2125,30,37,17,87,735.36,489.64,NA,59000,92516,NA,NA,09480,2,4
41051008002,2832,53,2567,53,32,21,156,2200,35,1984,35,23,15,108,695.53,463.12,NA,59000,92516,NA,NA,09480,2,4
41051008201,2349,89,1958,89,33,17,249,1934,62,1585,62,27,16,182,611.43,407.12,NA,59000,92516,NA,NA,03940,2,4
41051008202,4490,138,4046,138,38,39,228,3477,98,3071,98,20,33,157,1099.25,731.94,NA,59000,92516,NA,NA,03940,2,4
41051008301,1976,70,1753,70,19,31,102,1596,47,1393,47,9,24,76,504.57,335.97,NA,59000,92516,NA,NA,10040,2,4
41051008302,2936,59,2702,59,32,21,121,2260,35,2072,35,14,15,89,714.5,475.75,NA,59000,92516,NA,NA,03940,2,4
41051009201,5701,164,5166,164,72,59,239,4505,122,4006,122,41,38,176,1424.25,948.34,NA,33000,92516,NA,NA,03940,2,4
41051009202,3621,79,3327,79,33,31,150,2732,48,2492,48,22,22,100,863.72,575.11,NA,33000,92516,NA,NA,02800,2,4
41051009601,7370,192,6764,192,122,89,200,5687,144,5124,144,74,60,141,1797.94,1197.16,NA,31250,92516,NA,NA,10520,2,4
41051009602,7037,262,6468,262,90,76,138,5388,187,4815,187,58,48,93,1703.41,1134.22,NA,31250,92516,NA,NA,10520,2,4
41051009701,4681,200,4289,200,42,37,113,3538,123,3167,123,20,25,80,1118.53,744.78,NA,59510,92516,NA,NA,02800,2,4
41051009702,6332,191,5890,191,63,62,117,4776,130,4356,130,37,43,80,1509.92,1005.39,NA,59510,92516,NA,NA,02800,2,4
41051009801,2812,335,2297,335,91,36,51,2183,198,1679,198,46,28,34,690.15,459.54,NA,31250,92516,05970,06000,10520,2,4
41051009802,7083,184,6512,184,66,49,269,5321,120,4834,120,35,35,177,1682.22,1120.11,NA,59510,92516,05970,06000,02800,2,4
41051009901,4974,90,4658,90,38,28,159,3416,51,3153,51,29,25,107,1079.96,719.1,NA,31250,92516,05970,06000,02800,2,4
41051009902,5929,166,5533,166,50,40,139,4295,103,3937,103,30,29,93,1357.86,904.13,NA,31250,92516,05970,06000,02800,2,4
41051009903,3393,47,3150,47,20,18,156,2270,27,2101,27,13,9,93,717.66,477.85,NA,31250,92516,05970,06000,02800,2,4
41051010301,5349,221,4890,221,98,47,92,4034,155,3564,155,76,26,58,1275.34,849.19,NA,83950,92516,05970,06000,10520,2,4
41051010302,4469,138,4145,138,60,25,101,2996,93,2689,93,34,17,70,947.18,630.68,NA,74850,92516,NA,NA,10520,2,4
41051010402,4249,156,3979,156,37,20,53,3087,101,2803,101,24,18,40,975.95,649.84,NA,74850,92516,09390,06000,10520,2,4
41051010404,5749,130,5407,130,29,43,139,4092,75,3797,75,20,35,90,1293.68,861.4,NA,31250,92516,05970,06000,NA,2,4
41051010405,4453,76,4159,76,28,36,150,3246,51,2991,51,18,28,107,1026.22,683.31,NA,31250,92516,05970,06000,NA,2,4
41051010406,5644,129,5296,129,61,41,114,4569,85,4233,85,47,33,86,1444.48,961.81,NA,31250,92516,05970,06000,NA,2,4
41051010407,4529,139,4212,139,38,48,90,3283,85,2998,85,28,21,66,1037.91,691.1,NA,31250,92516,05970,06000,10520,2,4
41051010698,0,0,0,0,0,0,0,0,0,0,0,0,0,0,0,0,NA,NA,92975,NA,NA,10980,1,4
41051010798,9,0,6,0,0,3,0,8,0,6,0,0,2,0,2.53,1.68,NA,NA,92975,NA,NA,03265,1,4
41053000051,2563,272,2188,272,17,52,32,2187,167,1796,167,8,33,16,521.78,567.52,NA,64900,92754,NA,NA,10820,4,1
41053000052,8976,406,8313,406,36,82,135,6675,223,6063,223,20,52,94,1592.53,1732.15,NA,64900,92754,NA,NA,10820,4,1
41053000201,1206,22,1172,22,1,9,2,864,12,830,12,0,9,1,206.13,224.21,NA,NA,90799,NA,NA,09530,1,1
41053000202,13047,301,12440,301,24,177,102,9676,164,9175,164,9,104,60,2308.51,2510.9,NA,17700,90799,NA,NA,03860,4,1
41053000204,4869,73,4553,73,7,215,17,3484,38,3262,38,4,127,15,831.22,904.09,NA,24550,91122,NA,NA,00003,1,1
41053005398,5814,153,5558,153,10,27,65,4526,97,4267,97,8,17,40,1079.82,1174.49,NA,64900,92754,NA,NA,10820,1,1
41053020301,6925,371,6159,371,57,86,239,5750,229,4979,229,44,61,208,1371.84,1492.11,NA,49550,91972,NA,NA,02840,4,1
41053020302,6141,1204,4762,1204,40,56,61,4846,666,3415,666,24,36,39,1156.17,1257.53,NA,36150,91972,NA,NA,02840,4,1
41055009501,1918,28,1853,28,0,24,13,1400,15,1347,15,0,18,5,405,628,78650,78950,93434,05950,11250,NA,5,3
41057009601,2801,23,2729,23,6,16,26,2314,14,2258,14,2,13,13,706.59,587.57,NA,45700,92091,NA,NA,08650,1,1
41057009602,1258,32,1196,32,3,12,12,1089,17,1039,17,3,5,8,332.53,276.52,NA,62900,90238,NA,NA,08650,1,1
41057009603,2818,53,2714,53,6,25,19,2278,27,2188,27,4,17,15,695.59,578.43,NA,4800,90238,NA,NA,08650,1,1
41057009604,6199,146,5901,146,16,86,50,4458,69,4227,69,12,52,29,1361.26,1131.98,NA,73700,93213,01860,08700,12320,1,1
41057009605,2150,40,2049,40,1,40,20,1580,31,1481,31,0,26,11,482.46,401.2,NA,73700,93213,NA,NA,12320,1,1
41057009606,1960,24,1905,24,2,20,9,1648,17,1589,17,0,17,8,503.22,418.46,NA,73700,93213,01860,08700,12320,1,1
41057009607,2224,27,2170,27,2,18,7,1680,16,1628,16,0,16,4,512.99,426.59,NA,NA,90255,01860,08700,12320,1,1
41057009608,2160,29,2101,29,2,14,11,1655,18,1602,18,1,10,6,505.36,420.24,NA,NA,92108,03210,08700,13350,1,1
41059009501,2740,112,2601,112,5,9,13,2224,64,2080,64,2,6,8,379.95,474.39,NA,NA,92193,04992,08160,01660,5,3
41059009502,6183,1244,4877,1244,3,45,11,5220,735,3714,735,1,27,8,891.79,1113.45,NA,48600,92193,08140,08160,NA,5,3
41059009503,2458,100,2315,100,1,31,10,1798,58,1658,58,0,19,5,307.17,383.52,NA,3200,90170,04992,08160,01660,5,3
41059009504,6000,241,5397,241,172,129,53,5052,208,4335,208,160,103,38,863.09,1077.62,NA,57150,92448,04992,08160,09510,5,3
41059009505,4137,83,3945,83,3,41,62,3053,53,2880,53,2,27,38,521.58,651.22,NA,57150,92448,NA,NA,09510,5,3
41059009506,5475,309,4919,309,45,143,56,4213,174,3695,174,35,96,39,719.75,898.66,NA,57150,92448,NA,NA,09510,5,3
41059009507,2420,75,2281,75,9,47,8,1812,39,1688,39,7,33,6,309.56,386.51,NA,57150,92448,NA,NA,09510,5,3
41059009508,4446,445,3929,445,0,58,8,3248,231,2743,231,0,39,4,554.89,692.82,NA,75650,92312,NA,NA,06300,5,3
41059009509,2560,310,2178,310,7,31,31,1978,187,1565,187,6,13,20,337.92,421.92,NA,75650,92312,NA,NA,12600,5,3
41059009510,4129,628,3332,628,59,38,69,3145,325,2404,325,32,20,39,537.29,670.85,NA,33700,92312,NA,NA,06300,5,3
41059009511,3753,364,3318,364,2,28,40,2935,198,2488,198,2,20,29,501.42,626.05,NA,33700,92312,NA,NA,06300,5,3
41059009512,5757,909,4638,909,33,61,112,4433,505,3293,505,20,40,70,757.34,945.58,NA,33700,92312,NA,NA,06300,5,3
41059009513,3028,332,2654,332,1,21,18,2239,176,1863,176,1,14,9,382.51,477.59,NA,69900,92312,NA,NA,11790,5,3
41059009514,2642,51,2531,51,4,46,10,1879,29,1790,29,3,26,2,321.01,400.8,75750,57650,92465,NA,NA,09660,5,3
41059009515,1019,53,946,53,0,19,1,766,28,696,28,0,13,1,130.86,163.39,NA,80350,93451,08140,08160,01660,5,3
41059009516,358,14,218,14,1,125,0,271,13,164,13,1,80,0,46.3,57.81,75750,NA,92669,NA,NA,01660,5,3
41059009517,2144,37,1224,37,5,874,1,1490,15,911,15,3,545,1,254.55,317.82,75750,49000,92669,NA,NA,09510,5,3
41061009701,3259,39,3170,39,4,36,10,2313,20,2240,20,1,27,5,570.25,659.96,NA,22550,91037,NA,NA,04590,5,3
41061009702,3034,32,2967,32,0,25,10,2135,19,2075,19,0,18,4,526.37,609.17,NA,75850,93281,NA,NA,12690,5,3
41061009703,1880,30,1827,30,1,13,9,1338,16,1295,16,1,7,3,329.87,381.77,NA,16250,90714,NA,NA,03540,5,3
41061009704,2835,35,2722,35,19,35,22,2038,26,1935,26,18,25,8,502.45,581.49,NA,40350,91615,NA,NA,07200,5,3
41061009705,3085,70,2946,70,19,19,30,2271,36,2156,36,15,10,18,559.9,647.97,NA,40350,91615,NA,NA,07200,5,3
41061009706,3785,50,3675,50,13,25,18,2773,30,2675,30,8,17,13,683.66,791.21,75750,40350,91615,NA,NA,07200,5,3
41061009707,2723,76,2436,76,30,31,145,2210,54,1925,54,26,24,127,544.86,630.57,NA,40350,91615,NA,NA,07200,5,3
41061009708,2997,49,2869,49,13,42,24,2197,26,2099,26,5,24,17,541.65,626.86,NA,40350,91615,NA,NA,07200,5,3
41063009601,2004,33,1961,33,0,4,6,1484,22,1432,22,0,4,4,357.92,529.36,NA,37900,91496,NA,NA,06870,5,3
41063009602,1860,21,1824,21,3,8,4,1389,13,1353,13,2,7,1,335.01,495.47,NA,78150,93366,NA,NA,12990,5,3
41063009603,3047,59,2953,59,3,19,13,2260,30,2177,30,2,12,9,545.08,806.17,NA,23500,91071,NA,NA,05080,5,3
41065009701,3266,80,3080,80,7,47,51,2449,52,2284,52,6,29,26,709.53,712.82,NA,13425,93196,NA,NA,12150,5,3
41065009702,2934,296,2527,296,13,66,30,2196,143,1848,143,11,36,15,636.23,639.18,NA,13425,93196,NA,NA,12150,5,3
41065009703,2657,109,2491,109,10,33,14,2017,60,1851,60,6,27,13,584.37,587.08,NA,13425,93196,NA,NA,12150,5,3
41065009704,2243,136,2057,136,3,16,31,1823,66,1655,66,1,11,24,528.16,530.61,NA,13425,93196,NA,NA,12150,5,3
41065009705,2546,148,2296,148,20,33,46,1895,78,1678,78,10,22,29,549.02,551.57,NA,12800,93196,NA,NA,02970,5,3
41065009706,2349,119,2155,119,2,44,29,1756,65,1585,65,1,26,14,508.75,511.11,NA,50050,93196,NA,NA,02970,5,3
41065009707,1634,87,1533,87,0,6,8,1272,58,1150,58,0,3,3,368.53,370.23,NA,13425,93196,NA,NA,12150,5,3
41065009708,4054,90,3335,90,4,599,26,2987,48,2533,48,4,341,13,865.4,869.41,78650,20900,90935,07840,13090,04410,5,3
41067000301,7540,130,7015,130,58,31,297,6040,88,5581,88,41,21,221,1362.37,1577.88,NA,80000,90289,NA,NA,01920,1,2
41067000302,5746,72,5380,72,47,5,241,4686,44,4401,44,40,4,153,1056.97,1224.17,NA,80900,90289,NA,NA,01920,1,2
41067000303,4562,59,4396,59,7,8,90,3603,43,3450,43,5,6,56,812.69,941.24,NA,60900,90289,NA,NA,01920,1,2
41067000306,4643,111,4325,111,40,24,142,3594,78,3295,78,23,18,102,810.66,938.89,NA,47800,90289,NA,NA,12240,1,2
41067000307,1264,33,1156,33,13,11,46,992,18,901,18,9,8,38,223.75,259.15,NA,73650,90289,NA,NA,12240,1,2
41067000309,3873,128,3487,128,51,18,188,3109,91,2730,91,30,16,151,701.26,812.19,NA,73650,90289,NA,NA,12240,1,2
41067000311,2309,164,1980,164,26,18,121,1908,112,1575,112,14,10,85,430.37,498.44,NA,5350,90289,NA,NA,01920,1,2
41067000312,6020,294,5011,294,58,34,621,5066,197,4156,197,39,27,450,1142.68,1323.44,NA,5350,90289,NA,NA,01920,1,2
41067000313,5595,222,4783,222,99,44,444,4620,151,3884,151,70,35,329,1042.08,1206.92,NA,5350,90289,NA,NA,01920,1,2
41067000320,8866,257,8305,257,66,54,182,6749,179,6175,179,47,41,128,1522.29,1763.1,NA,74950,90289,NA,NA,12240,1,2
41067000322,3520,188,3277,188,18,6,29,2782,143,2462,143,11,4,19,627.5,726.77,NA,67100,90289,06060,06360,11290,1,2
41067000323,2527,231,2251,231,5,10,29,2039,176,1663,176,2,6,16,459.91,532.67,NA,34100,90289,06060,06360,01920,1,2
41067000325,6296,759,5377,759,20,49,84,4789,432,3824,432,9,33,59,1080.2,1251.07,NA,34100,90289,06330,06360,NA,1,2
41067000327,4059,436,3563,436,3,25,30,3318,332,2614,332,2,18,20,748.4,866.79,NA,53150,92210,08910,06360,10980,1,2
41067000328,1443,44,1384,44,3,7,5,1027,22,975,22,2,5,1,231.65,268.29,NA,NA,91156,06330,06360,01830,1,2
41067000329,7305,1084,6036,1084,23,58,96,5766,668,4327,668,11,37,55,1300.57,1506.3,NA,15550,91156,06330,06360,05160,1,2
41067000330,5607,485,5046,485,14,19,41,4320,330,3610,330,6,18,26,974.41,1128.55,NA,28100,90510,04920,06360,05430,1,2
41067000331,5757,441,5121,441,22,64,108,4334,251,3712,251,10,41,69,977.57,1132.21,NA,26200,91156,NA,NA,05160,1,2
41067000332,4823,722,3854,722,16,34,195,4129,418,3077,418,14,27,175,931.33,1078.66,NA,26200,91156,NA,NA,05160,1,2
41067000333,5424,206,5094,206,24,28,72,3981,110,3681,110,10,21,49,897.95,1039.99,NA,26200,91156,NA,NA,05160,1,2
41067000334,2247,47,2166,47,7,20,7,1631,30,1546,30,6,15,4,367.89,426.08,NA,NA,90561,08910,06360,01830,1,2
41067000335,2620,69,2508,69,7,19,17,1812,39,1705,39,5,15,9,408.71,473.36,NA,3850,90561,NA,NA,01830,1,2
41067000336,2277,59,2169,59,8,16,24,1626,31,1535,31,3,10,16,366.76,424.77,NA,NA,90561,NA,NA,05160,1,2
41067030401,3885,120,3589,120,23,21,130,3106,77,2834,77,14,17,87,700.58,811.41,NA,5350,90289,NA,NA,01920,1,2
41067030402,3695,73,3441,73,31,11,138,3123,49,2890,49,22,11,102,704.42,815.85,NA,60900,90289,NA,NA,01920,1,2
41067030501,4684,105,4374,105,49,16,137,3691,70,3415,70,32,11,93,832.54,964.23,NA,27825,90289,NA,NA,01920,1,2
41067030502,3298,47,3113,47,22,22,92,2523,31,2363,31,9,16,73,569.08,659.11,NA,27825,90289,NA,NA,01920,1,2
41067030801,4962,166,4647,166,35,23,90,3838,108,3525,108,21,17,59,865.69,1002.63,NA,73650,90289,NA,NA,12240,1,2
41067030802,7180,86,6888,86,33,32,138,5829,63,5576,63,20,21,86,1314.78,1522.76,NA,73650,90289,NA,NA,12240,1,2
41067031003,7663,169,6891,169,56,29,517,5641,107,5061,107,30,21,315,1272.37,1473.65,NA,5350,90289,NA,NA,01920,1,2
41067031004,5747,141,5099,141,39,16,450,4109,90,3607,90,22,14,286,926.82,1073.43,NA,5350,90289,NA,NA,01920,1,2
41067031005,5019,198,4401,198,43,26,347,4002,130,3446,130,28,22,246,902.68,1045.48,NA,5350,90289,NA,NA,01920,1,2
41067031006,5690,196,5004,196,86,18,373,4391,131,3801,131,55,14,259,990.43,1147.1,NA,5350,90289,NA,NA,01920,1,2
41067031401,9895,305,8857,305,97,47,584,7719,208,6792,208,61,34,416,1741.08,2016.5,NA,12050,90289,NA,NA,01920,1,2
41067031402,1016,57,843,57,16,5,94,865,40,709,40,10,3,63,195.11,225.97,NA,5350,90289,NA,NA,01920,1,2
41067031501,1536,23,1478,23,3,6,24,1170,12,1122,12,3,5,16,263.9,305.65,NA,53988,92992,13230,06360,01920,1,2
41067031504,6006,129,5488,129,30,30,324,4459,82,4026,82,19,23,227,1005.76,1164.86,NA,63010,92992,13230,06360,01920,1,2
41067031505,5253,91,4644,91,29,11,478,3505,53,3084,53,17,8,290,790.58,915.64,NA,63010,92992,NA,NA,01920,1,2
41067031506,3484,94,3113,94,28,13,236,2616,75,2282,75,18,7,159,590.06,683.4,NA,53988,90289,NA,NA,01920,1,2
41067031507,4460,68,3971,68,26,16,375,3357,55,2972,55,19,13,243,757.2,876.98,NA,12150,90289,NA,NA,01920,1,2
41067031508,3747,54,3536,54,16,11,129,2795,37,2604,37,14,6,97,630.44,730.16,NA,12150,90289,NA,NA,01920,1,2
41067031603,1547,20,1383,20,11,11,121,1317,17,1174,17,8,6,95,297.06,344.05,NA,34100,92992,10470,06360,01920,1,2
41067031604,7798,192,6902,192,44,38,621,5907,128,5170,128,31,25,425,1332.37,1543.14,NA,5350,92992,NA,NA,01920,1,2
41067031605,6036,253,5134,253,27,26,584,4043,146,3383,146,15,18,335,911.93,1056.19,NA,1650,90289,10470,06360,NA,1,2
41067031606,3874,111,3515,111,16,16,215,2657,61,2386,61,6,15,128,599.31,694.11,NA,1650,90289,10470,06360,01920,1,2
41067031607,4649,196,4108,196,50,37,254,3542,120,3060,120,29,24,189,798.93,925.31,NA,1650,90289,NA,NA,01920,1,2
41067031702,5195,276,4464,276,42,52,357,3828,144,3245,144,23,30,242,863.44,1000.02,NA,1650,90289,NA,NA,01920,1,2
41067031703,3936,165,3548,165,26,18,175,2640,82,2353,82,13,12,98,595.47,689.67,NA,1650,90289,10470,06360,01920,1,2
41067031704,6517,195,5944,195,39,40,296,4518,119,4053,119,20,24,183,1019.07,1180.28,NA,1650,90289,10470,06360,01920,1,2
41067031801,6830,209,6043,209,36,34,508,4705,116,4104,116,17,25,327,1061.25,1229.13,NA,1650,90289,06060,06360,01920,1,2
41067031802,7432,150,6670,150,85,22,502,5420,90,4835,90,52,16,337,1222.53,1415.91,NA,5350,90289,NA,NA,01920,1,2
41067031803,4996,116,4435,116,50,22,371,3651,67,3223,67,36,13,245,823.51,953.78,NA,5350,90289,NA,NA,01920,1,2
41067031901,8367,145,8007,145,25,30,160,6955,97,6609,97,18,21,113,1568.76,1816.92,NA,39150,90289,06060,06360,12240,1,2
41067031903,7199,148,6603,148,45,66,334,5306,88,4820,88,29,45,236,1196.81,1386.13,NA,73650,90289,NA,NA,12240,1,2
41067031904,2581,45,2430,45,19,12,72,1899,32,1770,32,11,9,45,428.34,496.09,NA,73650,90289,NA,NA,12240,1,2
41067032101,3680,119,3509,119,11,21,19,2708,77,2519,77,7,16,12,610.81,707.43,NA,67100,90289,NA,NA,11290,1,2
41067032102,6608,137,6288,137,14,20,144,4502,75,4241,75,7,16,88,1015.46,1176.1,NA,74950,90289,NA,NA,12240,1,2
41067032402,4241,157,3904,157,9,15,156,3062,96,2763,96,8,13,86,690.66,799.91,NA,34100,90289,10470,06360,NA,1,2
41067032403,6567,2136,4224,2136,38,33,134,5742,1301,3026,1301,18,19,77,1295.16,1500.03,NA,34100,90289,06330,06360,NA,1,2
41067032404,5794,184,5466,184,31,13,95,3950,98,3667,98,18,10,59,890.95,1031.89,NA,34100,90289,06330,06360,NA,1,2
41067032601,7540,693,6690,693,30,34,88,5651,401,4738,401,17,30,64,1274.63,1476.26,NA,34100,90289,06330,06360,NA,1,2
41067032602,8624,391,7911,391,41,60,219,6216,222,5567,222,21,43,141,1402.07,1623.86,NA,34100,90289,06330,06360,NA,1,2
41069009801,1396,12,1370,12,1,11,2,1096,9,1068,9,0,8,2,241,393,NA,26650,91938,NA,NA,05250,5,3
41071000301,6826,176,6512,176,16,29,91,4782,91,4520,91,8,25,47,1039.04,1163.07,NA,52100,92125,NA,NA,08720,1,2
41071000302,9463,680,8598,680,21,61,99,7290,405,6348,405,14,49,69,1583.99,1773.06,NA,52100,92125,NA,NA,08720,1,2
41071000303,7219,357,6730,357,15,61,54,5202,205,4712,205,7,48,25,1130.3,1265.22,NA,40300,92125,13590,13620,08720,1,2
41071000304,6504,295,6074,295,10,65,58,4623,160,4217,160,4,42,40,1004.5,1124.4,NA,11150,90459,13590,13620,08010,1,2
41071000305,8632,437,7569,437,225,316,84,6629,331,5487,331,214,197,69,1440.37,1612.29,30400,67050,92890,06240,08700,13350,1,2
41071000306,4495,207,4216,207,8,28,32,3401,112,3133,112,2,19,23,738.98,827.18,NA,45000,91734,02730,13620,08010,1,2
41071000307,8065,490,7417,490,10,63,82,6131,303,5424,303,6,41,54,1332.16,1491.17,NA,45000,91734,NA,NA,08010,1,2
41071000308,7764,757,6699,757,30,77,196,6376,481,5195,481,23,51,145,1385.39,1550.76,NA,45000,91734,NA,NA,08010,1,2
41071000309,3360,637,2657,637,4,27,34,2766,395,1935,395,0,16,25,601,672.74,NA,18250,90816,NA,NA,03990,1,2
41071000310,3223,93,3066,93,5,29,30,2307,52,2170,52,4,17,12,501.27,561.1,NA,2000,90816,NA,NA,01230,1,2
