GEOID,pop,pop_white,pop_black,pop_hisp,pop_aian,pop_asian,pop_other,vap,vap_white,vap_black,vap_hisp,vap_aian,vap_asian,vap_other,ndv,nrv,place,mcd,school,cd_1980,cd_1990
54001009655,3606,11,3545,11,37,11,2,2654,8,2603,8,28,6,1,1071.5,1382.15,63292,93588,00030,4,1
54001009656,3842,41,3637,41,78,58,21,3059,30,2879,30,62,41,17,1235.02,1593.07,63292,92328,00030,4,1
54001009657,4608,21,4467,21,30,80,7,3399,14,3292,14,22,55,2,1372.28,1770.13,63292,92328,00030,4,1
54001009658,3643,16,3608,16,2,11,5,2678,12,2643,12,1,8,2,1081.19,1394.65,5788,92892,00030,4,1
54003009711,6044,25,5938,25,60,6,14,4387,13,4304,13,42,6,9,251.23,285.19,NA,91092,00060,4,2
54003009712,7524,49,7359,49,76,14,25,5390,23,5268,23,50,13,13,308.66,350.4,36220,91596,00060,4,2
54003009713,5206,30,4946,30,180,13,35,3907,20,3712,20,122,10,23,223.74,253.99,52060,92388,00060,4,2
54003009714,3744,12,3632,12,85,1,14,2828,10,2730,10,67,1,10,161.95,183.85,52060,92388,00060,4,2
54003009715,3825,30,3336,30,426,10,18,2897,18,2541,18,305,4,11,165.9,188.33,52060,92100,00060,4,2
54003009716,4631,81,4002,81,499,6,34,3582,59,3094,59,342,4,24,205.13,232.86,52060,92100,00060,4,2
54003009717,5435,45,5100,45,246,7,33,4259,24,4028,24,155,7,21,243.9,276.87,52060,92100,00060,4,2
54003009718,4717,18,4650,18,27,9,12,3325,12,3262,12,22,7,10,190.41,216.16,NA,91200,00060,4,2
54003009719,4989,44,4836,44,92,7,9,3681,30,3538,30,68,6,9,210.8,239.3,NA,90060,00060,4,2
54003009720,5578,26,5078,26,406,4,60,4273,20,3893,20,301,3,36,244.7,277.78,52060,90060,00060,4,2
54003009721,7560,39,7397,39,94,8,22,5511,23,5377,23,70,4,14,315.59,358.27,40204,92172,00060,4,2
54005009582,4050,9,4039,9,0,1,1,2974,9,2954,9,0,1,1,698.91,463.74,20212,90832,00090,3,3
54005009583,4128,5,4120,5,2,1,0,2980,4,2970,4,2,0,0,700.32,464.67,20212,90832,00090,3,3
54005009584,2218,1,2194,1,9,2,12,1657,1,1641,1,3,1,10,389.41,258.38,50524,90832,00090,3,3
54005009585,7300,9,7195,9,77,9,6,5333,5,5262,5,50,7,4,1253.3,831.58,50524,90762,00090,3,3
54005009586,2389,6,2359,6,18,6,0,1771,4,1744,4,13,6,0,416.2,276.15,86836,90762,00090,3,3
54005009587,2584,0,2580,0,1,3,0,1911,0,1908,0,0,3,0,449.1,297.98,NA,90794,00090,3,3
54005009588,3201,18,3065,18,107,7,0,2267,7,2174,7,74,5,0,532.76,353.5,50524,90794,00090,3,3
54007009680,4204,10,4178,10,7,2,6,3135,5,3114,5,6,1,4,1559.21,1007.09,30220,93597,00120,3,2
54007009681,4377,10,4327,10,29,5,4,3215,2,3180,2,23,5,3,1599,1032.79,78580,92922,00120,3,2
54007967998,4417,17,4367,17,10,10,13,3297,8,3259,8,10,7,5,1639.79,1059.13,11716,92346,00120,3,2
54009000301,1371,0,1368,0,1,0,2,1104,0,1103,0,0,0,1,165.18,137.47,85156,93552,00150,2,1
54009000302,1481,7,1422,7,48,0,2,1212,3,1175,3,30,0,1,181.34,150.92,85156,93552,00150,2,1
54009000308,1066,1,1041,1,5,0,19,846,1,828,1,3,0,13,126.58,105.35,85156,93552,00150,2,1
54009000311,6230,26,6151,26,31,8,13,4678,19,4599,19,23,7,11,699.91,582.52,28204,91104,00150,2,1
54009000312,3943,18,3909,18,4,5,6,3060,13,3023,13,4,2,5,457.83,381.04,28204,91104,00150,2,1
54009000313,2850,11,2822,11,9,5,1,2110,6,2086,6,9,2,1,315.69,262.74,NA,90708,00150,2,1
54009000314,3385,4,3316,4,61,1,3,2735,3,2684,3,44,0,1,409.21,340.57,85324,93564,00150,2,1
54009000316,3646,17,3562,17,39,10,12,2919,16,2831,16,37,7,12,436.74,363.48,6844,90264,00150,2,1
54009000317,3020,1,3014,1,3,0,2,2296,1,2289,1,3,0,2,343.52,285.9,5452,90264,00150,2,1
54011000002,3648,25,3576,25,40,4,0,2833,12,2777,12,30,2,0,616.79,683.33,39460,90834,00180,1,3
54011000003,2825,16,2756,16,30,4,19,2350,13,2289,13,19,4,12,511.63,566.83,39460,90834,00180,1,3
54011000004,2373,18,2315,18,28,2,9,1950,9,1901,9,23,2,6,424.54,470.35,39460,90834,00180,1,3
54011000005,3061,11,2836,11,170,4,38,3026,11,2794,11,168,4,38,658.8,729.88,39460,90834,00180,1,3
54011000006,1523,4,1430,4,66,2,20,1456,4,1361,4,65,2,20,316.99,351.19,39460,90798,00180,1,3
54011000007,946,5,838,5,99,3,1,874,4,774,4,88,3,1,190.28,210.81,39460,90798,00180,1,3
54011000008,1243,13,1172,13,41,3,13,1075,11,1005,11,34,3,11,234.04,259.29,39460,90798,00180,1,3
54011000009,2065,3,1990,3,60,5,7,1559,1,1516,1,34,4,3,339.42,376.04,39460,90764,00180,1,3
54011000010,2775,23,2726,23,20,2,4,2143,10,2105,10,12,2,4,466.56,516.9,39460,90764,00180,1,3
54011000011,2167,10,2121,10,25,4,7,1774,8,1730,8,20,3,5,386.23,427.9,39460,90764,00180,1,3
54011000012,3046,28,2919,28,82,1,14,2410,17,2310,17,53,1,12,524.69,581.3,39460,90764,00180,1,3
54011000013,2916,29,2591,29,267,3,23,2430,17,2186,17,194,2,14,529.05,586.13,39460,90798,00180,1,3
54011000014,2668,19,1489,19,1139,8,9,2127,13,1221,13,865,6,9,463.08,513.04,39460,90798,00180,1,3
54011000015,3247,10,2085,10,1142,1,2,2530,7,1724,7,789,1,2,550.82,610.25,39460,90798,00180,1,3
54011000016,1478,4,1281,4,185,1,7,1167,3,1037,3,119,1,4,254.07,281.49,39460,90798,00180,1,3
54011000017,0,0,0,0,0,0,0,0,0,0,0,0,0,0,0,0,39460,90798,00180,1,3
54011000018,4504,20,4237,20,225,6,10,3286,13,3124,13,120,6,10,715.41,792.6,39460,90798,00180,1,3
54011000019,2319,9,2254,9,26,2,28,1861,9,1806,9,17,2,18,405.17,448.88,39460,90834,00180,1,3
54011000020,3532,14,3475,14,32,0,11,2799,14,2742,14,21,0,8,609.38,675.13,39460,90764,00180,1,3
54011000021,3216,14,3147,14,30,4,21,2554,9,2494,9,24,4,14,556.04,616.04,39460,90764,00180,1,3
54011000101,1654,4,1635,4,0,7,8,1288,3,1269,3,0,7,6,280.42,310.67,39460,90834,00180,1,3
54011000102,2428,8,2281,8,95,2,38,1833,4,1751,4,46,2,26,399.07,442.13,63788,90870,00180,1,3
54011000102,9291,52,8956,52,90,10,183,7200,34,6948,34,61,7,116,1567.55,1736.67,63788,90870,00180,1,3
54011000103,2828,10,2807,10,3,7,1,2087,7,2065,7,3,4,1,454.37,503.39,4276,90882,00180,1,3
54011000104,4974,22,4907,22,33,3,9,3818,17,3745,17,29,3,7,831.23,920.92,4276,90870,00180,1,3
54011000105,5160,4,5138,4,12,1,4,3679,2,3667,2,6,0,2,800.97,887.39,NA,90870,00180,1,3
54011000106,3422,6,3404,6,3,7,2,2569,1,2557,1,2,6,2,559.31,619.65,19516,90882,00180,1,3
54011000107,6331,21,6292,21,5,4,7,4812,16,4769,16,4,3,4,1047.64,1160.68,54484,90882,00180,1,3
54011000108,5653,18,5629,18,1,1,4,4330,16,4293,16,0,1,4,942.7,1044.42,54484,90882,00180,1,3
54011010102,5534,22,5473,22,12,7,20,4128,16,4069,16,6,6,15,898.73,995.69,39460,90870,00180,1,3
54011010998,0,0,0,0,0,0,0,0,0,0,0,0,0,0,0,0,NA,90870,00180,1,3
54013009626,3949,11,3900,11,0,12,23,2893,7,2852,7,0,10,17,954.95,753.91,32884,90766,00210,3,2
54013009627,3936,7,3918,7,2,2,7,2863,4,2846,4,2,2,5,945.05,746.09,NA,90885,00210,3,2
54015009579,3130,6,3120,6,0,4,0,2231,3,2221,3,0,4,0,1678.82,1041.66,NA,92412,00240,3,2
54015009580,3979,4,3967,4,0,3,5,2787,3,2775,3,0,3,3,2097.21,1301.26,15676,91608,00240,3,2
54015009581,2874,4,2868,4,1,0,1,1992,4,1982,4,1,0,1,1498.97,930.07,NA,92484,00240,3,2
54017009650,3551,6,3526,6,2,12,5,2602,3,2584,3,1,7,4,628.05,960.34,NA,92374,00270,2,1
54017009651,3443,6,3415,6,0,19,3,2527,5,2505,5,0,9,3,609.95,932.66,86116,92466,00270,2,1
54019000201,6338,45,6039,45,240,10,3,4704,29,4449,29,186,8,3,530.54,589.29,27028,92280,00300,4,3
54019000202,7928,28,7296,28,583,11,10,5837,20,5370,20,408,10,9,658.33,731.22,60028,92472,00300,4,3
54019000203,2685,22,2618,22,25,6,14,2213,17,2144,17,20,5,10,249.59,277.23,60028,92472,00300,4,3
54019000204,4606,41,3977,41,572,4,10,3425,28,2918,28,440,3,8,386.29,429.06,60028,92472,00300,4,3
54019000205,2315,15,1839,15,453,6,1,1665,9,1338,9,306,2,1,187.79,208.58,56404,92472,00300,4,3
54019000206,2654,15,2560,15,76,3,0,2009,8,1928,8,62,3,0,226.59,251.68,62356,93396,00300,4,3
54019000207,5532,30,4714,30,699,5,83,4361,26,3725,26,509,2,73,491.86,546.32,65284,93396,00300,4,3
54019000208,4895,30,4575,30,280,0,10,3792,15,3546,15,208,0,8,427.68,475.04,74740,93396,00300,4,3
54019000209,4714,12,4639,12,60,1,2,3411,6,3358,6,40,1,0,384.71,427.31,1996,92280,00300,4,3
54019000210,3260,5,3239,5,9,3,4,2353,3,2331,3,9,3,4,265.38,294.77,NA,92280,00300,4,3
54019000211,3025,9,2995,9,12,7,0,2263,7,2233,7,11,5,0,255.23,283.5,52780,92280,00300,4,3
54021009677,5143,13,5113,13,6,6,5,3791,11,3756,11,2,6,5,1281.62,1121.98,71620,90758,00330,3,2
54021009678,2513,11,2447,11,26,2,26,2110,6,2046,6,25,2,25,713.32,624.47,32044,90534,00330,3,2
54021967998,13,0,13,0,0,0,0,12,0,12,0,0,0,0,4.06,3.55,NA,91236,00330,3,2
54023009694,3398,5,3369,5,9,12,3,2476,3,2452,3,7,9,2,225,528,4924,93216,00360,4,1
54023009695,2620,15,2602,15,2,1,0,1935,9,1914,9,2,1,0,136.5,449.44,62956,92208,00360,4,1
54023009696,4410,15,4269,15,95,9,16,3395,10,3288,10,72,7,8,239.5,788.56,62956,92208,00360,4,1
54025009501,5601,33,5067,33,488,6,7,4391,28,3966,28,357,6,6,143,448,86812,93648,00390,4,3
54025009502,4512,18,4387,18,88,11,8,3292,12,3193,12,61,9,5,329.26,505.79,70828,92136,00390,4,3
54025009503,4755,11,4707,11,22,10,4,3667,7,3622,7,19,9,3,873,1150,66652,92136,00390,4,3
54025009504,6045,11,5960,11,54,9,9,4501,9,4441,9,30,6,6,224,288,46636,91140,00390,4,3
54025009505,3104,15,3003,15,81,2,2,2377,9,2297,9,58,2,2,237.74,365.21,772,90228,00390,4,3
54025009506,4253,34,3930,34,274,1,14,3474,26,3190,26,222,1,9,815,763,46636,91872,00390,4,3
54025009507,6423,15,6133,15,258,3,14,4822,11,4599,11,188,3,10,388,420,70156,91128,00390,4,3
54027009682,3059,13,3039,13,1,6,0,2244,9,2220,9,1,5,0,433,555,13108,90204,00420,4,2
54027009683,3256,18,3233,18,5,0,0,2368,11,2343,11,3,0,0,291.45,326.96,NA,92988,00420,4,2
54027009684,4132,25,4024,25,63,14,6,3100,15,3016,15,42,8,4,381.55,428.04,70084,92676,00420,4,2
54027009685,3008,24,2952,24,22,5,4,2193,13,2148,13,12,4,3,313,435,70084,92820,00420,4,2
54027009686,3043,13,3001,13,18,5,6,2259,8,2219,8,14,5,5,669,644,13108,90360,00420,4,2
54029000201,1837,10,1823,10,1,3,0,1455,6,1439,6,1,3,0,147.78,130.35,85156,90540,00450,2,1
54029000202,2034,15,1764,15,246,5,4,1586,10,1413,10,148,3,2,161.09,142.08,85156,90540,00450,2,1
54029000203,32,0,14,0,18,0,0,29,0,12,0,17,0,0,2.95,2.6,85156,90540,00450,2,1
54029000204,1435,2,1143,2,287,2,1,1091,2,844,2,241,1,1,110.81,97.74,85156,90540,00450,2,1
54029000205,2756,14,2523,14,200,7,9,2201,11,2016,11,153,4,6,223.56,197.18,85156,90540,00450,2,1
54029000206,4827,26,4730,26,46,1,19,3915,21,3819,21,41,1,12,1331.5,915.28,85156,90312,00450,2,1
54029000207,2913,13,2846,13,37,1,16,2321,8,2265,8,28,0,12,789.37,542.62,85156,90312,00450,2,1
54029000208,2287,13,2223,13,25,2,24,1891,10,1834,10,17,2,18,643.13,442.09,85156,90312,00450,2,1
54029000209,6572,26,6517,26,3,8,18,4858,18,4803,18,1,7,11,1349.79,1259.71,58420,91308,00450,2,1
54029000210,2905,22,2871,22,6,4,2,2207,9,2179,9,6,2,2,613.21,572.29,15076,91308,00450,2,1
54029000211,6272,50,6177,50,23,7,15,4664,34,4561,34,17,6,12,473.72,417.83,NA,90540,00450,2,1
54029000212,1363,8,1344,8,7,0,4,1074,6,1053,6,7,0,2,109.09,96.22,58372,90540,00450,2,1
54031009701,3343,15,3300,15,20,5,3,2557,10,2515,10,16,4,2,1559.84,2000.11,84580,90372,00480,4,2
54031009702,4430,32,4290,32,100,7,1,3404,23,3278,23,73,6,1,2076.53,2662.64,55588,91968,00480,4,2
54031009703,3204,8,3104,8,89,1,1,2437,7,2353,7,68,1,1,1486.63,1906.25,55588,92928,00480,4,2
54033000301,4146,35,3842,35,254,7,8,3439,25,3193,25,185,7,4,561.11,572.03,15628,92932,00510,2,1
54033000302,3138,106,2980,106,49,1,2,2516,85,2309,85,35,1,1,410.52,418.5,15628,92368,00510,2,1
54033000303,2663,23,2504,23,118,5,12,1988,19,1870,19,68,5,7,324.37,330.68,15628,93048,00510,2,1
54033000304,3226,39,2965,39,206,1,7,2561,32,2323,32,169,1,4,417.86,425.99,15628,92932,00510,2,1
54033000305,5138,48,5035,48,30,12,12,3966,36,3854,36,19,11,10,647.1,659.69,59836,93048,00510,2,1
54033000306,8215,69,8009,69,91,6,38,6348,50,6166,50,55,6,21,1035.75,1055.9,15628,92932,00510,2,1
54033000307,2646,12,2621,12,9,4,0,1961,3,1945,3,8,2,0,319.96,326.18,NA,92952,00510,2,1
54033000308,3812,27,3756,27,24,4,1,2855,21,2789,21,19,4,1,465.83,474.89,49252,92352,00510,2,1
54033000309,886,36,847,36,2,0,0,685,32,619,32,2,0,0,111.77,113.94,15628,93048,00510,2,1
54033000310,4019,56,3916,56,39,7,1,3096,40,2985,40,24,6,1,505.15,514.98,77188,93048,00510,2,1
54033000311,1727,71,1638,71,8,7,3,1347,56,1224,56,4,5,2,219.78,224.05,1900,92916,00510,2,1
54033000312,1884,17,1865,17,1,0,1,1385,11,1361,11,1,0,1,225.98,230.38,NA,92916,00510,2,1
54033000313,2391,14,2362,14,6,7,2,1712,12,1680,12,3,4,1,279.33,284.77,48748,92952,00510,2,1
54033000314,2353,14,2330,14,0,6,3,1682,7,1663,7,0,3,2,274.44,279.78,85924,92952,00510,2,1
54033000315,1503,10,1491,10,0,0,2,1061,7,1046,7,0,0,1,173.11,176.48,NA,92952,00510,2,1
54033000316,2973,30,2836,30,75,8,24,2298,26,2165,26,59,2,20,374.95,382.24,71380,92952,00510,2,1
54033000317,1907,14,1883,14,1,7,2,1394,8,1368,8,1,7,2,227.45,231.87,NA,92352,00510,2,1
54033000318,2606,24,2568,24,9,1,4,1920,16,1880,16,4,1,3,313.27,319.37,25516,92352,00510,2,1
54033000319,2543,42,2489,42,7,2,3,1988,27,1925,27,6,1,2,324.37,330.68,73636,92352,00510,2,1
54033000320,2999,29,2955,29,11,2,2,2242,22,2187,22,8,2,1,365.81,372.93,10180,92352,00510,2,1
54033000321,8596,101,8426,101,25,0,43,6485,70,6303,70,15,0,27,1058.11,1078.69,10180,92916,00510,2,1
54035009632,4137,14,4104,14,5,6,8,3077,9,3045,9,4,4,6,611.04,846.71,NA,92544,00540,3,2
54035009633,5008,23,4956,23,7,8,14,3778,11,3733,11,5,5,13,750.25,1039.61,67108,92544,00540,3,2
54035009634,3603,6,3586,6,1,1,9,2628,2,2618,2,0,1,5,521.88,723.16,67108,93228,00540,3,2
54035009635,2062,1,2055,1,0,3,3,1467,0,1464,0,0,1,2,291.32,403.68,68596,92616,00540,3,2
54035009636,4710,17,4667,17,1,7,18,3621,8,3589,8,1,4,11,719.07,996.41,68596,92616,00540,3,2
54035009637,6418,4,6397,4,1,11,5,4635,1,4624,1,0,8,1,920.44,1275.43,NA,93504,00540,3,2
54035963898,0,0,0,0,0,0,0,0,0,0,0,0,0,0,0,0,NA,91320,00540,3,2
54037009722,6964,62,6310,62,543,13,33,5461,42,4963,42,381,12,21,1051.31,931.2,73468,92760,00570,4,2
54037009723,3809,35,3471,35,285,7,11,2711,23,2472,23,177,7,9,521.9,462.27,NA,92160,00570,4,2
54037009724,5154,100,4471,100,564,5,8,3841,59,3333,59,381,4,5,739.44,654.96,18035,90504,00570,4,2
54037009725,7697,95,6715,95,825,12,43,5851,64,5069,64,611,10,33,1126.39,997.7,14610,90504,00570,4,2
54037009726,3537,61,3319,61,139,2,16,2781,42,2572,42,112,2,11,535.38,474.21,35284,91548,00570,4,2
54037009727,4873,35,4801,35,5,14,18,3562,26,3486,26,3,7,14,685.73,607.38,NA,91740,00570,4,2
54037009728,3892,40,3569,40,271,1,8,2799,25,2560,25,182,1,6,538.84,477.28,NA,91740,00570,4,2
54039000001,1749,6,1349,6,382,2,10,1367,5,1092,5,258,2,5,103.58,79.01,14600,90888,00600,3,2
54039000002,3284,24,2466,24,772,3,14,2174,12,1729,12,412,3,6,164.72,125.66,14600,90888,00600,3,2
54039000003,3556,15,3484,15,42,1,13,2750,10,2692,10,26,1,11,208.36,158.95,14600,90888,00600,3,2
54039000005,2814,18,2664,18,119,4,6,2246,10,2134,10,82,4,6,170.18,129.82,14600,90888,00600,3,2
54039000006,5187,35,4655,35,475,10,7,4000,20,3621,20,327,7,5,303.08,231.2,14600,90888,00600,3,2
54039000007,3061,8,1781,8,1266,1,1,2405,6,1460,6,931,1,1,182.22,139.01,14600,90888,00600,3,2
54039000008,2530,5,2135,5,365,7,14,2156,4,1881,4,256,5,6,163.36,124.62,14600,90888,00600,3,2
54039000009,2122,30,1183,30,886,15,3,1817,21,1104,21,656,13,2,137.67,105.02,14600,90888,00600,3,2
54039000011,5346,14,3926,14,1339,9,52,3994,9,3067,9,869,7,33,302.62,230.85,14600,90888,00600,3,2
54039000012,2100,37,1164,37,877,2,16,1742,24,1052,24,630,2,10,131.99,100.69,14600,90888,00600,3,2
54039000013,2956,33,2504,33,377,13,25,2674,27,2294,27,301,8,17,202.61,154.56,14600,90888,00600,3,2
54039000015,4556,22,4344,22,111,6,73,3892,19,3698,19,96,6,54,294.89,224.96,14600,90804,00600,3,2
54039000017,1964,12,1779,12,148,0,25,1660,8,1520,8,106,0,18,125.78,95.95,14600,90804,00600,3,2
54039000018,2882,23,2426,23,388,6,36,2203,16,1891,16,253,6,21,166.92,127.33,14600,90804,00600,3,2
54039000020,3180,10,2980,10,153,7,30,2479,8,2327,8,111,4,21,187.83,143.29,14600,90804,00600,3,2
54039000021,5160,36,4561,36,414,8,137,3835,26,3436,26,247,7,93,290.57,221.66,14600,90804,00600,3,2
54039000101,4583,11,4148,11,341,8,73,3506,10,3215,10,214,8,49,265.65,202.65,22564,90876,00600,3,2
54039000102,2325,16,2187,16,118,0,1,1982,8,1880,8,85,0,1,150.17,114.56,22564,90876,00600,3,2
54039000103,2810,8,2530,8,260,1,9,2331,8,2120,8,186,1,8,176.62,134.73,22564,90876,00600,3,2
54039000104,2167,9,681,9,1466,6,5,1741,9,588,9,1124,6,5,131.91,100.63,22564,90876,00600,3,2
54039000105,5426,27,5179,27,120,5,87,3991,19,3830,19,68,3,52,302.39,230.68,19108,90876,00600,3,2
54039000106,5389,16,5298,16,65,4,6,4313,13,4235,13,43,4,5,326.79,249.29,59068,90876,00600,3,2
54039000109,2738,2,2731,2,0,3,2,2014,2,2008,2,0,2,0,152.6,116.41,NA,90890,00600,3,2
54039000110,4403,11,4363,11,13,6,10,3540,7,3503,7,10,6,7,268.22,204.61,14600,90890,00600,3,2
54039000111,5124,7,5110,7,4,2,0,3817,3,3809,3,1,1,0,289.21,220.62,24748,90890,00600,3,2
54039000112,4921,4,4913,4,1,2,1,3679,4,3668,4,1,1,1,278.75,212.65,16012,90890,00600,3,2
54039000115,5316,18,4552,18,728,4,10,4124,15,3531,15,553,4,6,312.47,238.37,5836,90768,00600,3,2
54039000118,5918,16,5715,16,178,1,7,4445,14,4262,14,148,1,6,336.79,256.92,13924,90768,00600,3,2
54039000121,5634,27,5129,27,449,3,24,4245,18,3858,18,331,3,17,321.64,245.36,23092,90768,00600,3,2
54039000122,6653,25,6364,25,254,6,3,5004,16,4776,16,189,6,1,379.15,289.23,15028,90768,00600,3,2
54039000123,6625,10,6585,10,20,5,5,5020,8,4983,8,14,4,3,380.36,290.16,51724,90804,00600,3,2
54039000128,4641,19,4441,19,138,3,34,3614,12,3483,12,83,3,21,273.83,208.89,75292,90804,00600,3,2
54039000129,1689,13,1597,13,72,0,7,1393,8,1327,8,45,0,5,105.55,80.52,75292,90804,00600,3,2
54039000130,4627,22,4373,22,204,1,23,3725,12,3544,12,140,1,16,282.24,215.31,75292,90840,00600,3,2
54039000131,4886,39,4605,39,192,9,40,3703,23,3495,23,128,8,26,280.57,214.03,75292,90840,00600,3,2
54039000132,3567,15,3476,15,56,11,9,2686,9,2612,9,45,6,5,203.52,155.25,75292,90840,00600,3,2
54039000133,2735,17,2666,17,36,2,11,2187,10,2138,10,23,1,5,165.71,126.41,71212,90840,00600,3,2
54039000134,2402,17,2278,17,98,1,7,1877,8,1781,8,75,1,4,142.22,108.49,71212,90840,00600,3,2
54039000135,3321,17,3222,17,70,5,6,2637,6,2571,6,46,3,5,199.8,152.42,71212,90840,00600,3,2
54039000136,4820,12,4654,12,122,2,29,3758,8,3630,8,94,2,16,284.74,217.21,71212,90840,00600,3,2
54039000137,7702,10,7536,10,126,12,16,5655,6,5538,6,87,10,8,428.47,326.86,80764,90840,00600,3,2
54039000138,2512,4,2324,4,184,0,0,1812,2,1682,2,126,0,0,137.29,104.73,NA,90840,00600,3,2
54039001901,3808,28,3528,28,32,12,207,2797,18,2605,18,21,6,129,211.93,161.67,14600,90804,00600,3,2
54039001902,3609,24,3504,24,17,1,63,2786,18,2696,18,13,1,40,211.09,161.03,14600,90804,00600,3,2
54039010701,4882,40,4637,40,137,1,66,3752,29,3564,29,86,1,43,284.28,216.87,19108,90876,00600,3,2
54039010702,4955,18,4840,18,79,3,14,3642,9,3561,9,49,3,11,275.95,210.51,19108,90876,00600,3,2
54039010801,6116,28,6069,28,12,0,5,4593,15,4552,15,8,0,3,348.01,265.48,74356,90890,00600,3,2
54039010802,3456,18,3421,18,2,6,6,2519,13,2485,13,1,4,3,190.86,145.6,74356,90890,00600,3,2
54039011301,3259,6,3229,6,7,4,12,2457,6,2433,6,6,2,4,186.16,142.02,14600,90890,00600,3,2
54039011302,5035,7,5017,7,4,5,1,3732,3,3721,3,1,4,0,282.77,215.71,63772,90890,00600,3,2
54039011401,2884,4,2873,4,3,4,0,2245,3,2234,3,2,3,0,170.1,129.76,16612,90768,00600,3,2
54039011402,4234,4,4207,4,15,1,6,3231,1,3217,1,9,1,2,244.81,186.75,16612,90768,00600,3,2
54041009672,3707,10,3681,10,4,1,11,2816,7,2793,7,0,1,8,1272.77,1003.18,85972,91176,00630,3,2
54041009673,3784,17,3762,17,0,3,1,2862,15,2828,15,0,3,1,1293.57,1019.57,40828,91476,00630,3,2
54041009674,3039,22,2991,22,9,5,12,2421,12,2377,12,9,5,6,1094.24,862.47,85972,91476,00630,3,2
54041009675,3532,12,3467,12,31,14,7,2692,7,2633,7,30,11,4,1216.73,959.01,85972,91176,00630,3,2
54041009676,3161,6,3137,6,4,1,12,2318,6,2297,6,2,1,6,1047.69,825.77,NA,90636,00630,3,2
54043009554,5902,14,5871,14,4,8,5,4352,13,4315,13,2,6,3,636.86,627.27,1396,90960,00660,3,3
54043009555,3501,1,3492,1,1,3,4,2606,0,2601,0,1,3,1,381.35,375.61,34516,90384,00660,3,3
54043009556,4604,17,4579,17,1,4,3,3322,13,3288,13,1,4,3,486.13,478.81,85804,92784,00660,3,3
54043009557,3667,11,3652,11,0,0,4,2563,4,2553,4,0,0,2,375.06,369.42,35596,91572,00660,3,3
54043009558,3708,5,3702,5,0,1,0,2594,4,2586,4,0,0,0,379.6,373.88,35596,91704,00660,3,3
54045009560,6819,33,6731,33,42,8,5,4958,26,4871,26,27,6,2,792.65,561.8,NA,90964,00690,1,3
54045009561,8688,78,8493,78,35,8,73,6350,42,6185,42,29,6,46,1015.19,719.53,14524,90498,00690,1,3
54045009562,5377,20,4963,20,384,6,0,3940,10,3644,10,273,3,0,629.9,446.45,56342,93591,00690,1,3
54045009563,2548,31,2374,31,140,1,1,2005,25,1856,25,98,1,0,320.54,227.19,48148,91956,00690,1,3
54045009564,5201,15,4960,15,217,7,2,3744,8,3548,8,173,7,0,598.56,424.24,1672,90964,00690,1,3
54045009565,2698,8,2634,8,55,1,0,1865,7,1810,7,41,0,0,298.16,211.33,1672,90282,00690,1,3
54045009566,6564,48,6219,48,217,13,67,4694,35,4413,35,158,9,44,750.44,531.89,50860,93120,00690,1,3
54045009567,5137,48,4793,48,265,2,29,3694,34,3412,34,194,2,18,590.57,418.57,37948,91692,00690,1,3
54047009536,2640,0,1508,0,1125,2,4,1872,0,1093,0,774,2,3,532.99,275.74,59428,92345,00810,1,3
54047009537,5327,35,3850,35,1433,1,8,3955,32,2898,32,989,1,3,1126.06,582.56,85228,90240,00810,1,3
54047009538,5316,41,5026,41,241,2,6,3833,26,3587,26,187,2,5,1091.33,564.59,85228,90240,00810,1,3
54047009539,3259,22,3225,22,7,4,0,2274,17,2234,17,5,1,0,487.11,396.21,39652,92712,00810,1,3
54047009540,3401,8,3386,8,2,5,0,2329,5,2314,5,1,4,0,498.89,405.79,9700,92712,00810,1,3
54047009541,7605,40,7071,40,489,5,0,5324,27,4926,27,339,5,0,885.32,611.5,84484,90168,00810,1,3
54047009542,3119,9,2884,9,218,5,3,2181,5,2015,5,153,2,1,362.68,250.5,84484,90168,00810,1,3
54047009543,3725,21,2776,21,919,6,3,2716,13,2058,13,625,6,1,773.3,400.06,30196,92345,00810,1,3
54047009544,841,6,532,6,298,3,2,686,2,455,2,226,1,0,195.32,101.05,30196,92345,00810,1,3
54049000201,955,8,821,8,112,11,2,867,8,762,8,78,9,2,73.32,83.33,26452,92154,00720,2,1
54049000202,3105,19,2904,19,170,8,3,2512,16,2360,16,110,7,3,212.43,241.44,26452,92154,00720,2,1
54049000203,2816,24,2756,24,26,2,7,2307,21,2241,21,19,2,3,195.09,221.73,26452,92154,00720,2,1
54049000204,3175,16,3036,16,42,2,77,2752,16,2624,16,39,2,55,232.72,264.5,26452,92154,00720,2,1
54049000205,2262,18,1294,18,937,12,1,1680,10,971,10,678,10,1,142.07,161.47,26452,92154,00720,2,1
54049000206,1699,15,1656,15,21,6,1,1354,12,1310,12,14,6,0,114.5,130.14,26452,92154,00720,2,1
54049000207,3086,22,3022,22,27,7,5,2418,16,2359,16,16,7,4,204.48,232.4,26452,92418,00720,2,1
54049000208,4113,21,4011,21,65,7,8,3246,18,3163,18,34,6,7,274.5,311.98,26452,92154,00720,2,1
54049000209,3479,10,3445,10,7,11,5,2750,7,2722,7,6,6,2,232.55,264.31,NA,92418,00720,2,1
54049000210,5261,22,5224,22,5,9,1,3879,10,3848,10,3,7,1,328.03,372.82,68908,92418,00720,2,1
54049000211,3180,13,3119,13,26,5,16,2514,9,2463,9,23,3,7,212.6,241.63,26452,92418,00720,2,1
54049000212,4125,22,4057,22,43,1,2,3098,16,3033,16,30,1,2,261.98,297.76,55276,92418,00720,2,1
54049000213,4287,25,4099,25,155,5,1,3269,20,3100,20,124,5,0,276.44,314.19,55276,93594,00720,2,1
54049000214,1685,10,1605,10,61,2,7,1249,4,1193,4,43,2,3,105.62,120.05,4612,92154,00720,2,1
54049000215,3941,28,3810,28,90,6,6,2991,22,2871,22,66,5,5,252.93,287.47,68908,93594,00720,2,1
54049000216,4118,14,4041,14,52,6,3,3130,7,3063,7,47,4,2,264.69,300.83,26932,93594,00720,2,1
54049000217,2802,18,2763,18,3,15,3,2232,16,2184,16,3,10,3,188.75,214.52,51100,93594,00720,2,1
54049000218,3160,6,3141,6,7,6,0,2262,3,2245,3,7,4,0,191.29,217.41,NA,93594,00720,2,1
54051000202,3217,55,3067,55,88,4,2,2720,48,2534,48,84,4,2,2944,3852,56020,90816,00750,2,1
54051000203,0,0,0,0,0,0,0,0,0,0,0,0,0,0,0,0,56020,90816,00750,2,1
54051000205,1669,14,1642,14,5,2,6,1291,3,1275,3,2,2,6,275.97,341.24,6340,90780,00750,2,1
54051000206,2130,5,2119,5,4,1,1,1686,4,1674,4,2,1,1,360.41,445.65,50260,90780,00750,2,1
54051000208,5235,12,5207,12,5,4,6,3865,9,3836,9,3,2,6,826.2,1021.61,12484,90852,00750,2,1
54051000209,5445,34,5381,34,17,8,2,3931,25,3868,25,8,4,1,840.31,1039.06,56020,90852,00750,2,1
54051000210,6904,56,6805,56,21,12,10,5364,33,5264,33,15,9,10,1146.64,1417.84,56020,90816,00750,2,1
54051000211,6266,30,6158,30,48,0,29,4757,26,4656,26,33,0,16,1016.88,1257.39,56020,90816,00750,2,1
54051000212,4878,13,4839,13,14,1,7,3492,10,3454,10,10,1,7,746.47,923.02,86452,90780,00750,2,1
54051020702,1612,10,1582,10,1,0,19,1287,9,1257,9,1,0,11,275.12,340.19,31492,90852,00750,2,1
54053009548,6784,14,6728,14,21,5,16,5031,8,4979,8,18,4,14,357.84,522.08,58564,91260,00780,3,2
54053009549,6108,11,6054,11,16,13,11,4415,5,4380,5,9,8,8,314.02,458.16,46300,92652,00780,3,2
54053009550,5499,9,5361,9,71,3,52,4264,5,4167,5,50,3,34,303.28,442.49,64708,91860,00780,3,2
54053009551,6787,19,6758,19,4,5,1,4975,9,4947,9,4,5,1,353.85,516.27,36436,90612,00780,3,2
54055009509,3525,14,3489,14,11,8,3,2548,8,2517,8,9,3,3,1109.61,1083.14,52420,90924,00840,1,3
54055009510,4206,14,4182,14,2,6,2,3097,8,3075,8,0,5,1,1348.69,1316.51,52420,90924,00840,1,3
54055009511,5612,26,5455,26,87,12,32,4416,19,4262,19,77,10,29,1923.09,1877.21,3292,90924,00840,1,3
54055009512,3138,10,3101,10,7,2,16,2360,9,2323,9,7,2,10,1027.74,1003.22,65692,90912,00840,1,3
54055009513,4473,36,4387,36,30,9,11,3541,28,3448,28,25,5,7,1542.04,1505.26,65692,90912,00840,1,3
54055009514,2489,19,2224,19,226,8,11,2082,14,1858,14,180,8,8,906.67,885.04,65692,90912,00840,1,3
54055009515,5392,24,4850,24,407,7,102,3986,20,3611,20,275,3,57,1735.83,1694.42,65692,90912,00840,1,3
54055009516,2936,12,2675,12,245,4,0,2142,7,1941,7,186,1,0,932.8,910.55,9796,90924,00840,1,3
54055009517,5363,15,5317,15,16,2,13,4124,12,4075,12,13,1,11,1795.93,1753.08,NA,90900,00840,1,3
54055009518,5416,20,5355,20,23,5,13,4137,19,4070,19,16,2,11,1801.59,1758.61,55372,90912,00840,1,3
54055009519,2708,1,1683,1,1015,5,3,1998,1,1272,1,717,4,3,870.09,849.34,8524,90900,00840,1,3
54055009520,3635,8,2400,8,1220,3,4,2706,3,1893,3,800,3,4,1178.41,1150.3,8524,90900,00840,1,3
54055009521,3121,15,2998,15,97,0,6,2533,9,2441,9,68,0,6,1103.07,1076.76,8524,90900,00840,1,3
54055009522,4876,21,4258,21,560,3,34,3795,20,3366,20,363,3,23,1652.65,1613.23,8524,90900,00840,1,3
54055009523,4908,24,4777,24,72,2,31,3766,19,3653,19,54,2,19,1640.02,1600.9,65692,90912,00840,1,3
54055009524,3182,10,3047,10,103,5,17,2344,10,2233,10,74,3,14,1020.77,996.42,60196,90924,00840,1,3
54057000101,3007,2,3000,2,1,1,3,2299,2,2293,2,0,0,2,1160.61,1096.84,68260,90856,00870,4,1
54057000102,2801,9,2786,9,3,0,3,2047,7,2029,7,3,0,1,1033.39,976.61,NA,90856,00870,4,1
54057000103,4180,12,4148,12,12,4,4,3082,10,3050,10,8,3,1,1555.89,1470.4,28444,90856,00870,4,1
54057000104,3994,13,3958,13,16,0,6,2841,8,2809,8,13,0,3,1434.23,1355.42,NA,90784,00870,4,1
54057000105,5030,21,4833,21,150,5,20,3729,10,3589,10,102,4,14,1882.52,1779.08,43492,90820,00870,4,1
54057000106,5112,33,4764,33,292,1,22,4141,21,3873,21,212,1,13,4251,3165,43492,90820,00870,4,1
54057000107,2573,11,2306,11,247,1,3,1936,10,1733,10,181,1,1,977.36,923.65,63604,90784,00870,4,1
54059009571,5099,34,5060,34,1,3,1,3439,20,3395,20,0,3,1,1871.53,1179.44,43300,91764,00900,1,3
54059009572,4226,8,4213,8,3,1,1,2886,6,2871,6,2,1,0,1570.58,989.78,NA,91524,00900,1,3
54059009573,4988,19,4937,19,25,7,0,3432,12,3378,12,24,6,0,1867.72,1177.04,20980,91848,00900,1,3
54059009574,5028,19,4350,19,614,0,42,3785,12,3309,12,427,0,25,2059.83,1298.1,87508,93696,00900,1,3
54059009575,4636,7,4518,7,103,2,6,3162,4,3070,4,77,2,5,1720.78,1084.44,52324,92064,00900,1,3
54059009576,4670,8,4569,8,76,7,9,3246,4,3183,4,47,7,1,1766.5,1113.25,67396,92064,00900,1,3
54059009577,5092,29,5059,29,0,1,3,3598,18,3558,18,0,1,3,1958.06,1233.97,30772,93012,00900,1,3
54061000101,4894,85,4194,85,168,6,435,4738,77,4060,77,148,5,371,446.34,433.05,55756,90456,00930,4,1
54061000102,4739,51,4445,51,96,5,140,4452,50,4128,50,86,5,133,419.39,406.91,55756,90456,00930,4,1
54061000103,3522,33,3160,33,157,1,170,3433,33,3063,33,150,1,153,323.4,313.77,55756,90456,00930,4,1
54061000104,3692,35,3508,35,47,3,97,3109,27,2937,27,36,2,80,292.88,284.16,76516,90456,00930,4,1
54061000105,2304,20,2184,20,27,2,71,1926,14,1829,14,20,2,47,181.44,176.04,55756,90456,00930,4,1
54061000106,4553,60,4143,60,100,7,243,3870,43,3514,43,76,4,190,364.57,353.72,55756,90972,00930,4,1
54061000107,2877,38,2586,38,173,6,72,2447,34,2182,34,133,6,58,230.52,223.65,55756,90456,00930,4,1
54061000108,1131,6,1095,6,26,3,0,849,6,818,6,16,3,0,79.98,77.6,55756,90972,00930,4,1
54061000109,4858,41,4445,41,235,13,114,3946,34,3605,34,159,11,103,371.73,360.66,55756,90456,00930,4,1
54061000110,4059,77,3598,77,313,5,58,3356,69,2910,69,259,5,44,316.15,306.74,55756,90456,00930,4,1
54061000111,2774,15,2682,15,55,4,16,2270,14,2191,14,35,4,12,213.84,207.48,85996,93600,00930,4,1
54061000112,3066,6,2923,6,114,11,11,2439,6,2333,6,76,8,10,229.76,222.92,85996,93600,00930,4,1
54061000113,3720,23,3628,23,52,9,8,2740,18,2657,18,37,6,4,258.12,250.43,13756,93600,00930,4,1
54061000114,3909,9,3891,9,2,3,2,2836,5,2820,5,2,3,1,267.16,259.21,8092,93600,00930,4,1
54061000115,4412,22,4282,22,91,9,5,3229,20,3105,20,70,9,5,304.18,295.13,13756,93600,00930,4,1
54061000116,5667,38,5438,38,96,15,78,4135,22,3968,22,62,11,50,389.53,377.94,NA,90972,00930,4,1
54061000117,1977,9,1950,9,7,0,11,1494,6,1470,6,3,0,9,140.74,136.55,14775,90972,00930,4,1
54061000118,9179,51,9042,51,40,11,32,6650,36,6518,36,28,8,24,626.45,607.81,10420,90972,00930,4,1
54061000119,4176,18,4131,18,12,5,10,3066,13,3022,13,5,5,8,288.83,280.23,NA,90972,00930,4,1
54063009501,2910,6,2864,6,31,8,1,2166,4,2129,4,23,5,1,1363,2039,NA,93084,00960,4,3
54063009502,4405,12,4291,12,91,8,3,3377,9,3276,9,75,5,3,730.79,858.99,81940,93000,00960,4,3
54063009503,5091,23,5018,23,37,9,4,3841,12,3779,12,28,6,4,831.21,977.01,63052,92556,00960,4,3
54065009707,3849,19,3804,19,20,3,3,2906,11,2861,11,17,3,3,930,1677,NA,90860,00990,4,2
54065009708,3168,9,3150,9,4,4,0,2564,9,2539,9,4,3,0,1008.01,1275.67,4876,90822,00990,4,2
54065009709,1965,12,1884,12,56,5,5,1488,8,1422,8,45,2,3,584.99,740.33,62332,90786,00990,4,2
54065009710,3146,10,3106,10,11,9,10,2436,8,2396,8,10,8,6,1301,2244,NA,90822,00990,4,2
54067009801,3252,8,3235,8,0,7,2,2332,5,2316,5,0,6,0,2281.42,1503.12,77980,91500,01020,3,2
54067009802,6284,25,6230,25,2,4,23,4566,13,4525,13,1,3,11,4466.96,2943.08,77980,93072,01020,3,2
54067009803,2057,0,2049,0,0,6,2,1457,0,1450,0,0,5,2,1425.4,939.13,NA,91716,01020,3,2
54067009804,4394,4,4383,4,0,3,4,3201,3,3189,3,0,3,3,3131.57,2063.25,18604,90132,01020,3,2
54067009805,2131,11,2107,11,1,7,3,1605,4,1592,4,1,3,1,1570.19,1034.53,68116,90132,01020,3,2
54067009806,5869,7,5842,7,1,3,16,4279,5,4255,5,0,3,11,4186.18,2758.09,68116,91752,01020,3,2
54067009807,2788,2,2783,2,0,2,1,2015,2,2008,2,0,2,1,1971.29,1298.8,NA,93660,01020,3,2
54069000001,404,1,356,1,43,0,4,389,1,345,1,38,0,4,111.24,118.12,86452,90824,01050,2,1
54069000002,4102,10,4030,10,53,1,8,3257,9,3188,9,45,1,5,931.38,988.96,86452,90788,01050,2,1
54069000003,1866,4,1712,4,110,2,37,1398,2,1293,2,73,2,26,399.77,424.49,86452,90824,01050,2,1
54069000004,1314,4,1233,4,70,0,6,1080,1,1024,1,49,0,5,308.84,327.93,86452,90824,01050,2,1
54069000005,1878,0,1839,0,36,0,3,1443,0,1414,0,26,0,3,412.64,438.15,86452,90824,01050,2,1
54069000006,1810,4,1728,4,62,2,11,1376,3,1317,3,45,2,6,393.48,417.81,86452,90824,01050,2,1
54069000007,1982,3,1242,3,718,5,8,1427,2,974,2,440,3,6,408.07,433.3,86452,90824,01050,2,1
54069000008,942,4,754,4,176,3,5,723,2,602,2,111,3,3,206.75,219.53,86452,90824,01050,2,1
54069000013,1738,1,1718,1,15,2,1,1347,1,1334,1,8,2,1,385.19,409,86452,90862,01050,2,1
54069000014,3669,21,3589,21,28,1,30,3144,18,3059,18,23,1,25,899.06,954.65,86452,90862,01050,2,1
54069000015,3135,16,3074,16,22,2,21,2429,13,2369,13,16,2,16,694.6,737.54,86452,90824,01050,2,1
54069000016,2561,17,2448,17,14,6,74,2054,8,1980,8,10,3,45,587.37,623.68,86452,90824,01050,2,1
54069000017,1857,3,1824,3,10,1,19,1467,3,1443,3,5,1,12,419.51,445.44,86452,90862,01050,2,1
54069000018,5999,5,5843,5,138,0,11,4671,3,4577,3,79,0,9,1335.73,1418.31,86452,90862,01050,2,1
54069000020,4901,18,4851,18,14,0,18,3613,14,3566,14,7,0,12,1033.18,1097.06,86452,90788,01050,2,1
54069000021,4120,15,4042,15,44,3,16,3357,14,3274,14,38,3,14,959.97,1019.32,85876,90788,01050,2,1
54069000022,2581,5,2527,5,47,0,2,1833,4,1783,4,40,0,2,524.17,556.57,80932,90788,01050,2,1
54069000024,1310,10,1239,10,55,2,4,1113,8,1053,8,38,2,4,318.28,337.95,86452,90824,01050,2,1
54069000025,2008,0,1991,0,13,0,4,1596,0,1587,0,6,0,3,456.4,484.61,86452,90862,01050,2,1
54069001901,2694,5,2625,5,15,1,47,2103,5,2053,5,10,1,29,601.38,638.56,6940,90862,01050,2,1
54071009704,2079,5,2072,5,1,0,1,1586,2,1581,2,0,0,1,203,332,NA,90528,01080,4,2
54071009705,3916,12,3796,12,100,0,8,2996,9,2905,9,70,0,3,739.45,713.11,29044,91164,01080,4,2
54071009706,2059,10,1981,10,64,1,3,1554,8,1487,8,48,1,2,383.55,369.89,NA,90144,01080,4,2
54073009621,3113,0,3095,0,12,5,1,2282,0,2266,0,12,3,1,285,332,71356,90898,01110,2,1
54073009622,4433,9,4410,9,5,2,1,3337,7,3318,7,3,2,0,524,533,71356,90892,01110,2,1
54075009601,2676,12,2653,12,7,3,1,2043,9,2015,9,6,3,1,1125.87,1232.45,22852,91416,01140,4,3
54075009602,3924,8,3858,8,47,9,2,3043,4,2987,4,39,7,2,1676.96,1835.71,51676,90996,01140,4,3
54075009603,2408,11,2381,11,15,1,0,1853,9,1823,9,11,1,0,1021.17,1117.84,37372,91944,01140,4,3
54075960498,0,0,0,0,0,0,0,0,0,0,0,0,0,0,0,0,NA,91416,01140,4,3
54075966598,0,0,0,0,0,0,0,0,0,0,0,0,0,0,0,0,NA,91416,01140,4,3
54077009638,3758,9,3743,9,2,0,4,2717,5,2704,5,1,0,2,315.9,470.81,10852,91368,01170,4,1
54077009639,3024,10,3006,10,1,4,1,2194,7,2176,7,1,2,1,255.1,380.19,52228,93408,01170,4,1
54077009640,4560,16,4476,16,52,2,13,3416,10,3355,10,34,2,5,542,643,44044,91776,01170,4,1
54077009641,3631,1,3616,1,12,1,1,2724,0,2712,0,11,1,0,443.61,613.12,79708,92520,01170,4,1
54077009642,4085,23,4053,23,3,3,3,2985,12,2954,12,1,3,3,1680,1951,79708,93312,01170,4,1
54077009643,3654,10,3637,10,2,2,3,2563,9,2542,9,1,2,0,417.39,576.88,67636,92496,01170,4,1
54077009644,3184,3,3170,3,0,8,3,2303,1,2294,1,0,6,1,213.32,283.93,58300,91992,01170,4,1
54077009645,3141,5,3128,5,1,6,1,2296,4,2282,4,1,4,1,212.68,283.07,70588,92592,01170,4,1
54079000201,4941,11,4915,11,5,8,2,3719,7,3695,7,4,5,1,791.64,813.63,4204,90292,01200,3,2
54079000202,4285,9,4263,9,1,9,3,3151,8,3127,8,0,6,2,670.74,689.36,11284,90292,01200,3,2
54079000203,3147,5,3122,5,6,9,5,2311,2,2292,2,5,6,4,491.93,505.59,39532,92736,01200,3,2
54079000204,4444,19,4409,19,11,2,3,3274,12,3239,12,8,1,2,696.92,716.27,87988,92736,01200,3,2
54079000205,6231,19,6143,19,40,14,15,4555,12,4489,12,24,8,10,969.6,996.52,59068,92508,01200,3,2
54079000207,3936,14,3896,14,7,1,18,2794,8,2769,8,3,1,5,594.74,611.26,19516,90720,01200,3,2
54079020601,4220,13,4185,13,8,1,12,3084,8,3056,8,5,1,6,656.47,674.7,79545,92736,01200,3,2
54079020602,5231,35,5110,35,34,1,51,3848,19,3754,19,23,1,32,819.1,841.85,79545,93090,01200,3,2
54079020603,6400,20,6330,20,14,5,31,4730,17,4665,17,9,3,19,1006.85,1034.81,39532,90720,01200,3,2
54081000101,1156,9,852,9,271,7,15,948,7,725,7,193,6,10,205.83,191.69,5332,90864,01230,1,3
54081000102,3101,14,1494,14,1578,2,11,2315,13,1185,13,1094,2,8,502.64,468.1,5332,90864,01230,1,3
54081000103,3455,25,2311,25,1103,5,9,2742,14,1933,14,772,2,7,595.35,554.44,5332,90864,01230,1,3
54081000104,3909,21,3105,21,770,5,6,3058,17,2489,17,528,3,4,663.96,618.34,5332,90828,01230,1,3
54081000105,4194,19,3833,19,234,3,103,3312,16,3034,16,178,3,65,719.11,669.7,5332,90828,01230,1,3
54081000106,4367,18,3938,18,368,10,33,3386,12,3107,12,227,8,20,735.18,684.66,5332,90828,01230,1,3
54081000107,3362,30,3201,30,125,2,3,2530,21,2401,21,83,2,2,549.32,511.58,49492,90792,01230,1,3
54081000108,11625,31,11515,31,52,12,10,8639,25,8542,25,28,11,8,1875.72,1746.84,5260,90864,01230,1,3
54081000109,6755,29,6544,29,170,3,4,4868,21,4695,21,126,3,2,1056.95,984.33,16516,90792,01230,1,3
54081000110,8481,33,8404,33,28,10,6,6178,21,6109,21,13,8,6,1341.38,1249.22,18508,90792,01230,1,3
54081000111,5659,8,5388,8,252,4,7,4007,4,3796,4,195,4,4,870.01,810.23,46468,90792,01230,1,3
54081000112,6139,16,6108,16,0,10,5,4389,9,4363,9,0,6,2,952.95,887.48,NA,90828,01230,1,3
54081000113,4953,18,4444,18,420,8,62,3603,10,3243,10,286,7,47,782.29,728.54,65836,90792,01230,1,3
54081000114,5134,20,4975,20,110,6,22,3646,12,3551,12,49,5,17,791.63,737.24,9676,90828,01230,1,3
54081000115,4529,29,4005,29,381,6,107,3356,21,2995,21,242,6,71,728.66,678.6,76444,90828,01230,1,3
54083009659,3435,16,3398,16,19,2,0,2539,9,2507,9,12,2,0,868.7,528.84,88324,92148,01260,4,2
54083009660,3932,12,3883,12,15,4,18,3125,7,3085,7,10,4,12,1069.2,650.9,24580,91824,01260,4,2
54083009661,4396,36,4255,36,64,11,29,3580,27,3444,27,52,8,22,1224.87,745.67,24580,91824,01260,4,2
54083009662,3743,15,3693,15,22,8,3,2769,9,2731,9,14,5,1,947.4,576.75,24580,91824,01260,4,2
54083009663,3025,17,3002,17,2,1,3,2246,13,2215,13,2,1,2,768.45,467.82,35092,90936,01260,4,2
54083009664,4895,29,4840,29,7,2,17,3596,17,3546,17,2,1,13,1230.35,749,6988,90156,01260,4,2
54083966598,4377,19,4257,19,93,5,3,3332,18,3195,18,93,5,3,1140.02,694.02,54100,91668,01260,4,2
54085009623,4007,1,4003,1,0,0,3,2980,1,2978,1,0,0,0,2283,2931,62764,90552,01290,2,1
54085009624,3245,4,3236,4,2,2,1,2465,3,2455,3,2,2,0,875,882,12124,91380,01290,2,1
54085009625,2981,2,2966,2,5,2,5,2292,2,2279,2,3,2,4,1849,2716,35428,93336,01290,2,1
54087009628,2763,8,2746,8,0,9,0,2038,3,2023,3,0,9,0,727.78,618.69,67660,92355,01320,3,2
54087009629,4429,4,4415,4,1,6,2,3200,2,3191,2,0,4,1,1142.73,971.44,NA,93606,01320,3,2
54087009630,3969,14,3930,14,3,5,17,2972,6,2936,6,2,5,17,1061.31,902.22,75820,92355,01320,3,2
54087009631,3959,11,3936,11,0,3,9,2868,5,2849,5,0,2,7,1024.17,870.65,NA,90978,01320,3,2
54089009505,3408,13,3295,13,89,10,1,2545,9,2459,9,62,5,1,1423.53,1338.41,37636,92316,01350,4,3
54089009506,5666,170,4930,170,524,14,27,4621,154,3799,154,481,12,21,2584.72,2430.17,37636,91440,01350,4,3
54089009507,1709,8,1611,8,81,6,3,1387,7,1307,7,58,6,2,775.81,729.42,37636,91440,01350,4,3
54089009508,3421,20,3392,20,4,3,0,2510,12,2479,12,4,3,0,1403.95,1320,37636,90216,01350,4,3
54091009646,5251,18,5186,18,23,5,19,3987,10,3937,10,16,4,10,317.21,393.38,32716,90984,01380,2,1
54091009647,3126,9,3106,9,3,1,6,2266,6,2248,6,2,1,3,296.29,305.05,NA,93612,01380,2,1
54091009648,4920,31,4823,31,60,4,2,3684,23,3584,23,49,4,1,481.71,495.95,32716,93612,01380,2,1
54091009649,1847,6,1824,6,9,8,0,1405,3,1383,3,9,7,0,111.79,138.62,32716,90984,01380,2,1
54093009652,2178,3,2173,3,0,2,0,1666,2,1662,2,0,0,0,839.24,795.3,80020,91056,01410,4,1
54093009653,2509,5,2499,5,1,2,2,1868,2,1861,2,0,1,2,940.99,891.73,20428,90744,01410,4,1
54093009654,3041,8,3016,8,3,2,11,2344,6,2323,6,2,2,5,1180.77,1118.96,62284,90192,01410,4,1
54095009618,3710,16,3684,16,0,8,2,2812,9,2786,9,0,6,2,309.15,514.45,74380,93606,01440,2,1
54095009619,4067,6,4053,6,2,5,1,2982,4,2967,4,2,4,1,327.85,545.55,53572,90486,01440,2,1
54095009620,2019,0,2003,0,2,3,11,1517,0,1504,0,2,3,8,672,1115,NA,92898,01440,2,1
54097009666,3648,23,3603,23,8,6,8,2649,15,2604,15,6,4,5,878.41,1244.28,11188,93468,01470,4,2
54097009667,3874,30,3715,30,78,19,32,3309,26,3144,26,74,10,29,1097.27,1554.29,11188,90252,01470,4,2
54097009668,3965,16,3920,16,22,7,0,2887,14,2839,14,15,5,0,957.34,1356.07,11188,93360,01470,4,2
54097009669,2751,7,2730,7,1,2,11,2130,2,2113,2,1,1,11,706.31,1000.5,11188,90252,01470,4,2
54097009670,4724,15,4697,15,3,4,5,3345,7,3321,7,1,4,5,1109.21,1571.2,NA,90084,01470,4,2
54097009671,3905,21,3875,21,6,3,0,2818,12,2789,12,2,3,0,934.46,1323.66,NA,93540,01470,4,2
54099000051,2207,16,2187,16,1,0,3,1771,13,1742,13,1,0,2,487.63,620.57,39460,93624,01500,1,3
54099000052,2384,10,2368,10,3,3,0,1885,5,1870,5,3,2,0,519.02,660.51,39460,93624,01500,1,3
54099000201,2349,27,2304,27,5,4,9,1820,22,1761,22,4,2,9,501.12,637.74,14308,93624,01500,1,3
54099000202,1403,3,1391,3,0,1,8,1154,3,1142,3,0,1,5,317.74,404.37,14308,90492,01500,1,3
54099000203,4303,4,4289,4,4,6,0,3398,3,3384,3,3,5,0,935.61,1190.67,43180,90492,01500,1,3
54099000204,6262,8,6228,8,5,11,10,4594,6,4566,6,3,7,6,1264.92,1609.76,14308,90324,01500,1,3
54099000206,4396,11,4369,11,0,13,2,3326,9,3300,9,0,6,2,915.78,1165.45,84940,93372,01500,1,3
54099000207,3315,4,3303,4,0,6,2,2359,2,2352,2,0,1,2,649.53,826.6,NA,90324,01500,1,3
54099000208,3925,0,3915,0,0,10,0,2758,0,2751,0,0,7,0,759.39,966.42,28516,90324,01500,1,3
54099000209,2880,13,2860,13,1,6,0,2054,6,2036,6,0,6,0,565.55,719.73,84940,93036,01500,1,3
54099000210,3553,14,3520,14,0,9,10,2440,8,2414,8,0,3,7,671.83,854.99,NA,93036,01500,1,3
54099020598,4659,4,4648,4,0,4,3,3468,3,3456,3,0,3,3,954.88,1215.2,84940,93372,01500,1,3
54101009701,5485,11,5469,11,1,2,2,3912,10,3891,10,0,1,0,456.76,395.66,364,91224,01530,4,3
54101009702,2740,14,2712,14,0,4,6,2070,6,2050,6,0,2,6,241.69,209.36,364,91116,01530,4,3
54101009703,2504,4,2495,4,2,2,0,1829,2,1822,2,1,2,0,213.55,184.98,18412,91224,01530,4,3
54103000304,3460,10,3443,10,2,1,4,2581,6,2563,6,1,1,4,466.65,451.34,39340,90794,01560,2,1
54103000305,4915,8,4902,8,3,2,0,3601,4,3589,4,2,2,0,651.07,629.7,63892,90794,01560,2,1
54103000306,5604,10,5553,10,5,5,31,4138,6,4099,6,3,3,21,748.16,723.61,58684,90867,01560,2,1
54103000307,5279,9,5256,9,6,4,4,4005,8,3978,8,5,4,2,724.12,700.35,58684,90867,01560,2,1
54105000301,5192,3,5181,3,4,0,4,3810,2,3800,2,3,0,3,1439,1806,24364,92936,01590,3,2
54107000001,3501,14,3425,14,32,7,23,2788,11,2720,11,21,6,19,519.86,706.79,62140,92424,01620,2,1
54107000002,2830,6,2772,6,20,5,27,2295,1,2257,1,15,5,16,427.94,581.81,62140,92424,01620,2,1
54107000003,2842,2,2775,2,57,3,5,2291,2,2242,2,41,3,1,427.19,580.8,62140,92424,01620,2,1
54107000004,2385,3,2360,3,18,0,4,1995,3,1975,3,11,0,3,372,505.76,62140,92424,01620,2,1
54107000005,5013,17,4783,17,186,4,15,3774,9,3625,9,122,3,6,703.72,956.76,62140,92424,01620,2,1
54107000006,625,5,598,5,15,4,3,546,5,516,5,13,4,3,101.81,138.42,62140,92424,01620,2,1
54107000102,2857,1,2848,1,3,0,4,2177,1,2168,1,3,0,4,704.94,927.34,87556,93672,01620,2,1
54107000103,4263,14,4182,14,22,0,43,3266,9,3207,9,15,0,26,1057.57,1391.23,83500,93672,01620,2,1
54107000104,1923,4,1895,4,13,2,9,1498,3,1478,3,10,0,4,485.07,638.11,83500,93672,01620,2,1
54107000108,2985,7,2976,7,0,1,1,2146,3,2138,3,0,1,1,45,71,NA,91560,01620,2,1
54107000701,3119,6,2939,6,145,17,5,2392,5,2267,5,98,14,3,446.02,606.4,62140,92424,01620,2,1
54107000702,1750,14,1699,14,30,1,6,1354,4,1326,4,15,1,4,252.47,343.26,62140,92424,01620,2,1
54107000801,1801,10,1782,10,7,2,0,1368,7,1348,7,5,1,0,242.47,319.68,62140,93180,01620,2,1
54107000802,3524,3,3502,3,7,9,2,2704,3,2687,3,3,7,1,479.27,631.88,62140,93180,01620,2,1
54107000901,1705,3,1690,3,4,5,3,1345,1,1335,1,1,4,3,238.39,314.3,62140,93180,01620,2,1
54107000902,1816,4,1795,4,8,3,5,1385,1,1372,1,5,3,3,245.48,323.65,62140,91980,01620,2,1
54107000903,4613,12,4536,12,46,6,13,3519,6,3468,6,28,5,6,623.72,822.33,62140,93180,01620,2,1
54107010101,1738,1,1736,1,0,1,0,1295,1,1292,1,0,1,0,419.34,551.64,8836,93672,01620,2,1
54107010102,1906,19,1795,19,17,4,70,1339,8,1273,8,10,1,39,433.58,570.38,59458,92424,01620,2,1
54107010501,1744,1,1733,1,7,0,3,1384,1,1374,1,5,0,3,258.07,350.86,83500,92424,01620,2,1
54107010502,4308,12,4242,12,27,4,20,3389,11,3322,11,24,4,17,631.93,859.15,83500,92424,01620,2,1
54107010601,4578,31,4486,31,26,13,17,3238,15,3169,15,14,10,15,1048.5,1379.3,NA,93384,01620,2,1
54107010602,4203,11,4153,11,20,5,12,3111,7,3077,7,14,1,5,418.38,648.86,62140,93384,01620,2,1
54107010701,5679,15,5628,15,20,7,6,4124,8,4086,8,10,7,5,554.62,860.14,NA,90588,01620,2,1
54107010702,6504,12,6457,12,11,12,9,4668,8,4634,8,5,7,6,467,493,54580,92856,01620,2,1
54107010901,4618,15,4574,15,8,9,12,3346,10,3312,10,3,5,6,593.06,781.9,84724,91980,01620,2,1
54107010902,4085,12,4017,12,37,3,15,2971,8,2920,8,21,3,11,526.59,694.27,8308,91980,01620,2,1
54109009528,2809,8,2775,8,25,1,0,1942,7,1910,7,17,1,0,591.07,725.71,NA,92844,01650,1,3
54109009529,8755,20,8721,20,0,9,5,6150,14,6112,14,0,7,3,1871.82,2298.21,60364,92376,01650,1,3
54109009530,3826,19,3806,19,0,0,0,2769,13,2743,13,0,0,0,842.77,1034.76,NA,90600,01650,1,3
54109009531,7080,18,7017,18,16,17,10,5108,13,5056,13,10,11,5,1554.67,1908.82,63940,90432,01650,1,3
54109009532,6520,23,6282,23,193,12,10,4786,14,4601,14,141,12,4,1456.67,1788.5,57148,90108,01650,1,3
