GEOID20,STATEFP,COUNTYFP,DISTRICT,G16PREDCLI,G16PRERTRU,G16PREGSTE,G16PRELJOH,G16HALDROC,G16HALRREI,G16HALGPER,G16HALLGES,G16GOVDCAR,G16GOVRBON,G16GOVGGRO,G16GOVLGOW,G16LTGDHAL,G16LTGRGUN,G16INSDNAV,G16INSRCRA
10001001-28,10,001,001-28,522.22,235.33,18.75,28.13,517.53,195.01,25.31,10.31,544.72,188.45,14.06,8.44,540.97,206.26,546.6,190.33
10001001-29,10,001,001-29,2165.84,2858.89,73.93,198.29,2248.01,2574.66,122.86,96.46,2574.33,2438.19,62.12,58.17,2719.15,2301.87,2482.99,2491.21
10001001-30,10,001,001-30,895.07,1580.8,37.14,98.44,930.06,1486.24,55.1,36.89,1026.98,1467.99,35.01,19.74,1143.83,1337.32,963.29,1508.02
10001001-31,10,001,001-31,49.04,77.64,1.03,4.03,47.45,77.83,1.78,1.22,54.48,72.39,1.5,0.84,60.67,65.92,51.11,72.96
10001001-32,10,001,001-32,1151.79,592.69,34.61,74.07,1109.54,550.25,44.5,32.86,1128.8,586.42,26.71,20.86,1107.73,612.21,1172.12,549.14
10001001-33,10,001,001-33,184,182,5,15,187,183,3,5,187,188,2,4,205,171,189,185
10001001-34,10,001,001-34,205.29,186.96,7.17,19.75,196.56,196.67,3.77,7.44,206.7,194.82,4.21,4.79,227.03,178.39,214.61,185.67
10001002-28,10,001,002-28,807.49,770.69,27.07,59.88,829.7,683.35,50.94,28.74,935.24,627.07,27.68,30.4,988.89,604.38,897.89,667.9
10001002-29,10,001,002-29,2146.79,1660.28,53.67,114.81,2083.43,1563.34,75.75,47.58,2228.91,1541.59,34.63,34.93,2252.97,1507.71,2196.72,1522.67
10001002-30,10,001,002-30,114.92,172.91,4.05,11.75,113.8,163.09,4.74,5.88,134.8,157.9,2.94,2.52,126.32,159.37,122.44,162.56
10001002-31,10,001,002-31,929.08,596.29,25.11,63.57,929.66,593.31,26.29,27.42,961.57,594.64,18.81,17.6,956.72,613.67,930.47,606.32
10001002-32,10,001,002-32,764.9,515.51,26.16,50.52,724.72,526.3,24.72,23.28,758.74,533.41,18.39,15.37,787.11,505.29,762.9,506.39
10001002-33,10,001,002-33,890.27,1029.44,21.48,88.83,877.27,1031.91,31.65,34.56,914.7,1051.07,12.47,23.56,970.34,994.86,910.99,1033.29
10001002-34,10,001,002-34,71.71,216.28,3.89,18.55,69.31,220.34,2.82,6.88,97.3,200.9,2.89,3.97,119.75,177.37,86.8,209.89
10001003-28,10,001,003-28,234.82,245.08,7.88,21.68,242.84,218.04,14.54,7.99,274.44,203.19,7.62,6.04,297.21,186.69,264.31,214.57
10001003-29,10,001,003-29,297.67,483.93,9.2,25.68,297.87,465.97,15.64,10.4,338.43,443.68,9.48,5.34,377,404.55,317.44,450.39
10001003-30,10,001,003-30,332.65,1261.65,24.68,49.56,396.4,1132.43,33.49,25.56,471.19,1122.62,20.75,19.75,606.9,980.84,432.08,1141.92
10001003-31,10,001,003-31,1249,834,34,82,1185,894,32,29,1276,846,22,24,1303,834,1242,862
10001003-32,10,001,003-32,571.33,421.32,15.71,40.57,534.21,433.48,15.7,13.85,567.02,432.18,6.99,10.12,583.74,416.06,565.25,423.54
10001003-33,10,001,003-33,506.48,830.12,15.64,69.42,515.28,819.36,25.42,12.71,543.64,837.94,9.78,12.71,623.81,726.48,548.52,803.72
10001003-34,10,001,003-34,1078.33,1438.6,42.48,104.12,1052.95,1417.9,42.24,35.77,1152.94,1402.95,23.8,24.37,1220.11,1313.34,1133.01,1381.43
10001004-28,10,001,004-28,23.86,34.6,0.6,1.79,24.16,30.12,2.39,0.6,30.42,27.74,0,0.6,29.82,26.25,28.93,27.44
10001004-29,10,001,004-29,270.55,428.32,5.69,22.24,261.75,429.35,9.83,6.72,300.55,399.35,8.28,4.66,334.69,363.66,281.93,402.46
10001004-30,10,001,004-30,182.87,548.39,7.95,22.52,207.09,490.18,17.13,11.24,248.09,474.3,10.79,7.7,285.26,431.66,220.98,496.12
10001004-31,10,001,004-31,645.36,340.14,19.01,55.7,596.66,359.83,27.02,13.35,609,377.5,16.67,12.35,628.69,370.17,630.37,350.48
10001004-32,10,001,004-32,216.61,87.82,3.65,11.13,201.75,91.65,5.2,3.65,204.03,99.04,0,2.19,194.36,99.77,203.93,83.63
10001004-33,10,001,004-33,668.4,1134.72,19.75,96.41,704.74,1094.22,27.28,28.27,753.14,1101.35,16.48,17.63,876.51,972.15,737.54,1082.88
10001004-34,10,001,004-34,1368.74,1497.61,44.35,136.85,1304.73,1484.59,54.46,56.77,1450.27,1437.2,29.66,41.87,1524.18,1360.9,1418.25,1430.57
10001005-28,10,001,005-28,1580.65,1253.1,46.09,85.52,1565.65,1102.82,65.89,47.8,1710.8,1069.86,38.56,35.2,1704.85,1080.25,1717.52,1036.72
10001005-29,10,001,005-29,186.87,565.13,11.79,29.75,216.69,508.93,17.71,16.04,260.35,494.01,8.57,9.91,311.06,441.45,230.26,515.97
10001005-30,10,001,005-30,608.13,1023.61,34.05,61.48,656.91,909.82,39.87,25.76,702.91,924.7,28.21,18.3,792.74,841.34,667.02,937.88
10001005-31,10,001,005-31,723,374,22,62,698,403,18,14,746,396,14,10,748,381,719,398
10001005-32,10,001,005-32,303.46,275.92,9.31,27.29,290.82,286.67,10.69,5.73,306.34,282.54,7.61,7.01,332.79,257.7,309.44,269.74
10001005-33,10,001,005-33,328.58,722.24,6.58,32.44,349.85,653.48,24.72,17.91,368.37,680.3,12.06,7.5,442.53,594.96,379.36,642.17
10001005-34,10,001,005-34,288.47,465.54,6.27,53.69,291.34,496.21,10.94,8.41,303.36,498.35,9.8,10.04,385.73,409.46,304.74,480.11
10001006-28,10,001,006-28,371.82,441.86,9.91,22.08,383.96,403.03,14.48,5.36,443.36,370.29,7.62,6.84,457.99,349.66,422.28,366.33
10001006-29,10,001,006-29,245.79,726.29,10.05,45.54,238.7,723.88,15.46,12.24,306.81,682.68,7.71,11.69,373.27,606.37,283.82,693.94
10001006-30,10,001,006-30,432.91,970.96,16.85,54.29,480.47,889.65,18.89,24.69,516.28,896.35,12.9,16.82,606.33,806.38,484.42,913.38
10001006-31,10,001,006-31,770.85,271.98,27.27,37.37,754.64,259.8,18.27,18.7,783.04,259.23,16.65,14.7,723.65,330.62,767.32,277.93
10001006-32,10,001,006-32,130.54,25.48,4.04,4.76,126.42,23.03,4.77,2.52,123.57,29.95,2.84,1.54,107.34,47.63,126.72,28.13
10001006-33,10,001,006-33,798.98,1206.45,18.94,67.98,812.27,1136.19,28.48,28.11,869.03,1146.9,21.72,14.2,953.53,1042.09,810.17,1173.86
10001006-34,10,001,006-34,850.87,873.85,20.2,77.71,807.43,879.51,34.02,31.38,872.68,862.46,19.17,27.37,898.85,839.36,865.68,858.12
10001007-28,10,001,007-28,58.16,52.8,1.56,4.2,58.32,49.3,1.22,1.95,63.01,48.35,0.88,1.07,64.39,45.02,63.27,46.61
10001007-29,10,001,007-29,438.02,748.93,11.91,53.41,392.26,787.7,25.37,9.85,504.41,712.02,12.96,11.77,553.18,657.98,466.56,734.47
10001007-30,10,001,007-30,305,1079,17,43,349,981,32,22,423,981,17,9,466,917,364,1016
10001007-31,10,001,007-31,768.34,297.84,17.66,37.68,745.87,298.04,16.73,15.05,762.89,298.21,17.93,11.77,734.15,331.69,752.34,290.38
10001007-32,10,001,007-32,18.27,36.54,0,2.74,17.97,35.02,1.52,0.61,19.49,34.72,0.91,0.61,23.14,31.67,19.19,35.63
10001007-33,10,001,007-33,572.15,528.93,16.86,47.88,555.81,499.82,32.02,19.41,607.81,505.34,9.92,13.52,620.7,487.9,573.61,522.17
10001007-34,10,001,007-34,827.17,769.43,25.81,69.18,782.74,790.04,32.45,22.99,822.14,780.78,17.75,19.94,879.3,731.89,800.96,793.4
10001008-28,10,001,008-28,275.61,392.16,6.46,22.36,275.43,358.22,10.18,12.96,325.25,334.94,6.03,5.93,352.26,299.05,307.25,335.74
10001008-32,10,001,008-32,15.31,19.76,0.2,1.56,15,18.91,0.96,0.39,15.62,19.13,0.56,0.35,16.74,18.25,15.65,19.38
10001008-33,10,001,008-33,130.03,138.12,3.85,11.79,128.65,130.3,7.11,4.81,139.33,131.15,3.25,2.91,144.58,125.97,130.15,137.2
10001008-34,10,001,008-34,507.84,581.59,9.9,44.78,491.49,582.31,20.68,21.93,517.27,587.44,8.94,13.31,564.8,540.03,514.26,577.62
10001009-08,10,001,009-08,304.47,374.87,9.63,31.28,316.88,336.34,14.81,16.18,360.67,317.62,9.69,9.06,389.51,295.44,355.01,320.45
10001009-28,10,001,009-28,96.97,90.54,1.75,4.67,95.21,79.15,4.67,1.46,100.76,82.07,1.75,0.88,102.52,78.57,96.97,80.61
10001009-32,10,001,009-32,572.99,515.59,21.87,62.37,552.77,532.78,24.5,22.54,591.18,522.12,11.22,16.64,620.69,501.8,567.77,533.47
10001009-34,10,001,009-34,96.69,119.32,1.78,8.09,92.58,119.87,3.84,4.39,97.51,121.79,1.65,2.19,107.11,111.09,96.42,119.87
10001010-08,10,001,010-08,312.19,264.31,10.93,33.4,322.52,235.75,17.61,12.15,350.47,225.41,10.32,8.5,382.66,204.15,347.45,235.11
10001010-28,10,001,010-28,60.64,22.86,1.99,6.3,55.34,28.17,2.98,2.65,56,27.5,1.33,3.65,59.31,27.83,61.63,25.52
10001010-32,10,001,010-32,20.36,32.72,0.55,4.36,21.45,32.17,1.64,0.73,25.26,30.17,1.27,0.91,28.35,27.26,23.45,33.08
10001010-34,10,001,010-34,139.05,457.34,9.24,32.85,157.64,428.91,16.53,9.13,186.1,421.88,9.76,6.58,247.97,358.73,173.5,430.77
10001011-08,10,001,011-08,25.17,21.3,0.88,2.69,26,19,1.42,0.98,28.26,18.17,0.83,0.69,30.85,16.45,28.01,18.95
10001011-28,10,001,011-28,507,169,11,16,475,162,16,9,480,169,12,11,446,209,482,167
10001012-08,10,001,012-08,44.7,33.32,0.97,3.21,44.24,30.23,1.58,1.34,48.64,27.95,0.99,0.9,49.27,28.09,49.25,27.81
10001012-28,10,001,012-28,196.18,97.83,3.05,13.03,184.45,95.37,7.7,4.36,192.96,95.28,5.37,4.21,190.09,101.22,198.28,94.61
10001013-28,10,001,013-28,132.43,185.52,2.14,18.56,135.58,175.37,7.91,3.72,158.75,163.64,5.54,3.48,173.16,147.96,147.6,174.98
10001014-28,10,001,014-28,788.53,539.05,22.99,56.66,787.48,498.92,29.38,32.7,822.86,513.5,15.38,21.12,816.67,510.56,813.52,515.01
10003001-01,10,003,001-01,681.54,68.25,8.01,12.04,663.54,64.23,13.02,9.02,649.57,65.22,13.01,5.02,528.56,192.25,636.55,81.25
10003001-02,10,003,001-02,1171.07,21.93,7.97,8.97,1004.63,16.94,17.94,10.96,991.67,20.93,9.97,4.98,867.09,148.5,952.8,51.83
10003001-03,10,003,001-03,633,41,9,6,547,28,12,16,539,36,19,8,482,83,537,55
10003001-04,10,003,001-04,931.14,364.96,18.74,47.35,913.39,374.82,14.8,16.77,1001.17,318.6,11.84,13.81,941.99,354.11,919.3,374.82
10003001-05,10,003,001-05,1064.81,313.06,14.2,32.49,1041.54,236.21,25.42,9.3,1046.85,246.23,20.36,9.18,1003.52,305.8,1089.25,227.24
10003001-06,10,003,001-06,488,308,15,20,470,281,21,13,485,273,22,11,488,293,496,281
10003001-07,10,003,001-07,659,465,25,50,640,409,34,32,685,422,25,17,682,424,715,391
10003001-08,10,003,001-08,319,599,12,46,343,549,22,14,408,522,8,9,464,487,475,455
10003001-09,10,003,001-09,621.03,789.03,21.51,56.87,663.69,686.02,27.61,24.19,728.07,664.92,12.88,14.85,796.58,614.9,840.77,567.85
10003001-10,10,003,001-10,770.31,615.04,16.05,50.04,738.62,574.58,25.93,27.25,812.59,545.55,21.9,15.21,780.17,576.51,791.37,575.1
10003001-11,10,003,001-11,498,581,12,60,524,519,20,23,596,480,12,23,640,470,628,457
10003001-12,10,003,001-12,731,448,20,66,708,481,27,27,788,433,20,18,761,464,736,495
10003001-13,10,003,001-13,643.28,469.69,16.18,50.18,677.28,386.2,27.26,26.15,676.46,420.22,19.15,18.11,688.39,412.44,739.83,378.05
10003001-15,10,003,001-15,701.07,595.71,16.13,56.23,723.34,496.85,33.47,35.76,792.47,480.94,21.7,25.65,838.23,453.94,879.48,422.55
10003001-16,10,003,001-16,693.4,366.71,14.86,39.6,701.07,284.51,27.84,22.08,741.11,267.78,18.92,18.99,699.09,317.86,776.17,262.74
10003001-17,10,003,001-17,495.51,240.82,18.73,25.08,501.73,191.8,26.39,19.05,512.25,190.6,25.08,13.83,516.51,212.92,547.76,192.54
10003001-18,10,003,001-18,782.26,321.82,27.56,33.24,762,267.51,29.18,18.64,778.21,273.99,21.08,12.97,775.78,290.21,801.72,262.65
10003001-19,10,003,001-19,680.43,439.87,24.51,38.98,687.91,364.21,21.52,20.44,738.15,358.98,20.46,15.29,695.79,387.44,764.19,335.58
10003001-21,10,003,001-21,334,257,9,24,325,262,11,13,358,248,8,8,352,251,362,242
10003001-22,10,003,001-22,721.79,639.61,16.11,40.53,682.72,663.91,28.97,19.6,766.33,612.13,17.48,12.11,758.61,620.38,815.94,567.65
10003001-23,10,003,001-23,144,43,7,8,128,44,8,2,131,39,9,3,134,43,134,43
10003001-24,10,003,001-24,726,491,15,64,718,425,36,38,754,432,21,21,765,457,821,392
10003001-25,10,003,001-25,627.27,189.09,26.78,33.5,605.85,204.57,24.34,14.84,612.39,198.3,27.09,10.3,623.1,215.38,633.01,198.94
10003001-26,10,003,001-26,618,396,15,48,634,352,21,31,655,356,17,21,668,371,696,344
10003001-27,10,003,001-27,1085,525,43,76,1074,526,30,25,1131,481,31,24,1157,510,1222,430
10003002-01,10,003,002-01,1180,45,16,8,1111,40,14,7,1060,54,16,8,930,171,1047,58
10003002-02,10,003,002-02,290.05,9.19,2.62,0.66,266.42,5.91,1.31,0.66,257.89,7.22,1.31,1.31,221.8,36.75,254.61,11.16
10003002-03,10,003,002-03,814.87,250.21,18.58,30.2,815.93,187.13,23.4,15.62,839.31,188.99,14.69,8.82,810.57,209.19,851.11,177.47
10003002-04,10,003,002-04,705.53,460.52,8.42,53.72,681.96,503.55,16.42,8.28,765.82,437.98,14.3,4.25,686.91,512.64,674.89,522.6
10003002-05,10,003,002-05,486.19,200.94,9.8,24.51,472.46,158.79,20.58,14.7,488.15,159.77,17.64,8.82,471.48,188.2,507.75,160.76
10003002-06,10,003,002-06,703,522,16,45,659,553,19,16,720,525,15,7,701,523,702,530
10003002-07,10,003,002-07,837,478,18,64,768,512,26,31,848,482,16,19,822,506,839,501
10003002-08,10,003,002-08,854.22,575.74,22.48,39.72,829.82,525.09,27.58,15.35,896.14,488.02,25.29,11.29,923.83,501.14,900.97,496.69
10003002-09,10,003,002-09,291.6,214.14,6.87,22.47,285.79,208.59,5.55,7.67,309.32,199.87,3.44,5.29,303.77,206.48,318.31,189.29
10003002-10,10,003,002-10,573.18,372.9,26.7,38.15,548.39,370.04,27.66,14.31,593.21,359.55,25.75,9.54,614.19,349.06,601.79,360.5
10003002-11,10,003,002-11,774,491,21,50,764,463,27,18,837,441,16,15,860,430,877,384
10003002-12,10,003,002-12,570,348,18,50,548,369,14,25,585,346,18,16,578,357,595,345
10003002-13,10,003,002-13,461,317,11,38,482,251,31,19,504,246,15,20,517,249,539,241
10003002-15,10,003,002-15,922,651.88,8.97,45.85,922.99,614,14.95,11.96,934.96,615,17.94,11.96,953.89,588.08,1022.67,539.24
10003002-16,10,003,002-16,813.66,114.02,6.95,12.07,749.86,79.9,15.47,8.67,744.69,85.85,6.93,11.2,683.39,159.08,747.9,92.95
10003002-17,10,003,002-17,1409,202,14,18,1336,160,23,14,1325,166,19,11,1198,310,1350,168
10003002-18,10,003,002-18,544.9,243.8,14.57,34,539.07,230.2,18.45,20.4,551.7,231.17,11.66,13.6,555.58,235.05,591.52,205.91
10003002-19,10,003,002-19,455.85,316.18,14.55,28.13,471.37,270.6,13.58,12.61,510.16,258.96,12.61,8.73,498.52,273.51,538.29,220.16
10003002-21,10,003,002-21,519,453,27,30,562,348,26,14,616,352,13,7,613,346,643,322
10003002-22,10,003,002-22,500,410,12,51,486,440,11,7,554,404,15,5,511,434,554,404
10003002-23,10,003,002-23,722.22,390.39,25.1,71.57,696.19,441.51,29.74,21.38,741.74,425.71,16.73,18.59,767.76,415.48,796.58,388.53
10003002-24,10,003,002-24,715.32,345.75,17.14,40,689.6,297.18,24.76,25.72,708.65,305.75,22.86,25.72,716.27,313.37,764.85,280.03
10003002-25,10,003,002-25,608.77,381.47,15.08,51.09,592.69,398.53,17.07,18.04,629.71,394.51,15.08,9.03,647.73,391.56,664.76,360.52
10003002-26,10,003,002-26,606,189,10,19,574,169,23,5,588,166,16,5,574,199,602,170
10003002-27,10,003,002-27,543,347,14,33,543,308,21,15,577,295,20,14,589,307,631,263
10003003-01,10,003,003-01,765,19,4,1,721,19,8,5,681,24,8,6,588,140,691,35
10003003-02,10,003,003-02,156,23,8,8,149,31,5,5,151,35,5,1,148,42,149,39
10003003-03,10,003,003-03,399,24,6,7,361,30,5,7,340,36,6,6,316,64,340,41
10003003-04,10,003,003-04,824,380,11,54,813,405,13,12,905,349,9,8,863,376,829,393
10003003-05,10,003,003-05,656,141,13,15,637,117,9,14,645,123,6,9,613,161,654,118
10003003-06,10,003,003-06,185,109,4,13,172,129,4,1,188,114,7,2,183,125,177,126
10003003-07,10,003,003-07,672,414,11,44,623,401,16,44,689,383,19,18,657,423,680,408
10003003-08,10,003,003-08,606.13,383.29,17.83,31.69,616.03,342.68,21.79,11.88,635.84,343.67,3.96,14.86,680.41,325.84,683.38,310.99
10003003-09,10,003,003-09,775.35,717.72,25.08,68.28,784.23,688.17,24.04,28.02,856.75,640.97,14.28,22.5,901.52,629.61,953.59,563.51
10003003-10,10,003,003-10,567,461,11,32,540,428,20,13,575,422,17,12,573,430,589,404
10003003-11,10,003,003-11,290,864,15,53,342,763,28,22,423,716,14,14,539,618,455,680
10003003-12,10,003,003-12,513,328,18,44,503,325,13,24,555,307,14,14,543,318,535,325
10003003-13,10,003,003-13,294.45,49.58,3.94,3.91,279.46,33.31,3.38,4.01,286.58,32.03,1.08,2.67,259.54,56.15,284.48,35.61
10003003-15,10,003,003-15,932,413,24,27,914,370,23,19,917,398,18,11,891,425,977,355
10003003-16,10,003,003-16,1045.26,51.45,11.08,7,991.42,40.64,5.51,8.44,963,48.48,9.12,2.83,860.93,159.44,960.76,52.5
10003003-17,10,003,003-17,917,276,24,25,916,230,15,20,920,231,13,14,849,323,971,205
10003003-18,10,003,003-18,443,173,11,23,431,156,14,13,438,153,15,8,408,202,450,162
10003003-19,10,003,003-19,545.79,504.3,23.11,38.32,579.92,423.5,34.11,16.21,639.3,403.48,25.09,12.18,635.88,413.78,688.61,369.18
10003003-21,10,003,003-21,661.8,604.17,24.84,51.67,666.77,549.51,32.79,22.85,712.48,549.51,23.85,15.9,713.47,546.53,780.05,488.9
10003003-22,10,003,003-22,599,523,14,43,554,567,15,13,628,515,12,12,629,504,656,490
10003003-23,10,003,003-23,569,349,23,48,562,347,22,19,593,338,19,18,608,343,626,318
10003003-24,10,003,003-24,501.94,349.37,12.67,25.96,502.39,297.63,23.04,9.96,514.58,309.44,20.86,8.79,539.34,299.87,544.16,291.91
10003003-25,10,003,003-25,650,273,40,52,642,281,38,22,645,290,35,17,665,302,694,272
10003003-26,10,003,003-26,543.85,247.2,12.37,34.86,546.7,220.85,18.47,18.52,554.02,229.88,8.3,12.35,557.12,240.98,600.04,201.23
10003003-27,10,003,003-27,435.71,198.45,10.25,27.09,434.98,174.28,12.45,13.18,436.44,177.94,13.91,9.52,442.3,198.45,468.66,158.91
10003004-01,10,003,004-01,1013,45,13,12,954,36,11,6,914,42,10,9,844,118,898,57
10003004-02,10,003,004-02,38.8,14.45,0,0.76,34.99,16.74,0.76,2.28,34.99,13.69,3.04,1.52,37.28,15.98,34.99,19.02
10003004-03,10,003,004-03,821,37,6,2,686,27,14,5,679,32,7,6,599,100,658,43
10003004-04,10,003,004-04,422,98,11,14,383,99,9,10,383,91,8,8,361,113,386,98
10003004-05,10,003,004-05,827,134,19,12,784,101,17,13,766,120,17,15,756,156,788,119
10003004-06,10,003,004-06,594,279,18,36,599,279,19,9,603,285,23,6,615,285,629,275
10003004-07,10,003,004-07,1066,476,28,52,1055,412,31,33,1065,416,27,31,1068,444,1094,425
10003004-08,10,003,004-08,762.65,186.97,18.7,25.59,732.14,171.23,22.63,14.76,740.01,166.31,15.74,8.86,755.76,184.02,762.65,165.32
10003004-09,10,003,004-09,337.63,399.83,8.35,34.41,341.36,399.38,11.19,6.29,379.39,374.83,8.17,5.2,392.14,367.5,402.15,357.11
10003004-10,10,003,004-10,859,392,17,44,824,365,19,23,862,349,19,18,834,384,862,363
10003004-11,10,003,004-11,299.83,427.75,10.99,30.98,319.81,376.78,9.99,12.99,368.79,353.79,6,8.99,400.77,331.81,394.77,324.81
10003004-12,10,003,004-12,460,415,7,31,417,475,2,6,454,442,5,5,411,475,401,485
10003004-13,10,003,004-13,620.17,490.45,20.18,40.36,667.17,418.64,17.32,19.14,708.27,383.06,23.21,18.07,698.27,413.1,766.84,347.42
10003004-15,10,003,004-15,506.76,305.86,15.99,35.98,530.75,283.87,14.99,8,551.74,266.88,12.99,8,557.74,277.87,583.73,250.88
10003004-16,10,003,004-16,357.6,141.39,4.6,11.91,341.16,103.21,10.21,10.87,359.1,99.62,7.54,8.16,354.31,108.92,374.9,97.43
10003004-17,10,003,004-17,541.28,329.27,11.72,37.13,539.33,305.82,23.45,16.61,595.02,276.5,21.5,10.75,576.46,309.72,614.56,280.41
10003004-18,10,003,004-18,1028.63,368.91,18.73,38.94,988.89,348.19,19.23,22.73,1047.87,318.44,15.98,16.24,985.39,385.9,1055.88,311.92
10003004-19,10,003,004-19,630,468,24,42,626,413,28,17,656,412,21,13,657,415,698,384
10003004-21,10,003,004-21,705,313,19,53,648,337,28,22,674,340,25,21,686,338,709,327
10003004-22,10,003,004-22,482.21,445.39,7.89,46.47,453.28,483.09,14.03,11.4,521.67,434.87,10.52,7.89,509.39,436.62,533.06,424.35
10003004-23,10,003,004-23,929,432,34,54,899,454,26,23,940,445,26,13,962,440,949,440
10003004-24,10,003,004-24,464.68,155.25,13.86,20,439.4,140.82,17.24,5.28,447.35,144.25,10.14,5.28,437.73,158.63,469.15,122.97
10003004-25,10,003,004-25,390.65,324.07,8.82,36.9,416.32,278.35,14.44,19.25,432.36,285.57,12.03,13.64,460.44,276.75,470.07,261.5
10003004-26,10,003,004-26,802,351,12,44,784,320,14,22,836,293,15,14,778,359,838,288
10003004-27,10,003,004-27,883.29,549.55,25.75,59.91,886.02,496.72,33.55,27.82,906.56,507.06,27.09,17.48,942.7,502.55,985.34,457.09
10003005-01,10,003,005-01,996.54,174.07,25.84,37.17,939.67,182.89,37.03,11.67,937.01,175.73,26.82,10.42,884.82,238.27,916.81,200.56
10003005-02,10,003,005-02,576.29,68.61,5.88,14.7,533.16,48.02,6.86,12.74,538.06,56.84,9.8,3.92,492.98,113.69,556.69,55.86
10003005-03,10,003,005-03,71,3,2,1,68,2,0,0,61,3,2,0,56,13,54,8
10003005-04,10,003,005-04,157,19,5,5,144,21,3,4,130,24,9,3,133,32,144,24
10003005-05,10,003,005-05,809,109,13,20,768,88,12,12,756,98,15,7,720,155,765,98
10003005-06,10,003,005-06,806.16,248.88,18.54,33.18,805.19,238.14,26.35,9.76,814.95,241.07,14.64,7.81,784.69,277.18,814.95,255.71
10003005-07,10,003,005-07,489,113,30,17,483,120,23,8,491,123,25,7,502,117,524,107
10003005-08,10,003,005-08,1132.13,520.76,26.71,60.09,1129.27,510.27,20.98,20.03,1171.23,471.16,12.4,12.4,1174.09,512.18,1205.57,446.37
10003005-09,10,003,005-09,836.32,917.21,28.44,73.62,833.34,895,26.33,24.18,934.83,833.64,19.74,18.42,987.22,809.74,1010.48,769.77
10003005-10,10,003,005-10,638,492,16,56,595,538,16,22,674,477,13,15,632,519,656,495
10003005-12,10,003,005-12,746,546,14,55,685,640,14,13,814,538,15,6,738,607,699,642
10003005-13,10,003,005-13,624.66,361.3,16.02,39.04,624.68,269.2,42.03,20.02,650.71,285.22,30.02,15.01,645.69,305.24,713.73,249.21
10003005-15,10,003,005-15,1171.58,486.91,23.63,42.95,1136.13,451.75,36.47,22.88,1144.04,466.3,16.22,19.92,1143.06,496.92,1213.93,425.29
10003005-16,10,003,005-16,1070.16,71.14,19.05,10.02,1022.96,55.12,15.01,7.03,1007.83,55.15,12.04,7,926.41,139.61,1008.82,66.17
10003005-17,10,003,005-17,490,331,16,42,511,272,26,20,556,274,10,12,548,275,614,226
10003005-18,10,003,005-18,548,359,14,38,524,305,27,17,564,290,18,13,561,305,596,266
10003005-19,10,003,005-19,526,462,16,28,552,352,23,15,572,359,14,8,568,357,617,324
10003005-21,10,003,005-21,737,622,22,53,738,585,15,28,779,579,13,23,780,578,847,508
10003005-22,10,003,005-22,831,808,24,78,784,864,24,14,877,797,18,14,878,788,895,765
10003005-23,10,003,005-23,690,191,23,57,658,201,42,32,657,225,34,23,687,240,724,205
10003005-24,10,003,005-24,775.02,444.28,25.67,52.33,755.28,396.89,35.54,22.71,765.15,399.85,30.61,25.67,802.67,393.93,833.27,369.25
10003005-25,10,003,005-25,855.02,597.33,20.83,64.87,847.85,586.18,25.93,29,902.02,554.62,23.98,23.2,927.48,563.2,929.32,543.56
10003005-26,10,003,005-26,945,286,25,34,902,274,36,18,896,289,33,16,901,316,947,274
10003005-27,10,003,005-27,747,512,17,49,743,477,29,15,783,464,23,12,787,471,884,385
10003006-01,10,003,006-01,399,15,6,6,365,13,7,4,361,18,4,3,317,54,360,19
10003006-02,10,003,006-02,516,59,9,19,483,66,12,8,476,66,14,7,455,106,466,84
10003006-03,10,003,006-03,593,27,7,3,518,21,10,4,507,24,8,6,450,64,508,32
10003006-04,10,003,006-04,690,216,18,49,662,243,15,21,703,225,19,7,675,246,657,261
10003006-05,10,003,006-05,871,140,8,21,835,128,12,4,832,132,16,5,796,176,839,126
10003006-06,10,003,006-06,427.08,105.04,10.03,12.02,414.78,83.05,11.03,13.01,415.71,91.04,7.04,10,403.41,114.35,420.63,93.08
10003006-07,10,003,006-07,483,261,10,35,473,239,15,14,513,225,13,10,504,235,516,226
10003006-08,10,003,006-08,710.87,670.24,15.29,67.91,740.73,609.73,21.02,24.97,819.77,577.84,13.6,15.6,896.91,526.82,908.43,498.63
10003006-09,10,003,006-09,571.85,705.67,22.25,70.17,587.29,659.33,32.25,23.75,663.85,624.02,19.17,18.07,739.17,582.64,738.2,565.99
10003006-10,10,003,006-10,646,541,10,57,631,545,20,22,655,546,17,12,665,540,670,540
10003006-12,10,003,006-12,284.44,271.2,3.08,23.34,261.13,296.68,4.12,10.09,299.8,263.29,3.08,9.06,273.34,281.53,259.3,292.62
10003006-13,10,003,006-13,734.86,507.9,24,55.99,767.85,421.92,47.99,27.99,796.84,433.92,35.99,19,816.84,434.92,851.83,406.92
10003006-15,10,003,006-15,811.07,246.03,14,50,798.07,224.03,17,25,809.07,238.03,14,18,771.07,291.03,847.07,217.03
10003006-16,10,003,006-16,696.82,69.09,11.07,12.25,630.7,62.04,12.32,13.16,625.84,61.14,10.12,11.19,555.1,133.15,610.17,85.04
10003006-17,10,003,006-17,70.58,83.27,4.14,2.47,76.62,62.54,10.2,3.15,85.71,58.69,5.12,3.14,88.47,59.96,86.04,64.59
10003006-18,10,003,006-18,818,239,21,36,797,198,27,22,800,214,23,12,786,247,839,204
10003006-19,10,003,006-19,143,48,6,9,135,43,5,5,134,55,5,2,137,53,145,43
10003006-21,10,003,006-21,768,466,22,52,747,461,25,27,792,431,31,21,768,465,809,441
10003006-22,10,003,006-22,270,271,10,21,275,268,6,8,312,239,4,6,299,255,299,258
10003006-23,10,003,006-23,748.73,512.44,14.95,61.81,713.83,546.34,16.95,25.92,764.68,530.39,12.96,15.95,772.65,527.4,805.55,497.49
10003006-24,10,003,006-24,681.24,445.16,20.07,57.42,693.06,393.53,29.21,25.78,725.08,396.01,23.42,21.53,746.9,401.75,756.86,384.6
10003006-25,10,003,006-25,689.12,370.32,9.72,53.46,684.26,323.66,31.1,22.36,690.09,345.04,17.5,18.47,718.28,344.07,734.8,318.8
10003006-26,10,003,006-26,734,396,23,51,742,359,32,28,760,377,21,16,781,378,853,304
10003006-27,10,003,006-27,618,231,15,21,616,191,19,12,615,201,10,8,609,223,649,184
10003007-01,10,003,007-01,417,31,1,7,372,30,3,2,362,31,4,1,338,72,361,38
10003007-02,10,003,007-02,432.88,66.8,6.07,14.02,387.99,57.66,15.82,9.11,397.7,55.92,14.93,6.98,384.82,72.18,396.16,69.64
10003007-03,10,003,007-03,1005,98,15,8,941,61,14,3,927,71,14,7,845,150,921,77
10003007-04,10,003,007-04,736,247,17,67,718,267,19,16,755,235,20,12,719,275,712,275
10003007-05,10,003,007-05,553.24,150.14,6.01,16.02,525.25,133.13,11.01,5,545.26,130.12,4.01,5,515.26,159.13,564.27,117.12
10003007-06,10,003,007-06,543,344,17,39,514,371,20,11,561,342,16,17,553,356,546,366
10003007-07,10,003,007-07,720,353,24,46,697,327,28,29,755,288,30,18,765,305,743,332
10003007-08,10,003,007-08,554,767,18,59,557,741,24,21,682,661,10,10,733,629,770,582
10003007-09,10,003,007-09,120.67,146.53,2.15,12.93,109.36,149.76,3.23,2.69,134.68,131.99,1.08,2.15,144.92,128.22,144.38,121.21
10003007-10,10,003,007-10,837,540,24,57,830,566,21,26,903,516,21,12,893,526,880,540
10003007-12,10,003,007-12,493,417,18,30,496,417,17,9,522,409,12,6,528,409,587,351
10003007-13,10,003,007-13,253.75,146.5,11.17,13.5,257.61,128.95,11.35,8.2,268,126.15,10.08,6.05,276.51,124.02,277.97,128.6
10003007-15,10,003,007-15,626.41,405.82,11.17,22.34,628.27,369.52,11.17,15.82,645.02,376.03,13.96,11.17,621.75,389.06,689.7,335.08
10003007-16,10,003,007-16,681.42,123.9,5.99,18.98,664.44,90.92,10.99,7.99,657.45,99.92,14.99,5,618.48,142.88,687.42,80.93
10003007-17,10,003,007-17,520.97,255.63,16.11,24.3,515.57,185.64,25.25,13.28,540.03,194.55,19.18,8.21,513.92,222.78,569.45,178.48
10003007-18,10,003,007-18,408.81,266.66,11.76,23.53,409.79,235.29,17.65,14.71,428.42,224.5,15.69,11.76,435.28,242.15,463.71,214.7
10003007-19,10,003,007-19,404,312,10,31,430,250,13,12,454,253,10,10,471,235,492,227
10003007-21,10,003,007-21,56,96,3,9,51,103,3,3,57,101,3,0,54,103,70,88
10003007-22,10,003,007-22,1037,613,23,57,993,625,28,24,1056,601,21,17,1036,619,1100,570
10003007-23,10,003,007-23,568.27,378.56,11.05,35.19,531.17,380.66,19.05,11.08,582.32,344.61,17.04,11.05,591.35,350.6,589.45,354.51
10003007-24,10,003,007-24,820,255,19,36,801,223,22,16,788,250,17,15,791,249,822,226
10003007-25,10,003,007-25,457.29,334.04,15.49,29.63,457.29,300.37,22.22,20.88,479.51,297,14.82,16.84,486.24,307.1,511.84,277.47
10003007-26,10,003,007-26,934,401,21,54,947,350,25,20,957,365,14,20,962,361,1030,305
10003007-27,10,003,007-27,190,238,4,22,202,224,6,5,208,221,3,8,205,224,234,203
10003008-01,10,003,008-01,107,38,3,7,109,39,2,3,108,37,4,3,111,41,108,43
10003008-02,10,003,008-02,565,15,11,4,513,10,10,3,491,17,11,4,421,90,480,24
10003008-03,10,003,008-03,698,256,16,22,693,195,22,9,719,185,16,6,673,230,731,170
10003008-04,10,003,008-04,927.74,721.8,26.99,57.98,933.74,694.81,26.99,16,1002.72,670.82,10,15,976.73,664.82,1017.72,637.82
10003008-05,10,003,008-05,1120,442,15,46,1096,405,20,22,1100,410,15,13,1061,446,1164,367
10003008-06,10,003,008-06,938,603,38,72,935,580,44,39,974,584,25,21,963,602,1030,550
10003008-07,10,003,008-07,712,490,21,39,664,479,23,32,736,456,18,20,704,472,765,433
10003008-08,10,003,008-08,625,491,20,30,628,443,21,18,665,429,9,18,697,430,692,409
10003008-09,10,003,008-09,707.41,607.82,17.17,47.1,670.12,603.4,20.6,19.13,750.58,556.8,10.79,9.81,774.12,550.42,795.22,522.46
10003008-10,10,003,008-10,698,184,17,32,664,144,21,21,675,146,20,17,669,174,699,148
10003008-12,10,003,008-12,705.04,554.44,14.74,47.64,647.11,618.36,19.78,18.66,689.66,589.51,23.7,13.62,674.92,611.21,693.9,603.85
10003008-13,10,003,008-13,782.89,349.13,24.04,49.05,808.86,239.48,35.59,25.97,837.71,257.76,27.89,17.31,810.78,286.61,860.79,247.18
10003008-15,10,003,008-15,337,319,15,37,361,261,23,18,357,277,15,13,380,271,386,274
10003008-16,10,003,008-16,1031.58,209.1,24.01,28.02,1002.56,188.08,10.01,7.01,999.55,179.08,14.01,6,937.52,252.12,1028.58,170.07
10003008-17,10,003,008-17,435,125,3,10,415,103,5,6,426,104,6,4,404,118,440,90
10003008-18,10,003,008-18,689,215,17,37,672,209,16,16,688,208,13,10,665,240,713,192
10003008-19,10,003,008-19,530,464,22,52,599,372,24,23,610,388,24,11,620,388,693,332
10003008-21,10,003,008-21,785.98,577.72,21.33,69.67,775.72,521.11,48.46,28.29,856.85,495.15,29.39,22.33,872.33,492.07,926.73,440.75
10003008-22,10,003,008-22,447,416,25,40,479,379,14,17,482,387,18,9,499,377,551,325
10003008-23,10,003,008-23,657.78,415.61,23.9,58.43,637.81,430.49,28.26,28.62,669.26,433.29,16.27,18.41,701.24,416.52,707.42,410.47
10003008-24,10,003,008-24,576,448,22,57,614,346,30,30,635,366,21,23,633,385,698,340
10003008-25,10,003,008-25,345.88,188.68,7.28,31.54,338.74,164.34,14.9,13.64,357.91,157.96,8.5,8.53,379.72,161.93,392.2,143.2
10003008-26,10,003,008-26,196,109,3,12,198,88,5,9,203,92,4,4,198,102,217,87
10003008-27,10,003,008-27,783,672,18,49,787,618,21,26,823,593,12,18,873,589,887,567
10003009-01,10,003,009-01,745,83,6,21,731,77,4,7,706,81,7,5,620,168,696,86
10003009-02,10,003,009-02,364,221,11,23,371,170,17,14,384,173,13,12,385,180,411,163
10003009-03,10,003,009-03,912,83,9,20,818,80,19,6,804,89,9,7,736,168,821,90
10003009-04,10,003,009-04,426,84,15,24,414,79,9,10,406,98,11,8,407,100,414,92
10003009-05,10,003,009-05,719,104,6,12,691,88,7,7,678,84,4,9,653,121,693,80
10003009-06,10,003,009-06,975,514,26,57,975,491,24,35,1036,473,21,16,1019,501,1030,484
10003009-07,10,003,009-07,624,412,12,37,613,366,31,33,650,361,15,16,648,369,661,356
10003009-08,10,003,009-08,118,125,0,14,120,128,1,8,132,120,2,4,138,117,143,112
10003009-09,10,003,009-09,439.46,680.72,16.55,36.42,442.22,631.82,24.01,16.85,525.83,588.69,12.26,6.99,580.45,547.41,563.09,541.86
10003009-10,10,003,009-10,513,401,14,31,491,380,19,17,539,357,12,12,524,374,525,379
10003009-12,10,003,009-12,567.77,425.5,14.73,38.38,519.49,464.59,14.78,16.82,596.14,406.77,13.55,11.64,569.18,440.91,575.24,425.94
10003009-13,10,003,009-13,684,348.56,23.07,23.12,684.09,285.69,33.98,20.03,707.13,288.59,20.07,14.03,698.43,316.3,754.99,265.84
10003009-15,10,003,009-15,277,239,8,19,282,217,10,9,301,208,5,9,307,215,340,179
10003009-16,10,003,009-16,151,99,4,3,159,75,5,1,164,74,5,1,162,77,184,59
10003009-17,10,003,009-17,428,314,13,21,456,260,17,9,482,264,9,4,478,264,531,222
10003009-18,10,003,009-18,612.03,297.42,11.6,26.4,614.78,257.48,16.77,10.6,623.46,256.56,14.69,6.43,612.61,276.76,656.12,244.08
10003009-19,10,003,009-19,530.21,476.7,11.89,35.68,545.08,387.5,11.89,23.79,587.7,385.52,9.91,19.82,541.12,418.22,621.39,352.82
10003009-21,10,003,009-21,368,263,10,25,360,260,12,9,385,250,8,2,367,263,393,245
10003009-22,10,003,009-22,487,461,16,42,482,452,21,11,536,420,13,8,510,444,570,384
10003009-23,10,003,009-23,207,200,14,20,200,226,6,7,239,197,7,4,218,219,212,218
10003009-24,10,003,009-24,303,222,16,35,311,211,18,20,318,212,17,9,334,224,353,202
10003009-26,10,003,009-26,1157,242,22,42,1095,223,28,23,1103,224,19,21,1061,291,1114,234
10003009-27,10,003,009-27,709,635,17,61,706,595,20,20,776,569,17,11,740,616,871,489
10003010-01,10,003,010-01,1054.25,17.9,12.02,4.1,971.48,16.83,11.05,6.05,923.57,20.84,10.06,4.02,793.66,155.76,917.58,30.86
10003010-02,10,003,010-02,654.41,74.05,18.87,22.87,594.81,72.89,25.84,17.91,585.96,74.85,27.81,15.91,541.29,150.3,588.02,99.65
10003010-03,10,003,010-03,187,71,6,7,189,64,5,0,194,62,4,0,188,65,194,58
10003010-04,10,003,010-04,117,56,3,11,122,45,2,5,125,46,2,6,116,49,137,36
10003010-05,10,003,010-05,790,98,12,13,756,71,14,8,758,78,5,7,710,123,753,83
10003010-06,10,003,010-06,665,479,26,47,673,474,23,14,712,460,17,15,690,481,707,477
10003010-07,10,003,010-07,907,354,16,42,874,312,25,18,904,298,21,11,881,319,920,297
10003010-08,10,003,010-08,684,374,12,34,664,356,14,10,692,351,8,9,718,347,736,319
10003010-09,10,003,010-09,700.42,514.36,16.51,53.98,686.45,501.02,13.34,18.42,742.96,480.07,8.26,12.7,729.63,495.94,764.55,454.67
10003010-10,10,003,010-10,523,136,17,19,491,113,14,13,494,117,15,8,492,131,518,116
10003010-12,10,003,010-12,659.26,532.08,16.83,59.85,615.31,598.48,17.77,14.96,673.29,556.4,15.9,14.03,656.45,572.29,701.34,541.43
10003010-13,10,003,010-13,262,183,10,15,258,146,16,8,283,157,8,4,276,145,297,133
10003010-15,10,003,010-15,1072.84,279.62,13.59,41.75,1050.51,238.84,22.33,20.39,1055.37,240.78,23.3,18.45,1020.41,298.07,1088.38,234.96
10003010-16,10,003,010-16,711,297,11,37,713,230,26,15,748,231,13,13,703,275,789,206
10003010-17,10,003,010-17,535,224,9,27,515,165,21,16,525,171,14,10,519,192,564,158
10003010-18,10,003,010-18,249.33,96.67,4.67,18.67,247.33,89.33,6,4.67,252.67,90,5.33,3.33,246,99.33,250,94
10003010-19,10,003,010-19,383,290,16,30,393,237,20,13,430,228,12,12,420,242,451,215
10003010-21,10,003,010-21,818.2,637.83,24.16,80.33,779.23,618.49,47.21,21.15,845.52,606.49,35.15,14.1,862.53,595.47,928.95,538.1
10003010-22,10,003,010-22,560.44,412.71,11.08,32.32,527.2,430.25,14.77,6.46,581.67,398.86,10.16,5.54,556.74,422.87,595.52,384.09
10003010-24,10,003,010-24,540,295,23,50,525,279,37,23,556,273,25,22,565,296,612,255
10003010-27,10,003,010-27,814,667,14,56,775,668,27,20,843,638,14,15,867,622,953,537
10003011-01,10,003,011-01,530,66,8,13,532,52,11,3,505,53,14,6,438,142,510,64
10003011-02,10,003,011-02,857.34,16.59,6.11,2.62,783.13,14.84,6.11,0,746.46,25.32,5.24,1.75,648.68,122.23,729.87,25.32
10003011-04,10,003,011-04,602,373,21,49,553,450,15,16,596,408,20,13,560,453,525,483
10003011-06,10,003,011-06,628,351,13,35,585,392,13,20,633,371,9,12,621,375,612,389
10003011-09,10,003,011-09,235.9,266.6,8.14,20.7,234.27,260.79,7.44,6.51,264.28,242.88,5.82,4.89,279.4,235.43,284.05,225.89
10003011-12,10,003,011-12,535.7,573.48,7.43,48.52,489.59,617.16,10.45,12.38,584.05,555.09,9.4,13.36,511.63,610.5,520.77,597.71
10003011-13,10,003,011-13,334,126,4,14,338,100,8,7,354,100,6,6,342,102,377,81
10003011-17,10,003,011-17,723.42,359.73,14.86,51.53,728.38,279.46,21.8,16.85,738.29,296.31,12.88,14.86,711.53,325.04,773.96,284.41
10003011-19,10,003,011-19,111.7,92.59,4.77,9.55,111.71,70.64,8.59,3.82,114.57,82.08,5.73,1.91,114.58,83.04,129.84,64.92
10003011-21,10,003,011-21,759,571,34,58,761,511,34,36,807,501,33,22,799,502,863,463
10003011-22,10,003,011-22,816,580,14,44,797,571,27,13,874,535,12,9,831,569,857,531
10003012-01,10,003,012-01,281.06,96.75,4.96,10.87,284.78,89.85,7.92,6.92,282.69,91.83,8.91,2.97,260.64,115.86,281.68,95.8
10003012-02,10,003,012-02,877.06,20.66,7.71,4.56,796.23,21.38,7.22,1.6,774.73,21.68,9.8,1.14,684.11,109.88,754.69,31.08
10003012-04,10,003,012-04,681,540,24,54,687,539,16,23,747,514,18,13,705,546,770,489
10003012-06,10,003,012-06,761,477,20,58,733,501,19,31,776,484,23,14,769,505,769,507
10003012-09,10,003,012-09,197.78,169.93,4.8,13.17,187.35,168.7,5.76,5.35,209.84,155.67,3.02,2.74,216.43,153.89,222.33,146.07
10003012-12,10,003,012-12,475.23,490.5,15.27,49.62,469.51,513.41,16.22,17.18,524.86,475.23,11.45,13.36,504.82,499.09,547.76,458.06
10003012-13,10,003,012-13,4.09,0.05,0,0,4.09,0.04,0,0,4.1,0.04,0,0,4.1,0.04,4.1,0.04
10003012-19,10,003,012-19,543,181,9,23,536,124,19,12,536,145,12,11,515,178,554,131
10003012-22,10,003,012-22,431.56,453.29,18.92,38.68,437.8,442.75,21.23,12.54,477.33,415.14,17.84,15.46,488.26,417.13,504.48,400.91
10003013-01,10,003,013-01,590,107,12,20,566,99,11,17,566,101,10,11,533,143,562,114
10003013-02,10,003,013-02,0,0,0,0,0,0,0,0,0,0,0,0,0,0,0,0
10003013-04,10,003,013-04,130,50,1,10,130,46,4,5,140,44,1,4,131,45,141,43
10003013-09,10,003,013-09,520.29,447.05,12.63,34.64,492.87,443.8,15.15,14.07,552.04,409.52,7.94,7.22,569.36,404.83,584.88,384.27
10003013-12,10,003,013-12,503,336,15,31,430,407,6,6,477,378,10,4,444,396,450,394
10003013-13,10,003,013-13,86,26,4,3,80,23,3,1,87,19,2,0,82,26,92,18
10003014-01,10,003,014-01,459.46,212.75,10.99,29.96,458.46,196.77,14.98,20.98,480.43,189.78,11.99,16.98,473.44,211.75,466.45,209.75
10003014-04,10,003,014-04,143,65,3,3,146,48,3,2,158,50,1,1,152,55,155,50
10003014-12,10,003,014-12,438.07,316.85,8.17,33.47,407.86,361.7,12.29,9.35,473.4,323.61,8.27,6.19,428.3,347.89,424.54,355.78
10003014-13,10,003,014-13,2.71,1.1,0.03,0.09,2.59,0.8,0.08,0.08,2.73,0.77,0.06,0.06,2.69,0.84,2.85,0.75
10003015-04,10,003,015-04,249.26,202.2,5.01,11.02,243.26,208.19,5.01,2,264.28,194.18,4,1,248.27,208.18,254.28,196.18
10003016-04,10,003,016-04,84,22,1,4,82,18,1,4,83,17,2,2,76,25,79,24
10005001-14,10,005,001-14,1304.56,1338.25,23.26,61.41,1276.62,1292.78,45.37,18.22,1412.73,1211.84,28.73,14.24,1406.93,1201.72,1254.01,1320.64
10005001-20,10,005,001-20,571,488,19,55,597,421,26,29,627,417,18,28,611,453,598,453
10005001-35,10,005,001-35,584,1705,16,64,653,1529,44,28,768,1487,24,21,834,1407,635,1585
10005001-36,10,005,001-36,544.54,744.4,18.09,62.16,567.46,698.57,31.26,26.5,596.53,696.47,26.46,12.21,639.44,673.63,545.17,749.44
10005001-37,10,005,001-37,637,605,21,35,653,553,25,14,728,501,17,10,728,500,620,595
10005001-38,10,005,001-38,599.64,1455.27,21.3,54.51,633.61,1354.8,30.06,15.4,764.37,1273.2,19.35,18.3,840.02,1205.7,569.5,1407.16
10005001-39,10,005,001-39,334.47,1016.99,12.06,38.21,399.53,875.71,24.08,34.12,471.89,851.5,18.04,19.08,484.74,841.58,364.38,957.96
10005001-40,10,005,001-40,316.55,632.3,21.3,17.6,394.48,504.6,29.47,12.35,425.28,494.21,18.38,7.18,425.97,496.59,335.03,580.42
10005001-41,10,005,001-41,279,1246,21,43,397,1078,30,14,537,983,13,11,589,926,373,1117
10005002-14,10,005,002-14,1083,1085,23,53,1112,1003,29,22,1243,924,20,14,1221,934,1090,1028
10005002-20,10,005,002-20,908,1262,17,63,957,1147,45,13,1026,1113,37,16,1053,1095,950,1178
10005002-35,10,005,002-35,804.42,1574.54,35.36,57.68,854.12,1423.94,35.41,31.71,965.32,1370.49,25.04,18.01,969.48,1357.67,779.3,1523.46
10005002-36,10,005,002-36,388.35,1051.17,9.18,55.62,438.57,977.74,32.31,18.26,498.84,960.73,19.26,13.12,570.25,896.53,415.34,1030.25
10005002-37,10,005,002-37,368,793,7,25,427,698,20,13,488,694,4,3,532,622,409,739
10005002-38,10,005,002-38,827.48,1511.63,16.38,38.86,837.67,1369.08,29.03,12.69,956.27,1324.34,17.55,9.36,1004.39,1269.79,812.21,1406.53
10005002-39,10,005,002-39,821.91,1003.35,14.83,76.89,842.01,896.74,34.02,53.22,895.75,891.77,27.92,26.94,882.43,904.98,758.34,1025.9
10005002-40,10,005,002-40,386,1536,19,56,519,1327,45,23,635,1265,28,13,666,1237,464,1420
10005002-41,10,005,002-41,671,1232,15,44,734,1103,34,18,849,1025,22,18,885,1004,692,1173
10005003-14,10,005,003-14,1350.72,996.33,24.6,61.06,1324.4,963.72,44.3,26.08,1409.39,918.17,32.32,20.66,1401.56,937.13,1296.7,1013.04
10005003-20,10,005,003-20,848.3,1318.34,13.38,59.6,893.51,1200.54,31.34,20.24,979.06,1153.41,29.3,15.11,988.73,1153.67,869.36,1248.73
10005003-35,10,005,003-35,309.73,374.43,8.61,11.29,321,326.17,12.55,9.26,356.7,307.66,7.93,3.98,343.58,319.46,295.88,358.56
10005003-36,10,005,003-36,668.63,1098.26,19.1,66.34,695.69,1017.52,36.13,25.19,788.91,990.88,20.26,8.14,816.39,940.18,715.93,1039.27
10005003-37,10,005,003-37,756,1324,26,78,797,1209,44,23,876,1192,27,23,915,1153,770,1265
10005003-38,10,005,003-38,810.37,1322.74,17.3,64.41,819.99,1263.14,39.41,23.07,942.07,1198.74,22.11,13.46,993.02,1158.36,771.92,1316.98
10005003-39,10,005,003-39,318.47,581.69,8.12,34.93,323.34,552.44,8.94,18.69,375.34,521.57,4.06,13,351.78,531.32,307.09,584.13
10005003-40,10,005,003-40,445.1,368.19,9.61,16.34,466.25,313.4,14.42,11.54,481.63,306.67,14.42,4.81,456.64,334.55,415.3,379.73
10005003-41,10,005,003-41,422.15,584.44,8.96,17.92,482.89,464.97,24.89,9.96,530.68,432.11,15.93,7.97,578.47,401.25,437.09,507.78
10005004-14,10,005,004-14,1197.43,1047.64,19.97,32.68,1199.25,947.78,34.5,16.34,1282.77,902.39,33.59,6.35,1300.02,876.97,1187.45,965.94
10005004-20,10,005,004-20,981,1401,23,58,1050,1268,50,24,1137,1225,33,12,1147,1218,1058,1283
10005004-35,10,005,004-35,695.94,795.64,20.73,31.59,733.45,673.23,35.54,7.9,793.67,667.31,21.72,1.97,779.85,654.48,684.09,735.42
10005004-36,10,005,004-36,377,503,15,32,395,465,12,13,409,462,12,10,421,457,364,505
10005004-37,10,005,004-37,884.78,1246.64,24.71,37.57,933.2,1094.4,36.58,10.88,1017.23,1053.87,21.75,12.85,1032.05,1030.16,939.13,1114.17
10005004-38,10,005,004-38,802.15,1051.63,16.32,41.74,749.35,1070.78,21.56,13.24,883.66,984.92,12.34,8.18,879.59,971.85,730.87,1062.5
10005004-39,10,005,004-39,540.68,553.93,12.92,39.76,546.67,471.41,25.85,22.86,595.39,452.52,18.89,12.92,567.58,480.33,495.97,533.06
10005004-40,10,005,004-40,328.05,1127.83,18.67,33.15,424.41,965.96,34.03,17.66,542.15,901.15,15.72,7.36,519.98,920.44,354.72,1067.31
10005004-41,10,005,004-41,336.85,619.56,10.04,38.08,389.11,536.03,23.11,10.04,451.32,511.89,9.07,6.03,508.53,457.75,374.91,558.22
10005005-14,10,005,005-14,1042.55,1333.21,26.18,58.75,1074.49,1221.36,63.75,18.99,1173.41,1172.27,35.62,17.36,1240.22,1123.15,1119.09,1213.39
10005005-20,10,005,005-20,1253.73,1416.57,37.96,75.92,1276.71,1313.67,41.96,20.98,1346.64,1292.69,32.97,26.97,1398.59,1242.74,1251.73,1349.64
10005005-35,10,005,005-35,119.06,376.36,2.27,11.41,156.55,330.77,7.46,4.1,181.33,294.69,4.28,2.03,183.15,307.52,135.91,343.58
10005005-36,10,005,005-36,395.42,809.53,15.1,22,438.09,730.22,15.57,14.25,475.79,705.65,15.81,5.18,529.33,655.59,421.91,757.79
10005005-37,10,005,005-37,696.37,1039.29,17.07,34.1,714.51,923.88,38.09,12.03,782.74,901.77,16.06,9.04,779.79,895.7,709.54,944.93
10005005-38,10,005,005-38,491.95,952.17,11.82,19.16,479.18,896.59,19.55,12.64,560.13,850.81,3.99,6.55,568.45,831.42,463.76,912.79
10005005-39,10,005,005-39,281.3,837.98,16.65,31.54,350.47,741.66,26.56,15.82,405.46,715.3,14.79,9.86,419.96,702.71,290.71,813.49
10005005-40,10,005,005-40,235.07,583.06,9,29,292.07,494.05,16,15,364.08,443.05,13,9,344.07,467.05,257.06,543.06
10005005-41,10,005,005-41,846.13,1109.3,15.89,55.61,932.53,950.4,27.81,19.86,1033.82,885.85,19.86,16.88,1040.78,870.95,893.8,997.08
10005006-14,10,005,006-14,836.21,723.72,13.17,31.69,833.4,697,23.02,12.91,908.85,654.61,14.15,9.26,920.85,644.96,826.69,712
10005006-20,10,005,006-20,650.59,817.37,23.87,44.76,650.51,809,22.88,19.91,736.47,758.15,15.33,8.55,739.44,753.16,660.61,810.1
10005006-35,10,005,006-35,151,507,2,8,178,447,4,6,214,425,3,3,219,415,167,461
10005006-36,10,005,006-36,494,698,12,35,536,608,27,16,561,610,14,12,566,609,508,648
10005006-37,10,005,006-37,444.99,721.3,10.28,21.46,470.31,605.95,36.43,17.15,506.36,600.4,19.26,10.15,529.34,587.33,455.42,641.11
10005006-38,10,005,006-38,624.46,1503.97,14.66,34.2,628.37,1367.16,28.34,10.75,748.57,1298.75,16.61,5.86,741.73,1294.84,580.48,1400.39
10005006-39,10,005,006-39,503.25,993.71,16.85,46.6,550.65,868.93,35.66,26.77,618.01,848.1,21.81,14.87,621.8,842.34,488.2,967.94
10005006-40,10,005,006-40,246.15,998.43,15.21,47.61,317.82,882.85,24.48,23.41,390.88,832.36,19.24,15.31,394.53,852.92,273.26,960.05
10005006-41,10,005,006-41,296.34,554.01,5.72,28.56,333.47,488.3,19.98,7.62,366.83,476.82,6.67,5.72,379.18,467.31,312.54,513.99
10005007-14,10,005,007-14,770.41,571.15,14.18,31.17,745.21,567.62,25.34,12.99,821.44,520.36,15.44,9.78,786.52,551.66,758.01,566.19
10005007-20,10,005,007-20,1096.91,809.24,38.34,65.16,1085.57,827.6,34.5,22.04,1169.42,785.64,27.41,10.93,1192.28,752.27,1077.72,837.11
10005007-35,10,005,007-35,352,684,16,37,380,623,30,12,417,621,15,11,447,599,374,654
10005007-36,10,005,007-36,361.57,358.09,11.23,17.19,367.48,335.08,9.91,7.28,383.47,331.66,8.58,2.65,371,341.5,363.57,340.34
10005007-37,10,005,007-37,425.22,861.36,10.93,23.84,464.96,781.88,15.9,13.91,478.87,778.9,14.9,9.93,507.68,756.05,452.04,797.78
10005007-38,10,005,007-38,704.6,1497.86,22.52,58.63,741.46,1382.25,41.11,19.61,820.3,1354.44,24.4,17.59,912.83,1263.74,685.76,1441.83
10005007-39,10,005,007-39,411,711,8,32,448,609,29,21,521,565,15,14,503,590,401,682
10005007-40,10,005,007-40,471.85,1046.57,18.79,55.39,533.18,902.15,43.52,37.59,630.12,856.64,21.76,28.69,597.47,908.08,481.74,1011.95
10005007-41,10,005,007-41,409.1,663.99,10.05,33.12,419.23,576.73,24.06,20.05,499.4,545.65,22.03,7.03,518.49,538.55,399.08,631.88
10005008-20,10,005,008-20,127,278,5,13,133,248,9,7,155,246,6,6,153,241,134,258
10005008-36,10,005,008-36,51,155,3,2,55,140,3,3,72,126,3,2,69,129,57,141
10005008-38,10,005,008-38,292.9,793.01,12.95,31.88,326.77,725.27,15.94,12.95,370.6,704.35,7.97,7.97,394.51,677.45,287.92,765.12
10005008-40,10,005,008-40,196,493,9,28,256,430,18,9,299,404,9,5,340,371,247,459
10005008-41,10,005,008-41,209.89,427.42,11.09,18.32,253.39,369.5,15.16,8.11,289.98,351.12,5.11,7.1,310.02,333.04,241.17,386.77
10005009-20,10,005,009-20,68,186,10,11,84,171,7,4,108,159,2,1,118,148,101,162
10005009-36,10,005,009-36,30,66,0,1,26,64,2,0,36,59,0,0,35,59,30,63
10005010-20,10,005,010-20,69.94,167.67,4.48,5.38,75.32,156.02,5.38,3.59,86.98,149.74,4.48,0.9,87.87,147.95,84.29,150.64
10005010-36,10,005,010-36,38,85,0,4,50,69,0,2,53,70,1,0,50,67,44,75
10005011-36,10,005,011-36,110,153,6,12,115,149,5,7,121,144,6,4,127,146,114,152
