GEOID,state,county,tract,pop,pop_white,pop_black,pop_hisp,pop_aian,pop_asian,pop_other,vap,vap_white,vap_black,vap_hisp,vap_aian,vap_asian,vap_other,ndv,nrv,place,mcd,school,cd_1980,cd_1990
05001009801,05,001,009801,1631,1262,358,6,2,3,0,1237,968,263,3,2,1,0,89,58,61940,92973,00001,2,1
05001009802,05,001,009802,2050,1818,222,5,3,2,0,1477,1340,130,4,3,0,0,277.18,239.17,1030,92466,12960,2,1
05001009803,05,001,009803,3810,2456,1322,11,10,10,1,2582,1776,782,7,9,8,0,484.54,418.1,67490,91563,12960,2,1
05001009804,05,001,009804,3103,1395,1688,13,7,0,0,2086,1053,1024,7,2,0,0,391.46,337.78,67490,91563,12960,2,1
05001009805,05,001,009805,4050,3804,209,13,12,12,0,3143,2986,129,10,8,10,0,589.82,508.94,67490,91563,12960,2,1
05001009806,05,001,009806,1846,1777,61,3,4,1,0,1415,1360,49,1,4,1,0,268.29,239.37,18790,92085,00001,2,1
05001009807,05,001,009807,3358,2640,702,4,6,6,0,2451,1988,449,4,5,5,0,464.71,414.63,18790,92085,00001,2,1
05001009808,05,001,009808,1805,1627,162,6,9,1,0,1320,1208,102,3,6,1,0,21,17,26980,93483,06570,2,1
05003009602,05,003,009602,2326,2031,251,33,11,0,0,1707,1495,187,17,8,0,0,101,118,24670,92469,06390,1,4
05003009603,05,003,009603,4791,3574,1171,38,4,4,0,3503,2723,749,23,4,4,0,605.86,537.8,29500,90687,00042,1,4
05003009604,05,003,009604,2565,1462,1082,12,7,2,0,1799,1086,702,6,4,1,0,311.14,276.2,75890,94077,00042,1,4
05003009605,05,003,009605,3014,2837,137,30,8,2,0,2210,2094,88,20,6,2,0,626.03,497.62,50240,91212,04800,1,4
05003009606,05,003,009606,6464,4638,1765,29,8,24,0,4737,3561,1139,16,8,13,0,1341.85,1066.63,16240,91212,04800,1,4
05003009607,05,003,009607,2607,1484,1104,10,4,5,0,1762,1076,676,5,3,2,0,499.12,396.75,74270,91212,04800,1,4
05003960198,05,003,960198,2552,1380,1097,68,0,7,0,1750,1017,695,32,0,6,0,30,30,46670,92964,00042,1,4
05005009501,05,005,009501,3548,3508,0,21,10,6,3,2865,2836,0,15,8,5,1,707.35,950.73,47390,92616,00043,3,3
05005009502,05,005,009502,3764,3724,0,23,8,8,1,3195,3163,0,19,7,5,1,788.83,1060.23,47390,92616,00043,3,3
05005009503,05,005,009503,3656,3612,0,27,8,9,0,2926,2903,0,12,5,6,0,722.41,970.97,47390,92616,00043,3,3
05005009504,05,005,009504,2356,2330,0,10,13,3,0,1962,1942,0,7,10,3,0,484.41,651.07,47390,92616,00043,3,3
05005009505,05,005,009505,3813,3738,1,23,38,13,0,2903,2855,0,14,24,10,0,23,20,50000,92709,10560,3,3
05005009506,05,005,009506,2786,2772,1,4,7,2,0,2258,2250,0,1,5,2,0,467,598,NA,93669,00043,3,3
05005009507,05,005,009507,3060,3045,2,7,5,1,0,2548,2537,1,5,4,1,0,336,491,NA,92460,00043,3,3
05005009508,05,005,009508,4001,3952,0,30,14,5,0,3261,3217,0,25,14,5,0,75,137,38050,91548,00043,3,3
05005009509,05,005,009509,4202,4146,0,26,17,13,0,3201,3168,0,12,17,4,0,505,654,15490,94035,04680,3,3
05007000201,05,007,000201,5950,5829,1,47,60,13,0,4296,4220,1,28,38,9,0,42,65,54200,92634,03030,3,3
05007000203,05,007,000203,7668,7362,6,136,74,90,0,5568,5357,5,94,51,61,0,1180.25,1670.18,60410,91254,11970,3,3
05007000204,05,007,000204,0,0,0,0,0,0,0,0,0,0,0,0,0,0,0,0,NA,92766,11970,3,3
05007000207,05,007,000207,3625,3590,0,9,16,10,0,3147,3117,0,5,16,9,0,667.07,943.98,4840,92766,03060,3,3
05007000208,05,007,000208,6425,6362,7,25,28,3,0,5894,5854,2,19,16,3,0,336.47,516.01,4840,92766,03060,3,3
05007000209,05,007,000209,3835,3743,1,27,46,15,3,2707,2651,1,18,29,7,1,154.53,236.99,28360,93837,06840,3,3
05007000211,05,007,000211,3886,3500,2,141,232,9,2,2736,2513,2,65,148,7,1,393.25,696.14,64370,91710,12450,3,3
05007020201,05,007,020201,3045,2931,1,62,36,14,1,2270,2197,1,35,26,10,1,481.17,680.91,60410,91254,11970,3,3
05007020202,05,007,020202,5655,5461,2,99,50,43,0,4210,4070,2,59,43,36,0,892.39,1262.83,60410,91254,11970,3,3
05007020401,05,007,020401,4520,4426,0,39,36,19,0,3301,3237,0,24,26,14,0,699.71,990.17,60410,91254,11970,3,3
05007020402,05,007,020402,3863,3761,6,61,17,18,0,3111,3050,3,32,16,10,0,659.44,933.18,60410,91254,11970,3,3
05007020403,05,007,020403,2435,2315,0,81,21,18,0,1829,1735,0,69,13,12,0,387.69,548.63,60410,91254,11970,3,3
05007020501,05,007,020501,2518,2455,8,31,15,9,0,1843,1791,8,26,12,6,0,390.66,552.83,5320,92766,03060,3,3
05007020502,05,007,020502,3257,3104,4,49,33,67,0,2309,2211,1,30,22,45,0,489.44,692.61,5320,92766,03060,3,3
05007020601,05,007,020601,3730,3628,5,46,34,17,0,2743,2668,4,33,26,12,0,581.43,822.79,5320,92766,03060,3,3
05007020602,05,007,020602,2345,2261,10,45,18,10,1,1633,1577,4,30,14,7,1,346.15,489.84,5320,92766,03060,3,3
05007021001,05,007,021001,3437,3284,2,46,96,8,1,2475,2390,2,25,49,8,1,45,70,67760,93543,06840,3,3
05007021002,05,007,021002,4077,3858,30,53,129,6,1,2808,2676,12,31,85,3,1,37,65,26290,91446,06540,3,3
05007021201,05,007,021201,2804,2569,20,113,81,21,0,2241,2062,17,89,57,16,0,322.1,570.19,64370,91710,12450,3,3
05007021202,05,007,021202,2490,2316,4,36,129,5,0,1897,1787,2,18,85,5,0,272.66,482.67,64370,91710,12450,3,3
05007021301,05,007,021301,3661,3503,1,47,104,6,0,2561,2475,0,27,56,3,0,38,49,26290,91710,12450,3,3
05007021302,05,007,021302,3396,3314,2,26,39,13,2,2408,2363,1,9,26,7,2,81,117,17740,90030,03060,3,3
05007021303,05,007,021303,4241,4144,1,57,25,14,0,3070,3005,1,39,20,5,0,650.75,920.88,41720,90912,03060,3,3
05007021401,05,007,021401,2991,2946,0,9,34,2,0,2257,2226,0,7,22,2,0,221,367,25750,91422,11970,3,3
05007021402,05,007,021402,3543,3444,5,53,35,6,0,2811,2739,3,35,30,4,0,595.85,843.19,41720,91254,11970,3,3
05007021403,05,007,021403,4102,4052,0,21,24,5,0,3190,3158,0,17,13,2,0,98,122,66080,93900,11970,3,3
05009009901,05,009,009901,3962,3897,2,27,28,8,0,2934,2895,2,12,21,4,0,59,126,52160,92760,10920,3,3
05009009902,05,009,009902,4211,4128,0,24,54,5,0,3205,3149,0,16,36,4,0,182,447,18850,93522,03420,3,3
05009009903,05,009,009903,4538,4500,2,25,7,4,0,3254,3229,0,16,5,4,0,463.75,791.69,4900,90219,13350,3,3
05009009904,05,009,009904,4839,4805,1,14,18,1,0,3639,3614,1,9,14,1,0,518.62,885.36,30460,93435,07380,3,3
05009009905,05,009,009905,6880,6782,0,49,35,13,1,5326,5254,0,36,26,9,1,759.05,1295.8,30460,92715,07380,3,3
05009009906,05,009,009906,3867,3799,0,32,28,8,0,2923,2880,0,19,19,5,0,416.58,711.16,30460,93435,07380,3,3
05011009501,05,011,009501,2666,2070,581,10,2,2,1,2082,1669,402,7,2,2,0,532.28,423.26,73310,92844,00006,1,4
05011009502,05,011,009502,2077,1360,690,25,1,0,1,1546,1051,481,12,1,0,1,395.25,314.29,73310,92844,00006,1,4
05011009503,05,011,009503,2462,1408,1023,24,7,0,0,1772,1074,678,15,5,0,0,453.03,360.24,73310,92844,00006,1,4
05011009504,05,011,009504,1737,1254,436,47,0,0,0,1309,993,292,24,0,0,0,334.66,266.11,73310,92844,00006,1,4
05011009505,05,011,009505,2851,1844,911,85,1,0,10,2037,1429,558,45,1,0,4,520.78,414.11,31540,93903,07710,1,4
05013009801,05,013,009801,2877,1949,899,23,3,3,0,2093,1481,593,13,3,3,0,101,140,29650,91851,07230,1,4
05013009802,05,013,009802,2949,2397,538,8,2,4,0,2165,1782,376,2,2,3,0,606,522,69050,91335,07230,1,4
05015009501,05,015,009501,2404,2311,0,31,57,5,0,1939,1875,0,18,42,4,0,85.79,152.32,22240,90708,05970,3,3
05015009502,05,015,009502,3040,2991,1,24,17,7,0,2491,2454,1,17,15,4,0,110.21,195.68,4540,90195,05970,3,3
05015009503,05,015,009503,4400,4283,0,59,33,24,1,3304,3230,0,31,27,15,1,330,423,5560,92982,03150,3,3
05015009504,05,015,009504,3233,3196,0,17,17,3,0,2344,2316,0,12,13,3,0,62,109,7150,92271,06870,3,3
05015009505,05,015,009505,5577,5480,3,63,16,15,0,4055,3995,0,36,14,10,0,33,28,28600,91692,06870,3,3
05017009801,05,017,009801,3465,2598,772,80,7,8,0,2510,1945,504,50,5,6,0,543.11,328.99,18520,90666,08640,1,4
05017009802,05,017,009802,4883,1319,3510,34,3,16,1,3208,1019,2155,18,3,12,1,880.45,415.74,18520,90432,05170,1,4
05017009803,05,017,009803,3575,1720,1795,26,8,26,0,2472,1296,1134,17,5,20,0,534.89,324.01,38170,90666,08640,1,4
05017009804,05,017,009804,3785,1024,2734,19,4,4,0,2435,797,1618,13,3,4,0,1000,419,22180,92913,00007,1,4
05017980598,05,017,980598,5,5,0,0,0,0,0,2,2,0,0,0,0,0,0.55,0.26,NA,90432,05170,1,4
05019009536,05,019,009536,7609,6005,1483,54,15,45,7,6347,5166,1099,34,14,32,2,1582.18,879.16,1870,90591,02430,1,4
05019009537,05,019,009537,3604,3145,432,13,8,6,0,2773,2429,328,6,5,5,0,691.25,384.1,1360,93594,02400,1,4
05019009538,05,019,009538,4350,2963,1317,33,14,15,8,3203,2304,860,18,11,8,2,798.44,443.66,1870,90591,02430,1,4
05019009539,05,019,009539,5874,4154,1666,27,17,10,0,4325,3147,1139,20,12,7,0,1078.13,599.08,29200,92517,07110,1,4
05021009501,05,021,009501,2349,2326,0,14,8,1,0,1806,1789,0,8,8,1,0,353.21,248.92,61970,92202,11370,2,1
05021009502,05,021,009502,2602,2585,0,6,11,0,0,1958,1945,0,6,7,0,0,34,33,56600,90231,04370,2,1
05021009503,05,021,009503,2865,2845,0,13,4,3,0,2174,2161,0,9,3,1,0,278.27,210.73,37240,90573,00009,2,1
05021009504,05,021,009504,3854,3823,1,9,14,7,0,2912,2890,1,8,9,4,0,372.73,282.27,15460,92040,00009,2,1
05021009505,05,021,009505,2454,2438,1,7,5,3,0,1920,1908,1,4,5,2,0,535,328,58490,92730,04370,2,1
05021009506,05,021,009506,3983,3959,3,21,0,0,0,3164,3150,0,14,0,0,0,618.79,436.08,55130,93267,11370,2,1
05023009801,05,023,009801,3430,3396,2,25,7,0,0,2544,2519,2,17,6,0,0,51,64,15100,91494,07590,2,1
05023009802,05,023,009802,3822,3784,0,10,16,12,0,3077,3049,0,6,15,7,0,319,329,28810,91458,14040,2,1
05023009803,05,023,009803,4338,4284,1,41,11,1,0,3435,3408,1,21,4,1,0,751.03,817.36,31090,91656,07560,2,1
05023009804,05,023,009804,3164,3129,1,14,12,8,0,2520,2500,1,6,10,3,0,550.97,599.64,31090,91656,07560,2,1
05023009805,05,023,009805,4657,4620,2,15,19,1,0,3617,3586,2,13,15,1,0,138,157,57950,90597,11880,2,1
05025009701,05,025,009701,4157,3474,638,25,9,9,2,3031,2579,417,19,9,5,2,80,45,59480,93183,11940,1,4
05025009702,05,025,009702,3624,3179,415,22,4,4,0,2704,2404,281,13,2,4,0,106,129,36880,92049,00010,1,4
05027009501,05,027,009501,3490,2431,1043,4,9,3,0,2450,1742,700,1,5,2,0,383.19,480.64,43460,92355,00044,1,4
05027009502,05,027,009502,5269,2975,2268,14,5,7,0,3824,2338,1472,8,3,3,0,252,267,72350,92328,13650,1,4
05027009503,05,027,009503,5575,3809,1734,15,13,4,0,4076,2881,1173,11,9,2,0,637.5,799.63,68660,92355,00044,1,4
05027009504,05,027,009504,6191,5362,765,24,18,21,1,4940,4284,607,18,12,18,1,772.63,969.13,43460,92355,00044,1,4
05027009505,05,027,009505,5166,1939,3172,20,8,27,0,3668,1590,2039,15,5,19,0,573.69,719.59,43460,92355,00044,1,4
05029009501,05,029,009501,4171,3694,410,48,13,6,0,3009,2652,318,26,8,5,0,101,97,NA,93672,10410,4,2
05029009502,05,029,009502,2862,2646,191,8,14,2,1,2120,1977,127,8,6,2,0,116,91,NA,91530,14370,4,2
05029009503,05,029,009503,5277,4241,971,35,18,12,0,3874,3222,612,22,11,7,0,1145.98,955.66,46970,93960,12520,4,2
05029009504,05,029,009504,2369,2125,222,10,10,2,0,1785,1636,133,5,9,2,0,528.02,440.34,46970,93960,12520,4,2
05029009505,05,029,009505,2480,1395,1066,5,11,3,0,1738,1020,705,4,7,2,0,471,223,56480,91779,12520,4,2
05029009506,05,029,009506,1992,1970,0,13,4,5,0,1419,1404,0,6,4,5,0,15,22,52430,90237,12520,4,2
05031000001,05,031,000001,7463,6363,981,35,23,58,3,6001,5274,644,24,16,43,0,987.82,975.93,35710,92004,08280,2,1
05031000002,05,031,000002,3636,3469,98,33,9,27,0,2790,2689,59,18,5,19,0,459.26,453.73,35710,92004,08280,2,1
05031000003,05,031,000003,6664,6526,73,29,10,26,0,5099,5015,43,16,8,17,0,839.34,829.24,35710,92004,08280,2,1
05031000004,05,031,000004,7276,6995,213,26,20,22,0,5370,5201,129,10,15,15,0,883.95,873.32,35710,92670,10440,2,1
05031000005,05,031,000005,5589,5432,110,22,12,13,0,4218,4105,78,13,12,10,0,694.32,685.97,35710,92670,10440,2,1
05031000006,05,031,000006,9853,7828,1691,78,53,202,1,7731,6244,1198,56,43,189,1,1272.59,1257.28,35710,92004,08280,2,1
05031000007,05,031,000007,5718,5151,518,29,11,9,0,4156,3805,314,21,9,7,0,684.12,675.88,35710,92004,08280,2,1
05031000008,05,031,000008,4943,4873,13,17,20,20,0,3515,3468,10,10,14,13,0,578.6,571.64,35710,92004,13380,2,1
05031000009,05,031,000009,5152,5053,63,20,13,3,0,3711,3633,45,19,11,3,0,463,269,37780,92433,00012,2,1
05031000010,05,031,000010,4638,4601,0,35,0,2,0,3542,3524,0,17,0,1,0,786,552,46400,90330,03710,2,1
05031000011,05,031,000011,4300,4259,0,19,18,4,0,3139,3116,0,8,13,2,0,354,311,9100,90489,03640,2,1
05031000012,05,031,000012,3724,3675,4,43,0,2,0,2650,2624,2,22,0,2,0,107,79,7630,90255,04020,2,1
05033000201,05,033,000201,4269,4179,2,46,30,12,0,3045,2983,1,28,24,9,0,20,60,47300,90777,10260,3,3
05033000203,05,033,000203,7194,6882,38,94,110,67,3,5162,4972,24,60,72,34,0,799.2,1284.89,71480,93771,13410,3,3
05033000205,05,033,000205,7294,6625,180,148,106,233,2,5074,4673,125,75,66,134,1,785.58,1262.98,71480,93771,13410,3,3
05033000206,05,033,000206,6447,6217,103,56,60,11,0,4523,4378,66,32,41,6,0,700.27,1125.83,970,90024,02250,3,3
05033020201,05,033,020201,3969,3797,2,18,151,1,0,2737,2632,2,10,92,1,0,52,112,NA,92145,04080,3,3
05033020202,05,033,020202,5572,5373,16,49,94,40,0,3943,3838,8,25,48,24,0,105,211,71480,93771,13410,3,3
05033020401,05,033,020401,4449,4334,18,34,58,4,1,3171,3088,13,22,44,3,1,490.95,789.3,36670,93771,13410,3,3
05033020402,05,033,020402,3299,3247,2,14,33,3,0,2498,2461,2,5,28,2,0,88,138,48200,92648,10290,3,3
05035000301,05,035,000301,6684,4059,2558,36,15,16,0,4512,3012,1448,27,13,12,0,1069.1,903.56,74540,92508,08040,2,1
05035000302,05,035,000302,8543,8278,105,43,11,104,2,6419,6225,70,31,10,81,2,1520.95,1285.46,74540,92508,08040,2,1
05035000303,05,035,000303,4505,3051,1405,16,14,19,0,3279,2383,860,11,10,15,0,776.94,656.65,74540,92508,08040,2,1
05035000304,05,035,000304,3285,27,3239,13,2,4,0,2171,25,2133,10,1,2,0,514.41,434.76,74540,92508,08040,2,1
05035000305,05,035,000305,3306,298,2969,31,2,0,6,2067,221,1820,24,2,0,0,489.77,413.93,74540,92508,08040,2,1
05035000307,05,035,000307,3269,2128,1096,24,11,10,0,2218,1541,649,14,8,6,0,39.75,16.99,44180,91908,04770,2,1
05035000308,05,035,000308,8140,5361,2668,90,8,13,0,5483,3737,1671,59,5,11,0,98.25,42.01,44180,91908,09350,2,1
05035000309,05,035,000309,1056,664,379,6,6,0,1,732,486,237,6,2,0,1,53,51,27040,90333,13260,2,1
05035000310,05,035,000310,1958,662,1293,1,1,1,0,1304,518,783,1,1,1,0,309.08,128.53,15940,91857,04770,2,1
05035000311,05,035,000311,3853,1426,2378,24,13,9,3,2531,1103,1399,13,8,5,3,599.92,249.47,20320,93654,05550,2,1
05035030610,05,035,030610,1820,260,1553,3,0,4,0,932,199,728,2,0,3,0,220.83,186.64,74540,92508,08040,2,1
05035030698,05,035,030698,3520,1774,1691,49,6,0,0,2366,1300,1034,28,4,0,0,178,43,20830,90384,08010,2,1
05037009501,05,037,009501,2724,1258,1438,22,5,0,1,1815,980,818,14,2,0,1,512,236,53600,93657,11250,2,1
05037009502,05,037,009502,3214,2863,328,8,11,3,1,2302,2069,218,3,9,2,1,156,199,13540,92526,07740,2,1
05037009503,05,037,009503,2115,2103,1,11,0,0,0,1555,1548,1,6,0,0,0,48,65,31900,91701,07740,2,1
05037009504,05,037,009504,2318,2059,240,11,5,3,0,1575,1437,130,6,2,0,0,61,88,NA,94125,14430,2,1
05037009505,05,037,009505,5666,2936,2665,33,14,18,0,3823,2178,1606,15,11,13,0,925.81,699.94,77090,94125,14430,2,1
05037009506,05,037,009506,3188,3066,79,24,5,14,0,2338,2255,54,15,5,9,0,566.19,428.06,77090,94125,14430,2,1
05039009701,05,039,009701,1857,1099,748,2,6,2,0,1394,855,531,2,5,1,0,69,31,11830,90780,03990,1,4
05039009702,05,039,009702,2328,1652,665,8,3,0,0,1737,1254,478,5,0,0,0,313,198,65900,92790,12600,1,4
05039009703,05,039,009703,5429,3110,2281,22,7,8,1,3929,2415,1492,11,6,4,1,1095,994,24220,91317,06210,1,4
05041009502,05,041,009502,5060,3653,1289,77,22,19,0,3540,2677,790,45,16,12,0,62,28,19990,93051,05500,1,4
05041009503,05,041,009503,2871,248,2597,26,0,0,0,1700,186,1497,17,0,0,0,1147,643,19990,93051,05500,1,4
05041009504,05,041,009504,4092,2175,1876,14,17,8,2,2811,1594,1187,11,11,6,2,1063,714,42770,90435,09630,1,4
05041009505,05,041,009505,2555,1838,685,17,5,10,0,1843,1382,444,9,4,4,0,235,59,42770,90435,09630,1,4
05041950198,05,041,950198,2220,1534,663,18,4,0,1,1580,1142,421,12,4,0,1,143,79,1990,91341,05110,1,4
05043009901,05,043,009901,2674,1812,825,33,4,0,0,1885,1300,566,15,4,0,0,49,85,69230,91344,05470,1,4
05043009902,05,043,009902,2543,1105,1424,10,3,1,0,1721,849,861,8,3,0,0,378.12,315.57,46580,92382,09840,1,4
05043009903,05,043,009903,5010,4349,625,15,9,8,4,3753,3295,433,10,7,6,2,824.58,688.18,46580,92382,09840,1,4
05043009904,05,043,009904,3368,2561,769,21,5,12,0,2450,1927,501,10,3,9,0,538.3,449.25,46580,92382,09840,1,4
05043009905,05,043,009905,3774,2655,1100,13,5,1,0,2731,1980,739,8,4,0,0,53,68,75860,93300,05470,1,4
05043990698,05,043,990698,0,0,0,0,0,0,0,0,0,0,0,0,0,0,15,22,NA,90132,05170,1,4
05045000301,05,045,000301,8160,7739,341,40,34,6,0,5774,5495,226,22,28,3,0,188,257,28510,91599,06900,4,2
05045000302,05,045,000302,3305,3258,2,23,16,5,1,2456,2420,1,16,15,3,1,78,118,48020,90240,10080,4,2
05045000303,05,045,000303,7699,7525,59,35,60,20,0,5386,5280,45,16,38,7,0,849,977,71960,91002,13530,4,2
05045000304,05,045,000304,7519,6801,608,52,31,22,5,5422,4954,412,23,19,14,0,962.84,885.47,15190,90600,04590,4,2
05045000305,05,045,000305,2829,2596,176,18,12,22,5,2147,1981,125,12,11,15,3,381.27,350.63,15190,90600,04590,4,2
05045000306,05,045,000306,4469,4320,103,16,12,18,0,3138,3051,61,7,7,12,0,557.25,512.47,15190,90600,04590,4,2
05045000307,05,045,000307,6731,5623,1016,31,20,40,1,5574,4769,725,25,15,39,1,989.84,910.3,15190,90600,04590,4,2
05045000308,05,045,000308,4169,3579,532,20,6,32,0,3638,3086,500,18,6,28,0,646.04,594.13,15190,90600,04590,4,2
05045000309,05,045,000309,2977,2526,376,27,15,32,1,2306,2013,242,16,11,24,0,409.5,376.6,15190,90600,04590,4,2
05045000310,05,045,000310,5399,4685,644,32,19,18,1,3821,3378,395,21,15,12,0,678.54,624.01,15190,90600,04590,4,2
05045000311,05,045,000311,6749,5753,914,47,26,8,1,4999,4332,610,26,25,5,1,887.73,816.39,44750,91014,04590,4,2
05047009501,05,047,009501,2982,2862,48,47,22,3,0,2125,2042,32,29,19,3,0,124,220,52970,91845,11010,3,3
05047009502,05,047,009502,6351,6210,29,69,36,5,2,4752,4647,23,46,31,3,2,1225,1243,52970,94005,11010,3,3
05047009503,05,047,009503,5564,5434,21,63,31,15,0,4109,4027,15,39,20,8,0,52,47,13300,92988,04200,3,3
05049009501,05,049,009501,4873,4826,6,7,27,6,1,3783,3743,3,7,23,6,1,52,37,43670,92361,09270,2,1
05049009502,05,049,009502,5164,5117,3,21,20,3,0,3889,3851,2,14,19,3,0,108,83,62150,90243,13560,2,1
05051000101,05,051,000101,5191,5143,14,10,18,6,0,4769,4728,12,9,14,6,0,473,720,33482,91956,07920,1,4
05051000102,05,051,000102,1152,1150,1,0,0,1,0,835,833,1,0,0,1,0,67,80,NA,90156,07920,1,4
05051000103,05,051,000103,4101,3667,347,41,33,10,3,3055,2779,220,26,25,4,1,323,385,47450,90084,10170,1,4
05051000104,05,051,000104,4497,4388,9,50,39,11,0,3308,3246,6,22,29,5,0,734.17,664.44,33482,93684,06420,1,4
05051000105,05,051,000105,3966,3810,17,33,99,7,0,2895,2797,14,17,62,5,0,255,276,41450,93534,08670,1,4
05051000106,05,051,000106,4321,2356,1860,66,31,8,0,3057,1786,1216,33,18,4,0,678.46,614.03,33460,91773,07890,1,4
05051000107,05,051,000107,2545,2205,257,46,17,18,2,2162,1908,192,36,15,11,0,479.83,434.26,33460,91773,07890,1,4
05051000108,05,051,000108,2616,1987,563,45,9,12,0,2193,1721,427,32,6,7,0,486.71,440.49,33460,91773,07890,1,4
05051000109,05,051,000109,3139,2912,164,43,15,4,1,2623,2470,106,29,13,4,1,582.14,526.86,33460,91773,07890,1,4
05051000110,05,051,000110,2702,2571,68,39,18,5,1,2081,1998,44,24,11,3,1,704,721,55610,90084,08610,1,4
05051000111,05,051,000111,5484,5359,7,48,60,6,4,3926,3842,7,27,43,4,3,103,152,NA,92139,08610,1,4
05051000112,05,051,000112,4995,4875,48,31,17,22,2,3877,3796,30,19,11,19,2,594,750,60110,92100,08610,1,4
05051000113,05,051,000113,4378,4198,135,14,16,15,0,3731,3610,81,12,15,13,0,828.05,749.41,33460,91773,07890,1,4
05051000114,05,051,000114,3354,2727,530,72,16,8,1,2562,2206,294,42,12,7,1,568.6,514.6,33460,91773,07890,1,4
05051000115,05,051,000115,2646,1430,1152,46,7,10,1,2011,1150,812,38,4,7,0,446.32,403.93,33460,91773,07890,1,4
05051000116,05,051,000116,8574,8129,232,109,44,57,3,6404,6117,150,66,32,36,3,1421.28,1286.31,33460,91773,08670,1,4
05051000117,05,051,000117,3348,3141,136,51,15,5,0,2810,2672,85,37,12,4,0,623.64,564.42,33460,91773,07890,1,4
05051000118,05,051,000118,3103,3016,44,16,9,16,2,2635,2567,33,11,8,15,1,584.8,529.27,33460,91773,07890,1,4
05051000119,05,051,000119,3285,3245,10,17,8,5,0,2646,2615,8,11,8,4,0,573,739,37930,90036,08670,1,4
05053009701,05,053,009701,3763,3577,164,13,7,2,0,2682,2548,120,7,5,2,0,96,66,NA,93384,00015,1,4
05053009702,05,053,009702,2585,2568,0,12,1,4,0,1842,1829,0,9,1,3,0,472.36,468.69,63710,90624,00015,1,4
05053009703,05,053,009703,3367,3119,211,26,8,3,0,2515,2343,149,16,6,1,0,249,239,39310,91050,11790,1,4
05053009704,05,053,009704,4233,4168,2,31,21,11,0,3165,3118,2,21,14,10,0,811.64,805.31,63710,92451,00015,1,4
05055009801,05,055,009801,3063,3033,0,20,7,3,0,2310,2292,0,9,7,2,0,217,178,44240,91806,00016,2,1
05055009802,05,055,009802,3002,2987,1,5,8,1,0,2100,2085,1,5,8,1,0,286.51,239.35,51060,90456,00017,2,1
05055009803,05,055,009803,2719,2684,2,20,12,0,1,2009,1986,1,12,10,0,0,110,109,18010,91992,13080,2,1
05055009804,05,055,009804,5128,5074,7,33,7,7,0,3952,3911,7,22,6,6,0,539.18,450.43,53390,90804,00017,2,1
05055009805,05,055,009805,5119,5065,2,29,13,8,2,3748,3717,0,16,9,4,2,511.35,427.18,53390,90804,00017,2,1
05055009806,05,055,009806,4726,4677,3,27,16,3,0,3528,3496,2,13,14,3,0,116,90,53390,92940,13080,2,1
05055009807,05,055,009807,1949,1933,1,7,6,1,1,1456,1444,1,4,5,1,1,198.65,165.95,53390,90804,00017,2,1
05055009808,05,055,009808,6098,6045,4,26,10,13,0,4686,4651,3,17,8,7,0,639.32,534.09,53390,90804,13080,2,1
05057009801,05,057,009801,4813,3953,781,57,16,2,4,3507,2895,563,31,14,2,2,772.46,701.13,7030,91077,03300,1,4
05057009802,05,057,009802,3018,1600,1367,31,18,2,0,2143,1183,927,20,11,2,0,472.02,428.44,25360,90396,07840,1,4
05057009803,05,057,009803,6257,3113,3057,67,9,11,0,4550,2479,2008,48,7,8,0,1002.19,909.65,33190,91077,07840,1,4
05057009804,05,057,009804,3713,3222,438,38,11,4,0,2669,2333,304,19,10,3,0,587.88,533.6,33190,93474,07840,1,4
05057009805,05,057,009805,3820,2891,807,98,20,1,3,2767,2213,466,71,13,1,3,609.46,553.19,33190,91077,07840,1,4
05059000201,05,059,000201,5523,5323,135,26,32,7,0,3935,3805,89,12,24,5,0,925.33,555.85,43610,92352,09190,1,4
05059000202,05,059,000202,3469,1895,1544,14,12,4,0,2472,1460,994,4,11,3,0,581.3,349.19,43610,91290,09240,1,4
05059000203,05,059,000203,2138,1703,421,7,6,0,1,1682,1365,306,5,5,0,1,395.53,237.6,43610,91290,09240,1,4
05059000204,05,059,000204,5236,4477,710,20,15,13,1,3967,3469,463,9,14,11,1,932.85,560.37,43610,91290,09240,1,4
05059000205,05,059,000205,3314,3250,29,14,20,1,0,2466,2424,19,6,16,1,0,44,34,43610,92781,09240,1,4
05059000206,05,059,000206,2911,2860,18,12,19,2,0,2182,2150,6,9,15,2,0,52,59,25180,91290,09240,1,4
05059000207,05,059,000207,3524,3471,4,22,22,5,0,2654,2627,2,9,12,4,0,200,236,NA,90318,03240,1,4
05061009501,05,061,009501,4028,3849,104,39,34,2,0,2913,2799,67,24,21,2,0,554.53,606.45,18970,92337,05340,3,4
05061009502,05,061,009502,4752,3249,1454,20,4,23,2,3414,2442,943,11,4,14,0,649.9,710.76,46040,92505,09780,3,4
05061009503,05,061,009503,4789,3362,1348,35,13,31,0,3491,2610,838,18,9,16,0,664.56,726.79,48560,92661,10380,3,4
05063009901,05,063,009901,4777,4718,13,31,14,1,0,3460,3416,9,21,13,1,0,123.73,151.74,16930,90123,04050,2,1
05063009902,05,063,009902,2493,2291,182,4,6,10,0,1853,1726,116,3,3,5,0,66.27,81.26,4030,93249,00019,2,1
05063009903,05,063,009903,5408,5160,161,45,11,31,0,4273,4079,130,30,10,24,0,1368.44,1406.14,4030,93249,00019,2,1
05063009904,05,063,009904,3615,3579,5,17,7,7,0,2579,2552,5,8,7,7,0,292,272,49010,90249,10500,2,1
05063009905,05,063,009905,2023,1944,63,14,0,2,0,1410,1364,38,7,0,1,0,451.56,464,4030,92550,00019,2,1
05063009906,05,063,009906,2569,2349,159,26,8,27,0,1911,1774,100,14,7,16,0,612,628.86,4030,93249,00019,2,1
05063009907,05,063,009907,6093,6006,12,26,18,30,1,4416,4364,4,16,15,16,1,217,252,4030,92313,12540,2,1
05063009908,05,063,009908,4214,4192,0,9,13,0,0,3097,3084,0,7,6,0,0,182,197,51410,92739,00020,2,1
05065009601,05,065,009601,3022,2984,1,19,17,1,0,2639,2612,1,13,12,1,0,442.49,390.51,33370,91926,00021,2,1
05065009602,05,065,009602,3979,3930,1,29,14,5,0,2997,2969,0,15,10,3,0,502.51,443.49,45080,92475,09720,2,1
05065009603,05,065,009603,2287,2249,9,8,19,2,0,1740,1714,6,8,10,2,0,351,269,10570,93693,03840,2,1
05065009604,05,065,009604,2076,2049,0,15,6,6,0,1540,1525,0,8,5,2,0,22,32,47900,90129,10056,2,1
05067009801,05,067,009801,4002,3711,260,17,8,4,2,3001,2792,191,9,5,2,2,824.42,555.65,70100,90315,13230,2,1
05067009802,05,067,009802,4802,3479,1292,14,9,5,3,3593,2754,819,10,6,4,0,987.05,665.27,49580,93696,00023,2,1
05067009803,05,067,009803,4656,3753,870,14,9,8,2,3327,2827,475,12,5,8,0,913.98,616.01,49580,93696,00023,2,1
05067009804,05,067,009804,3810,3448,322,15,23,2,0,2925,2664,233,11,15,2,0,803.54,541.58,29020,93165,00023,2,1
05067009805,05,067,009805,1674,1651,4,6,9,4,0,1234,1215,4,4,8,3,0,339,228.48,49580,91467,00023,2,1
05069000002,05,069,000002,2747,2543,138,40,20,6,0,1905,1767,99,20,15,4,0,235,243,58580,90120,14140,1,4
05069000006,05,069,000006,825,324,499,0,1,1,0,637,281,354,0,1,1,0,200.89,95.85,55310,93783,00026,1,4
05069000007,05,069,000007,799,510,266,10,2,8,3,573,391,165,8,2,6,1,14,15,1150,92925,02330,1,4
05069000008,05,069,000008,1147,597,546,4,0,0,0,845,474,368,3,0,0,0,185,49,NA,93135,00026,1,4
05069000009,05,069,000009,3359,2043,1280,13,4,19,0,2435,1677,731,8,3,16,0,767.92,366.4,55310,93783,00026,1,4
05069000010,05,069,000010,2179,327,1838,11,2,1,0,1468,277,1182,6,2,1,0,462.96,220.89,55310,93783,00026,1,4
05069000011,05,069,000011,609,144,457,7,0,1,0,394,121,265,7,0,1,0,124.26,59.29,55310,93783,00026,1,4
05069000012,05,069,000012,4349,853,3454,28,4,9,1,2766,736,2006,12,4,7,1,872.31,416.2,55310,93783,00026,1,4
05069000013,05,069,000013,3666,189,3456,8,3,6,4,2469,165,2287,8,3,6,0,778.65,371.51,55310,93783,13930,1,4
05069000016,05,069,000016,4313,1928,2365,5,7,8,0,2948,1606,1328,4,5,5,0,929.71,443.59,55310,93783,00026,1,4
05069000017,05,069,000017,3892,617,3219,33,5,17,1,2586,534,2013,18,5,15,1,815.55,389.12,55310,93783,00026,1,4
05069000018,05,069,000018,3293,2808,449,7,4,25,0,2630,2343,259,6,4,18,0,829.42,395.74,55310,93783,00026,1,4
05069000020,05,069,000020,5136,4692,324,23,21,76,0,3755,3448,223,15,16,53,0,314,242,55310,93783,00026,1,4
05069000102,05,069,000102,1471,621,820,18,11,1,0,1331,565,741,13,11,1,0,66.27,14.11,NA,91155,13630,1,4
05069000185,05,069,000185,3917,1427,2465,19,6,0,0,2726,1108,1602,11,5,0,0,135.73,28.89,1150,92925,13630,1,4
05069000301,05,069,000301,3668,3319,305,28,13,3,0,2701,2464,207,18,9,3,0,851.81,406.42,75170,93918,05410,1,4
05069000302,05,069,000302,5216,5048,112,21,13,22,0,3649,3538,76,9,12,14,0,1150.78,549.07,75170,93918,14140,1,4
05069000303,05,069,000303,3535,3038,455,19,7,14,2,2518,2206,282,12,6,12,0,794.1,378.89,55310,93783,05410,1,4
05069000485,05,069,000485,217,145,50,12,2,8,0,147,101,31,7,2,6,0,214,184,NA,91932,14140,1,4
05069000486,05,069,000486,0,0,0,0,0,0,0,0,0,0,0,0,0,0,0,0,NA,91932,14140,1,4
05069000502,05,069,000502,4900,111,4781,5,2,1,0,3704,84,3613,4,2,1,0,1168.13,557.35,55310,93783,05410,1,4
05069000699,05,069,000699,7,7,0,0,0,0,0,7,7,0,0,0,0,0,2.21,1.05,55310,93783,00026,1,4
05069000902,05,069,000902,72,0,72,0,0,0,0,58,0,58,0,0,0,0,18.29,8.73,55310,93783,00026,1,4
05069001401,05,069,001401,2186,1565,602,7,8,4,0,1561,1240,303,6,8,4,0,492.29,234.89,55310,93783,05410,1,4
05069001402,05,069,001402,3560,656,2893,2,2,7,0,2439,473,1959,1,2,4,0,769.19,367,55310,93783,13930,1,4
05069001501,05,069,001501,3803,2514,1198,29,24,38,0,2703,1964,690,13,15,21,0,852.44,406.72,55310,93783,13930,1,4
05069001502,05,069,001502,3735,2698,980,25,7,24,1,2961,2221,694,22,6,17,1,933.81,445.55,55310,93783,00026,1,4
05069001901,05,069,001901,2174,1216,935,12,2,9,0,1447,909,526,4,1,7,0,157,63,55310,93783,00026,1,4
05069001902,05,069,001902,2139,750,1354,15,1,15,4,1580,646,913,8,1,12,0,498.28,237.74,55310,93783,00026,1,4
05069002103,05,069,002103,4658,3265,1339,19,24,11,0,3480,2486,950,14,21,9,0,375,381,55310,93450,13930,1,4
05069002104,05,069,002104,3915,3751,119,7,25,13,0,2909,2795,85,4,17,8,0,123,146,55310,93570,13930,1,4
05071009517,05,071,009517,3445,3367,2,49,24,1,2,2531,2482,2,26,18,1,2,51,94,NA,92046,04380,3,3
05071009518,05,071,009518,3547,3474,13,31,27,2,0,2652,2608,7,19,16,2,0,160,164,14500,91491,14020,3,3
05071009519,05,071,009519,2437,2222,91,70,6,42,6,1947,1765,67,69,6,34,6,448.65,445.93,14140,93447,04380,3,3
05071009520,05,071,009520,2242,2075,127,27,9,4,0,1709,1599,81,21,6,2,0,393.81,391.42,14140,93447,04380,3,3
05071009521,05,071,009521,2710,2598,73,17,6,16,0,2068,2005,38,6,5,14,0,476.54,473.65,14140,93447,04380,3,3
05071009522,05,071,009522,3840,3773,0,27,31,8,1,2805,2763,0,16,21,5,0,243,302,38290,92910,08700,3,3
05073009701,05,073,009701,6127,3562,2518,24,10,12,1,4430,2740,1656,17,10,6,1,1200,1130,66320,90090,12780,1,4
05073009702,05,073,009702,1014,665,343,3,1,1,1,745,488,253,2,1,1,0,118.51,114.41,9550,93489,12780,1,4
05073009703,05,073,009703,2502,1640,838,14,5,4,1,1801,1256,532,6,2,4,1,286.49,276.59,8290,93201,03510,1,4
05075009701,05,075,009701,1780,1745,11,1,14,9,0,1382,1354,8,1,10,9,0,1021,930,56720,90627,13740,2,1
05075009702,05,075,009702,4143,4067,0,15,59,2,0,3081,3024,0,10,45,2,0,46,173,6700,90345,12480,2,1
05075009703,05,075,009703,1861,1839,1,12,8,0,1,1391,1378,0,7,5,0,1,95,130,67250,92562,12900,2,1
05075009704,05,075,009704,2194,2179,0,2,13,0,0,1615,1604,0,2,9,0,0,61,46,700,92385,07990,2,1
05075009705,05,075,009705,7479,7338,76,30,30,5,0,5688,5586,56,21,22,3,0,493,448,72890,90627,13740,2,1
05077009701,05,077,009701,1903,1063,773,60,3,4,0,1307,788,481,31,3,4,0,345.32,190.8,30880,93699,09360,2,1
05077009702,05,077,009702,2482,1265,1166,48,1,2,0,1676,943,705,25,1,2,0,47,96,46910,91302,09360,2,1
05077009703,05,077,009703,6235,1977,4174,39,5,40,0,3954,1544,2349,26,5,30,0,1044.68,577.2,44120,91821,09360,2,1
05077009704,05,077,009704,2433,1070,1334,27,2,0,0,1724,812,896,14,2,0,0,190,129,60590,93459,09360,2,1
05079009601,05,079,009601,2062,1043,943,51,20,5,0,1987,985,928,51,20,3,0,27,45,NA,90075,06750,1,4
05079009602,05,079,009602,3905,1404,2433,41,18,6,3,2976,1212,1704,34,18,5,3,228,105,27730,90786,06750,1,4
05079009603,05,079,009603,2437,1658,745,29,5,0,0,1782,1282,475,20,5,0,0,109,95,66440,93963,00028,1,4
05079009604,05,079,009604,2944,2550,369,11,14,0,0,2069,1825,226,8,10,0,0,158,132,66440,93453,00028,1,4
05079009605,05,079,009605,2342,1902,406,20,6,8,0,1692,1432,239,12,4,5,0,650,570,66440,90639,00028,1,4
05081000301,05,081,000301,8089,5862,2072,98,48,9,0,5787,4344,1332,75,30,6,0,898,734,2380,91935,02580,1,4
05081000302,05,081,000302,2723,2016,629,47,29,2,0,1977,1510,414,34,17,2,0,114,65,24250,91863,06240,1,4
05081030398,05,081,030398,3154,2877,223,15,37,2,0,2273,2084,153,9,25,2,0,70,37,75980,90858,02580,1,4
05083009501,05,083,009501,3443,3390,5,26,22,0,0,2549,2515,4,16,14,0,0,81,100,62960,93195,12180,3,3
05083009502,05,083,009502,3684,3422,181,43,24,13,1,2565,2404,118,20,16,7,0,157,198,12190,93390,04740,3,3
05083009503,05,083,009503,4172,4069,55,27,14,3,4,3127,3061,30,18,13,2,3,726,734,53480,93372,11130,3,3
05083009504,05,083,009504,2777,2745,0,10,21,1,0,2028,2008,0,5,15,0,0,260,344,43310,93114,09150,3,3
05083009505,05,083,009505,3922,3872,0,22,22,6,0,2852,2819,0,15,14,4,0,845,872,7720,90405,03450,3,3
05083009506,05,083,009506,2559,2492,31,15,20,1,0,1885,1827,31,14,12,1,0,55,65,43310,93621,03450,3,3
05085000201,05,085,000201,9564,9459,12,33,44,15,1,6700,6627,7,20,33,12,1,416,490,73130,93879,03750,4,1
05085000202,05,085,000202,9837,9595,17,103,69,52,1,6669,6527,8,54,45,34,1,1134,1519,10300,94131,03750,4,1
05085000203,05,085,000203,5523,5336,102,37,19,29,0,3921,3793,66,31,14,17,0,114,103,NA,92283,09060,4,1
05085000204,05,085,000204,3179,2838,326,5,2,6,2,2383,2153,219,5,2,3,1,547,515,11500,90663,03960,4,1
05085000205,05,085,000205,4415,3311,1058,19,22,4,1,3210,2532,644,14,17,3,0,1040,744,41420,92283,09060,4,1
05085000206,05,085,000206,1469,957,492,20,0,0,0,1042,680,348,14,0,0,0,20,17,36550,93171,09060,4,1
05085000207,05,085,000207,3636,2575,1042,12,3,0,4,2589,1935,640,11,3,0,0,547,441,21730,91569,05850,4,1
05085000208,05,085,000208,1645,1145,480,17,1,2,0,1188,872,301,12,1,2,0,77,154,33820,90972,05850,4,1
05087009601,05,087,009601,2685,2644,0,26,13,2,0,1944,1922,0,9,11,2,0,98,191,32470,90009,08130,3,3
05087009602,05,087,009602,2614,2549,0,21,43,1,0,1959,1917,0,9,32,1,0,460,624,33970,93888,08130,3,3
05087009603,05,087,009603,3472,3394,1,43,34,0,0,2568,2525,1,22,20,0,0,41,34,62060,92481,08130,3,3
05087009604,05,087,009604,2847,2767,2,21,47,10,0,2032,1987,2,11,28,4,0,9,56,62060,92055,08130,3,3
05089009601,05,089,009601,3015,2967,0,22,12,10,4,2294,2258,0,14,11,9,2,59,79,77330,93702,14490,3,3
05089009602,05,089,009602,5581,5515,6,18,30,10,2,4168,4124,2,10,20,10,2,402,517,77330,94020,14490,3,3
05089009603,05,089,009603,3405,3383,0,8,10,4,0,2904,2890,0,3,7,4,0,34,33,9790,91893,06150,3,3
05091000201,05,091,000201,3099,2825,217,34,14,9,0,2417,2226,144,27,13,7,0,457.95,462.95,68810,91434,13110,1,4
05091000202,05,091,000202,3303,2385,850,25,15,26,2,2451,1844,565,15,8,17,2,464.39,469.46,68810,91434,13110,1,4
05091000203,05,091,000203,564,318,219,6,5,16,0,493,289,187,6,5,6,0,93.41,94.43,68810,91434,13110,1,4
05091000204,05,091,000204,2416,1670,697,31,5,10,3,1562,1225,309,17,5,5,1,295.95,299.18,68810,91434,13110,1,4
05091000205,05,091,000205,3292,2133,1133,17,6,2,1,2297,1647,634,10,3,2,1,435.21,439.97,68810,91434,13110,1,4
05091000208,05,091,000208,3003,2694,278,22,4,2,3,2177,1975,178,18,3,2,1,412.48,416.98,68810,91434,13110,1,4
05091000209,05,091,000209,6138,5163,887,52,19,17,0,4342,3686,603,26,17,10,0,822.68,831.66,25780,91434,13110,1,4
05091000210,05,091,000210,6958,6502,325,68,60,2,1,4901,4577,245,39,38,2,0,928.59,938.74,24640,90207,06360,1,4
05091020698,05,091,020698,2421,203,2203,12,3,0,0,1557,146,1404,6,1,0,0,295,298.23,68810,91434,13110,1,4
05091020798,05,091,020798,7273,5372,1793,43,13,51,1,5343,4051,1217,30,13,31,1,1012.34,1023.4,68810,91434,13110,1,4
05093000101,05,093,000101,3488,1254,2158,39,25,12,0,2339,1043,1244,25,16,11,0,480.61,374.79,7330,90783,03320,2,1
05093000102,05,093,000102,6978,4630,2235,43,19,50,1,4854,3559,1220,32,12,30,1,997.38,777.78,7330,90783,03320,2,1
05093000103,05,093,000103,5941,2072,3781,40,8,39,1,3873,1573,2246,24,6,24,0,795.81,620.59,7330,90783,03320,2,1
05093000104,05,093,000104,4392,3793,422,71,24,81,1,2902,2530,244,49,15,63,1,596.29,465,27700,90429,00029,2,1
05093000105,05,093,000105,3705,2917,522,169,22,73,2,2230,1761,306,93,17,52,1,458.21,357.33,7330,90429,00029,2,1
05093000106,05,093,000106,4937,4549,276,62,4,46,0,3878,3628,170,44,3,33,0,796.83,621.39,7330,90783,03320,2,1
05093000107,05,093,000107,3751,3447,264,27,9,4,0,2674,2480,169,16,6,3,0,549.44,428.47,18160,90843,03320,2,1
05093000108,05,093,000108,6102,6004,8,66,17,7,0,4566,4504,7,35,17,3,0,938.2,731.64,43820,90297,00046,2,1
05093000109,05,093,000109,3371,2343,920,103,2,1,2,2278,1675,546,55,2,0,0,468.07,365.02,42170,91308,00045,2,1
05093000110,05,093,000110,6830,2805,3968,29,17,7,4,4305,2094,2182,11,11,6,1,884.57,689.82,52580,92529,10950,2,1
05093000111,05,093,000111,2556,2479,30,29,7,10,1,1835,1781,21,20,7,5,1,377.05,294.03,52580,92529,10950,2,1
05093000112,05,093,000112,2551,2021,497,27,4,2,0,1801,1450,329,16,4,2,0,370.06,288.58,75920,91476,00045,2,1
05093000113,05,093,000113,2923,1989,891,40,2,1,0,1988,1414,550,23,0,1,0,408.48,318.55,35650,93330,00045,2,1
05095009501,05,095,009501,5183,2794,2371,7,7,4,0,3533,2116,1406,4,4,3,0,1008,775,8950,90480,03630,2,1
05095009502,05,095,009502,2777,2025,735,5,8,4,0,1992,1537,445,1,6,3,0,481,363,13990,90585,04350,2,1
05095009503,05,095,009503,3373,2036,1297,20,10,10,0,2467,1576,859,14,10,8,0,370,125,32800,91158,07800,2,1
05097009530,05,097,009530,2901,2835,2,22,42,0,0,2333,2292,1,12,28,0,0,377,371,47690,93432,09990,3,4
05097009531,05,097,009531,1815,1786,0,5,21,3,0,1371,1347,0,4,19,1,0,65,97,51290,92946,10800,3,4
05097009532,05,097,009532,3125,3052,6,29,30,8,0,2326,2277,6,18,20,5,0,178,144,50030,94113,03770,3,4
05099009901,05,099,009901,2705,1768,918,11,7,1,0,1930,1311,607,5,6,1,0,502.62,419.77,21610,91248,00030,1,4
05099009902,05,099,009902,5474,3795,1611,48,16,4,0,4036,2921,1073,29,12,1,0,1051.08,877.82,57260,92520,11820,1,4
05099009903,05,099,009903,1922,1253,661,5,3,0,0,1395,935,455,2,3,0,0,363.3,303.41,7450,92823,00030,1,4
05101009801,05,101,009801,3345,3290,0,22,25,6,2,2419,2388,0,9,16,4,2,103,152,34900,91121,08240,3,3
05101009802,05,101,009802,4321,4266,0,21,26,7,1,3104,3071,0,12,17,3,1,78,209,NA,92919,05010,3,3
05103009501,05,103,009501,5418,3917,1441,35,10,15,0,3809,2850,921,20,8,10,0,981.95,764.16,4420,90441,00032,1,4
05103009502,05,103,009502,3138,1882,1241,8,3,3,1,2371,1509,851,5,3,2,1,611.24,475.67,13750,93066,06060,1,4
05103009503,05,103,009503,6621,4719,1838,41,13,8,2,4777,3478,1255,25,10,7,2,1231.5,958.35,66860,93393,12870,1,4
05103009504,05,103,009504,4266,2918,1322,7,3,16,0,3272,2369,885,4,3,11,0,843.51,656.42,10720,91209,03870,1,4
05103009505,05,103,009505,4815,3432,1346,14,10,13,0,3447,2553,869,11,8,6,0,888.63,691.53,10720,92073,06060,1,4
05103009506,05,103,009506,6316,2749,3524,28,4,11,0,4640,2198,2412,20,3,7,0,1196.18,930.87,10720,91209,03870,1,4
05105009527,05,105,009527,3495,3338,115,22,16,4,0,2596,2473,91,19,11,2,0,80,100,5920,93054,05580,4,2
05105009528,05,105,009528,2797,2777,3,8,6,3,0,2056,2045,3,2,4,2,0,68,41,54710,91326,11340,4,2
05105009529,05,105,009529,1677,1633,1,17,16,10,0,1297,1278,0,6,9,4,0,45,45,11890,90690,11340,4,2
05107009801,05,107,009801,4494,2019,2422,23,4,26,0,3086,1603,1445,14,4,20,0,903.29,558.43,31180,93276,07680,2,1
05107009802,05,107,009802,6718,3368,3304,29,7,9,1,4598,2440,2129,15,7,6,1,118,68,44420,93462,09510,2,1
05107009803,05,107,009803,6792,4616,2076,78,14,8,0,4671,3469,1129,55,13,5,0,1367.22,845.24,74450,91767,07680,2,1
05107009804,05,107,009804,3446,949,2464,22,5,5,1,2180,756,1405,12,3,3,1,638.1,394.48,31180,93276,07680,2,1
05107009805,05,107,009805,4324,696,3587,33,5,3,0,2591,500,2069,16,4,2,0,758.4,468.85,74450,91767,07680,2,1
05107009806,05,107,009806,3064,1145,1852,52,1,14,0,1843,817,983,32,1,10,0,802,503,20950,93573,05740,2,1
05109009533,05,109,009533,3069,3022,0,28,18,1,0,2280,2252,0,16,11,1,0,391.14,557.61,27310,90810,06690,1,4
05109009534,05,109,009534,2290,2272,3,5,7,3,0,1678,1667,2,4,4,1,0,287.86,410.39,17140,93345,08490,1,4
05109009535,05,109,009535,4727,4304,371,23,29,0,0,3495,3233,228,14,20,0,0,327,338,48290,93606,10320,1,4
05111009901,05,111,009901,4842,4390,405,42,1,3,1,3513,3224,263,21,1,3,1,512.57,397.99,39370,91527,00048,2,1
05111009902,05,111,009902,1958,1905,47,0,5,1,0,1445,1401,38,0,5,1,0,87,76,NA,94068,00047,2,1
05111009903,05,111,009903,3262,3134,93,25,7,0,3,2367,2291,54,15,7,0,0,590.31,410.19,70010,94068,00047,2,1
05111009904,05,111,009904,3521,3436,55,16,4,10,0,2561,2510,31,9,4,7,0,638.69,443.81,70010,94068,00047,2,1
05111009905,05,111,009905,5749,5575,127,25,18,4,0,4308,4189,82,16,17,4,0,708,522,30400,90402,07350,2,1
05111009906,05,111,009906,2174,2134,29,8,2,1,0,1643,1614,23,3,2,1,0,184,170,73940,92796,13950,2,1
05111009907,05,111,009907,3158,2126,1014,8,6,4,0,2251,1630,608,5,6,2,0,328.43,255.01,44210,92229,09420,2,1
05113009501,05,113,009501,3301,3231,0,35,32,2,1,2429,2380,0,27,19,2,1,481.05,602.82,NA,92787,09750,3,3
05113009502,05,113,009502,5261,5177,0,34,39,11,0,4001,3946,0,21,27,7,0,792.38,992.95,45170,90732,09750,3,3
05113009503,05,113,009503,2240,2186,0,33,21,0,0,1639,1605,0,20,14,0,0,324.59,406.76,30700,90936,07470,3,3
05113009504,05,113,009504,2647,2594,0,12,24,17,0,2062,2026,0,8,17,11,0,408.37,511.74,45170,90732,09750,3,3
05113009505,05,113,009505,1907,1835,0,34,35,2,1,1370,1325,0,19,24,1,1,271.32,340,15700,93996,13440,3,3
05113009506,05,113,009506,1991,1809,0,153,27,1,1,1385,1273,0,93,17,1,1,274.29,343.72,27970,92805,14160,3,3
05115009507,05,115,009507,3238,3193,4,16,20,5,0,2303,2272,2,11,14,4,0,156,205,31150,91875,07620,3,3
05115009508,05,115,009508,3150,3092,5,20,30,3,0,2263,2226,2,12,22,1,0,60,106,41270,90813,12060,3,3
05115009509,05,115,009509,4559,4467,5,45,27,15,0,3281,3226,3,22,19,11,0,511,678,19600,91134,05430,3,3
05115009510,05,115,009510,3641,3575,1,20,41,4,0,2535,2493,1,8,30,3,0,96,106,NA,90558,07620,3,3
05115009511,05,115,009511,3545,3420,72,18,26,6,3,2628,2546,47,12,20,3,0,541,670,2590,94089,02610,3,3
05115009512,05,115,009512,5078,4944,49,47,27,11,0,3571,3491,26,31,16,7,0,556.19,681.02,56990,91407,11700,3,3
05115009513,05,115,009513,5494,5234,106,71,41,42,0,4130,3961,73,42,29,25,0,643.25,787.63,61670,91812,12060,3,3
05115009514,05,115,009514,4015,3677,251,52,24,11,0,3490,3197,221,42,20,10,0,543.57,665.58,61670,91812,12060,3,3
05115009515,05,115,009515,8249,7636,439,58,48,66,2,6044,5655,275,36,35,42,1,941.36,1152.65,61670,91812,12060,3,3
05115009516,05,115,009516,4914,4592,187,76,24,34,1,3561,3369,103,52,18,18,1,554.63,679.12,61670,91812,12060,3,3
05117009601,05,117,009601,3991,3582,375,16,16,2,0,2996,2742,232,12,10,0,0,453,442,18550,94023,05190,2,1
05117009602,05,117,009602,2997,2577,395,16,8,0,1,2170,1918,236,9,6,0,1,404,387,30940,91650,07530,2,1
05117009603,05,117,009603,2530,1992,524,6,6,2,0,1889,1541,335,5,6,2,0,246,235,18640,93939,05310,2,1
05119000001,05,119,000001,717,489,219,3,2,4,0,652,454,191,1,2,4,0,150.47,122.24,41000,90300,09000,4,2
05119000002,05,119,000002,2792,417,2354,14,4,0,3,1864,340,1511,10,2,0,1,430.18,349.48,41000,90300,09000,4,2
05119000003,05,119,000003,2372,1004,1333,21,7,1,6,1868,953,890,16,7,1,1,431.1,350.23,41000,90300,09000,4,2
05119000004,05,119,000004,1242,103,1126,9,2,1,1,838,82,746,7,2,1,0,193.4,157.11,41000,90300,09000,4,2
05119000005,05,119,000005,4041,81,3942,15,3,0,0,2773,67,2695,8,3,0,0,639.96,519.9,41000,90300,09000,4,2
05119000006,05,119,000006,3052,1235,1772,33,6,5,1,2496,1089,1369,28,6,4,0,576.04,467.97,41000,90300,09000,4,2
05119000007,05,119,000007,2185,93,2082,3,1,0,6,1517,79,1433,1,1,0,3,350.1,284.42,41000,90300,09000,4,2
05119000008,05,119,000008,592,7,583,2,0,0,0,478,7,469,2,0,0,0,110.31,89.62,41000,90300,09000,4,2
05119000009,05,119,000009,468,245,202,15,5,0,1,413,221,172,14,5,0,1,95.31,77.43,41000,90300,09000,4,2
05119000010,05,119,000010,3181,316,2851,5,4,2,3,2151,296,1846,3,4,2,0,496.42,403.28,41000,90300,09000,4,2
05119000011,05,119,000011,3758,96,3641,7,10,1,3,2557,68,2474,5,10,0,0,590.11,479.4,41000,90300,09000,4,2
05119000012,05,119,000012,2598,436,2108,16,7,30,1,1752,407,1308,11,6,20,0,404.33,328.48,41000,90300,09000,4,2
05119000013,05,119,000013,3799,334,3440,11,4,7,3,2515,291,2211,6,3,4,0,580.42,471.53,41000,90300,09000,4,2
05119000014,05,119,000014,3250,2072,1097,48,14,17,2,2510,1759,690,37,12,11,1,579.27,470.59,41000,90300,09000,4,2
05119000015,05,119,000015,8046,7513,357,62,30,84,0,6750,6376,231,53,24,66,0,1557.79,1265.54,41000,90300,09000,4,2
05119000016,05,119,000016,5994,5800,123,40,6,25,0,5054,4895,109,23,5,22,0,1166.38,947.56,41000,90300,09000,4,2
05119000017,05,119,000017,696,537,119,10,3,27,0,682,530,114,9,2,27,0,157.39,127.87,41000,90300,09000,4,2
05119000018,05,119,000018,5270,1410,3828,7,7,16,2,3561,1217,2323,5,3,13,0,821.82,667.64,41000,90300,09000,4,2
05119000019,05,119,000019,4737,1548,3084,30,14,56,5,3390,1378,1938,23,10,38,3,782.36,635.58,41000,90300,09000,4,2
05119000023,05,119,000023,828,814,0,13,1,0,0,664,656,0,7,1,0,0,153.24,124.49,10780,90300,09000,4,2
05119000025,05,119,000025,1565,581,947,13,11,12,1,1104,487,585,10,11,10,1,254.79,206.99,50450,91731,10680,4,2
05119000026,05,119,000026,2226,464,1731,4,8,16,3,1477,370,1090,3,5,9,0,340.87,276.92,50450,91731,10680,4,2
05119000027,05,119,000027,7657,5071,2502,42,24,18,0,5457,3910,1498,17,17,15,0,1259.39,1023.11,50450,91731,10680,4,2
05119000028,05,119,000028,3607,56,3534,7,4,6,0,2235,41,2183,6,3,2,0,515.8,419.03,50450,91731,10680,4,2
05119000029,05,119,000029,1764,773,963,12,2,14,0,1337,693,626,6,2,10,0,308.56,250.67,50450,91731,10680,4,2
05119000030,05,119,000030,6719,4422,2171,91,19,12,4,4925,3719,1130,48,19,7,2,1136.61,923.37,50450,91731,10680,4,2
05119000031,05,119,000031,1095,822,250,11,10,2,0,980,756,204,8,10,2,0,226.17,183.74,50450,91731,10680,4,2
05119000038,05,119,000038,4508,1608,2857,16,21,2,4,3132,1209,1898,10,14,1,0,722.81,587.21,50450,91731,11850,4,2
05119000039,05,119,000039,2033,1625,391,13,3,1,0,1497,1256,229,8,3,1,0,345.48,280.67,50450,91731,11850,4,2
05119002001,05,119,002001,5284,4409,767,57,19,31,1,4095,3554,475,33,13,19,1,945.06,767.76,41000,90300,09000,4,2
05119002002,05,119,002002,5241,3321,1821,22,14,52,11,3720,2590,1060,15,12,43,0,858.51,697.45,41000,90300,09000,4,2
05119002101,05,119,002101,8032,7156,708,55,18,94,1,6930,6225,579,43,16,67,0,1599.33,1299.28,41000,90300,09000,4,2
05119002102,05,119,002102,4100,3068,845,61,10,116,0,3332,2619,577,41,7,88,0,768.97,624.71,41000,90300,09000,4,2
05119002201,05,119,002201,5372,5150,121,47,13,39,2,4333,4179,94,25,12,23,0,999.99,812.38,41000,90300,09000,4,2
05119002203,05,119,002203,5245,4751,390,41,12,46,5,4431,4034,315,30,10,39,3,1022.6,830.75,41000,90300,09000,4,2
05119002204,05,119,002204,7718,7086,403,72,10,146,1,6047,5603,285,50,8,100,1,1395.55,1133.73,41000,90300,09000,4,2
05119002205,05,119,002205,8709,7825,648,69,24,137,6,7181,6542,463,55,23,94,4,1657.26,1346.34,41000,90300,09000,4,2
05119002402,05,119,002402,15,1,14,0,0,0,0,11,1,10,0,0,0,0,2.54,2.06,41000,90300,09000,4,2
05119002403,05,119,002403,3820,1818,1941,24,3,34,0,2613,1469,1098,18,3,25,0,603.04,489.9,41000,90300,09000,4,2
05119002404,05,119,002404,8481,4237,4087,44,11,99,3,5962,3428,2420,31,10,70,3,1375.93,1117.8,41000,90300,09000,4,2
05119002405,05,119,002405,3252,1758,1451,15,6,19,3,2291,1406,856,12,4,11,2,528.73,429.53,41000,90300,09000,4,2
05119002406,05,119,002406,3243,2364,813,44,6,15,1,2409,1881,486,28,5,9,0,555.96,451.66,41000,90300,09000,4,2
05119003201,05,119,003201,6874,5917,814,112,17,13,1,5186,4631,458,69,16,11,1,1196.84,972.31,50450,91731,10680,4,2
05119003202,05,119,003202,7203,6369,731,50,32,19,2,5240,4786,388,36,19,10,1,1209.31,982.43,50450,91731,10680,4,2
05119003301,05,119,003301,6476,5891,467,49,25,43,1,5287,4920,289,30,18,29,1,1220.15,991.24,50450,91731,10680,4,2
05119003303,05,119,003303,3942,3830,59,27,9,17,0,3205,3112,50,24,4,15,0,739.66,600.89,50450,91731,10680,4,2
05119003304,05,119,003304,5915,5659,150,36,23,47,0,4814,4630,111,24,20,29,0,1110.99,902.56,50450,91731,10680,4,2
05119003401,05,119,003401,6792,6529,116,47,40,58,2,4891,4718,80,31,29,33,0,1128.76,917,34750,91731,11850,4,2
05119003402,05,119,003402,5329,5023,164,74,38,28,2,3704,3522,98,41,26,17,0,854.82,694.45,26710,91731,11850,4,2
05119003585,05,119,003585,6512,5061,919,288,26,216,2,4130,3219,579,173,22,136,1,953.14,774.32,34750,91731,11850,4,2
05119003605,05,119,003605,4763,3867,739,80,28,48,1,3395,2856,430,50,24,34,1,783.51,636.52,34750,91731,11850,4,2
05119003606,05,119,003606,3158,2078,996,38,14,31,1,2176,1546,576,22,10,22,0,502.18,407.97,34750,91731,11850,4,2
05119003607,05,119,003607,4524,3210,1111,85,22,93,3,3013,2240,631,61,18,63,0,695.35,564.9,34750,91731,11850,4,2
05119003684,05,119,003684,5504,4516,761,112,16,97,2,3921,3340,424,76,12,67,2,904.9,735.14,34750,91731,11850,4,2
05119003685,05,119,003685,8339,7070,912,134,46,175,2,6027,5253,525,91,33,125,0,1390.93,1129.98,34750,91731,11850,4,2
05119003701,05,119,003701,7163,6840,208,73,22,20,0,5148,4958,114,47,18,11,0,1188.07,965.18,50450,91731,11850,4,2
05119003703,05,119,003703,7235,6907,185,76,28,39,0,5332,5126,109,47,19,31,0,1230.54,999.68,63800,91731,11850,4,2
05119003704,05,119,003704,3098,2786,266,33,6,5,2,2197,2035,133,19,5,3,2,507.03,411.91,63800,91731,11850,4,2
05119003705,05,119,003705,8347,7662,516,100,26,42,1,6095,5645,329,68,19,34,0,1406.63,1142.73,63800,91731,11850,4,2
05119004001,05,119,004001,4059,712,3320,14,12,1,0,2662,549,2100,6,6,1,0,614.35,499.09,41000,90300,11850,4,2
05119004003,05,119,004003,8184,5472,2622,39,32,19,0,5756,4084,1612,26,22,12,0,1328.39,1079.17,41000,90300,11850,4,2
05119004004,05,119,004004,3851,3398,389,21,20,22,1,2751,2492,221,14,15,9,0,634.89,515.78,53555,90300,11850,4,2
05119004005,05,119,004005,2849,1010,1822,9,4,2,2,2178,824,1340,8,4,2,0,502.65,408.35,76970,90300,11850,4,2
05119004103,05,119,004103,3631,2727,839,39,13,13,0,2727,2145,534,28,11,9,0,629.35,511.28,41000,90300,09000,4,2
05119004104,05,119,004104,1587,1405,170,4,7,0,1,1212,1094,110,3,4,0,1,279.71,227.23,41000,90300,09000,4,2
05119004105,05,119,004105,5859,4269,1467,68,23,32,0,4037,3158,794,43,20,22,0,931.67,756.88,41000,90300,09000,4,2
05119004106,05,119,004106,5456,3540,1818,38,23,35,2,3825,2742,1018,21,17,27,0,882.75,717.14,41000,90300,09000,4,2
05119004107,05,119,004107,3511,2433,989,38,24,27,0,2640,1970,614,23,15,18,0,609.27,494.96,41000,90300,09000,4,2
05119004108,05,119,004108,5845,2615,3124,63,14,29,0,3932,2072,1781,44,12,23,0,907.44,737.2,41000,90300,09000,4,2
05119004201,05,119,004201,1966,1820,140,1,4,1,0,1461,1353,102,1,4,1,0,337.17,273.92,NA,90300,11850,4,2
05119004202,05,119,004202,2508,2463,16,14,12,3,0,1798,1774,4,9,8,3,0,414.95,337.1,NA,90300,11850,4,2
05119004203,05,119,004203,52,52,0,0,0,0,0,42,42,0,0,0,0,0,9.69,7.87,41000,90300,09000,4,2
05119004205,05,119,004205,1997,1657,302,13,10,14,1,1532,1292,214,10,5,10,1,353.56,287.23,41000,90300,11850,4,2
05119004206,05,119,004206,15255,14118,725,133,40,237,2,11284,10514,480,97,33,160,0,2604.16,2115.6,41000,90300,09000,4,2
05119004207,05,119,004207,3360,3206,89,28,20,16,1,2540,2435,53,21,20,11,0,586.19,476.22,41000,90300,11850,4,2
05119004208,05,119,004208,5266,4821,387,31,17,10,0,3853,3539,277,16,13,8,0,889.21,722.39,41000,90300,11850,4,2
05119004301,05,119,004301,9216,8407,650,78,37,44,0,6458,5915,432,47,30,34,0,1490.4,1210.79,44600,91731,11850,4,2
05119004302,05,119,004302,4730,4293,377,30,20,9,1,3484,3183,258,18,16,8,1,804.05,653.2,50450,91731,11850,4,2
05121009601,05,121,009601,4643,4600,14,22,6,1,0,3442,3413,12,11,5,1,0,58,45,59180,90990,09570,2,1
05121009602,05,121,009602,5050,4975,35,20,16,4,0,3711,3660,25,12,12,2,0,27,26,58280,91899,11640,2,1
05121009603,05,121,009603,6865,6690,96,33,28,14,4,5157,5035,68,23,20,10,1,731,585,56540,91059,11610,2,1
05123009601,05,123,009601,4470,1896,2475,56,16,27,0,2938,1432,1429,39,13,25,0,71,25,33760,91437,08010,2,1
05123009602,05,123,009602,6374,4144,2173,29,13,13,2,4379,3031,1307,14,13,12,2,1123.59,678.66,43280,92340,06270,2,1
05123009603,05,123,009603,3211,2092,1104,9,4,2,0,2225,1533,684,4,3,1,0,64,64,74840,93981,00051,2,1
05123009604,05,123,009604,5036,1728,3225,51,5,27,0,3242,1344,1847,29,5,17,0,831.85,502.45,24430,92340,06270,2,1
05123009605,05,123,009605,3383,2705,619,14,7,36,2,2477,2068,368,8,4,28,1,635.56,383.89,24430,92340,06270,2,1
05123009606,05,123,009606,6023,2086,3884,43,2,6,2,3842,1524,2289,19,2,6,2,484,286,24430,92340,06270,2,1
05125000103,05,125,000103,6614,6547,8,33,14,11,1,4882,4840,5,19,9,8,1,1093.28,978.24,5290,93315,02960,4,2
05125010101,05,125,010101,4028,3960,14,24,20,8,2,3073,3030,10,15,13,5,0,688.17,615.76,5290,93315,02960,4,2
05125010102,05,125,010102,4112,4038,14,36,12,11,1,3063,3022,6,15,12,7,1,685.93,613.75,5290,93315,02960,4,2
05125010103,05,125,010103,2985,2955,3,9,12,6,0,2219,2197,3,7,8,4,0,496.92,444.64,9460,90522,03690,4,2
05125010201,05,125,010201,5751,4932,756,27,27,8,1,4188,3662,483,19,18,6,0,937.86,839.18,5290,93315,02960,4,2
05125010202,05,125,010202,373,368,0,3,2,0,0,267,264,0,1,2,0,0,129,123,NA,93354,02790,4,2
05125010402,05,125,010402,7674,7510,46,39,29,42,8,5400,5306,26,18,18,28,4,195,216,NA,90105,00015,4,2
05125010403,05,125,010403,6642,6402,89,42,47,62,0,4691,4540,59,20,31,41,0,701,953,63470,92775,03690,4,2
05125010404,05,125,010404,4639,4413,153,37,18,18,0,3249,3088,109,24,15,13,0,727.58,651.02,9460,90522,03690,4,2
05125010502,05,125,010502,6164,6107,1,20,23,13,0,4710,4666,1,17,20,6,0,37,26,33482,92370,06420,4,2
05125010503,05,125,010503,4518,4298,170,31,15,4,0,3421,3223,166,20,11,1,0,368,304,30640,91638,07320,4,2
05125010504,05,125,010504,5178,5013,75,41,28,21,0,3722,3632,31,22,23,14,0,580,715,9460,92799,03690,4,2
05125010505,05,125,010505,5505,5394,17,36,23,35,0,3770,3698,6,25,16,25,0,844.26,755.42,62210,93291,03690,4,2
05127009501,05,127,009501,4236,4137,1,12,57,28,1,3124,3070,0,8,34,12,0,47,72,43880,91689,13680,3,3
05127009502,05,127,009502,3852,3784,0,25,30,11,2,2877,2836,0,16,17,6,2,762,975,72380,91689,13680,3,3
05127009503,05,127,009503,2117,2082,0,5,19,10,1,1604,1580,0,5,12,6,1,48,67,NA,90348,13680,3,3
05129009701,05,129,009701,2198,2164,1,3,28,2,0,1660,1641,1,3,15,0,0,72,114,55280,90609,12720,3,1
05129009702,05,129,009702,3341,3303,1,14,18,5,0,2532,2510,1,6,12,3,0,72,243,44300,90178,09480,3,1
05129009703,05,129,009703,2302,2259,0,15,20,8,0,1741,1713,0,6,16,6,0,169,310,39460,94062,08880,3,1
05131000001,05,131,000001,5530,3513,903,162,88,854,10,3861,2676,559,85,58,480,3,26.92,54.48,24550,93741,06330,3,3
05131000002,05,131,000002,4039,3369,260,67,54,289,0,2830,2453,119,39,41,178,0,19.73,39.93,24550,93741,06330,3,3
05131000003,05,131,000003,1645,1022,532,22,29,38,2,1200,754,381,15,26,24,0,8.37,16.93,24550,93741,06330,3,3
05131000004,05,131,000004,3783,1646,1436,130,55,510,6,2548,1222,916,83,36,289,2,17.77,35.95,24550,93741,06330,3,3
05131000006,05,131,000006,4337,4072,156,40,28,37,4,3435,3261,92,27,21,32,2,23.95,48.47,24550,93741,06330,3,3
05131000007,05,131,000007,4960,4466,296,48,63,82,5,3903,3569,195,32,42,64,1,27.22,55.07,24550,93741,06330,3,3
05131000008,05,131,000008,4366,3696,247,66,88,269,0,3243,2814,164,34,65,166,0,22.61,45.76,24550,93741,06330,3,3
05131000101,05,131,000101,6700,6548,8,76,49,18,1,4857,4769,5,42,30,10,1,33.87,68.54,38890,90279,08730,3,3
05131000102,05,131,000102,5954,5748,3,60,128,15,0,4180,4062,2,34,72,10,0,29.15,58.98,28780,90741,06990,3,3
05131000501,05,131,000501,4365,3306,805,63,57,127,7,3334,2625,532,45,46,84,2,23.25,47.05,24550,93741,06330,3,3
05131000502,05,131,000502,2559,2103,318,42,15,80,1,1996,1714,197,27,13,45,0,13.92,28.16,24550,93741,06330,3,3
05131000901,05,131,000901,201,161,28,4,7,1,0,185,146,27,4,7,1,0,1.29,2.61,24550,93741,06330,3,3
05131000902,05,131,000902,1083,953,65,12,24,29,0,905,802,56,7,17,23,0,6.31,12.77,24550,93741,06330,3,3
05131001001,05,131,001001,4617,4373,58,28,74,84,0,3627,3457,39,20,56,55,0,25.29,51.18,24550,93741,06330,3,3
05131001002,05,131,001002,2229,2146,23,14,27,18,1,1679,1629,12,8,19,10,1,11.71,23.69,24550,93741,06330,3,3
05131001101,05,131,001101,3891,3710,49,41,57,34,0,3254,3112,36,34,44,28,0,22.69,45.92,24550,93741,06330,3,3
05131001102,05,131,001102,3031,2797,94,51,17,72,0,2216,2063,58,38,13,44,0,15.45,31.27,24550,93741,06330,3,3
05131001201,05,131,001201,3271,3098,47,40,46,40,0,2497,2377,36,24,33,27,0,17.41,35.23,24550,93741,06330,3,3
05131001202,05,131,001202,2596,2393,41,30,44,86,2,1992,1845,32,20,36,58,1,13.89,28.11,24550,93741,06330,3,3
05131001301,05,131,001301,2422,2302,22,23,24,51,0,1721,1651,11,13,14,32,0,12,24.28,24550,93741,06330,3,3
05131001302,05,131,001302,4354,3901,47,77,87,239,3,3108,2838,36,46,53,133,2,21.67,43.86,3640,92544,06330,3,3
05131001303,05,131,001303,4665,4421,53,71,86,34,0,3476,3317,35,40,57,27,0,24.24,49.05,24550,93741,06330,3,3
05131001304,05,131,001304,5424,5106,72,52,63,131,0,3783,3605,37,27,35,79,0,26.38,53.38,24550,92280,06330,3,3
05131001305,05,131,001305,4088,3929,37,28,42,52,0,2857,2746,26,21,34,30,0,19.92,40.31,24550,93741,06330,3,3
05131010301,05,131,010301,4401,4277,1,48,62,13,0,3167,3084,1,32,40,10,0,160,313,7540,90900,07170,3,3
05131010302,05,131,010302,5079,4933,16,67,50,13,0,3786,3689,13,41,34,9,0,157,154,30490,93531,07410,3,3
05133009801,05,133,009801,3201,3074,9,61,52,5,0,2333,2258,6,34,31,4,0,0,0,27010,91950,00049,3,4
05133009802,05,133,009802,3267,3102,54,60,49,2,0,2388,2276,44,34,32,2,0,463,368,33310,90840,07860,3,4
05133009803,05,133,009803,4612,3694,330,501,74,9,4,3475,2841,222,345,55,9,3,0,0,18490,90177,00049,3,4
05133009804,05,133,009804,2557,2129,391,10,27,0,0,1876,1573,281,5,17,0,0,53,34,41090,93060,09030,3,4
05133980598,05,133,980598,0,0,0,0,0,0,0,0,0,0,0,0,0,0,0,0,NA,90528,07860,3,4
05135009701,05,135,009701,1620,1598,0,6,15,1,0,1258,1246,0,3,8,1,0,54,66,NA,92808,14190,2,1
05135009702,05,135,009702,4760,4703,3,15,37,2,0,4007,3971,3,8,23,2,0,228,202,13450,90768,07770,2,1
05135009703,05,135,009703,2865,2830,2,14,16,3,0,2146,2120,2,9,13,2,0,41,33,2470,93174,07770,2,1
05135009704,05,135,009704,4864,4739,59,22,33,11,0,3643,3571,28,17,22,5,0,23,29,12280,90705,04050,2,1
05137009501,05,137,009501,3360,3322,0,18,19,1,0,2542,2516,0,10,15,1,0,93,110,23680,92724,00003,2,1
05137009502,05,137,009502,6415,6330,8,24,34,19,0,4865,4820,2,10,25,8,0,78,84,47540,90366,10200,2,1
05139009501,05,139,009501,4250,2241,1983,14,9,3,0,3033,1691,1324,7,8,3,0,610.27,680.94,34090,92121,12930,1,4
05139009502,05,139,009502,4534,3595,901,32,4,2,0,3294,2642,623,23,4,2,0,662.78,739.53,50060,91365,10620,1,4
05139009503,05,139,009503,2945,2174,750,9,10,2,0,2150,1614,517,8,9,2,0,432.6,482.7,64730,93396,12510,1,4
05139009504,05,139,009504,5780,4485,1259,24,10,2,0,4202,3325,850,18,7,2,0,845.48,943.39,36130,93777,08340,1,4
05139009505,05,139,009505,5640,5187,407,35,7,4,0,3987,3676,281,20,7,3,0,802.22,895.12,21070,91218,05680,1,4
05139009506,05,139,009506,4070,3099,929,20,1,21,0,2951,2375,549,14,1,12,0,593.77,662.53,21070,91218,05680,1,4
05139009507,05,139,009507,5482,4537,866,42,20,17,0,4252,3621,579,29,12,11,0,855.54,954.62,21070,91218,05680,1,4
05139009508,05,139,009508,4009,3057,917,9,6,20,0,3130,2480,620,9,4,17,0,629.78,702.72,21070,91218,05680,1,4
05139009509,05,139,009509,3627,1655,1952,12,4,3,1,2398,1291,1089,12,2,3,1,482.5,538.37,21070,91218,05680,1,4
05139009510,05,139,009510,6382,2266,4074,25,4,13,0,4508,1824,2656,16,4,8,0,907.05,1012.09,21070,91218,05680,1,4
05141009601,05,141,009601,3109,3019,26,31,26,7,0,2268,2212,23,12,16,5,0,94,105,14260,91542,04410,2,2
05141009602,05,141,009602,3203,3158,6,22,11,6,0,2493,2469,3,10,7,4,0,21,32,14260,91542,04410,2,2
05141009603,05,141,009603,4650,4592,6,23,25,4,0,3828,3791,5,12,17,3,0,215,252,22660,91830,12420,2,2
05141009604,05,141,009604,3046,3005,3,22,14,2,0,2288,2266,3,10,7,2,0,141,121,17290,91035,12570,2,2
05143000101,05,143,000101,0,0,0,0,0,0,0,0,0,0,0,0,0,0,0,0,23290,91117,12660,3,3
05143000102,05,143,000102,2456,2278,2,86,28,62,0,1827,1714,2,52,18,41,0,202.25,230.96,66080,91107,12660,3,3
05143000103,05,143,000103,6234,5981,7,94,86,62,4,4455,4293,6,59,58,38,1,493.18,563.17,66080,91108,12660,3,3
05143000106,05,143,000106,4859,4396,263,70,60,67,3,3821,3508,167,57,42,47,0,422.99,483.03,23290,91110,06120,3,3
05143000108,05,143,000108,3259,2708,248,65,35,198,5,2837,2368,201,43,28,194,3,314.06,358.64,23290,91111,06120,3,3
05143000109,05,143,000109,2370,2061,211,35,17,44,2,2349,2042,209,35,17,44,2,260.04,296.95,23290,91109,06120,3,3
05143000112,05,143,000112,1372,1331,8,9,17,7,0,1073,1037,5,9,16,6,0,118.78,135.64,66080,91108,12660,3,3
05143010101,05,143,010101,2870,2766,2,47,43,12,0,2064,2001,1,27,27,8,0,228.49,260.92,66080,91117,12660,3,3
05143010102,05,143,010102,3677,3608,8,25,34,2,0,2756,2713,6,12,23,2,0,305.1,348.4,27670,91117,12660,3,3
05143010103,05,143,010103,8569,8196,92,102,68,110,1,6467,6212,63,59,50,82,1,715.91,817.52,23290,91112,06120,3,3
05143010104,05,143,010104,4133,3975,79,30,30,19,0,3085,2978,49,19,23,16,0,341.52,389.99,23290,91112,06120,3,3
05143010105,05,143,010105,4813,4658,23,52,51,29,0,3428,3329,12,33,37,17,0,379.49,433.35,23290,91117,06120,3,3
05143010401,05,143,010401,4260,4041,0,120,36,62,1,3129,2997,0,72,25,35,0,836,1070,66080,91107,12660,3,3
05143010402,05,143,010402,3918,3810,0,48,37,23,0,3051,2986,0,21,27,17,0,337.75,385.69,66080,91106,12660,3,3
05143010403,05,143,010403,3924,3759,7,43,78,37,0,2897,2789,3,26,59,20,0,320.71,366.22,66080,91106,12660,3,3
05143010501,05,143,010501,2914,2832,1,35,36,10,0,2112,2058,1,21,24,8,0,103.98,147.16,69740,91105,12660,3,3
05143010502,05,143,010502,5201,5110,1,37,38,15,0,3727,3668,1,20,27,11,0,183.49,259.69,66080,91105,12660,3,3
05143010503,05,143,010503,3841,3746,14,33,28,20,0,2708,2647,6,21,20,14,0,133.32,188.69,66080,91105,12660,3,3
05143010504,05,143,010504,4717,4532,1,60,115,9,0,3397,3276,1,44,70,6,0,376.06,429.43,57170,91115,11760,3,3
05143010505,05,143,010505,3556,3386,45,43,58,22,2,2567,2461,25,27,39,15,0,126.38,178.86,23290,91110,06120,3,3
05143010506,05,143,010506,4015,3881,30,45,49,10,0,2953,2870,18,29,29,7,0,326.9,373.3,23290,91115,06090,3,3
05143010701,05,143,010701,5309,4779,253,91,46,136,4,4831,4377,221,69,37,125,2,237.84,336.61,23290,91110,06120,3,3
05143010702,05,143,010702,3671,3473,105,53,26,13,1,2850,2715,68,37,20,9,1,315.5,360.28,23290,91111,06120,3,3
05143011001,05,143,011001,4066,3926,30,54,48,8,0,3027,2941,16,32,31,7,0,197.31,275.24,57170,91115,11760,3,3
05143011002,05,143,011002,2897,2744,1,41,107,3,1,2106,2030,1,16,56,3,0,137.28,191.49,39970,91114,08940,3,3
05143011003,05,143,011003,3404,3307,7,40,43,7,0,2411,2358,4,18,28,3,0,157.16,219.23,74360,91116,14010,3,3
05143011004,05,143,011004,3001,2884,5,28,78,6,0,2167,2086,4,17,54,6,0,141.25,197.04,76190,91114,08940,3,3
05143011101,05,143,011101,4267,3888,206,62,85,26,0,3093,2860,117,38,60,18,0,342.4,391,23290,91113,06120,3,3
05143011102,05,143,011102,2857,2763,6,50,34,4,0,2075,2013,4,28,26,4,0,229.71,262.31,23290,91113,06120,3,3
05143011103,05,143,011103,2979,2905,1,28,41,4,0,2106,2074,1,10,20,1,0,233.14,266.23,74360,91116,05760,3,3
05145009701,05,145,009701,4477,4423,0,25,27,2,0,3253,3214,0,15,23,1,0,88,86,8260,92193,02700,4,2
05145009702,05,145,009702,3691,3642,1,21,25,2,0,2717,2684,0,12,19,2,0,193,186,53240,90285,11070,4,2
05145009703,05,145,009703,2888,2867,2,14,4,1,0,2106,2092,2,7,4,1,0,49,60,60770,92037,12000,4,2
05145009704,05,145,009704,6114,5962,64,46,31,9,2,4613,4510,47,25,23,8,0,989.76,1177.17,63020,91506,12210,4,2
05145009705,05,145,009705,4797,4726,35,22,13,1,0,3511,3459,28,13,10,1,0,646,692,36040,91623,08310,4,2
05145009706,05,145,009706,3853,3641,159,20,19,14,0,2765,2643,91,9,12,10,0,707,525,3280,90096,02700,4,2
05145009707,05,145,009707,2836,2742,58,17,11,8,0,2243,2174,45,8,8,8,0,481.26,572.38,63020,91506,12210,4,2
05145009708,05,145,009708,4562,4239,147,110,14,49,3,4049,3763,124,104,9,46,3,868.75,1033.25,63020,91506,12210,4,2
05145009709,05,145,009709,5808,5310,445,28,20,4,1,4233,3894,308,13,15,3,0,908.23,1080.2,63020,91506,12210,4,2
05145009710,05,145,009710,3739,3694,5,18,19,3,0,2762,2729,5,9,17,2,0,76,79,NA,90636,02880,4,2
05145009711,05,145,009711,6104,5545,510,20,24,4,1,4481,4122,327,9,21,2,0,117,138,36430,92025,08400,4,2
05145009712,05,145,009712,5807,5469,268,31,19,20,0,4244,4011,191,18,9,15,0,751,816,4600,93732,02880,4,2
05147009901,05,147,009901,5818,4191,1594,11,11,10,1,4170,3144,1005,7,9,5,0,1260.17,608.55,42500,91092,09600,2,1
05147009902,05,147,009902,3702,2305,1388,6,2,1,0,2607,1744,856,5,2,0,0,787.83,380.45,2740,90078,02670,2,1
05149009523,05,149,009523,4766,4419,250,51,31,14,1,3575,3355,153,33,25,9,0,995,840,17380,91020,04930,4,2
05149009524,05,149,009524,6470,6301,80,42,16,29,2,4755,4639,54,27,13,21,1,47,69,4960,91293,00041,4,2
05149009525,05,149,009525,3679,3526,32,65,25,28,3,2751,2649,24,41,20,17,0,320,420,17320,91017,04890,4,2
05149009526,05,149,009526,2844,2813,5,19,2,5,0,2122,2100,5,13,1,3,0,90,86,55970,92106,11460,4,2
