GEOID,state,county,tract,pop,pop_white,pop_black,pop_hisp,pop_aian,pop_asian,pop_other,vap,vap_white,vap_black,vap_hisp,vap_aian,vap_asian,vap_other,ndv,nrv,ai_an_nh,place,mcd,school,cd_1980,cd_1990
28001000001,28,001,000001,5746,3795,1896,36,11,8,0,3939,2680,1224,24,9,2,0,1222.61,1372.39,NA,50440,91485,03030,4,5
28001000002,28,001,000002,4677,1054,3606,11,3,3,0,3131,782,2338,6,2,3,0,971.81,1090.88,NA,50440,92223,03030,4,5
28001000003,28,001,000003,3174,118,3046,4,3,3,0,2296,89,2198,4,3,2,0,712.64,799.95,NA,50440,92223,03030,4,5
28001000004,28,001,000004,4269,119,4130,18,1,0,1,2746,108,2623,13,1,0,1,852.32,956.74,NA,50440,91485,03030,4,5
28001000005,28,001,000005,4115,3342,745,9,9,10,0,2989,2516,451,7,7,8,0,927.74,1041.4,NA,50440,92961,03030,4,5
28001000006,28,001,000006,2605,2272,305,11,7,10,0,2056,1827,205,11,6,7,0,638.15,716.33,NA,50440,90747,03030,4,5
28001000007,28,001,000007,2318,1420,872,19,2,5,0,1792,1171,603,14,2,2,0,556.21,624.35,NA,50440,90009,03030,4,5
28001000008,28,001,000008,3767,1387,2357,11,2,7,3,2552,1035,1504,6,2,4,1,792.1,889.15,NA,50440,90009,03030,4,5
28001000009,28,001,000009,4683,4430,205,32,0,16,0,3611,3401,174,24,0,12,0,1120.8,1258.11,NA,50440,90009,03030,4,5
28001000899,28,001,000899,2,1,0,1,0,0,0,2,1,0,1,0,0,0,0.62,0.7,NA,NA,90009,03030,4,5
28003009501,28,003,009501,4773,4697,33,23,1,19,0,3465,3426,17,11,1,10,0,604.5,859.62,NA,15700,90018,00390,1,2
28003009502,28,003,009502,6117,5502,562,36,4,12,1,4718,4306,379,23,3,6,1,823.1,1170.47,NA,15700,92970,01260,1,2
28003009503,28,003,009503,3198,2887,295,11,2,3,0,2554,2359,183,9,1,2,0,445.57,633.61,NA,15700,92970,01260,1,2
28003009504,28,003,009504,4248,4237,5,2,1,3,0,3166,3156,4,2,1,3,0,552.34,785.44,NA,38360,92970,00390,1,2
28003009505,28,003,009505,6332,4117,2167,30,3,11,4,4625,3191,1406,18,3,7,0,806.87,1147.39,NA,15700,92232,01260,1,2
28003009506,28,003,009506,3500,3476,0,12,10,2,0,2485,2474,0,5,4,2,0,433.53,616.49,NA,NA,90756,00390,1,2
28003009507,28,003,009507,3554,3072,467,13,1,1,0,2620,2287,321,10,1,1,0,457.08,649.98,NA,62560,91494,00390,1,2
28005009501,28,005,009501,4234,2823,1396,5,6,4,0,3112,2189,911,3,6,3,0,892.16,1123.14,NA,40640,92241,00420,4,5
28005009502,28,005,009502,4136,2314,1810,9,2,1,0,2908,1776,1126,4,1,1,0,833.68,1049.51,NA,27820,91503,00420,4,5
28005009503,28,005,009503,4958,2115,2820,19,3,1,0,3398,1567,1815,12,3,1,0,974.16,1226.35,NA,12740,92979,00420,4,5
28007009501,28,007,009501,2795,2016,775,3,1,0,0,2081,1561,518,2,0,0,0,487.45,724.9,NA,23220,90774,00510,3,4
28007009502,28,007,009502,2141,1672,459,6,4,0,0,1534,1231,297,5,1,0,0,359.32,534.36,NA,38320,91512,00510,3,3
28007009503,28,007,009503,3787,1567,2197,14,7,2,0,2629,1208,1407,9,3,2,0,615.81,915.8,NA,64800,92250,00510,2,3
28007009504,28,007,009504,2586,1700,863,13,9,1,0,1924,1328,587,5,3,1,0,450.68,670.21,47980,38320,92988,00510,3,4
28007009505,28,007,009505,4072,2263,1777,12,4,14,2,2998,1809,1173,6,2,8,0,702.25,1044.33,NA,38320,92988,02340,3,4
28007009506,28,007,009506,3100,1885,1189,10,7,9,0,2269,1494,758,8,3,6,0,531.49,790.39,NA,38320,91512,02340,3,4
28009009501,28,009,009501,5915,3006,2882,22,4,1,0,4104,2355,1733,12,3,1,0,1248.35,1198.21,NA,2140,91521,00600,1,2
28009009502,28,009,009502,2131,1843,271,15,1,1,0,1544,1371,159,12,1,1,0,469.65,450.79,NA,32020,92997,00600,1,2
28011009501,28,011,009501,5221,982,4137,87,8,7,0,3287,795,2431,52,4,5,0,949.63,772.87,NA,67040,91530,00720,2,3
28011009502,28,011,009502,4631,1048,3481,63,6,33,0,2929,797,2066,37,6,23,0,846.2,688.7,NA,63720,90054,00660,2,3
28011009503,28,011,009503,4366,433,3900,24,1,8,0,2684,351,2316,13,1,3,0,775.42,631.09,NA,49320,91530,00810,2,3
28011009504,28,011,009504,5817,1623,4125,59,0,10,0,3742,1255,2445,35,0,7,0,1081.09,879.86,NA,67000,93006,00690,2,3
28011009505,28,011,009505,4470,2391,2031,26,5,17,0,3036,1815,1186,19,5,11,0,877.12,713.86,NA,8180,93006,00750,2,3
28011009506,28,011,009506,7863,7393,358,62,3,47,0,6212,5804,318,47,2,41,0,1794.68,1460.63,NA,14260,90792,00750,2,3
28011009507,28,011,009507,9507,1253,8182,56,2,14,0,5818,1025,4745,32,2,14,0,1680.85,1367.99,NA,14260,92268,00750,2,3
28013009501,28,013,009501,3868,3334,501,28,2,0,3,2899,2547,329,19,2,0,2,505.6,917.78,NA,9180,91539,00870,1,2
28013009502,28,013,009502,1941,1121,802,17,0,1,0,1390,851,524,14,0,1,0,242.42,440.05,NA,9180,90801,00870,1,2
28013009503,28,013,009503,3265,2381,874,7,3,0,0,2404,1828,567,7,2,0,0,419.27,761.07,NA,58360,90063,00870,1,2
28013009504,28,013,009504,2899,2157,716,20,5,1,0,2139,1662,455,16,5,1,0,373.05,677.17,NA,76320,93015,00870,1,2
28013009505,28,013,009505,2935,1795,1131,6,2,1,0,2154,1451,700,2,1,0,0,375.67,681.92,NA,10580,92277,00870,1,2
28015009501,28,015,009501,4306,3022,1249,20,5,10,0,3128,2303,802,12,5,6,0,718.12,1294.23,NA,11580,90810,00930,2,3
28015009502,28,015,009502,4931,2519,2384,22,6,0,0,3458,1931,1510,12,5,0,0,793.88,1430.77,NA,75880,93024,00930,2,3
28017009501,28,017,009501,4556,2254,2273,17,6,6,0,3192,1769,1398,16,6,3,0,634.12,880.82,NA,53680,91557,03390,1,2
28017009502,28,017,009502,3427,2481,931,13,2,0,0,2428,1837,580,9,2,0,0,482.34,670,NA,51420,90819,00960,1,2
28017009503,28,017,009503,4345,2897,1415,22,6,3,2,3125,2220,888,12,5,0,0,620.81,862.33,NA,33900,90081,02010,1,2
28017009504,28,017,009504,5757,3390,2325,33,6,3,0,3935,2480,1424,24,5,2,0,781.72,1085.85,NA,81000,93033,02010,1,2
28019009501,28,019,009501,2982,2543,419,14,4,2,0,2142,1868,258,10,4,2,0,423.26,809.64,NA,45720,90828,00990,1,2
28019009502,28,019,009502,4438,2746,1669,14,2,6,1,3024,1997,1014,6,2,5,0,597.54,1143.02,NA,78520,93042,00990,1,2
28019009503,28,019,009503,1651,1005,638,3,3,2,0,1165,779,382,3,1,0,0,230.2,440.35,NA,300,93042,00990,1,2
28021009501,28,021,009501,3603,950,2617,29,5,2,0,2349,769,1561,14,3,2,0,839.34,352.67,NA,NA,90837,01020,2,3
28021009502,28,021,009502,1783,484,1292,2,5,0,0,1248,412,832,2,2,0,0,445.93,187.37,NA,59560,91575,01020,2,3
28021009503,28,021,009503,5984,542,5393,25,10,14,0,4589,440,4111,17,8,13,0,1639.73,688.97,NA,59560,93051,01020,2,3
28023009501,28,023,009501,4401,3291,1094,11,1,4,0,3220,2496,711,10,1,2,0,632.64,1188.29,NA,67520,93060,03780,3,4
28023009502,28,023,009502,5428,3896,1500,25,2,3,2,3897,2901,976,15,2,3,0,765.65,1438.12,NA,70760,91584,01440,3,4
28023009503,28,023,009503,4086,1789,2286,8,3,0,0,2767,1324,1433,8,2,0,0,543.63,1021.11,NA,67520,90846,03780,3,4
28023009504,28,023,009504,3398,2295,1083,20,0,0,0,2413,1772,626,15,0,0,0,474.08,890.48,NA,60720,90108,03780,3,4
28025009501,28,025,009501,5924,3189,2713,16,3,3,0,4089,2356,1719,8,3,3,0,1106.42,1085.39,NA,79120,91593,04620,3,4
28025009502,28,025,009502,2770,1126,1622,8,10,4,0,1880,885,982,6,5,2,0,508.7,499.03,NA,NA,93069,01080,3,4
28025009503,28,025,009503,3871,1198,2641,29,0,3,0,2513,939,1550,21,0,3,0,679.98,667.06,NA,79120,91593,04620,3,4
28025009504,28,025,009504,5059,2772,2245,17,5,20,0,3645,2180,1438,13,5,9,0,986.28,967.54,NA,79120,90117,04620,3,4
28025009505,28,025,009505,3496,1460,2024,10,1,1,0,2460,1070,1382,7,1,0,0,665.64,652.99,NA,79120,90855,04620,3,4
28027009501,28,027,009501,5044,874,4101,61,2,6,0,3167,726,2393,41,1,6,0,984.38,810.17,NA,26060,90126,01110,2,3
28027009502,28,027,009502,2775,1304,1438,17,1,14,1,1954,966,968,9,1,9,1,607.35,499.86,NA,13820,90864,01110,2,3
28027009503,28,027,009503,4066,1424,2597,35,2,7,1,2589,1067,1493,20,2,6,1,804.72,662.31,NA,42960,91602,01110,2,3
28027009504,28,027,009504,4897,3388,1414,66,3,25,1,3588,2610,910,47,2,18,1,1115.24,917.86,NA,13820,91602,01050,2,3
28027009505,28,027,009505,5675,3816,1771,45,7,36,0,3964,2868,1033,33,2,28,0,1232.11,1014.05,NA,13820,93078,01050,2,3
28027009506,28,027,009506,2185,7,2172,5,0,1,0,1286,6,1275,4,0,1,0,399.72,328.98,NA,13820,93078,01050,2,3
28027009507,28,027,009507,7023,120,6842,42,3,16,0,4303,112,4155,25,2,9,0,1337.48,1100.77,NA,13820,92340,01050,2,3
28029009501,28,029,009501,6439,2781,3607,35,6,10,0,4433,2103,2298,22,5,5,0,1068.41,1347.67,NA,17060,92349,01220,4,5
28029009502,28,029,009502,4332,2427,1888,9,4,4,0,3001,1824,1165,6,4,2,0,723.28,912.33,NA,26980,90135,01220,4,5
28029009503,28,029,009503,3981,1818,2147,15,1,0,0,2845,1376,1459,9,1,0,0,685.68,864.9,NA,NA,92349,01830,4,5
28029009504,28,029,009504,5325,1641,3669,8,1,6,0,3685,1346,2325,8,1,5,0,888.14,1120.27,NA,31220,91611,01830,4,5
28029009505,28,029,009505,4693,3517,1141,27,5,3,0,3493,2706,761,21,2,3,0,841.86,1061.9,NA,78640,90873,01220,4,5
28029009506,28,029,009506,2822,1369,1433,14,4,2,0,1878,996,869,8,3,2,0,452.62,570.93,NA,NA,91611,01220,4,5
28031009501,28,031,009501,4512,2198,2283,20,3,8,0,2991,1649,1328,8,2,4,0,627.95,1058.97,NA,15140,93096,01290,4,5
28031009502,28,031,009502,2039,1001,1033,0,1,4,0,1420,795,622,0,1,2,0,298.12,502.76,NA,15140,91620,01290,4,5
28031009503,28,031,009503,4684,2597,2067,15,3,2,0,3218,1970,1232,11,3,2,0,675.61,1139.34,NA,49520,92358,01290,4,5
28031009504,28,031,009504,5292,4875,396,14,2,5,0,3793,3542,238,9,2,2,0,796.32,1342.93,NA,66400,90144,01290,4,5
28033000701,28,033,000701,3260,2493,751,6,7,3,0,2277,1816,447,4,7,3,0,220.87,616.23,NA,51565,91629,01320,1,2
28033000702,28,033,000702,6328,5753,506,45,11,12,1,4412,4019,348,31,7,7,0,427.97,1194.03,NA,42840,92367,01320,1,2
28033000706,28,033,000706,4785,3991,772,7,6,9,0,3494,2935,544,5,5,5,0,338.92,945.59,NA,69280,93105,01320,1,2
28033000707,28,033,000707,5476,4187,1257,16,0,16,0,3872,3073,779,11,0,9,0,375.59,1047.89,NA,54040,90153,01320,1,2
28033000708,28,033,000708,4936,3940,963,23,5,2,3,3617,2942,649,19,5,2,0,350.86,978.88,NA,54040,90153,01320,1,2
28033000709,28,033,000709,2390,1455,904,18,6,7,0,1717,1078,620,10,3,6,0,166.55,464.68,NA,NA,90153,01320,1,2
28033000710,28,033,000710,2547,2088,438,5,5,11,0,1857,1571,271,2,4,9,0,180.13,502.56,NA,31780,93105,01320,1,2
28033000711,28,033,000711,6869,5078,1755,18,5,13,0,5067,3846,1196,16,4,5,0,491.51,1371.29,NA,31780,93105,01320,1,2
28033000712,28,033,000712,2330,1867,451,7,3,2,0,1731,1444,280,2,3,2,0,167.91,468.46,NA,NA,92367,01320,1,2
28033070310,28,033,070310,1003,963,26,3,8,3,0,729,702,20,2,5,0,0,70.71,197.29,NA,33700,93105,01320,1,2
28033070320,28,033,070320,8580,8277,226,43,15,18,1,5629,5458,125,20,12,14,0,546.02,1523.39,NA,33700,91629,01320,1,2
28033070410,28,033,070410,4263,3839,382,27,8,7,0,3049,2866,154,19,7,3,0,295.76,825.16,NA,69280,90891,01320,1,2
28033070420,28,033,070420,5700,5611,28,43,10,8,0,4253,4189,21,29,7,7,0,412.55,1151,NA,69280,91629,01320,1,2
28033070510,28,033,070510,7099,6966,29,43,27,34,0,4878,4798,20,21,16,23,0,473.18,1320.14,NA,69280,90153,01320,1,2
28033070520,28,033,070520,2344,2178,158,2,2,4,0,1716,1600,108,2,2,4,0,166.46,464.41,NA,69280,90891,01320,1,2
28035000001,28,035,000001,1105,344,749,8,3,1,0,750,289,449,8,3,1,0,101.92,221.92,NA,31020,92376,01800,5,1
28035000002,28,035,000002,2899,2191,661,29,3,12,3,2277,1838,403,25,3,8,0,309.44,673.75,NA,31020,92376,01800,5,1
28035000003,28,035,000003,3190,2424,702,39,7,17,1,2492,2030,409,30,7,15,1,338.66,737.37,NA,31020,90162,01800,5,1
28035000004,28,035,000004,2322,235,2075,11,0,0,1,1631,179,1443,8,0,0,1,221.65,482.6,NA,31020,90900,01800,5,1
28035000005,28,035,000005,1916,407,1501,5,3,0,0,1292,337,949,4,2,0,0,175.58,382.3,NA,31020,91638,01800,5,1
28035000006,28,035,000006,6881,376,6470,17,4,14,0,4308,328,3947,17,2,14,0,585.45,1274.71,NA,31020,92376,01800,5,1
28035000007,28,035,000007,3443,3043,345,23,2,29,1,2760,2504,212,20,1,23,0,375.08,816.67,NA,31020,90162,01800,5,1
28035000008,28,035,000008,5938,5270,518,77,4,68,1,4663,4199,338,64,4,57,1,633.7,1379.76,NA,31020,93114,01800,5,1
28035000009,28,035,000009,5137,3446,1375,105,12,198,1,4716,3206,1219,97,9,184,1,640.9,1395.44,NA,31020,93114,01800,5,1
28035000010,28,035,000010,3286,2520,669,43,3,51,0,2704,2206,411,36,3,48,0,367.47,800.1,NA,31020,93114,01800,5,1
28035000011,28,035,000011,3558,2246,1254,37,5,16,0,2840,2001,789,34,4,12,0,385.95,840.34,NA,31020,93114,01800,5,1
28035000101,28,035,000101,6557,5881,634,29,2,10,1,4519,4107,383,18,2,8,1,614.13,1337.15,NA,56800,91638,03530,5,1
28035000102,28,035,000102,5761,4244,1464,24,11,17,1,4036,3169,840,14,6,6,1,548.49,1194.23,NA,31020,90900,01490,5,1
28035000103,28,035,000103,3806,3600,183,9,5,7,2,2703,2566,120,7,5,5,0,367.34,799.8,NA,56800,90900,03530,5,1
28035000104,28,035,000104,4119,3960,129,19,4,7,0,2967,2861,88,11,4,3,0,403.21,877.92,NA,56800,91638,03530,5,1
28035000105,28,035,000105,3109,1154,1932,10,11,1,1,2084,866,1205,4,7,1,1,283.21,616.64,NA,31020,92376,01490,5,1
28035000106,28,035,000106,5287,4974,286,14,10,3,0,3847,3637,186,13,8,3,0,522.8,1138.31,NA,31020,93114,01490,5,1
28037009501,28,037,009501,5515,4014,1483,16,1,1,0,3978,3029,935,12,1,1,0,886.25,1637.6,NA,9460,92385,01530,4,5
28037009502,28,037,009502,2862,1263,1591,5,0,3,0,1920,953,960,5,0,2,0,427.75,790.4,NA,64080,90171,01530,4,5
28039009501,28,039,009501,7204,7058,89,26,26,5,0,5003,4908,58,16,19,2,0,781.61,1776.7,NA,42440,90918,01560,5,1
28039009502,28,039,009502,2406,1730,660,7,6,3,0,1731,1311,407,5,6,2,0,270.43,614.73,NA,42440,93132,01560,5,1
28039009503,28,039,009503,7063,6201,832,15,6,9,0,4890,4368,506,8,4,4,0,763.96,1736.57,NA,42440,93132,01560,5,1
28041009501,28,041,009501,5040,3749,1250,32,7,2,0,3547,2677,840,22,6,2,0,699.18,1332.36,NA,70320,91665,01590,5,1
28041009502,28,041,009502,5180,4205,935,33,3,4,0,3601,3030,543,23,3,2,0,709.82,1352.64,NA,39840,92403,01590,5,1
28043009501,28,043,009501,5101,3400,1669,24,5,3,0,3680,2497,1161,16,5,1,0,843.24,1268.36,NA,29460,90936,01680,2,3
28043009502,28,043,009502,4061,2893,1147,16,4,1,0,2818,2106,697,11,3,1,0,645.72,971.26,NA,NA,92412,01680,2,3
28043009503,28,043,009503,3945,902,3007,15,9,12,0,2578,675,1874,11,8,10,0,590.73,888.54,NA,29460,92412,01680,2,3
28043009504,28,043,009504,3539,1153,2366,14,5,1,0,2418,937,1466,10,4,1,0,554.07,833.39,NA,29460,91674,01680,2,3
28043009505,28,043,009505,4909,4174,697,17,7,14,0,3776,3251,502,10,3,10,0,865.24,1301.45,NA,29460,93150,01680,2,3
28045000000,28,045,000000,0,0,0,0,0,0,0,0,0,0,0,0,0,0,0,0,NA,3980,NA,01740,5,1
28045000301,28,045,000301,5910,4325,1390,155,11,29,0,4098,3054,918,98,9,19,0,559.38,1363.1,NA,3980,92421,00570,5,1
28045000302,28,045,000302,5736,4999,598,73,12,53,1,4151,3711,353,47,11,28,1,566.61,1380.73,NA,78200,90207,00570,5,1
28045000303,28,045,000303,7438,7063,124,160,46,44,1,5465,5208,72,122,33,30,0,745.97,1817.8,NA,67435,93159,00570,5,1
28045000304,28,045,000304,2421,1962,411,27,17,4,0,1710,1420,256,18,13,3,0,233.41,568.79,NA,55920,90945,01740,5,1
28045000305,28,045,000305,2661,2543,24,66,13,15,0,2275,2199,16,42,9,9,0,310.54,756.72,NA,19100,91683,01740,5,1
28045000306,28,045,000306,7594,7280,211,68,24,11,0,5378,5187,123,46,14,8,0,734.09,1788.86,NA,37600,90945,01740,5,1
28047000001,28,047,000001,1815,963,40,1,0,809,2,1129,727,25,1,0,375,1,126.76,314.94,NA,6220,90216,00630,5,1
28047000002,28,047,000002,2018,1238,600,31,6,143,0,1548,1018,431,19,6,74,0,173.8,431.82,NA,6220,90216,00630,5,1
28047000003,28,047,000003,3906,1040,2129,30,2,704,1,2552,845,1326,20,2,358,1,286.52,711.89,NA,6220,90216,00630,5,1
28047000004,28,047,000004,1644,684,880,23,1,56,0,1249,567,628,18,0,36,0,140.23,348.41,NA,6220,90216,00630,5,1
28047000005,28,047,000005,619,493,50,63,5,8,0,575,458,46,62,4,5,0,64.56,160.4,NA,6220,90216,00630,5,1
28047000006,28,047,000006,2497,2343,76,40,8,30,0,2105,1991,59,32,3,20,0,236.34,587.2,NA,6220,93168,00630,5,1
28047000007,28,047,000007,1792,1072,474,43,4,199,0,1182,811,245,31,2,93,0,132.71,329.72,NA,6220,90216,00630,5,1
28047000008,28,047,000008,2242,1874,252,57,11,48,0,1788,1509,193,41,8,37,0,200.74,498.77,NA,6220,90216,00630,5,1
28047000009,28,047,000009,5938,4445,982,313,28,168,2,4997,3761,819,257,22,137,1,561.03,1393.93,NA,6220,90216,00630,5,1
28047000010,28,047,000010,4893,3816,774,176,11,110,6,3290,2643,436,116,10,82,3,369.38,917.75,NA,6220,93168,00630,5,1
28047000011,28,047,000011,475,383,87,1,4,0,0,475,383,87,1,4,0,0,53.33,132.5,NA,6220,93168,00630,5,1
28047000012,28,047,000012,9364,7538,1346,274,29,170,7,6602,5538,756,166,24,116,2,741.23,1841.65,NA,6220,93168,00630,5,1
28047000013,28,047,000013,3583,2793,571,109,13,92,5,2899,2334,409,79,8,67,2,325.48,808.68,NA,6220,93168,00630,5,1
28047000014,28,047,000014,4231,3800,301,58,18,53,1,3664,3310,256,44,14,40,0,411.37,1022.08,NA,29700,90954,01710,5,1
28047000015,28,047,000015,6053,5308,569,104,11,59,2,4496,4013,356,72,10,45,0,504.78,1254.17,NA,29700,93168,01710,5,1
28047000016,28,047,000016,3980,3924,11,29,5,11,0,3060,3029,7,14,4,6,0,343.56,853.59,NA,29700,90954,01710,5,1
28047000017,28,047,000017,6085,4225,1735,90,10,21,4,4580,3303,1193,58,8,16,2,514.21,1277.6,NA,29700,90954,01710,5,1
28047000018,28,047,000018,3047,412,2609,15,6,4,1,2121,356,1744,12,6,3,0,238.13,591.66,NA,52560,92430,01770,5,1
28047000019,28,047,000019,4405,2658,1637,70,11,29,0,3139,2089,975,45,10,20,0,352.43,875.63,NA,29700,90954,01710,5,1
28047000020,28,047,000020,3426,2132,1207,53,8,26,0,2527,1695,771,37,6,18,0,283.71,704.91,NA,29700,92430,01710,5,1
28047000021,28,047,000021,296,134,150,6,1,5,0,286,128,146,6,1,5,0,32.11,79.78,NA,29700,90954,01710,5,1
28047000022,28,047,000022,2139,1875,189,41,4,30,0,1776,1590,130,36,3,17,0,199.4,495.42,NA,29700,92430,01710,5,1
28047000023,28,047,000023,2349,1209,1043,39,8,48,2,1791,942,781,32,5,30,1,201.08,499.6,NA,29700,92430,01710,5,1
28047000024,28,047,000024,4066,713,3304,23,14,11,1,2536,524,1984,13,9,5,1,284.73,707.42,NA,52560,92430,01770,5,1
28047000025,28,047,000025,1235,904,225,66,7,32,1,920,682,161,45,6,25,1,103.29,256.64,NA,29700,91692,01710,5,1
28047000026,28,047,000026,3616,1033,2502,44,5,31,1,2458,800,1613,24,4,16,1,275.97,685.67,NA,29700,91692,01710,5,1
28047000027,28,047,000027,5950,5223,508,75,14,130,0,4151,3699,315,43,11,83,0,466.05,1157.93,NA,41680,91692,02670,5,1
28047000028,28,047,000028,4219,3832,180,69,12,120,6,3217,2962,129,56,8,60,2,361.18,897.39,NA,41680,91692,02670,5,1
28047000029,28,047,000029,2563,2288,208,30,7,30,0,2085,1873,160,26,7,19,0,234.09,581.62,NA,55400,91692,03510,5,1
28047000030,28,047,000030,3553,1723,1497,34,14,282,3,2544,1388,983,22,11,137,3,285.62,709.66,NA,55400,91692,03510,5,1
28047000033,28,047,000033,0,0,0,0,0,0,0,0,0,0,0,0,0,0,0,0,NA,19180,90216,01770,5,1
28047000034,28,047,000034,8141,7922,75,91,20,33,0,5780,5630,54,58,15,23,0,648.94,1612.35,NA,81200,93168,01770,5,1
28047000035,28,047,000035,12859,12205,462,134,27,23,8,9047,8582,321,95,22,20,7,1015.74,2523.68,NA,42800,92430,01770,5,1
28047001499,28,047,001499,15,12,3,0,0,0,0,15,12,3,0,0,0,0,1.68,4.18,NA,29700,90954,01710,5,1
28047003101,28,047,003101,7708,6008,1464,114,10,112,0,5068,4169,757,62,8,72,0,569,1413.73,NA,41680,91692,02670,5,1
28047003102,28,047,003102,4277,3465,687,56,21,34,14,3030,2495,466,28,13,20,8,340.19,845.23,NA,41680,91692,03510,5,1
28047003201,28,047,003201,9437,7794,1354,141,25,123,0,6392,5434,769,85,20,84,0,717.65,1783.06,NA,54360,90954,01770,5,1
28047003202,28,047,003202,8442,7009,1130,123,24,153,3,5666,4870,602,82,16,96,0,636.14,1580.55,NA,54360,90954,01770,5,1
28047003301,28,047,003301,6348,5520,486,137,11,186,8,4477,3961,299,92,9,113,3,502.65,1248.87,NA,19180,90216,01770,5,1
28047003302,28,047,003302,6139,5625,286,136,16,76,0,4660,4310,192,93,10,55,0,523.19,1299.92,NA,6220,93168,00630,5,1
28049000001,28,049,000001,5354,5025,264,25,5,35,0,4148,3926,177,18,3,24,0,902.25,1215.48,NA,36000,90225,02910,4,5
28049000002,28,049,000002,6098,5800,225,34,4,35,0,4647,4435,158,27,3,24,0,1010.79,1361.71,NA,36000,90225,02910,4,5
28049000003,28,049,000003,5404,4255,1053,36,1,58,1,4560,3699,797,25,0,39,0,991.87,1336.21,NA,36000,90225,02910,4,5
28049000004,28,049,000004,2812,2621,170,8,2,11,0,2364,2226,121,7,1,9,0,514.21,692.72,NA,36000,90225,02910,4,5
28049000005,28,049,000005,7115,555,6512,18,3,27,0,4916,518,4362,15,3,18,0,1069.3,1440.53,NA,36000,90225,02910,4,3
28049000006,28,049,000006,5595,13,5557,23,2,0,0,3975,11,3951,12,1,0,0,864.62,1164.79,NA,36000,90963,02910,4,3
28049000007,28,049,000007,8317,1675,6551,54,6,30,1,5135,1447,3631,31,2,24,0,1116.94,1504.7,NA,36000,90963,02910,4,5
28049000008,28,049,000008,5868,233,5614,17,4,0,0,3890,221,3657,11,1,0,0,846.13,1139.88,NA,36000,90963,02910,4,3
28049000009,28,049,000009,2935,14,2918,3,0,0,0,2105,9,2095,1,0,0,0,457.87,616.83,NA,36000,90963,02910,4,3
28049000010,28,049,000010,2757,4,2730,20,2,0,1,1945,4,1925,13,2,0,1,423.07,569.94,NA,36000,90963,02910,4,5
28049000011,28,049,000011,3345,57,3273,14,0,1,0,2413,56,2347,9,0,1,0,524.86,707.08,NA,36000,90963,02910,4,3
28049000012,28,049,000012,3236,34,3186,15,1,0,0,2294,28,2258,7,1,0,0,498.98,672.21,NA,36000,90963,02910,4,3
28049000013,28,049,000013,4599,3838,613,29,8,111,0,3911,3330,456,22,7,96,0,850.7,1146.04,NA,36000,90963,02910,4,5
28049000014,28,049,000014,3225,3031,150,12,4,28,0,2495,2408,65,9,1,12,0,542.7,731.11,NA,36000,90225,02910,4,5
28049000015,28,049,000015,3233,3131,63,23,5,10,1,2735,2638,63,22,2,9,1,594.9,801.43,NA,36000,93177,02910,4,5
28049000016,28,049,000016,4378,2557,1724,54,8,33,2,3690,2408,1214,37,3,26,2,802.63,1081.28,NA,36000,93177,02910,4,5
28049000017,28,049,000017,1727,8,1715,2,2,0,0,1186,7,1176,1,2,0,0,257.97,347.53,NA,36000,93177,02910,4,5
28049000018,28,049,000018,1798,13,1774,5,6,0,0,1259,13,1239,3,4,0,0,273.85,368.92,NA,36000,93177,02910,4,5
28049000019,28,049,000019,3308,100,3198,6,3,0,1,2265,77,2184,2,2,0,0,492.67,663.71,NA,36000,93177,02910,4,5
28049000020,28,049,000020,2550,6,2541,3,0,0,0,1628,5,1622,1,0,0,0,354.11,477.05,NA,36000,93177,02910,4,5
28049000021,28,049,000021,4748,749,3918,16,1,64,0,3248,708,2468,14,1,57,0,706.49,951.76,NA,36000,92439,02910,4,5
28049000022,28,049,000022,3469,648,2801,11,2,6,1,2216,593,1607,9,2,5,0,482.01,649.35,NA,36000,92439,02910,4,5
28049000023,28,049,000023,2767,697,2048,14,0,8,0,1822,628,1181,8,0,5,0,396.31,533.9,NA,36000,92439,02910,4,5
28049000024,28,049,000024,5911,373,5516,19,1,1,1,3843,355,3470,15,1,1,1,835.91,1126.11,NA,36000,91701,02910,4,5
28049000025,28,049,000025,4566,281,4267,14,0,4,0,3024,250,2756,14,0,4,0,657.77,886.12,NA,36000,93177,02910,4,5
28049000026,28,049,000026,4664,28,4613,8,12,2,1,3948,22,3908,4,11,2,1,858.75,1156.88,NA,36000,93177,02910,4,5
28049000027,28,049,000027,1698,139,1538,16,5,0,0,1199,123,1062,9,5,0,0,260.8,351.34,NA,36000,93177,02910,4,5
28049000030,28,049,000030,2984,1035,1907,13,1,27,1,2238,878,1327,9,1,22,1,486.8,655.8,NA,36000,93177,02910,4,5
28049000031,28,049,000031,2155,3,2127,19,0,6,0,1561,3,1542,13,0,3,0,339.54,457.42,NA,36000,93177,02910,4,5
28049000032,28,049,000032,2261,14,2241,6,0,0,0,1661,14,1642,5,0,0,0,361.29,486.72,NA,36000,91701,02910,4,5
28049000033,28,049,000033,7724,5710,1882,57,7,67,1,5962,4618,1240,45,6,52,1,1296.83,1747.04,NA,36000,91701,02910,4,5
28049000034,28,049,000034,2966,2546,370,17,0,33,0,2224,1990,198,13,0,23,0,483.75,651.7,NA,36000,91701,02910,4,5
28049000035,28,049,000035,3654,2821,789,17,5,22,0,2637,2275,332,10,3,17,0,573.59,772.72,NA,36000,91701,02910,4,5
28049000036,28,049,000036,3748,3645,75,16,6,5,1,2886,2831,37,10,4,3,1,627.75,845.68,NA,36000,91701,02910,4,5
28049000037,28,049,000037,2834,2697,106,9,5,15,2,2229,2135,71,6,5,10,2,484.84,653.16,NA,36000,91701,02910,4,5
28049000038,28,049,000038,2717,2498,196,13,4,6,0,2054,1911,128,9,3,3,0,446.78,601.88,NA,36000,91701,02910,4,5
28049000039,28,049,000039,904,240,643,16,1,3,1,744,223,504,12,1,3,1,161.83,218.01,NA,36000,93177,02910,4,5
28049000104,28,049,000104,4877,3897,931,24,4,20,1,3810,3097,675,18,4,15,1,828.73,1116.44,NA,14420,92439,01090,4,5
28049000105,28,049,000105,7460,2628,4800,27,1,3,1,5119,1954,3144,17,1,3,0,1113.46,1500.02,NA,14420,90225,01090,2,3
28049000106,28,049,000106,4752,1010,3685,43,2,12,0,3148,781,2336,24,1,6,0,684.74,922.46,NA,21580,90963,01860,2,3
28049000107,28,049,000107,5750,3689,2004,26,11,19,1,4358,2967,1348,21,6,16,0,947.93,1277.02,NA,61160,92439,01860,2,5
28049000112,28,049,000112,7704,4635,3030,28,4,7,0,5563,3488,2050,19,4,2,0,1210.04,1630.12,NA,72680,93177,01860,2,5
28049000113,28,049,000113,4645,1771,2856,9,3,1,5,3223,1370,1841,8,2,1,1,701.05,944.43,NA,75760,91701,01860,2,3
28049010101,28,049,010101,5565,5318,110,48,7,81,1,4414,4224,95,42,4,49,0,960.11,1293.43,NA,36000,90225,02910,4,5
28049010102,28,049,010102,5403,4986,280,43,1,93,0,4107,3816,195,30,1,65,0,893.34,1203.47,NA,36000,90225,02910,4,5
28049010201,28,049,010201,2003,239,1744,13,5,2,0,1363,208,1142,8,3,2,0,296.47,399.4,NA,36000,90225,02910,4,5
28049010202,28,049,010202,7207,526,6649,15,7,9,1,4726,464,4243,9,4,5,1,1027.98,1384.86,NA,36000,90225,02910,4,5
28049010203,28,049,010203,3486,103,3380,0,0,3,0,1989,95,1891,0,0,3,0,432.64,582.83,NA,36000,90225,02910,4,3
28049010301,28,049,010301,4808,208,4594,6,0,0,0,3064,142,2919,3,0,0,0,666.47,897.84,NA,36000,90963,02910,4,3
28049010302,28,049,010302,898,308,581,0,0,9,0,618,246,365,0,0,7,0,134.42,181.09,NA,36000,92439,02910,4,5
28049010303,28,049,010303,8292,7312,853,39,1,81,6,5961,5397,487,26,1,48,2,1296.61,1746.75,NA,14420,92439,01090,2,3
28049010801,28,049,010801,1751,234,1511,5,0,1,0,1203,178,1019,5,0,1,0,261.67,352.51,NA,36000,92439,02910,4,5
28049010802,28,049,010802,7613,4594,2905,25,15,72,2,4955,3184,1700,14,10,47,0,1077.79,1451.96,NA,36000,92439,02910,4,5
28049010803,28,049,010803,8759,7538,1067,47,15,92,0,6197,5415,691,30,10,51,0,1347.94,1815.9,NA,14420,92439,01090,4,5
28049010901,28,049,010901,1262,665,587,2,2,5,1,889,557,323,2,2,5,0,193.37,260.5,NA,36000,92439,02910,4,5
28049010902,28,049,010902,3025,1021,1991,8,4,1,0,2028,841,1177,5,4,1,0,441.12,594.26,NA,36000,92439,02910,4,5
28049011001,28,049,011001,2337,1970,341,8,0,18,0,1865,1582,263,5,0,15,0,405.67,546.5,NA,36000,92439,02910,4,5
28049011002,28,049,011002,3098,3019,56,10,4,9,0,2437,2383,34,10,3,7,0,530.08,714.11,NA,36000,91701,02910,4,5
28049011101,28,049,011101,2925,2846,59,8,4,8,0,2109,2058,37,6,4,4,0,458.74,618,NA,36000,91701,02910,4,5
28049011102,28,049,011102,6109,5923,137,26,6,17,0,4315,4193,86,21,6,9,0,938.58,1264.42,NA,36000,91701,02910,4,5
28049011103,28,049,011103,1288,1080,197,6,0,5,0,945,804,132,6,0,3,0,205.55,276.91,NA,36000,93177,01860,4,5
28051009501,28,051,009501,4722,1777,2929,15,0,1,0,3179,1366,1801,11,0,1,0,1158.74,567.25,NA,20500,90972,01980,2,3
28051009502,28,051,009502,4660,1308,3319,8,3,21,1,3211,1049,2138,5,1,17,1,1170.4,572.96,NA,40600,90234,01980,2,3
28051009503,28,051,009503,3804,563,3224,9,2,6,0,2282,435,1837,5,1,4,0,831.78,407.19,NA,72440,93186,01980,2,3
28051009504,28,051,009504,2602,572,2006,22,0,2,0,1648,453,1181,12,0,2,0,600.69,294.06,NA,NA,92448,01980,2,3
28051009505,28,051,009505,5816,941,4858,8,8,1,0,3713,783,2918,6,5,1,0,1353.38,662.53,NA,57200,91710,01980,2,3
28053009501,28,053,009501,3183,1290,1872,8,2,11,0,2081,982,1086,4,1,8,0,699.28,587.85,NA,35220,90981,02040,2,3
28053009502,28,053,009502,3879,1257,2585,23,1,13,0,2548,966,1558,11,1,12,0,856.2,719.77,NA,67920,93195,02040,2,3
28053009503,28,053,009503,5072,1290,3720,38,5,19,0,3159,974,2140,26,4,15,0,1061.52,892.37,NA,5140,90243,02040,2,3
28055009501,28,055,009501,1909,833,1066,6,1,3,0,1288,621,661,2,1,3,0,506,467,NA,46000,90990,03960,2,3
28057009501,28,057,009501,4241,4155,51,25,10,0,0,3147,3105,21,16,5,0,0,602.86,947.38,NA,26300,90261,02100,1,2
28057009502,28,057,009502,4803,4716,64,18,2,3,0,3604,3544,46,12,2,0,0,690.41,1084.96,NA,44920,90999,02100,1,2
28057009503,28,057,009503,3168,2658,471,18,3,18,0,2542,2142,371,16,2,11,0,486.96,765.25,NA,26300,92475,02100,1,2
28057009504,28,057,009504,4368,4183,163,19,1,2,0,3313,3165,131,14,1,2,0,634.66,997.35,NA,74400,92475,02100,1,2
28057009505,28,057,009505,3437,2802,608,19,2,6,0,2548,2126,410,8,0,4,0,488.11,767.06,NA,NA,91737,02100,1,2
28059000000,28,059,000000,0,0,0,0,0,0,0,0,0,0,0,0,0,0,0,0,NA,NA,90270,03000,5,1
28059000401,28,059,000401,9750,9238,443,34,20,15,0,6736,6403,292,20,10,11,0,794.74,2470.01,NA,22900,90270,02160,5,1
28059000402,28,059,000402,9354,8830,421,59,19,25,0,6552,6204,271,45,16,16,0,773.03,2402.54,NA,76200,93222,02160,5,1
28059000403,28,059,000403,6345,5611,449,90,18,174,3,4441,4015,251,70,11,93,1,523.97,1628.46,NA,64680,92484,02160,5,1
28059000404,28,059,000404,5083,4368,527,63,8,117,0,3658,3225,313,51,7,62,0,431.59,1341.34,NA,29620,92484,02160,5,1
28059000405,28,059,000405,4181,3711,396,51,9,14,0,3349,3002,287,41,7,12,0,395.13,1228.04,NA,53520,92484,03360,5,1
28059000406,28,059,000406,6089,5466,289,81,13,240,0,4284,3920,183,49,8,124,0,505.44,1570.89,NA,53520,93222,03360,5,1
28059000407,28,059,000407,5582,5127,241,101,16,95,2,3911,3613,156,66,10,65,1,461.44,1434.12,NA,53520,93222,03360,5,1
28059000408,28,059,000408,3141,2801,269,30,16,23,2,2131,1952,138,14,12,15,0,251.42,781.41,NA,45380,93222,03480,5,1
28059000409,28,059,000409,3969,3800,56,64,24,25,0,2821,2703,39,39,17,23,0,332.83,1034.43,NA,29660,93222,03360,5,1
28059000410,28,059,000410,5044,3935,977,68,18,46,0,3534,2901,545,40,11,37,0,416.96,1295.88,NA,26860,93222,03480,5,1
28059000411,28,059,000411,5968,4011,1845,54,9,47,2,3780,2836,865,35,9,34,1,445.98,1386.08,NA,26860,93222,03480,5,1
28059000412,28,059,000412,24,24,0,0,0,0,0,19,19,0,0,0,0,0,2.24,6.97,NA,55360,91746,03480,5,1
28059000413,28,059,000413,7383,6596,720,39,15,12,1,5201,4763,388,30,11,8,1,613.63,1907.14,NA,49240,90270,03000,5,1
28059000414,28,059,000414,3568,2085,1436,38,3,6,0,2650,1690,924,29,3,4,0,312.66,971.72,NA,49240,91008,03000,5,1
28059000415,28,059,000415,1596,572,1013,5,1,5,0,1175,446,720,3,1,5,0,138.63,430.86,NA,49240,91008,03000,5,1
28059000416,28,059,000416,3329,1011,2299,16,2,1,0,2148,816,1322,7,2,1,0,253.43,787.65,NA,49240,91008,03000,5,1
28059000417,28,059,000417,3033,231,2792,3,0,7,0,1870,183,1679,2,0,6,0,220.63,685.71,NA,49240,91008,03000,5,1
28059000418,28,059,000418,4099,311,3784,1,3,0,0,2804,277,2524,1,2,0,0,330.83,1028.19,NA,49240,91008,03000,5,1
28059000419,28,059,000419,2234,1820,384,15,0,9,6,1683,1412,251,9,0,9,2,198.57,617.14,NA,55360,91008,03480,5,1
28059000420,28,059,000420,5404,3876,1435,51,22,20,0,3639,2780,800,34,9,16,0,429.34,1334.38,NA,55360,90270,03480,5,1
28059000421,28,059,000421,3701,2976,583,36,11,95,0,2594,2157,340,27,6,64,0,306.05,951.19,NA,55360,91746,03480,5,1
28059000422,28,059,000422,5315,3130,2070,42,7,66,0,3661,2413,1175,31,6,36,0,431.94,1342.44,NA,55360,91746,03480,5,1
28059000423,28,059,000423,577,349,221,4,0,2,1,488,297,184,4,0,2,1,57.58,178.94,NA,55360,91746,03480,5,1
28059000424,28,059,000424,2085,1546,518,16,1,3,1,1581,1188,378,12,1,2,0,186.53,579.73,NA,55360,91746,03480,5,1
28059000425,28,059,000425,3205,2921,213,41,7,21,2,2510,2324,132,31,7,15,1,296.14,920.39,NA,55360,91746,03480,5,1
28059000426,28,059,000426,3210,3095,65,35,1,14,0,2327,2257,39,20,1,10,0,274.55,853.28,NA,55360,91746,03480,5,1
28059000427,28,059,000427,1838,1794,26,11,6,1,0,1345,1319,16,5,4,1,0,158.69,493.2,NA,49240,90270,03000,5,1
28059041299,28,059,041299,129,74,39,12,0,4,0,129,74,39,12,0,4,0,15.22,47.3,NA,55360,91746,03480,5,1
28059042399,28,059,042399,7,6,1,0,0,0,0,7,6,1,0,0,0,0,0.83,2.57,NA,55360,91746,03480,5,1
28061009501,28,061,009501,4390,2295,2080,10,2,3,0,3094,1777,1306,6,2,3,0,819.35,923.56,NA,42200,91755,04590,3,4
28061009502,28,061,009502,2302,1154,1140,7,0,1,0,1611,919,687,5,0,0,0,426.62,480.89,NA,4060,91755,04590,3,4
28061009503,28,061,009503,4586,3299,1269,14,3,1,0,3253,2448,792,11,1,1,0,861.46,971.02,NA,4060,92493,04590,3,4
28061009504,28,061,009504,5836,1630,4191,10,3,2,0,3918,1284,2620,10,3,1,0,1037.56,1169.53,NA,31420,93231,01380,3,4
28063009501,28,063,009501,7180,1131,6009,38,2,0,0,4623,890,3705,26,2,0,0,2371.07,641.16,NA,24500,91764,02220,2,3
28063009502,28,063,009502,1473,43,1421,5,0,4,0,965,40,918,3,0,4,0,494.93,133.84,NA,24500,91764,02220,2,3
28065009501,28,065,009501,6286,2672,3572,22,7,13,0,4490,2120,2346,11,4,9,0,1294.51,1304.7,NA,59920,93249,02250,4,5
28065009502,28,065,009502,7765,3652,4068,22,14,9,0,5201,2720,2449,16,10,6,0,1499.49,1511.3,NA,3580,91035,02250,4,5
28067009501,28,067,009501,6530,4610,1723,32,160,5,0,4467,3388,964,21,91,3,0,727.8,1682.97,47980,64920,91782,02280,3,4
28067009502,28,067,009502,4999,3720,1260,9,0,10,0,3535,2711,813,5,0,6,0,575.95,1331.83,NA,69160,91044,02280,3,5
28067009503,28,067,009503,7095,6328,719,23,6,19,0,5160,4704,429,13,3,11,0,840.71,1944.06,NA,22020,91044,02280,3,5
28067009504,28,067,009504,7761,6553,1162,34,2,8,2,5930,5138,761,23,2,6,0,966.16,2234.16,NA,39640,90306,02460,3,5
28067009505,28,067,009505,4034,2822,1178,21,6,7,0,3130,2324,778,20,3,5,0,509.96,1179.25,NA,39640,91044,02460,3,5
28067009506,28,067,009506,7549,3108,4391,25,5,17,3,5133,2610,2492,15,4,12,0,836.31,1933.89,NA,39640,91044,02460,3,5
28067009507,28,067,009507,4152,1526,2606,14,2,4,0,3029,1179,1835,11,2,2,0,493.51,1141.19,NA,39640,93258,02460,5,4
28067009508,28,067,009508,4972,4670,277,12,6,5,2,3653,3471,169,6,2,3,2,595.18,1376.29,NA,NA,91782,02280,3,4
28067009509,28,067,009509,6279,5640,612,7,17,3,0,4430,4053,361,3,10,3,0,721.77,1669.03,NA,22020,92520,02280,5,4
28067009510,28,067,009510,3979,2891,1057,20,2,9,0,3204,2412,766,15,2,9,0,522.02,1207.13,NA,22020,92520,02280,5,5
28067009511,28,067,009511,4681,4196,472,8,5,0,0,3398,3076,312,5,5,0,0,553.63,1280.22,NA,22020,92520,02280,5,5
28069009501,28,069,009501,5427,2019,3398,6,2,2,0,3731,1569,2153,5,2,2,0,1065.56,1147.01,NA,18340,90315,02310,3,4
28069009502,28,069,009502,4929,2376,2323,26,198,6,0,3552,1864,1544,15,125,4,0,1014.44,1091.99,47980,7330,91791,02310,3,4
28071009501,28,071,009501,2994,1836,1129,20,0,9,0,2173,1400,752,14,0,7,0,327.88,510.57,NA,NA,91062,02370,1,2
28071009502,28,071,009502,6625,5163,1299,53,10,100,0,5543,4520,884,44,7,88,0,836.38,1302.39,NA,54840,91062,03450,1,2
28071009503,28,071,009503,7836,6039,1234,66,8,485,4,7085,5656,939,61,6,419,4,1069.06,1664.7,NA,54840,91800,03450,1,2
28071009504,28,071,009504,6506,3811,2645,27,1,22,0,4651,2937,1671,20,1,22,0,701.79,1092.8,NA,100,91800,02370,1,2
28071009505,28,071,009505,7865,6150,1648,37,7,23,0,5765,4654,1067,22,5,17,0,869.88,1354.55,NA,54840,92538,02370,1,2
28073000201,28,073,000201,4295,3786,489,10,6,4,0,2978,2656,310,5,5,2,0,311.94,1189.64,NA,71560,93285,02400,5,1
28073000202,28,073,000202,4260,4177,39,24,3,17,0,2916,2864,24,12,3,13,0,305.44,1164.87,NA,NA,92547,02400,5,1
28073000203,28,073,000203,9597,8235,1205,65,6,86,0,6822,5981,727,53,5,56,0,714.59,2725.22,NA,78890,90333,02400,5,1
28073000204,28,073,000204,4880,4284,552,28,11,5,0,3509,3121,366,16,4,2,0,367.56,1401.76,NA,60480,91809,02400,5,1
28073000205,28,073,000205,4026,3954,37,24,10,1,0,2774,2723,24,18,8,1,0,290.57,1108.14,NA,NA,91809,02400,5,1
28073000206,28,073,000206,3366,2041,1306,17,1,0,1,2319,1513,792,12,1,0,1,242.91,926.38,NA,42640,91071,02760,5,1
28075000001,28,075,000001,740,370,362,5,3,0,0,629,340,283,3,3,0,0,88.93,214.3,NA,46640,91080,02910,3,4
28075000002,28,075,000002,4517,687,3783,32,8,5,2,3140,611,2492,25,6,4,2,443.92,1069.8,NA,46640,93294,02910,3,4
28075000003,28,075,000003,2451,1571,860,8,4,8,0,1885,1335,534,7,3,6,0,266.49,642.22,NA,46640,93294,02910,3,4
28075000004,28,075,000004,6444,835,5559,30,6,13,1,4269,692,3545,21,4,6,1,603.53,1454.46,NA,46640,91080,02910,3,4
28075000005,28,075,000005,807,444,352,2,2,7,0,619,373,238,2,2,4,0,87.51,210.89,NA,46640,91080,02910,3,4
28075000006,28,075,000006,3196,599,2587,2,2,6,0,2077,515,1552,2,2,6,0,293.64,707.64,NA,46640,92556,02910,3,4
28075000007,28,075,000007,4205,2033,2147,11,3,11,0,2929,1642,1270,6,3,8,0,414.09,997.92,NA,46640,92556,02910,3,4
28075000008,28,075,000008,2012,1410,586,9,2,5,0,1712,1266,434,7,1,4,0,242.03,583.28,NA,46640,92556,02910,3,4
28075000009,28,075,000009,5024,4083,879,30,5,25,2,3788,3218,525,21,5,19,0,535.53,1290.58,NA,46640,91818,02910,3,4
28075000010,28,075,000010,3679,3337,275,37,5,24,1,2726,2525,156,23,2,19,1,385.39,928.75,NA,46640,91818,02910,3,4
28075000011,28,075,000011,7107,5941,1065,64,11,26,0,5379,4556,750,46,8,19,0,760.46,1832.64,NA,46640,90342,02910,3,4
28075000101,28,075,000101,2503,1743,528,149,10,69,4,1822,1249,401,110,7,51,4,257.59,620.76,NA,46680,90342,02430,3,4
28075000102,28,075,000102,10505,6985,3403,66,9,42,0,7272,5176,2019,39,8,30,0,1028.08,2477.59,NA,45160,91080,02430,3,4
28075000103,28,075,000103,8836,7566,1214,34,7,10,5,6463,5566,855,25,7,6,4,913.71,2201.96,NA,15180,91818,02430,3,4
28075000104,28,075,000104,1555,1199,348,1,2,5,0,1116,869,241,1,1,4,0,157.77,380.22,NA,46640,92556,02430,3,4
28075000105,28,075,000105,5049,4640,368,10,12,19,0,3675,3414,235,5,9,12,0,519.55,1252.08,NA,46640,92556,02430,3,4
28075000106,28,075,000106,6925,5001,1888,11,1,24,0,4872,3665,1179,10,1,17,0,688.78,1659.9,NA,46640,93294,02430,3,4
28077009601,28,077,009601,4367,2405,1933,25,2,1,1,3012,1778,1217,14,2,1,0,829.51,1324.24,NA,51320,92565,02490,4,5
28077009602,28,077,009602,4488,2855,1599,19,3,12,0,3149,2147,980,11,3,8,0,867.24,1384.47,NA,48560,91089,02490,4,5
28077009603,28,077,009603,3603,3015,577,7,2,2,0,2539,2177,354,5,2,1,0,699.25,1116.28,NA,NA,91827,02490,4,5
28079009501,28,079,009501,2660,2208,439,5,7,1,0,1983,1703,274,2,3,1,0,423.93,663.51,NA,NA,90360,02520,3,4
28079009502,28,079,009502,3706,1313,2061,15,315,2,0,2543,995,1353,12,182,1,0,543.65,850.88,47980,61400,91836,02520,3,3
28079009503,28,079,009503,3845,2543,1198,0,99,5,0,2744,1982,698,0,61,3,0,586.62,918.14,47980,11780,91098,02520,3,4
28079009504,28,079,009504,5359,3383,1607,24,345,0,0,3839,2611,1036,10,182,0,0,820.71,1284.52,47980,70120,93312,02520,3,4
28079009505,28,079,009505,2866,1626,1225,5,10,0,0,2068,1273,784,2,9,0,0,442.1,691.95,NA,40360,92574,02520,3,4
28081009501,28,081,009501,5470,4407,1047,13,1,2,0,3988,3275,701,10,1,1,0,564.6,1239.89,NA,2700,90369,02550,1,2
28081009502,28,081,009502,7532,6920,568,34,9,1,0,5387,5011,343,24,8,1,0,762.66,1674.85,NA,64840,90369,02550,1,2
28081009503,28,081,009503,6165,5530,583,33,7,12,0,4429,4030,366,18,7,8,0,627.03,1377,NA,58440,91845,02550,1,2
28081009504,28,081,009504,6628,4558,2031,14,4,20,1,4548,3266,1258,7,4,13,0,643.88,1414,NA,74840,91845,04320,1,2
28081009505,28,081,009505,6063,3915,2110,27,3,8,0,4314,2903,1384,20,3,4,0,610.75,1341.25,NA,74840,90369,04320,1,2
28081009506,28,081,009506,6590,5877,668,29,2,14,0,4979,4522,422,23,2,10,0,704.9,1548,NA,74840,91107,04320,1,2
28081009507,28,081,009507,3761,2609,1116,23,2,11,0,2872,2114,736,14,2,6,0,406.6,892.92,NA,74840,93321,04320,1,2
28081009508,28,081,009508,3152,2760,331,38,6,17,0,2398,2150,206,25,6,11,0,339.49,745.55,NA,74840,92583,04320,1,2
28081009509,28,081,009509,7446,5641,1737,34,6,28,0,5184,4144,994,23,4,19,0,733.92,1611.74,NA,74840,91845,04320,1,2
28081009510,28,081,009510,7144,4630,2437,52,11,12,2,4886,3373,1471,29,5,7,1,691.73,1519.09,NA,76560,92583,02550,1,2
28081009511,28,081,009511,5630,4212,1344,63,6,4,1,4100,3145,908,40,3,3,1,580.45,1274.71,NA,50880,93321,03090,1,2
28083009501,28,083,009501,1861,668,1190,2,1,0,0,1219,518,699,1,1,0,0,334.48,290.78,NA,66080,90378,02580,2,3
28083009502,28,083,009502,3278,1177,2087,12,1,0,1,2126,904,1210,10,1,0,1,583.35,507.14,NA,29340,91116,02580,2,3
28083009503,28,083,009503,6217,1095,5080,32,2,8,0,4243,856,3358,19,2,8,0,1164.23,1012.13,NA,35260,92592,02580,2,3
28083009504,28,083,009504,6077,3457,2554,28,5,30,3,4150,2558,1553,15,1,20,3,1138.71,989.94,NA,29340,93330,02580,2,3
28083009506,28,083,009506,5772,5373,357,20,2,20,0,4404,4112,267,11,2,12,0,1208.41,1050.53,NA,29340,90378,01650,2,3
28083009507,28,083,009507,2722,1307,1392,12,4,7,0,1905,1044,844,10,3,4,0,522.71,454.42,NA,29340,91854,01650,2,3
28083009508,28,083,009508,5461,703,4695,22,3,37,1,3490,563,2878,16,3,29,1,957.62,832.51,NA,29340,91854,01650,2,3
28083009509,28,083,009509,5953,691,5217,18,5,22,0,3792,548,3217,8,3,16,0,1040.48,904.55,NA,29340,91116,01650,2,3
28085009501,28,085,009501,3571,1994,1574,3,0,0,0,2498,1501,994,3,0,0,0,491.86,957.69,NA,8820,91125,00840,4,5
28085009502,28,085,009502,4824,3830,967,12,4,11,0,3396,2745,639,7,2,3,0,668.68,1301.96,NA,8820,93339,02640,4,5
28085009503,28,085,009503,5315,5011,293,8,1,2,0,3837,3636,192,6,1,2,0,755.51,1471.03,NA,NA,91863,02640,4,5
28085009504,28,085,009504,4836,3903,918,12,1,2,0,3500,2885,606,7,1,1,0,689.15,1341.83,NA,NA,92601,02640,4,5
28085009505,28,085,009505,5224,3374,1814,11,3,22,0,3882,2675,1183,6,1,17,0,764.37,1488.28,NA,8820,91125,00840,4,5
28085009506,28,085,009506,6508,3020,3455,14,10,8,1,4573,2349,2201,9,7,6,1,900.43,1753.2,NA,8820,91863,00840,4,5
28087000001,28,087,000001,6591,5219,1265,46,17,44,0,4625,3777,783,30,12,23,0,1146.88,1300.23,NA,10460,90396,02730,3,4
28087000002,28,087,000002,2912,2238,449,130,8,85,2,2032,1602,285,79,6,59,1,503.88,571.26,NA,15420,91134,02730,3,4
28087000003,28,087,000003,6833,5801,925,49,7,49,2,4978,4311,584,35,7,39,2,1234.42,1399.47,NA,15380,91134,01200,3,4
28087000004,28,087,000004,13626,9988,3544,59,25,9,1,9200,7023,2112,35,20,9,1,2281.36,2586.41,NA,51400,91872,02730,3,4
28087000005,28,087,000005,3836,3519,283,19,3,10,2,2966,2773,168,13,3,7,2,735.49,833.84,NA,15380,90396,01200,3,4
28087000006,28,087,000006,2704,1779,915,3,4,1,2,1919,1453,460,3,2,1,0,475.86,539.49,NA,15380,91872,01200,3,4
28087000007,28,087,000007,6140,2029,4054,32,4,20,1,4408,1730,2640,20,4,13,1,1093.07,1239.23,NA,15380,92610,01200,3,4
28087000008,28,087,000008,5219,574,4606,26,2,3,8,3347,495,2834,14,1,3,0,829.97,940.95,NA,15380,93348,01200,3,4
28087000009,28,087,000009,7317,4039,3104,107,3,63,1,5462,3293,2046,71,3,48,1,1354.43,1535.54,NA,15380,91134,01200,3,4
28087000010,28,087,000010,2007,1010,988,5,1,1,2,1442,803,633,4,1,1,0,357.58,405.39,NA,2100,93348,02730,3,4
28087000011,28,087,000011,2123,246,1857,15,1,4,0,1331,182,1142,3,1,3,0,330.05,374.19,NA,16420,92610,02730,3,4
28089000302,28,089,000302,7437,6173,1202,25,6,30,1,5254,4387,823,17,6,20,1,1127.93,1429.09,NA,44520,91143,02790,2,4
28089000303,28,089,000303,5734,3013,2691,20,5,4,1,3998,2283,1691,19,1,3,1,858.29,1087.46,NA,24940,92619,02790,2,3
28089000304,28,089,000304,3308,1177,2091,35,3,1,1,2232,877,1336,14,3,1,1,479.17,607.1,NA,11100,92619,00900,2,3
28089000305,28,089,000305,7165,20,7115,23,2,5,0,4277,17,4238,16,1,5,0,918.19,1163.34,NA,11100,92619,00900,2,3
28089000306,28,089,000306,3196,1478,1695,5,4,14,0,2200,1205,978,4,3,10,0,472.3,598.4,NA,11100,93357,00900,2,3
28089000307,28,089,000307,1466,326,1135,0,4,1,0,972,273,696,0,2,1,0,208.67,264.38,NA,11100,90405,00900,2,3
28089000308,28,089,000308,1951,1545,390,3,2,11,0,1502,1225,265,1,2,9,0,322.45,408.54,NA,11100,90405,00900,2,3
28089000309,28,089,000309,4742,1232,3494,10,0,6,0,3095,946,2143,4,0,2,0,664.43,841.84,NA,11100,90405,02790,2,3
28089000310,28,089,000310,2117,329,1784,0,0,4,0,1368,259,1106,0,0,3,0,293.68,372.1,NA,NA,93357,02790,2,3
28089030101,28,089,030101,4773,4490,221,36,3,23,0,3343,3154,146,24,3,16,0,717.67,909.3,NA,44520,91881,02790,3,4
28089030102,28,089,030102,7805,6410,1269,81,6,37,2,6269,5144,1037,57,5,24,2,1345.83,1705.17,NA,62520,91881,02790,3,4
28089030103,28,089,030103,4100,3442,569,38,5,46,0,3365,2840,460,28,5,32,0,722.4,915.28,NA,62520,91143,02790,3,4
28091009501,28,091,009501,5708,4336,1315,34,10,13,0,4044,3200,815,20,7,2,0,874.93,1422.85,NA,15340,91152,02820,4,5
28091009502,28,091,009502,3463,2578,850,27,2,1,5,2401,1846,534,17,2,1,1,519.46,844.77,NA,NA,91890,02820,4,5
28091009503,28,091,009503,3575,2245,1285,28,7,10,0,2588,1736,825,15,5,7,0,559.92,910.57,NA,15340,91152,01170,4,5
28091009504,28,091,009504,4305,3194,1075,24,1,10,1,3071,2445,606,14,1,4,1,664.42,1080.51,NA,15340,92628,01170,4,5
28091009505,28,091,009505,4270,2036,2210,16,1,7,0,2771,1431,1326,9,1,4,0,599.51,974.95,NA,15340,93366,02820,4,5
28091009506,28,091,009506,4223,3262,948,8,2,3,0,2883,2294,579,6,2,2,0,623.75,1014.36,NA,NA,92628,02820,4,5
28093009501,28,093,009501,4957,2783,2140,25,5,4,0,3481,2076,1383,15,5,2,0,946.89,744.58,NA,NA,91161,02850,1,2
28093009502,28,093,009502,6660,4231,2357,33,33,6,0,4729,3168,1513,19,27,2,0,1286.37,1011.53,NA,10060,91899,02850,1,2
28093009503,28,093,009503,5436,2762,2636,22,9,6,1,3783,2088,1666,16,9,4,0,1029.04,809.18,NA,33100,90423,01950,1,2
28093009504,28,093,009504,7627,2264,5304,33,4,18,4,5400,1783,3580,16,4,14,3,1468.9,1155.06,NA,33100,93375,01950,1,2
28093009505,28,093,009505,5681,2757,2894,20,8,2,0,3874,2007,1847,10,8,2,0,1053.8,828.65,NA,59720,93375,02850,1,2
28095009501,28,095,009501,5105,4772,318,10,1,2,2,3739,3509,223,5,1,1,0,653.31,989.63,NA,68720,90432,02940,1,2
28095009502,28,095,009502,6971,4631,2299,37,2,2,0,4913,3439,1452,19,2,1,0,858.44,1300.37,NA,50880,93384,03090,1,2
28095009503,28,095,009503,3537,3429,89,13,5,1,0,2728,2661,55,8,3,1,0,476.66,722.04,NA,1260,90432,00450,1,2
28095009504,28,095,009504,4143,2265,1846,20,9,3,0,2978,1754,1209,10,4,1,0,520.34,788.21,NA,1260,91170,00450,1,2
28095009505,28,095,009505,6308,5431,844,23,2,8,0,4561,3994,545,14,1,7,0,796.93,1207.2,NA,180,91908,02940,1,2
28095009506,28,095,009506,3431,1520,1866,40,1,4,0,2329,1098,1201,25,1,4,0,406.94,616.44,NA,180,92646,00360,1,2
28095009507,28,095,009507,3047,1525,1496,19,3,4,0,2037,1170,857,6,2,2,0,355.92,539.15,NA,180,92646,00360,1,2
28095009508,28,095,009508,4040,1748,2263,24,1,4,0,2807,1388,1405,9,1,4,0,490.46,742.95,NA,180,91908,00360,1,2
28097009501,28,097,009501,3043,1667,1368,8,0,0,0,2201,1288,909,4,0,0,0,470.08,692.57,NA,20260,91179,02970,1,2
28097009502,28,097,009502,3025,1962,1045,9,3,6,0,2184,1522,649,7,2,4,0,466.45,687.22,NA,37560,92655,02970,1,2
28097009503,28,097,009503,6320,3274,2995,33,8,10,0,4469,2553,1878,24,7,7,0,954.47,1406.22,NA,80760,91179,04740,1,3
28099009501,28,099,009501,4540,3185,719,13,612,10,1,3149,2322,468,8,341,9,1,475.56,1206.38,47980,7330,91188,03060,3,4
28099009502,28,099,009502,2713,2226,433,10,36,8,0,2013,1675,303,9,22,4,0,304,771.18,47980,56960,93402,03060,3,4
28099009503,28,099,009503,1950,220,17,15,1698,0,0,1088,175,17,5,891,0,0,164.31,416.81,47980,55930,90450,03060,3,4
28099009504,28,099,009504,4004,1885,2017,22,79,1,0,2795,1437,1298,14,45,1,0,422.1,1070.76,NA,56960,93402,03600,3,4
28099009505,28,099,009505,2727,2053,602,17,39,16,0,1960,1594,322,9,24,11,0,296,750.87,NA,56960,92664,03600,3,4
28099009506,28,099,009506,4438,3780,142,20,496,0,0,3216,2844,88,10,274,0,0,485.68,1232.05,47980,74675,91926,03060,3,4
28099009507,28,099,009507,4428,3539,672,7,210,0,0,3174,2625,424,6,119,0,0,479.34,1215.95,47980,55930,92664,03060,3,4
28101009501,28,101,009501,3246,2950,286,8,1,1,0,2402,2185,211,4,1,1,0,364.16,944.54,NA,75360,91197,03150,3,4
28101009502,28,101,009502,3248,2541,668,25,12,2,0,2418,1961,430,17,8,2,0,366.59,950.83,NA,75360,91935,04380,3,4
28101009503,28,101,009503,5532,3382,1407,33,704,1,5,3964,2606,958,24,374,1,1,600.97,1558.76,47980,15540,91935,03150,3,4
28101009504,28,101,009504,4359,2795,1551,9,2,0,2,3123,2104,1010,5,2,0,2,473.47,1228.05,NA,31980,93411,03150,3,4
28101009505,28,101,009505,3906,1975,1914,10,4,2,1,2802,1571,1220,6,2,2,1,424.81,1101.83,NA,51720,92673,03180,3,4
28103009501,28,103,009501,6097,1651,4426,11,8,1,0,3927,1163,2751,6,6,1,0,1329.25,938.43,NA,67640,92682,03300,3,4
28103009502,28,103,009502,4090,1316,2727,10,32,5,0,2746,1022,1696,4,20,4,0,929.49,656.21,NA,8980,93420,03300,3,4
28103009503,28,103,009503,2417,985,1422,6,4,0,0,1667,822,840,3,2,0,0,564.26,398.36,NA,44240,91944,03300,3,4
28105009501,28,105,009501,3178,918,2244,10,1,4,1,2224,754,1456,10,1,2,1,420.73,577.31,NA,70240,91215,03420,3,4
28105009502,28,105,009502,4033,2627,1368,25,3,10,0,2830,1957,847,16,2,8,0,535.37,734.62,NA,42980,91953,03420,3,4
28105009503,28,105,009503,3273,1201,2020,16,5,31,0,2207,971,1200,12,3,21,0,417.51,572.9,NA,70240,91953,04140,3,4
28105009504,28,105,009504,11138,8141,2041,206,12,727,11,9996,7544,1685,162,12,587,6,1891.01,2594.8,NA,70240,91215,04140,3,4
28105009505,28,105,009505,4191,3047,1069,22,1,52,0,3244,2461,722,17,1,43,0,613.69,842.09,NA,70240,90477,04140,3,4
28105009506,28,105,009506,6179,4763,1246,23,3,144,0,4790,3927,733,18,1,111,0,906.16,1243.4,NA,70240,92691,04140,3,4
28105009507,28,105,009507,6383,3174,3143,28,4,34,0,4422,2398,1984,17,4,19,0,836.54,1147.88,NA,71320,92691,03420,3,4
28107009501,28,107,009501,7210,2497,4628,66,7,12,0,4735,1908,2782,37,3,5,0,1263.58,1261.72,NA,15500,91224,03210,2,3
28107009502,28,107,009502,3076,1218,1836,13,4,5,0,2101,1000,1088,7,2,4,0,560.67,559.85,NA,65560,91224,03210,1,2
28107009503,28,107,009503,4108,2398,1687,14,6,3,0,2865,1859,993,6,5,2,0,764.55,763.43,NA,3620,90486,03210,1,2
28107009504,28,107,009504,3637,2400,1215,8,12,1,1,2553,1805,736,7,5,0,0,681.29,680.29,NA,3620,92700,04050,1,2
28107009505,28,107,009505,5915,2978,2909,27,0,1,0,3930,2148,1760,21,0,1,0,1048.76,1047.22,NA,15980,91962,04050,1,2
28107009506,28,107,009506,6050,3835,2177,25,2,11,0,4250,2931,1296,15,2,6,0,1134.15,1132.49,NA,3620,93438,04050,1,2
28109009501,28,109,009501,3564,3492,32,21,7,12,0,2561,2519,19,13,3,7,0,325.64,940.62,NA,42640,90495,03720,5,1
28109009502,28,109,009502,3938,3260,629,39,6,4,0,2789,2358,398,26,6,1,0,354.63,1024.36,NA,59480,91233,03720,5,1
28109009503,28,109,009503,2886,2266,592,19,5,4,0,2168,1764,385,13,2,4,0,275.67,796.27,NA,59480,90495,03720,5,1
28109009504,28,109,009504,8979,8039,807,75,45,11,2,6290,5666,538,50,25,11,0,799.8,2310.22,NA,57160,92709,03630,5,1
28109009505,28,109,009505,7938,7664,143,70,36,25,0,5748,5590,80,38,22,18,0,730.88,2111.15,NA,57160,93447,03540,5,1
28109009506,28,109,009506,4396,3556,787,37,13,3,0,3247,2679,530,24,11,3,0,412.87,1192.57,NA,57160,91971,03630,5,1
28109009507,28,109,009507,7013,4393,2532,39,29,20,0,4707,3151,1502,26,17,11,0,598.51,1728.81,NA,57160,92709,03630,5,1
28111009501,28,111,009501,7281,5933,1254,34,54,5,1,5092,4264,777,21,27,2,1,935.13,2075.02,NA,62480,91242,03570,5,1
28111009502,28,111,009502,3584,2367,1193,12,12,0,0,2368,1655,701,4,8,0,0,434.87,964.98,NA,4500,93456,03570,5,1
28113009501,28,113,009501,6445,4655,1748,24,2,13,3,4590,3443,1126,14,2,5,0,1127.92,1413.99,NA,43280,91989,03240,4,5
28113009502,28,113,009502,4282,2460,1803,13,5,1,0,3042,1855,1177,5,4,1,0,747.52,937.12,NA,71480,92727,02880,4,5
28113009503,28,113,009503,5319,1245,4048,20,4,2,0,3603,999,2588,13,1,2,0,885.38,1109.94,NA,43280,90513,02880,4,5
28113009504,28,113,009504,2828,2372,433,14,2,7,0,2252,1932,300,11,2,7,0,553.39,693.75,NA,43280,92727,02880,4,5
28113009505,28,113,009505,6924,4024,2838,42,3,17,0,4808,3056,1716,27,1,8,0,1181.49,1481.15,NA,43280,93465,02880,4,5
28113009506,28,113,009506,6915,3040,3824,41,7,3,0,4649,2222,2397,25,3,2,0,1142.42,1432.17,NA,44680,91251,04080,4,5
28113009507,28,113,009507,4169,2030,2116,19,3,1,0,2840,1529,1295,13,2,1,0,697.88,874.89,NA,54640,93465,04080,4,5
28115009501,28,115,009501,6545,5110,1398,16,9,12,0,4760,3818,914,11,7,10,0,764.11,1486.23,NA,67200,90522,03660,1,2
28115009502,28,115,009502,3406,3275,106,9,12,4,0,2491,2405,70,6,8,2,0,399.88,777.77,NA,72760,91260,03660,1,2
28115009503,28,115,009503,4670,3865,775,13,8,9,0,3465,2918,528,7,6,6,0,556.23,1081.89,NA,59160,93474,03690,1,2
28115009504,28,115,009504,3644,3029,592,21,0,2,0,2647,2261,371,13,0,2,0,424.92,826.48,NA,820,92736,03660,1,2
28115009505,28,115,009505,3972,3594,364,6,3,5,0,2846,2592,244,6,3,1,0,456.86,888.62,NA,820,91998,03660,1,2
28117009501,28,117,009501,5219,5119,81,10,5,4,0,3822,3752,61,5,3,1,0,699.78,1014.7,NA,7780,93483,03750,1,2
28117009502,28,117,009502,5553,4973,546,31,2,1,0,4048,3672,350,24,2,0,0,741.16,1074.7,NA,7780,91269,03750,1,2
28117009503,28,117,009503,6193,5002,1138,26,15,11,1,4823,3986,796,20,12,9,0,883.05,1280.45,NA,7780,90531,00820,1,2
28117009504,28,117,009504,4412,4118,268,24,1,1,0,3240,3051,175,13,1,0,0,593.22,860.19,NA,45120,92745,03750,1,2
28117009505,28,117,009505,1901,1185,706,3,1,6,0,1337,898,434,2,1,2,0,244.79,354.96,NA,2700,92007,00540,1,2
28119009501,28,119,009501,2855,856,1984,10,1,4,0,1919,690,1217,9,0,3,0,662.45,549.81,NA,68400,90540,03810,2,3
28119009502,28,119,009502,2576,866,1689,4,5,12,0,1781,686,1078,3,3,11,0,614.81,510.27,NA,45240,92016,03810,2,3
28119009503,28,119,009503,5059,2497,2516,34,10,2,0,3319,1855,1439,17,6,2,0,1145.74,950.92,NA,39080,93492,03810,2,3
28121000201,28,121,000201,8397,5798,2560,23,2,13,1,5894,4241,1628,15,2,7,1,613.15,2273.33,NA,56200,92763,03830,3,4
28121000205,28,121,000205,2576,1158,1383,22,6,7,0,2478,1093,1353,22,6,4,0,257.79,955.77,NA,55760,92025,03830,3,4
28121000206,28,121,000206,4616,2840,1750,12,4,10,0,3219,2079,1121,9,4,6,0,334.87,1241.58,NA,55760,92025,03520,3,4
28121000208,28,121,000208,8260,6628,1553,57,5,17,0,5810,4729,1030,34,5,12,0,604.41,2240.93,NA,8300,93501,03830,3,4
28121000209,28,121,000209,5463,4175,1258,27,0,2,1,3896,3067,814,12,0,2,1,405.3,1502.7,NA,60360,92025,03830,4,4
28121000210,28,121,000210,12544,10020,2449,49,8,18,0,8948,7256,1646,32,6,8,0,930.86,3451.26,NA,24980,90549,03830,4,4
28121020201,28,121,020201,7600,6890,560,67,11,72,0,5457,4986,378,39,6,48,0,567.69,2104.78,NA,25100,91287,03830,3,4
28121020202,28,121,020202,5278,4433,755,53,6,31,0,3529,2997,476,31,5,20,0,367.12,1361.14,NA,25100,91287,03830,3,4
28121020203,28,121,020203,6333,5953,309,32,2,36,1,4531,4294,196,21,0,19,1,471.36,1747.62,NA,8300,92763,03830,3,4
28121020204,28,121,020204,4045,3635,378,17,4,5,6,3143,2860,261,11,4,4,3,326.96,1212.26,NA,55760,91287,03830,3,4
28121020301,28,121,020301,2820,2625,173,13,2,7,0,1986,1909,61,9,2,5,0,206.6,766,NA,55760,91287,03520,3,4
28121020302,28,121,020302,2636,2188,420,17,1,10,0,2036,1730,284,12,1,9,0,211.8,785.29,NA,25100,91287,03830,3,4
28121020401,28,121,020401,3462,3374,51,10,5,21,1,2501,2438,37,8,4,14,0,260.18,964.64,NA,62400,90549,03830,3,4
28121020402,28,121,020402,4056,3229,800,21,4,1,1,2994,2454,522,15,2,1,0,311.46,1154.79,NA,62400,90549,03830,3,4
28121020701,28,121,020701,1464,1424,22,15,2,1,0,1059,1030,16,10,2,1,0,110.17,408.46,NA,55760,92025,03520,3,4
28121020702,28,121,020702,7611,7313,152,85,8,53,0,5578,5363,109,61,6,39,0,580.28,2151.45,NA,55760,93501,03520,3,4
28123009501,28,123,009501,5153,3243,1848,12,49,1,0,3560,2387,1133,10,29,1,0,655.51,1181.53,NA,66280,93510,03900,3,4
28123009502,28,123,009502,4012,1998,2002,11,1,0,0,2811,1478,1324,8,1,0,0,517.6,932.94,NA,NA,92772,03900,3,4
28123009503,28,123,009503,4099,3518,537,39,1,4,0,2983,2582,368,29,1,3,0,549.27,990.03,NA,49080,92034,03900,3,4
28123009504,28,123,009504,3138,1927,1149,50,4,8,0,2197,1441,720,27,4,5,0,404.54,729.16,NA,49080,92772,03900,3,4
28123009505,28,123,009505,4676,2334,2312,19,0,10,1,3168,1777,1374,11,0,5,1,583.33,1051.43,NA,25340,91296,01470,3,4
28123009506,28,123,009506,3059,1747,1301,10,1,0,0,2133,1310,819,3,1,0,0,392.75,707.92,NA,38600,91296,03900,3,4
28125009501,28,125,009501,4642,1442,3140,42,6,12,0,2898,1052,1808,23,3,12,0,939.19,794.55,NA,1500,92781,00480,2,3
28125009502,28,125,009502,2424,895,1513,6,1,9,0,1570,664,895,3,0,8,0,508.81,430.45,NA,63560,92043,03960,2,3
28127009501,28,127,009501,4552,2972,1550,15,13,2,0,3086,2143,925,8,8,2,0,555.44,1046.11,NA,46600,90576,03990,4,5
28127009502,28,127,009502,3332,2361,959,4,3,5,0,2475,1838,628,3,3,3,0,445.46,838.99,NA,46600,92052,03990,4,5
28127009503,28,127,009503,5036,3511,1504,11,9,1,0,3472,2552,911,5,4,0,0,624.91,1176.96,NA,8460,93528,03990,4,5
28127009504,28,127,009504,6754,4164,2550,16,16,8,0,4817,3170,1618,9,14,6,0,866.99,1632.89,NA,44600,92790,03990,4,5
28127009505,28,127,009505,4279,3078,1169,21,5,6,0,3018,2303,695,12,3,5,0,543.2,1023.06,NA,44600,92790,03990,4,5
28129009501,28,129,009501,4572,3361,1183,17,6,5,0,3278,2523,737,11,4,3,0,500.9,1496.83,NA,60840,93537,04020,3,4
28129009502,28,129,009502,5503,4686,770,41,4,2,0,3994,3500,470,19,3,2,0,610.31,1823.78,NA,48240,92061,04020,3,4
28129009503,28,129,009503,4723,3409,1284,23,6,0,1,3323,2521,787,11,4,0,0,507.78,1517.38,NA,72400,91323,04020,3,4
28131000201,28,131,000201,3407,2432,961,13,1,0,0,2418,1832,576,9,1,0,0,413.59,941.66,NA,80160,90594,04170,5,1
28131000202,28,131,000202,7343,5894,1374,41,19,14,1,5270,4337,880,25,13,14,1,901.41,2052.34,NA,80160,92808,04170,5,1
28133009501,28,133,009501,7597,3096,4448,37,4,10,2,5921,2525,3357,23,4,10,2,1383.73,1536.1,NA,20020,93555,01350,2,3
28133009502,28,133,009502,5326,1940,3327,31,4,24,0,3589,1549,2000,18,2,20,0,838.75,931.1,NA,64200,92817,04200,2,3
28133009503,28,133,009503,3056,1088,1953,10,1,4,0,1904,798,1096,5,1,4,0,444.96,493.96,NA,71600,92079,04200,2,3
28133009504,28,133,009504,10167,3715,6365,53,9,22,3,6742,2843,3842,34,7,16,0,1575.6,1749.1,NA,34740,92079,02070,2,3
28133009505,28,133,009505,3318,861,2425,14,3,13,2,2168,728,1416,8,3,12,1,506.66,562.45,NA,48760,90603,04200,2,3
28133009506,28,133,009506,3403,856,2483,39,7,17,1,2098,657,1394,30,3,13,1,490.3,544.29,NA,35020,90603,04200,2,3
28135009501,28,135,009501,4329,2548,1740,37,4,0,0,2987,1926,1033,24,4,0,0,822.33,811.46,NA,12900,90612,01410,1,2
28135009502,28,135,009502,2984,1114,1846,5,7,12,0,2094,879,1196,3,6,10,0,576.48,568.86,NA,12900,91350,01410,1,2
28135009503,28,135,009503,4025,1330,2654,9,1,31,0,2605,1029,1548,4,1,23,0,717.16,707.68,NA,75040,93564,04650,2,3
28135009504,28,135,009504,3872,1243,2596,31,2,0,0,2481,959,1503,17,2,0,0,683.03,674,NA,27660,92826,04650,2,3
28137009501,28,137,009501,4239,2756,1448,27,4,4,0,2923,2011,889,16,4,3,0,560.68,871.69,NA,NA,93573,04230,1,2
28137009502,28,137,009502,5195,3477,1676,29,3,10,0,3594,2556,1007,23,3,5,0,689.38,1071.79,NA,NA,92835,04230,1,2
28137009503,28,137,009503,7151,4246,2841,36,21,7,0,5008,3162,1794,28,17,7,0,960.61,1493.47,NA,14900,91359,04230,1,2
28137009504,28,137,009504,4847,3409,1396,29,8,5,0,3625,2675,923,18,5,4,0,695.33,1081.04,NA,66440,90621,03930,1,2
28139009501,28,139,009501,4297,3791,484,19,2,1,0,3144,2807,324,10,2,1,0,561.99,918.77,NA,77480,90630,03270,1,2
28139009502,28,139,009502,5613,4661,940,5,2,2,3,4031,3441,581,5,2,2,0,720.54,1177.98,NA,62600,91368,04110,1,2
28139009503,28,139,009503,3027,2385,614,14,4,10,0,2330,1886,429,9,1,5,0,416.49,680.9,NA,62600,93582,04110,1,2
28139009504,28,139,009504,6586,5369,1183,26,4,4,0,4744,3986,737,16,2,3,0,847.99,1386.34,NA,7060,92106,04110,1,2
28141009501,28,141,009501,2734,2714,0,19,1,0,0,2131,2117,0,13,1,0,0,492.06,565.87,NA,9820,90639,02130,1,2
28141009502,28,141,009502,2588,2377,199,6,3,3,0,1984,1849,129,3,2,1,0,458.12,526.83,NA,35300,90639,02130,1,2
28141009503,28,141,009503,5677,5550,90,18,12,7,0,4256,4172,63,11,7,3,0,982.74,1130.15,NA,9820,91377,04260,1,2
28141009504,28,141,009504,6684,6326,339,13,2,3,1,5141,4890,239,8,2,1,1,1187.09,1365.15,NA,5100,92853,04260,1,2
28143009501,28,143,009501,3793,678,3063,50,0,0,2,2323,518,1775,28,0,0,2,730.71,527.1,NA,NA,90648,04290,2,3
28143009502,28,143,009502,4371,1308,3026,31,2,4,0,2754,1009,1723,17,2,3,0,866.29,624.9,NA,74760,92862,04290,2,3
28145009501,28,145,009501,3759,3564,175,10,0,9,1,2778,2637,128,8,0,5,0,517.45,1014.38,NA,51000,93609,03120,1,2
28145009502,28,145,009502,3547,3321,204,20,2,0,0,2599,2446,140,11,2,0,0,484.1,949.02,NA,50280,90657,04350,1,2
28145009503,28,145,009503,3549,2640,882,19,0,8,0,2595,2041,536,13,0,5,0,483.36,947.56,NA,51000,90657,03120,1,2
28145009504,28,145,009504,4025,2744,1252,24,1,4,0,2992,2127,849,13,1,2,0,557.31,1092.52,NA,51000,93609,03120,1,2
28145009505,28,145,009505,4367,3967,375,17,4,4,0,3212,2939,256,11,3,3,0,598.28,1172.85,NA,7100,92871,04350,1,2
28145009506,28,145,009506,2838,2508,314,13,2,0,1,2075,1866,193,13,2,0,1,386.5,757.68,NA,NA,91395,04350,1,2
28147009501,28,147,009501,6155,3407,2716,12,10,10,0,4216,2534,1659,9,7,7,0,1007.94,1345.07,NA,75160,92880,04440,4,5
28147009502,28,147,009502,1996,1229,750,1,1,15,0,1404,961,430,1,1,11,0,335.66,447.93,NA,75160,91404,04440,4,5
28147009503,28,147,009503,6201,3580,2578,37,4,2,0,4197,2640,1521,33,3,0,0,1003.4,1339,NA,75160,92142,04440,4,5
28149009501,28,149,009501,4947,2772,2145,26,2,2,0,3435,2047,1368,18,2,0,0,770.5,1177.8,NA,NA,90675,04470,2,3
28149009502,28,149,009502,5264,1190,4022,33,4,15,0,3438,976,2429,21,2,10,0,771.18,1178.83,NA,76720,91413,04470,2,3
28149009503,28,149,009503,3367,813,2536,8,1,6,3,2369,743,1614,5,1,6,0,531.39,812.29,NA,76720,91413,04470,2,3
28149009504,28,149,009504,3933,945,2970,10,4,3,1,2894,814,2069,8,2,1,0,649.15,992.3,NA,76720,92151,04470,2,3
28149009505,28,149,009505,2077,1582,473,12,0,10,0,1517,1200,304,7,0,6,0,340.28,520.15,NA,76720,92151,04470,2,3
28149009506,28,149,009506,4970,3816,1086,26,5,35,2,3565,2870,650,16,5,24,0,799.66,1222.37,NA,76720,93627,04470,2,3
28149009507,28,149,009507,3007,1331,1653,17,1,5,0,2177,1111,1050,12,1,3,0,488.32,746.45,NA,76720,92889,04470,2,3
28149009508,28,149,009508,3680,2775,878,14,3,10,0,2792,2218,552,11,3,8,0,626.27,957.33,NA,76720,92889,04470,2,3
28149009509,28,149,009509,7256,5954,1197,45,2,58,0,5052,4219,768,27,2,36,0,1133.21,1732.24,NA,76720,90675,04470,2,3
28149009510,28,149,009510,575,403,158,10,4,0,0,423,312,100,7,4,0,0,94.88,145.04,NA,NA,91413,04470,2,3
28149009511,28,149,009511,8799,7157,1491,53,18,79,1,5916,4903,913,34,15,50,1,1327.02,2028.49,NA,NA,92889,04470,2,3
28149951099,28,149,951099,5,5,0,0,0,0,0,5,5,0,0,0,0,0,1.12,1.71,NA,NA,91413,04470,2,3
28151000001,28,151,000001,729,345,370,13,0,1,0,488,238,239,10,0,1,0,101.78,131.89,NA,NA,92898,02610,2,3
28151000002,28,151,000002,2553,829,1700,13,2,0,9,1735,652,1066,10,2,0,5,361.85,468.91,NA,46880,92160,04680,2,3
28151000003,28,151,000003,4924,1445,3438,29,1,8,3,3085,1095,1956,22,1,8,3,643.41,833.76,NA,29180,92160,01620,2,3
28151000004,28,151,000004,5471,165,5255,35,5,11,0,3369,136,3204,19,4,6,0,702.64,910.52,NA,29180,92160,01620,2,3
28151000005,28,151,000005,507,49,456,1,1,0,0,371,47,322,1,1,0,0,77.38,100.27,NA,29180,92160,01620,2,3
28151000006,28,151,000006,4874,226,4601,24,1,22,0,2992,174,2785,13,1,19,0,624.01,808.63,NA,29180,92160,01620,2,3
28151000007,28,151,000007,7594,6915,579,31,5,64,0,5524,5132,308,26,5,53,0,1152.08,1492.94,NA,29180,92160,01620,2,3
28151000008,28,151,000008,3748,2816,838,41,8,45,0,2468,1949,462,20,3,34,0,514.73,667.01,NA,29180,90684,04680,2,3
28151000009,28,151,000009,3064,2502,521,31,6,4,0,2313,1968,317,21,5,2,0,482.4,625.12,NA,29180,91422,01620,2,3
28151000010,28,151,000010,2346,509,1821,10,1,5,0,1514,457,1049,4,0,4,0,315.76,409.18,NA,29180,90684,01620,2,3
28151000011,28,151,000011,3078,106,2923,30,4,15,0,1913,91,1792,14,4,12,0,398.97,517.01,NA,29180,91422,01620,2,3
28151000012,28,151,000012,3810,103,3693,4,4,5,1,2575,101,2465,3,2,4,0,537.04,695.93,NA,29180,93636,01620,2,3
28151000013,28,151,000013,3504,811,2653,39,1,0,0,1991,556,1414,20,1,0,0,415.24,538.09,NA,29180,92898,01620,2,3
28151000014,28,151,000014,4286,3707,545,20,5,9,0,3209,2891,291,13,5,9,0,669.27,867.28,NA,29180,93636,01620,2,3
28151000015,28,151,000015,1185,870,308,3,1,3,0,808,613,189,3,1,2,0,168.52,218.37,NA,40280,91422,02610,2,3
28151000016,28,151,000016,2711,1026,1665,10,2,8,0,1791,769,1007,6,1,8,0,373.53,484.04,NA,40280,92898,02610,2,3
28151000017,28,151,000017,3925,1566,2342,15,1,1,0,2509,1112,1387,8,1,1,0,523.28,678.09,NA,40280,92898,02610,2,3
28151000018,28,151,000018,531,273,252,6,0,0,0,343,174,165,4,0,0,0,71.54,92.7,NA,NA,93636,02610,2,3
28151000019,28,151,000019,1576,492,1065,7,1,11,0,1014,365,634,5,1,9,0,211.48,274.05,NA,1820,93636,01890,2,3
28151000020,28,151,000020,3660,884,2753,7,0,16,0,2320,677,1625,4,0,14,0,483.86,627.01,NA,32900,93636,01890,2,3
28151000021,28,151,000021,2623,1975,601,31,4,12,0,1742,1336,376,22,1,7,0,363.31,470.8,NA,NA,91422,04680,2,3
28151000022,28,151,000022,1236,560,656,16,0,4,0,834,415,406,11,0,2,0,173.94,225.4,NA,NA,90684,04680,2,3
28151000499,28,151,000499,0,0,0,0,0,0,0,0,0,0,0,0,0,0,0,0,NA,NA,92160,01620,2,3
28153009501,28,153,009501,4675,2420,2218,26,3,6,2,3111,1710,1371,22,2,4,2,662.07,1099.28,NA,78360,91431,04530,5,1
28153009502,28,153,009502,5640,2807,2796,17,3,17,0,3817,2130,1662,8,3,14,0,812.32,1348.75,NA,78360,92169,04530,5,1
28153009503,28,153,009503,4510,3732,759,16,3,0,0,3228,2734,479,12,3,0,0,686.97,1140.62,NA,NA,92907,04530,5,1
28153009504,28,153,009504,4692,3510,1147,16,10,9,0,3264,2549,696,8,7,4,0,694.63,1153.34,NA,70320,90693,04530,5,1
28155009501,28,155,009501,4090,3368,684,27,2,8,1,3012,2571,415,18,1,6,1,593.21,1298.86,NA,45720,92916,04560,1,2
28155009502,28,155,009502,4072,3291,749,30,0,2,0,3002,2485,497,18,0,2,0,591.24,1294.55,NA,23420,91440,04560,1,2
28155009503,28,155,009503,2060,1255,805,0,0,0,0,1460,994,466,0,0,0,0,287.55,629.59,NA,23420,90702,04560,1,2
28157009501,28,157,009501,4289,1774,2480,21,12,0,2,2981,1372,1583,15,9,0,2,1101.43,763.96,NA,12740,92187,04710,4,5
28157009502,28,157,009502,5389,1329,4031,24,3,2,0,3750,1014,2713,18,3,2,0,1385.57,961.04,NA,81120,91449,04710,4,5
28159009501,28,159,009501,3187,2169,972,6,38,2,0,2266,1629,615,4,18,0,0,569.68,751.04,NA,42280,92196,02700,3,4
28159009502,28,159,009502,4065,2085,1966,8,5,1,0,2891,1619,1264,3,4,1,0,726.81,958.19,NA,42280,92934,02700,3,4
28159009503,28,159,009503,4081,1640,2410,18,2,11,0,2759,1321,1417,12,2,7,0,693.62,914.44,NA,42280,90720,02700,3,4
28159009504,28,159,009504,4195,2642,1525,20,7,1,0,2976,2029,930,14,2,1,0,748.18,986.36,47980,42280,90720,02700,3,4
28159009505,28,159,009505,3905,2585,1191,18,110,1,0,2827,1997,768,10,52,0,0,710.72,936.98,47980,52880,91458,02700,3,4
28161009501,28,161,009501,3427,2222,1189,12,2,2,0,2523,1735,778,7,2,1,0,624.42,822.86,NA,14740,93681,01140,1,2
28161009502,28,161,009502,4376,2760,1583,19,8,6,0,3159,2150,991,9,6,3,0,781.83,1030.29,NA,78000,90729,04500,1,2
28161009503,28,161,009503,4230,2466,1740,22,0,2,0,2989,1873,1097,17,0,2,0,739.75,974.85,NA,53200,92943,01140,1,2
28163009501,28,163,009501,4200,2042,2150,7,0,1,0,2871,1522,1343,5,0,1,0,835.59,982.55,NA,81520,91476,04800,2,3
28163009502,28,163,009502,4222,2141,2044,21,1,15,0,2823,1612,1185,15,1,10,0,821.62,966.12,NA,81520,91476,04770,2,3
28163009503,28,163,009503,4259,1845,2361,21,5,27,0,2924,1454,1426,19,3,22,0,851.02,1000.69,NA,81520,92952,04770,2,3
28163009504,28,163,009504,2406,1495,888,22,1,0,0,1655,1092,548,14,1,0,0,481.68,566.39,NA,65680,90738,04800,2,3
28163009505,28,163,009505,5148,747,4360,23,13,5,0,3243,583,2637,13,7,3,0,943.86,1109.86,NA,81520,92214,04770,2,3
28163009506,28,163,009506,5271,3653,1598,9,10,1,0,3715,2674,1029,4,8,0,0,1081.23,1271.39,NA,5380,90738,04800,2,3
