GEOID,state,county,tract,pop,pop_white,pop_black,pop_hisp,pop_aian,pop_asian,pop_other,vap,vap_white,vap_black,vap_hisp,vap_aian,vap_asian,vap_other,ndv,nrv,ai_an_nh,place,mcd,school_elm,school,cd_1980,cd_1990
45001009501,45,001,009501,3165,2627,516,14,6,2,0,2341,1978,352,4,6,1,0,378.72,426.21,NA,19870,90897,NA,00690,4,3
45001009502,45,001,009502,3499,2509,948,30,3,8,1,2745,1994,722,19,3,7,0,444.08,499.77,NA,21040,90910,NA,00690,4,3
45001009503,45,001,009503,2565,2122,435,2,1,5,0,1986,1666,312,2,1,5,0,321.29,361.58,NA,42820,90091,NA,00690,4,3
45001009504,45,001,009504,5811,4135,1644,12,1,18,1,4203,3071,1108,11,1,12,0,679.96,765.22,NA,100,90013,NA,00690,4,3
45001009505,45,001,009505,5533,2973,2534,17,0,8,1,4046,2364,1665,11,0,6,0,654.56,736.63,NA,100,90013,NA,00690,4,3
45001009506,45,001,009506,3289,1829,1422,23,6,9,0,2376,1429,922,16,4,5,0,384.39,432.59,NA,10720,90455,NA,00690,4,3
45003000201,45,003,000201,3097,2122,956,10,8,1,0,2246,1594,637,7,7,1,0,248.3,539.61,NA,47320,92223,NA,00720,4,3
45003000202,45,003,000202,3902,2992,873,17,17,2,1,2803,2166,614,10,11,2,0,309.88,673.43,NA,NA,91001,NA,00720,4,2
45003000203,45,003,000203,6414,4166,2181,44,3,16,4,4707,3221,1440,29,3,13,1,520.37,1130.87,NA,550,90026,NA,00720,4,3
45003000204,45,003,000204,3867,2748,1096,11,4,8,0,2693,2001,674,9,4,5,0,297.72,647,NA,550,90026,NA,00720,4,3
45003000205,45,003,000205,2910,2372,495,18,4,21,0,1993,1636,331,10,3,13,0,166.64,477.83,NA,50695,92418,NA,00720,4,3
45003000206,45,003,000206,7166,5647,1410,40,17,51,1,5106,4125,900,29,14,38,0,426.93,1224.18,NA,5410,92418,NA,00720,4,3
45003000208,45,003,000208,6970,5838,1023,32,10,66,1,5344,4584,674,25,9,52,0,446.83,1281.24,NA,50695,92418,NA,00720,4,3
45003000209,45,003,000209,6146,4205,1900,20,8,13,0,4247,2994,1229,9,4,11,0,355.11,1018.23,NA,50695,90208,NA,00720,4,3
45003000211,45,003,000211,6992,6283,630,52,19,7,1,5142,4737,360,30,9,6,0,429.94,1232.81,NA,29410,92418,NA,00720,4,3
45003000213,45,003,000213,3414,3211,147,22,0,34,0,2745,2600,107,16,0,22,0,303.47,659.49,NA,550,90026,NA,00720,4,3
45003000214,45,003,000214,6784,1355,5380,32,8,7,2,4803,1123,3650,20,4,5,1,530.99,1153.93,NA,550,90026,NA,00720,4,3
45003000215,45,003,000215,5163,4212,832,70,18,31,0,3922,3287,555,42,15,23,0,433.59,942.27,NA,550,90026,NA,00720,4,3
45003000217,45,003,000217,3278,2019,1253,6,0,0,0,2326,1515,809,2,0,0,0,257.15,558.83,NA,74050,93562,NA,00720,4,2
45003000218,45,003,000218,2537,1319,1202,12,1,2,1,1829,1018,799,9,1,1,1,202.2,439.42,NA,63115,92977,NA,00720,4,2
45003000219,45,003,000219,2872,2097,724,41,8,2,0,2016,1493,491,23,7,2,0,222.88,484.35,NA,78190,93744,NA,00720,4,2
45003000220,45,003,000220,7197,4417,2716,43,11,5,5,5097,3221,1836,23,11,4,2,563.49,1224.57,NA,49705,92379,NA,00720,4,3
45003000221,45,003,000221,2843,2303,489,30,18,2,1,2056,1701,323,15,14,2,1,227.3,493.96,NA,36205,91651,NA,00720,4,3
45003000222,45,003,000222,0,0,0,0,0,0,0,0,0,0,0,0,0,0,0,0,NA,36205,91651,NA,99999,4,3
45003020701,45,003,020701,5407,4560,755,40,6,46,0,3904,3380,461,25,4,34,0,326.43,936,NA,50695,92418,NA,00720,4,3
45003020702,45,003,020702,5054,3640,1276,85,7,45,1,3758,2832,821,68,4,33,0,314.22,900.99,NA,50695,92418,NA,00720,4,3
45003021001,45,003,021001,4165,3339,794,20,3,8,1,3058,2507,530,10,2,8,1,255.69,733.17,NA,10270,92418,NA,00720,4,3
45003021002,45,003,021002,5395,4223,1097,55,15,5,0,3973,3192,731,36,10,4,0,332.2,952.54,NA,14860,92418,NA,00720,4,3
45003021201,45,003,021201,5272,4929,219,43,2,79,0,3758,3545,128,31,2,52,0,415.46,902.87,NA,550,90026,NA,00720,4,3
45003021202,45,003,021202,3149,3031,55,29,3,31,0,2499,2429,34,17,2,17,0,276.27,600.39,NA,550,90026,NA,00720,4,3
45003021203,45,003,021203,2487,2302,127,34,6,15,3,1856,1719,92,28,4,13,0,205.19,445.91,NA,550,90026,NA,00720,4,3
45003021601,45,003,021601,4762,3520,1203,30,1,5,3,3405,2576,804,18,1,4,2,376.43,818.06,NA,550,90026,NA,00720,4,2
45003021602,45,003,021602,3697,3280,343,31,16,26,1,2635,2365,223,16,13,17,1,291.31,633.06,NA,550,90026,NA,00720,4,2
45005009701,45,005,009701,566,113,449,4,0,0,0,386,84,299,3,0,0,0,81.66,57.79,NA,NA,92197,NA,00750,4,2
45005009702,45,005,009702,5697,1553,4065,76,2,0,1,3797,1243,2487,64,2,0,1,803.24,568.42,NA,955,90052,NA,00750,4,2
45005009703,45,005,009703,1248,614,573,53,4,0,4,929,498,386,41,1,0,3,196.53,139.07,NA,70900,93367,NA,00750,4,2
45005009704,45,005,009704,4017,1314,2662,28,5,7,1,3035,1076,1923,23,5,7,1,642.04,454.35,NA,24370,91092,NA,00750,4,2
45005970598,45,005,970598,194,4,190,0,0,0,0,116,2,114,0,0,0,0,24.54,17.37,NA,24370,91092,NA,00750,4,2
45007000001,45,007,000001,97,58,31,1,1,6,0,92,58,28,1,1,4,0,6.97,14.81,NA,1360,90065,NA,00900,4,3
45007000002,45,007,000002,3747,3496,205,31,2,10,3,3164,2963,162,25,2,9,3,239.75,509.49,NA,1360,90065,NA,00900,4,3
45007000003,45,007,000003,2057,1908,123,13,5,8,0,1670,1549,103,8,4,6,0,126.54,268.92,NA,1360,90065,NA,00900,4,3
45007000004,45,007,000004,2964,1595,1344,9,3,11,2,2098,1284,802,5,1,6,0,158.97,337.84,NA,1360,90065,NA,00900,4,3
45007000005,45,007,000005,3242,1866,1358,2,5,9,2,2292,1496,785,1,4,5,1,173.67,369.08,NA,1360,90065,NA,00900,4,3
45007000006,45,007,000006,4676,1276,3383,9,4,2,2,3481,1081,2386,7,4,2,1,263.77,560.54,NA,1360,90065,NA,00900,4,3
45007000007,45,007,000007,5979,2582,3362,23,6,6,0,4452,2098,2331,13,6,4,0,337.34,716.9,NA,1360,90065,NA,00900,4,3
45007000008,45,007,000008,2425,2282,130,1,2,10,0,1899,1811,80,0,2,6,0,143.89,305.79,NA,1360,90065,NA,00900,4,3
45007000009,45,007,000009,3197,2302,865,23,2,5,0,2452,1878,552,15,2,5,0,185.8,394.84,NA,1360,90065,NA,00900,4,3
45007000010,45,007,000010,1757,1537,177,22,7,14,0,1416,1252,132,16,4,12,0,107.29,228.02,NA,1360,90065,NA,00900,4,3
45007000011,45,007,000011,4214,3907,250,21,9,27,0,3265,3088,139,14,5,19,0,247.4,525.76,NA,1360,90065,NA,00900,4,3
45007000102,45,007,000102,3486,3381,62,28,4,11,0,2597,2524,40,21,4,8,0,196.78,418.19,NA,56365,90429,NA,00780,4,3
45007000103,45,007,000103,3715,3645,50,17,1,2,0,2807,2756,35,13,1,2,0,212.7,452.01,NA,76345,93718,NA,00780,4,3
45007000105,45,007,000105,3199,2831,343,14,4,6,1,2389,2139,235,9,2,4,0,181.02,384.7,NA,NA,93718,NA,00780,4,3
45007000106,45,007,000106,5496,5033,425,13,3,18,4,4189,3869,294,10,2,13,1,317.41,674.55,NA,51180,92626,NA,00870,4,3
45007000107,45,007,000107,5371,3496,1827,25,12,10,1,4039,2773,1234,16,5,10,1,306.05,650.4,NA,55645,92626,NA,00870,4,3
45007000108,45,007,000108,2979,2653,308,14,1,3,0,2293,2061,221,7,1,3,0,173.75,369.24,NA,NA,92626,NA,00870,4,3
45007000109,45,007,000109,2663,2409,249,2,2,1,0,2073,1899,171,0,2,1,0,178,390,NA,NA,91170,NA,00870,4,3
45007000110,45,007,000110,7097,6846,197,21,19,14,0,5323,5174,115,15,11,8,0,403.34,857.16,NA,12965,90065,NA,00900,4,3
45007000111,45,007,000111,1872,1791,53,5,0,23,0,1544,1484,40,5,0,15,0,116.99,248.63,NA,51180,90065,NA,00900,4,3
45007000112,45,007,000112,5166,4958,182,10,2,14,0,3689,3556,118,7,1,7,0,279.53,594.04,NA,51180,90065,NA,00900,4,3
45007000113,45,007,000113,5369,4131,1206,13,1,15,3,3945,3071,853,11,1,8,1,298.93,635.26,NA,5365,90221,NA,00810,4,3
45007000114,45,007,000114,7443,6024,1395,18,2,4,0,5703,4704,983,12,2,2,0,432.14,918.35,NA,5365,90221,NA,00810,4,3
45007000115,45,007,000115,6068,5166,867,25,3,7,0,4629,3988,618,14,3,6,0,350.75,745.4,NA,34810,91560,NA,00810,4,3
45007000116,45,007,000116,1553,1500,43,9,1,0,0,1181,1144,31,5,1,0,0,89.49,190.17,NA,NA,91560,NA,00810,4,3
45007000117,45,007,000117,5342,4287,1023,13,4,7,8,3993,3275,699,9,3,4,3,302.56,642.99,NA,36160,91638,NA,00840,4,3
45007000118,45,007,000118,3473,3185,251,23,7,5,2,2460,2257,178,18,5,2,0,186.4,396.13,NA,NA,90065,NA,00840,4,3
45007000119,45,007,000119,7881,6680,1134,41,6,19,1,5945,5141,759,31,4,10,0,450.47,957.32,NA,34720,90065,NA,00900,4,3
45007000120,45,007,000120,6806,5598,1151,32,11,14,0,5011,4179,796,19,8,9,0,379.7,806.92,NA,12965,90065,NA,00900,4,3
45007000122,45,007,000122,3860,3269,572,14,1,4,0,2876,2422,441,8,1,4,0,217.92,463.12,NA,68875,93224,NA,00840,4,3
45007010101,45,007,010101,8451,7881,481,35,16,38,0,6056,5671,325,23,9,28,0,458.88,975.19,NA,NA,90429,NA,00780,4,3
45007010102,45,007,010102,3730,3676,37,7,6,4,0,2752,2716,25,5,3,3,0,208.53,443.15,NA,NA,90429,NA,00780,4,3
45007010401,45,007,010401,5580,4723,826,20,7,3,1,4200,3580,598,14,6,2,0,318.25,676.32,NA,77875,93718,NA,00780,4,3
45007010402,45,007,010402,4241,4041,187,5,4,4,0,3141,2997,132,5,4,3,0,238,505.79,NA,77875,93718,NA,00780,4,3
45009009601,45,009,009601,6668,1429,5218,12,8,1,0,4748,1149,3583,8,7,1,0,979.6,868.38,NA,19105,90871,NA,00960,6,6
45009009602,45,009,009602,7011,3234,3729,18,12,18,0,4958,2442,2486,10,10,10,0,1022.93,906.79,NA,3790,90130,NA,00930,6,6
45009009604,45,009,009604,1708,949,755,3,0,1,0,1241,738,500,2,0,1,0,256.04,226.97,NA,23200,91014,NA,00930,6,6
45009960398,45,009,960398,1515,816,654,42,2,0,1,1049,595,421,30,2,0,1,216.43,191.86,NA,52585,92483,NA,00960,6,6
45009960598,45,009,960598,0,0,0,0,0,0,0,0,0,0,0,0,0,0,0,0,NA,NA,92483,NA,00960,4,6
45011009701,45,011,009701,5017,2927,2060,19,6,5,0,3576,2197,1358,12,6,3,0,591.44,907.04,NA,77965,93731,NA,01050,4,2
45011009702,45,011,009702,4254,1488,2754,10,2,0,0,2891,1124,1758,7,2,0,0,478.15,733.3,NA,6490,90286,NA,01020,4,2
45011009703,45,011,009703,3993,2454,1500,28,3,8,0,2702,1825,851,16,3,7,0,446.89,685.36,NA,4060,90143,NA,01080,4,2
45011009705,45,011,009705,2571,1258,1227,78,5,3,0,1778,926,777,68,5,2,0,294.07,450.99,NA,67255,91794,NA,01080,4,2
45011970498,45,011,970498,4458,3294,1136,11,15,1,1,3171,2407,746,5,12,1,0,524.46,804.32,NA,4060,90143,NA,01080,4,2
45011970697,45,011,970697,0,0,0,0,0,0,0,0,0,0,0,0,0,0,0,0,NA,NA,90143,NA,01080,4,2
45011970698,45,011,970698,0,0,0,0,0,0,0,0,0,0,0,0,0,0,0,0,NA,NA,90143,NA,01080,4,2
45013000001,45,013,000001,3194,630,2539,16,0,5,4,2096,469,1617,7,0,3,0,595,177,NA,79450,93107,NA,01110,2,6
45013000002,45,013,000002,4439,1777,2570,52,13,27,0,2827,1262,1502,36,6,21,0,221.61,533.56,NA,40525,90195,NA,01110,2,2
45013000003,45,013,000003,4078,2771,871,278,22,129,7,2122,1490,431,127,12,60,2,166.35,400.5,NA,40525,90195,NA,01110,2,2
45013000004,45,013,000004,936,611,247,46,4,28,0,673,456,166,31,3,17,0,52.76,127.02,NA,NA,90195,NA,01110,2,2
45013000005,45,013,000005,10887,6983,3393,323,41,141,6,7451,4929,2174,201,30,113,4,584.1,1406.28,NA,10360,90195,NA,01110,2,2
45013000006,45,013,000006,2786,1723,949,83,7,23,1,1987,1370,554,42,5,15,1,155.77,375.02,NA,4690,90195,NA,01110,2,2
45013000007,45,013,000007,6189,4165,1803,134,28,57,2,4561,3229,1184,93,18,37,0,357.55,860.83,NA,4690,90195,NA,01110,2,2
45013000008,45,013,000008,4223,2844,1174,118,12,74,1,2986,2112,739,76,7,51,1,234.08,563.57,NA,58030,90195,NA,01110,2,2
45013000009,45,013,000009,5046,3646,1317,59,4,19,1,3736,2810,868,36,4,17,1,814.59,760.26,NA,4690,92925,NA,01110,2,2
45013000010,45,013,000010,7172,4819,1638,556,51,98,10,6638,4469,1530,502,44,83,10,520.37,1252.84,NA,54857,90195,NA,01110,2,2
45013000011,45,013,000011,5468,1275,4087,91,5,9,1,3785,1056,2670,49,4,5,1,825.28,770.23,NA,NA,92925,NA,01110,2,2
45013000012,45,013,000012,1111,1084,5,22,0,0,0,1005,982,5,18,0,0,0,219.13,204.51,NA,34045,92925,NA,01110,2,2
45013000013,45,013,000013,6747,5836,786,94,2,26,3,5444,4829,520,76,2,16,1,426.77,1027.49,NA,34045,90312,NA,01110,2,2
45013000014,45,013,000014,1380,1302,61,9,6,2,0,1200,1148,39,6,5,2,0,94.07,226.49,NA,34045,90312,NA,01110,2,2
45013000015,45,013,000015,2144,1908,170,55,1,10,0,1770,1606,115,40,1,8,0,138.75,334.07,NA,34045,90312,NA,01110,2,2
45013000016,45,013,000016,4897,3670,1121,84,8,14,0,3604,2860,672,57,5,10,0,282.53,680.21,NA,34045,90312,NA,01110,2,2
45013000017,45,013,000017,1671,1617,17,19,8,10,0,1351,1315,11,12,6,7,0,105.91,254.98,NA,34045,90312,NA,01110,2,2
45013000018,45,013,000018,1810,1690,62,30,4,24,0,1574,1481,50,23,4,16,0,123.39,297.07,NA,34045,90312,NA,01110,2,2
45013000019,45,013,000019,3084,2980,39,40,2,23,0,2675,2591,31,31,2,20,0,209.7,504.87,NA,34045,90312,NA,01110,2,2
45013000020,45,013,000020,2249,2231,9,7,1,1,0,1978,1962,9,6,1,0,0,155.06,373.32,NA,34045,90312,NA,01110,2,2
45013000021,45,013,000021,5108,3673,1365,49,12,9,0,3678,2726,904,30,12,6,0,288.33,694.18,NA,7210,90312,NA,01110,2,2
45013000022,45,013,000022,1806,1607,192,3,2,2,0,1466,1343,117,2,2,2,0,114.92,276.69,NA,34045,90312,NA,01110,2,2
45015000202,45,015,000202,6894,1865,4999,23,5,2,0,4605,1360,3224,15,4,2,0,423.59,736.64,NA,62755,92951,NA,01170,5,6
45015000203,45,015,000203,7431,4954,2443,20,7,5,2,5147,3580,1544,16,4,3,0,473.45,823.34,NA,7525,90351,NA,01170,5,1
45015000206,45,015,000206,2584,2038,513,17,11,5,0,1923,1535,361,13,9,5,0,176.89,307.61,NA,NA,92210,NA,01170,5,1
45015000209,45,015,000209,8240,7327,594,178,14,121,6,6269,5654,389,128,13,84,1,576.65,1002.82,NA,32065,91274,NA,01170,2,1
45015000210,45,015,000210,4856,4063,557,139,33,61,3,3786,3194,419,94,25,52,2,348.26,605.63,NA,32065,91274,NA,01170,2,1
45015020198,45,015,020198,5630,2105,3460,50,13,2,0,4033,1651,2334,37,9,2,0,370.98,645.14,NA,NA,90806,NA,01170,5,6
45015020401,45,015,020401,3328,1769,1538,18,1,2,0,2277,1285,977,12,1,2,0,209.45,364.24,NA,36475,90754,NA,01170,5,6
45015020402,45,015,020402,3305,656,2641,5,2,1,0,2106,484,1617,3,2,0,0,193.72,336.89,NA,NA,93614,NA,01170,5,6
45015020501,45,015,020501,7505,4884,2579,24,8,10,0,5360,3589,1739,20,5,7,0,493.04,857.42,NA,47275,92210,NA,01170,5,1
45015020502,45,015,020502,5430,3386,1944,61,16,17,6,3567,2355,1147,37,11,11,6,328.11,570.6,NA,47275,92210,NA,01170,5,1
45015020701,45,015,020701,7039,5818,1050,73,32,66,0,4941,4142,677,54,26,42,0,454.5,790.39,NA,70270,91274,NA,01170,5,1
45015020703,45,015,020703,10992,8259,1713,687,60,259,14,5627,4282,864,313,29,135,4,517.6,900.13,NA,29815,91274,NA,01170,2,1
45015020704,45,015,020704,18019,15497,1748,368,71,331,4,11609,10117,1023,198,44,225,2,1067.85,1857.04,NA,39220,91274,NA,01170,2,1
45015020705,45,015,020705,5511,4877,340,140,9,144,1,3663,3272,208,77,8,98,0,336.94,585.95,NA,29815,91274,NA,01170,2,1
45015020706,45,015,020706,6150,5507,421,114,20,88,0,4357,3953,272,69,15,48,0,400.78,696.97,NA,29815,91274,NA,01170,2,1
45015020707,45,015,020707,3991,3042,790,57,12,89,1,2723,2111,492,41,11,67,1,250.48,435.59,NA,29815,91274,NA,01170,5,1
45015020801,45,015,020801,10265,7363,1717,383,22,774,6,7241,5302,1138,251,16,530,4,666.06,1158.31,NA,32065,91274,NA,01170,2,1
45015020802,45,015,020802,6125,4596,1083,118,11,317,0,4161,3195,652,76,7,231,0,382.75,665.62,NA,29815,91274,NA,01170,2,1
45015020803,45,015,020803,5481,4454,779,124,27,97,0,3630,3012,451,80,20,67,0,333.91,580.67,NA,29815,91274,NA,01170,2,1
45017009501,45,017,009501,3691,2293,1374,17,6,1,0,2650,1747,882,14,6,1,0,521.89,650.65,NA,NA,93029,NA,01250,6,2
45017009502,45,017,009502,5676,2364,3286,20,5,1,0,4090,1831,2239,15,4,1,0,805.49,1004.21,NA,62620,92938,NA,01250,6,2
45017009503,45,017,009503,1030,384,645,0,0,1,0,768,315,452,0,0,1,0,151.25,188.57,NA,NA,91196,NA,01250,6,6
45017950498,45,017,950498,2356,1093,1260,2,1,0,0,1774,887,884,2,1,0,0,349.37,435.57,NA,10900,90481,NA,01250,6,6
45019000001,45,019,000001,2637,2297,311,17,0,12,0,2083,1903,155,16,0,9,0,211.58,298.34,NA,13330,90572,NA,01440,2,1
45019000002,45,019,000002,1800,1785,2,7,0,6,0,1528,1516,2,4,0,6,0,155.2,218.85,NA,13330,90572,NA,01440,2,1
45019000003,45,019,000003,478,465,8,2,1,2,0,422,411,6,2,1,2,0,42.86,60.44,NA,13330,90572,NA,01440,2,1
45019000004,45,019,000004,3843,3242,546,24,2,29,0,3657,3179,423,24,2,29,0,371.45,523.79,NA,13330,90572,NA,01440,2,1
45019000005,45,019,000005,1973,1895,47,16,1,14,0,1722,1655,37,15,1,14,0,174.91,246.64,NA,13330,90572,NA,01440,2,1
45019000006,45,019,000006,1438,898,458,14,0,68,0,1312,853,382,14,0,63,0,133.26,187.92,NA,13330,90572,NA,01440,2,1
45019000007,45,019,000007,2307,1301,987,14,0,3,2,2046,1267,764,10,0,3,2,207.82,293.05,NA,13330,90572,NA,01440,2,1
45019000008,45,019,000008,1615,430,1175,5,3,2,0,1197,395,794,5,1,2,0,121.58,171.44,NA,13330,90572,NA,01440,2,6
45019000009,45,019,000009,1810,7,1803,0,0,0,0,1224,7,1217,0,0,0,0,124.33,175.31,NA,13330,90572,NA,01440,2,6
45019000010,45,019,000010,2107,109,1988,4,4,0,2,1611,106,1495,4,4,0,2,163.63,230.74,NA,13330,90572,NA,01440,2,6
45019000011,45,019,000011,3145,84,3045,7,1,3,5,2159,70,2078,7,1,2,1,219.3,309.23,NA,13330,90572,NA,01440,2,6
45019000012,45,019,000012,1494,89,1394,9,2,0,0,1164,87,1068,8,1,0,0,118.23,166.72,NA,13330,90572,NA,01440,2,6
45019000013,45,019,000013,2026,56,1952,17,0,1,0,1166,44,1107,15,0,0,0,118.43,167,NA,13330,90572,NA,01440,2,6
45019000014,45,019,000014,1396,5,1383,5,0,0,3,864,5,858,1,0,0,0,87.76,123.75,NA,13330,90572,NA,01440,2,6
45019000015,45,019,000015,1946,98,1835,7,3,1,2,1450,92,1348,6,3,1,0,147.28,207.68,NA,13330,90572,NA,01440,2,6
45019000016,45,019,000016,2039,364,1658,6,3,0,8,1500,342,1149,4,2,0,3,152.36,214.84,NA,13330,90572,NA,01440,2,6
45019000017,45,019,000017,2354,515,1833,0,2,3,1,1904,463,1435,0,2,3,1,193.4,272.71,NA,13330,90572,NA,01440,2,6
45019000018,45,019,000018,2080,1864,136,36,5,38,1,1999,1807,118,35,5,33,1,203.04,286.31,NA,13330,90572,NA,01440,2,6
45019000022,45,019,000022,2570,734,1777,58,0,0,1,1881,596,1231,53,0,0,1,551,237,NA,NA,93549,NA,01440,2,6
45019000025,45,019,000025,7216,2998,4149,53,2,13,1,5085,2267,2769,35,2,12,0,1127.8,624.92,NA,34495,92769,NA,01440,2,6
45019000028,45,019,000028,7310,6430,739,67,20,54,0,5654,5086,466,52,13,37,0,574.29,809.81,NA,13330,90572,NA,01440,2,1
45019000029,45,019,000029,2886,1603,1237,32,4,8,2,2304,1398,876,22,3,5,0,234.02,330,NA,13330,90572,NA,01440,2,1
45019000030,45,019,000030,3136,3054,45,20,2,15,0,2654,2600,29,14,2,9,0,269.58,380.13,NA,13330,90572,NA,01440,2,1
45019000033,45,019,000033,4892,1497,3280,56,10,48,1,3360,1188,2086,43,9,34,0,341.29,481.25,NA,50875,90572,NA,01440,2,6
45019000034,45,019,000034,4482,3117,1194,110,37,24,0,3342,2513,700,82,25,22,0,339.46,478.67,NA,50875,90572,NA,01440,2,1
45019000035,45,019,000035,3885,2886,922,44,15,16,2,2870,2377,442,26,13,11,1,291.52,411.07,NA,50875,90572,NA,01440,2,1
45019000036,45,019,000036,3180,2147,906,87,10,29,1,2404,1760,541,70,8,24,1,244.18,344.32,NA,50875,90572,NA,01440,2,1
45019000037,45,019,000037,4806,1309,3338,97,18,38,6,2945,1040,1802,61,14,26,2,299.13,421.81,NA,50875,90572,NA,01440,2,6
45019000038,45,019,000038,3694,1744,1894,32,6,18,0,2607,1423,1147,21,6,10,0,264.8,373.4,NA,50875,90572,NA,01440,2,6
45019000039,45,019,000039,3219,1709,1435,33,11,31,0,2407,1393,955,30,11,18,0,244.49,344.75,NA,50875,90572,NA,01440,2,6
45019000040,45,019,000040,3304,813,2452,29,4,3,3,2199,680,1486,24,3,3,3,223.36,314.96,NA,50875,90572,NA,01440,2,6
45019000041,45,019,000041,1533,546,940,22,5,20,0,1140,490,617,16,4,13,0,115.79,163.28,NA,50875,90572,NA,01440,2,6
45019000042,45,019,000042,577,369,176,18,6,7,1,577,369,176,18,6,7,1,58.61,82.64,NA,50875,90572,NA,01440,2,1
45019000043,45,019,000043,3431,456,2920,34,4,17,0,2334,387,1909,23,4,11,0,237.07,334.3,NA,50875,90572,NA,01440,2,6
45019000044,45,019,000044,2566,499,2050,7,4,6,0,1965,483,1469,4,4,5,0,199.59,281.44,NA,13330,90572,NA,01440,2,6
45019000045,45,019,000045,2188,41,2131,10,6,0,0,1446,36,1399,8,3,0,0,146.87,207.11,NA,13330,90572,NA,01440,2,6
45019000047,45,019,000047,6713,5688,945,31,7,42,0,5084,4402,628,18,6,30,0,688.74,1599.43,NA,48535,92301,NA,01440,2,1
45019000048,45,019,000048,1623,1603,14,1,1,4,0,1266,1248,12,1,1,4,0,171.51,398.28,NA,70090,92301,NA,01440,2,1
45019000049,45,019,000049,3680,3638,0,36,1,5,0,2933,2904,0,26,1,2,0,397.34,922.72,NA,36115,92301,NA,01440,2,1
45019000050,45,019,000050,4465,1306,3149,6,1,3,0,3097,961,2126,6,1,3,0,419.55,974.32,NA,43585,92080,NA,01440,2,6
45019000199,45,019,000199,24,22,1,1,0,0,0,24,22,1,1,0,0,0,2.44,3.44,NA,13330,90572,NA,01440,2,1
45019000999,45,019,000999,28,22,6,0,0,0,0,28,22,6,0,0,0,0,2.84,4.01,NA,13330,90572,NA,01440,2,6
45019001901,45,019,001901,3591,3075,476,27,1,12,0,2900,2547,326,17,1,9,0,241.81,670.24,NA,13330,91664,NA,01440,2,1
45019001902,45,019,001902,3567,2728,792,25,6,16,0,2694,2202,456,18,4,14,0,224.63,622.63,NA,13330,91664,NA,01440,2,1
45019002002,45,019,002002,6081,5171,803,59,13,32,3,4528,3985,469,39,10,24,1,377.55,1046.49,NA,13330,91664,NA,01440,2,1
45019002003,45,019,002003,4574,1474,3066,19,3,12,0,3376,1162,2188,13,2,11,0,321.78,533.88,NA,26035,91664,NA,01440,2,6
45019002004,45,019,002004,1255,1247,2,3,2,1,0,1062,1055,2,2,2,1,0,88.55,245.45,NA,26035,91664,NA,01440,2,1
45019002005,45,019,002005,3940,3601,276,29,7,23,4,2961,2747,169,23,3,17,2,246.89,684.33,NA,13330,91664,NA,01440,2,1
45019002006,45,019,002006,4410,3499,854,31,5,21,0,3257,2638,580,21,5,13,0,271.58,752.74,NA,13330,91664,NA,01440,2,1
45019002007,45,019,002007,2551,2498,25,11,1,16,0,1930,1892,17,11,1,9,0,160.93,446.05,NA,13330,91664,NA,01440,2,1
45019002101,45,019,002101,6212,3678,2433,81,6,14,0,4508,2830,1612,52,4,10,0,429.68,712.9,NA,13330,91703,NA,01440,2,1
45019002102,45,019,002102,4194,2542,1518,113,8,13,0,3258,2138,1030,80,5,5,0,310.54,515.22,NA,38162,91703,NA,01440,2,1
45019002398,45,019,002398,1318,483,826,9,0,0,0,949,374,569,6,0,0,0,384,84,NA,NA,90988,NA,01440,2,6
45019002498,45,019,002498,4152,1033,3044,63,9,3,0,2873,824,1994,45,7,3,0,637.2,353.08,NA,45790,92769,NA,01440,2,6
45019002601,45,019,002601,9074,6408,2472,75,19,99,1,6506,4824,1537,59,13,73,0,660.84,931.84,NA,13330,90182,NA,01440,2,1
45019002602,45,019,002602,0,0,0,0,0,0,0,0,0,0,0,0,0,0,0,0,NA,NA,90572,NA,01440,2,1
45019002604,45,019,002604,3933,3282,541,57,15,37,1,3098,2631,380,47,10,29,1,314.67,443.72,NA,13330,90572,NA,01440,2,1
45019002605,45,019,002605,4456,2788,1583,39,5,37,4,3640,2391,1184,28,5,28,4,369.73,521.35,NA,13330,90572,NA,01440,2,1
45019002606,45,019,002606,2438,2294,74,22,1,47,0,1862,1767,49,13,1,32,0,189.13,266.69,NA,13330,90572,NA,01440,2,1
45019002607,45,019,002607,9888,7440,2066,165,12,192,13,7759,6001,1469,125,10,150,4,788.11,1111.31,NA,13330,90572,NA,01440,2,1
45019002608,45,019,002608,6870,5320,1329,109,9,93,10,5330,4278,890,77,9,68,8,541.39,763.41,NA,13330,90572,NA,01440,2,1
45019002701,45,019,002701,3269,1378,1816,53,5,16,1,2428,1168,1198,42,5,14,1,246.62,347.76,NA,13330,90572,NA,01440,2,1
45019002702,45,019,002702,5981,1742,4158,39,5,33,4,4080,1462,2559,28,5,24,2,414.42,584.37,NA,13330,90572,NA,01440,2,6
45019003103,45,019,003103,11230,8863,1973,177,38,175,4,8481,7045,1180,115,26,114,1,861.44,1214.72,NA,50875,90572,NA,01440,2,1
45019003104,45,019,003104,4073,3091,857,47,22,55,1,3138,2438,598,34,20,47,1,318.74,449.45,NA,50875,90572,NA,01440,2,1
45019003108,45,019,003108,1949,1324,462,74,8,78,3,1396,984,309,45,6,52,0,141.8,199.95,NA,50875,90572,NA,01440,2,1
45019003109,45,019,003109,4531,3446,706,202,32,145,0,2844,2243,390,106,18,87,0,288.87,407.34,NA,50875,90572,NA,01440,2,1
45019003110,45,019,003110,7207,5528,1354,168,33,120,4,5511,4375,897,114,28,94,3,559.77,789.33,NA,50875,90572,NA,01440,2,1
45019003182,45,019,003182,3245,2031,1117,43,12,42,0,2428,1594,759,30,10,35,0,246.62,347.76,NA,50875,90572,NA,01440,2,1
45019003183,45,019,003183,0,0,0,0,0,0,0,0,0,0,0,0,0,0,0,0,NA,50875,90572,NA,01440,2,1
45019003184,45,019,003184,0,0,0,0,0,0,0,0,0,0,0,0,0,0,0,0,NA,50875,90572,NA,01440,2,1
45019003185,45,019,003185,5823,3769,1772,139,15,122,6,4196,2850,1140,93,15,97,1,426.2,600.99,NA,50875,90572,NA,01440,2,1
45019003197,45,019,003197,4073,2670,1179,93,19,112,0,2806,1950,703,59,9,85,0,285.01,401.9,NA,50875,90572,NA,01440,2,1
45019003198,45,019,003198,4183,2930,1088,81,32,47,5,2884,2076,694,53,29,31,1,292.94,413.07,NA,41740,90572,NA,01440,2,1
45019003281,45,019,003281,0,0,0,0,0,0,0,0,0,0,0,0,0,0,0,0,NA,50875,90572,NA,01440,2,6
45019003282,45,019,003282,0,0,0,0,0,0,0,0,0,0,0,0,0,0,0,0,NA,50875,90572,NA,01440,2,6
45019003283,45,019,003283,0,0,0,0,0,0,0,0,0,0,0,0,0,0,0,0,NA,50875,90572,NA,01440,2,1
45019003284,45,019,003284,0,0,0,0,0,0,0,0,0,0,0,0,0,0,0,0,NA,50875,90572,NA,01440,2,1
45019003285,45,019,003285,4278,3206,757,166,21,118,10,2856,2156,493,107,18,79,3,290.09,409.06,NA,50875,90572,NA,01440,2,1
45019004299,45,019,004299,5694,3940,1344,290,48,67,5,5689,3935,1344,290,48,67,5,577.85,814.83,NA,50875,90572,NA,01440,5,1
45019004601,45,019,004601,2316,559,1745,11,1,0,0,1575,400,1167,8,0,0,0,213.37,495.5,NA,48535,92301,NA,01440,2,1
45019004603,45,019,004603,502,414,70,14,0,4,0,450,385,52,11,0,2,0,60.96,141.57,NA,48535,92301,NA,01440,2,1
45019004604,45,019,004604,6882,5336,1443,70,4,27,2,5007,4008,930,44,4,19,2,678.3,1575.2,NA,48535,92301,NA,01440,2,1
45019004605,45,019,004605,7889,6623,1134,82,8,42,0,5697,4857,742,62,8,28,0,771.78,1792.28,NA,48535,92301,NA,01440,2,1
45019004606,45,019,004606,5836,4733,1026,36,8,33,0,4225,3446,730,24,5,20,0,572.37,1329.19,NA,48535,92301,NA,01440,2,1
45019004607,45,019,004607,5670,5461,80,72,10,47,0,4630,4458,72,52,10,38,0,386.06,1070.07,NA,48535,92301,NA,01440,2,6
45019004699,45,019,004699,8,3,0,5,0,0,0,8,3,0,5,0,0,0,1.08,2.52,NA,NA,92301,NA,01440,2,1
45019005197,45,019,005197,0,0,0,0,0,0,0,0,0,0,0,0,0,0,0,0,NA,NA,90572,NA,01440,2,1
45019005198,45,019,005198,0,0,0,0,0,0,0,0,0,0,0,0,0,0,0,0,NA,NA,90572,NA,01440,2,1
45021009701,45,021,009701,4263,3946,273,35,6,3,0,3241,3021,194,19,6,1,0,457.38,655.79,NA,14050,92132,NA,01500,3,5
45021009702,45,021,009702,6605,4760,1755,54,9,27,0,4870,3623,1187,34,9,17,0,687.26,985.4,NA,28060,91235,NA,01500,3,5
45021009703,45,021,009703,7549,4660,2779,44,5,60,1,5587,3693,1822,30,2,40,0,788.45,1130.48,NA,28060,91235,NA,01500,3,5
45021009704,45,021,009704,7482,6653,789,20,14,4,2,5566,4986,557,8,11,4,0,682,1055,NA,6400,90273,NA,01500,3,5
45021009705,45,021,009705,8821,5969,2787,41,14,8,2,6123,4525,1556,26,11,5,0,864.09,1238.94,NA,28060,91235,NA,01500,3,5
45021009706,45,021,009706,7373,6678,550,56,6,83,0,5588,5116,401,38,6,27,0,788.59,1130.69,NA,28060,91235,NA,01500,3,5
45021009707,45,021,009707,2413,2207,187,9,9,1,0,1837,1695,131,5,5,1,0,259.24,371.7,NA,NA,93042,NA,01500,3,5
45023000201,45,023,000201,2463,1505,949,0,9,0,0,1826,1180,642,0,4,0,0,264.03,287.58,NA,14095,90611,NA,01530,3,5
45023000202,45,023,000202,4044,1991,2012,12,16,13,0,2911,1599,1286,5,10,11,0,420.92,458.46,NA,14095,90611,NA,01530,3,5
45023000203,45,023,000203,4475,1332,3130,7,2,4,0,2902,1011,1882,5,2,2,0,419.61,457.04,NA,14095,90611,NA,01530,3,5
45023000204,45,023,000204,1972,1214,737,17,2,2,0,1393,874,504,11,2,2,0,201.42,219.39,NA,42865,90611,NA,01530,3,5
45023000205,45,023,000205,3338,2281,1052,0,3,2,0,2467,1708,755,0,3,1,0,356.72,388.53,NA,NA,90637,NA,01530,3,5
45023000206,45,023,000206,5536,3860,1646,14,12,4,0,4146,3043,1088,6,6,3,0,599.49,652.97,NA,24020,90611,NA,01530,3,5
45023000207,45,023,000207,1636,964,668,1,0,3,0,1211,752,456,1,0,2,0,175.1,190.72,NA,59920,92821,NA,01530,3,5
45023000208,45,023,000208,3773,2514,1219,24,15,1,0,2709,1880,811,12,5,1,0,391.71,426.65,NA,26845,91885,NA,01530,3,5
45023000209,45,023,000209,2286,1610,665,5,6,0,0,1677,1247,424,2,4,0,0,242.49,264.12,NA,NA,91326,NA,01530,3,5
45023000210,45,023,000210,2647,1883,752,0,6,6,0,1940,1466,464,0,5,5,0,280.51,305.54,NA,30490,91326,NA,01530,3,5
45025009501,45,025,009501,7778,5099,2616,37,13,13,0,5494,3836,1626,18,4,10,0,764.87,874.7,NA,54025,92535,NA,01560,3,5
45025009502,45,025,009502,3257,2329,918,10,0,0,0,2333,1717,609,7,0,0,0,324.8,371.44,NA,36610,91677,NA,01560,3,5
45025009503,45,025,009503,2062,1585,472,3,2,0,0,1563,1245,313,3,2,0,0,217.6,248.85,NA,62080,92275,NA,01560,3,5
45025009504,45,025,009504,6286,4287,1970,25,3,1,0,4719,3372,1328,15,3,1,0,656.98,751.31,NA,14140,90624,NA,01560,3,5
45025009505,45,025,009505,7117,4672,2401,18,19,6,1,5214,3534,1649,12,15,4,0,725.89,830.12,NA,13600,90585,NA,01560,3,5
45025009506,45,025,009506,5946,2728,3139,45,22,7,5,4139,2023,2076,21,15,4,0,576.23,658.97,NA,13600,90585,NA,01560,3,5
45025009507,45,025,009507,3800,3301,478,17,3,1,0,2844,2490,342,10,1,1,0,395.94,452.79,NA,54925,92574,NA,01560,3,5
45025950898,45,025,950898,2331,1504,820,5,1,0,1,1657,1131,519,5,1,0,1,230.69,263.81,NA,43495,92067,NA,01560,3,5
45027009601,45,027,009601,3138,2260,865,12,0,1,0,2199,1685,503,10,0,1,0,384.96,555.63,NA,72745,93484,NA,01800,5,6
45027009602,45,027,009602,1862,896,947,18,1,0,0,1313,662,641,9,1,0,0,229.86,331.76,NA,NA,93055,NA,01800,5,6
45027009603,45,027,009603,2319,999,1303,12,3,2,0,1629,744,872,8,3,2,0,285.18,411.61,NA,NA,90039,NA,01770,5,6
45027009604,45,027,009604,2152,854,1279,9,10,0,0,1559,651,896,5,7,0,0,382.91,273.44,NA,55060,92600,NA,01770,5,6
45027009605,45,027,009605,4895,1549,3309,20,8,6,3,3260,1174,2061,13,6,4,2,800.71,571.78,NA,44350,92145,NA,01770,5,6
45027009606,45,027,009606,2323,831,1477,14,1,0,0,1540,591,945,3,1,0,0,378.25,270.1,NA,NA,92158,NA,01770,5,6
45027009607,45,027,009607,5396,3195,2155,32,5,9,0,3974,2475,1460,29,4,6,0,976.07,697.01,NA,44350,92145,NA,01770,5,6
45027009608,45,027,009608,6365,1639,4686,27,3,9,1,4548,1391,3130,17,2,8,0,1117.06,797.68,NA,70225,93263,NA,01740,5,6
45029009701,45,029,009701,2074,843,1195,33,0,2,1,1482,673,783,24,0,2,0,247.26,275.43,NA,67165,93172,NA,01830,2,6
45029009702,45,029,009702,1820,1130,682,6,2,0,0,1333,827,498,6,2,0,0,263,282,NA,42280,92002,NA,01830,2,2
45029009703,45,029,009703,5595,2526,3023,36,6,2,2,3844,1898,1919,21,4,2,0,641.34,714.4,NA,74275,91508,NA,01830,2,6
45029009704,45,029,009704,6631,4706,1857,33,18,17,0,4731,3488,1198,20,13,12,0,789.33,879.25,NA,74275,93601,NA,01830,2,2
45029009705,45,029,009705,5384,2830,2531,19,1,3,0,3866,2209,1635,18,1,3,0,645.01,718.49,NA,74275,93601,NA,01830,2,2
45029009706,45,029,009706,6686,3228,3418,31,8,1,0,4635,2382,2228,19,6,0,0,773.31,861.41,NA,74275,93601,NA,01830,2,6
45029009707,45,029,009707,4144,2512,1476,17,129,10,0,2946,1822,1020,13,85,6,0,491.51,547.51,NA,16990,90767,NA,01830,2,6
45029009708,45,029,009708,2032,817,1213,1,1,0,0,1426,662,763,1,0,0,0,237.92,265.02,NA,23020,91352,NA,01830,2,6
45029970998,45,029,970998,11,11,0,0,0,0,0,8,8,0,0,0,0,0,1.33,1.49,NA,NA,91352,NA,01830,2,6
45031000101,45,031,000101,3278,998,2268,10,2,0,0,2266,785,1474,5,2,0,0,302.52,410.55,NA,67435,93185,NA,01860,5,5
45031000102,45,031,000102,4565,3905,636,20,3,1,0,3306,2898,394,11,2,1,0,441.36,598.97,NA,NA,92431,NA,01860,5,5
45031000103,45,031,000103,4760,3716,1014,15,8,7,0,3534,2842,673,10,6,3,0,471.8,640.28,NA,51145,92431,NA,01860,5,5
45031000104,45,031,000104,4873,4448,383,31,0,11,0,3588,3309,252,19,0,8,0,479.01,650.07,NA,32560,91469,NA,01860,5,5
45031000105,45,031,000105,3191,2473,702,7,3,6,0,2387,1967,406,5,3,6,0,318.67,432.47,NA,32560,91469,NA,01860,5,5
45031000106,45,031,000106,4199,3088,1084,8,4,15,0,3019,2317,691,4,2,5,0,403.05,546.98,NA,32560,91469,NA,01860,5,5
45031000107,45,031,000107,4012,99,3901,9,0,3,0,2674,75,2591,6,0,2,0,356.99,484.47,NA,32560,91469,NA,01860,5,5
45031000108,45,031,000108,2343,1312,1017,4,8,2,0,1707,1055,641,4,5,2,0,227.89,309.27,NA,NA,91469,NA,01860,5,5
45031000109,45,031,000109,4861,3187,1649,19,6,0,0,3578,2470,1090,14,4,0,0,477.67,648.25,NA,NA,90858,NA,01860,5,5
45031000110,45,031,000110,3096,2239,837,11,9,0,0,2240,1683,545,7,5,0,0,299.05,405.84,NA,18565,90858,NA,01860,5,5
45031000111,45,031,000111,2246,1770,451,10,8,6,1,1737,1411,309,8,5,4,0,231.89,314.71,NA,18565,90858,NA,01860,5,5
45031000112,45,031,000112,4269,2685,1556,17,6,5,0,3116,2082,1016,8,6,4,0,416,564.55,NA,18565,90858,NA,01860,5,5
45031000113,45,031,000113,4254,2598,1636,13,3,3,1,3031,1956,1064,7,2,1,1,404.65,549.15,NA,18565,90858,NA,01860,5,5
45031000114,45,031,000114,4935,868,4045,8,8,6,0,3381,637,2730,7,4,3,0,451.37,612.56,NA,18565,90858,NA,01860,5,6
45031000115,45,031,000115,3583,1765,1797,17,3,0,1,2450,1315,1121,11,2,0,1,327.08,443.89,NA,NA,91820,NA,01860,5,5
45031000116,45,031,000116,3386,1643,1731,12,0,0,0,2368,1280,1079,9,0,0,0,369,458,NA,39805,91846,NA,01860,5,6
45031011798,45,031,011798,0,0,0,0,0,0,0,0,0,0,0,0,0,0,0,0,NA,NA,91469,NA,01860,5,5
45033009701,45,033,009701,2458,981,1286,9,181,1,0,1645,748,787,5,104,1,0,248.37,288.24,NA,NA,91976,NA,01920,5,5
45033009702,45,033,009702,4332,2163,2093,10,57,9,0,2842,1589,1200,9,39,5,0,429.1,497.98,NA,NA,91417,NA,01920,5,5
45033009703,45,033,009703,5714,3892,1706,27,56,33,0,4057,2936,1045,15,39,22,0,612.55,710.88,NA,19420,90884,NA,01920,5,5
45033009704,45,033,009704,5746,2436,3206,16,68,20,0,3745,1814,1868,11,43,9,0,565.44,656.21,NA,19420,90884,NA,01920,5,5
45033009705,45,033,009705,4429,2629,1771,5,24,0,0,3195,2017,1156,3,19,0,0,482.4,559.83,NA,39715,91833,NA,01890,5,5
45033009706,45,033,009706,6435,3743,2643,9,37,2,1,4445,2772,1640,8,22,2,1,671.13,778.86,NA,40480,91911,NA,01950,5,5
45035000101,45,035,000101,2453,1195,1254,0,4,0,0,1728,909,816,0,3,0,0,473.17,398.64,NA,59380,92782,NA,00002,2,6
45035000102,45,035,000102,4930,2131,2734,47,12,6,0,3582,1661,1880,30,7,4,0,980.83,826.36,NA,62530,92912,NA,00002,2,6
45035000103,45,035,000103,5116,2598,2492,10,9,7,0,3700,1940,1745,6,6,3,0,909,849,NA,32335,91456,NA,00002,2,6
45035000104,45,035,000104,4878,1964,2640,30,241,2,1,3797,1563,2053,25,153,2,1,297.12,748.01,NA,60370,92860,NA,00002,2,1
45035000105,45,035,000105,11443,9740,1476,114,57,49,7,7875,6749,966,78,37,42,3,616.22,1551.38,NA,70270,93276,NA,02010,2,1
45035000106,45,035,000106,11760,9636,1827,168,59,65,5,8028,6666,1165,102,45,50,0,628.2,1581.52,NA,70270,93276,NA,02010,2,1
45035000107,45,035,000107,5547,3244,2229,28,19,27,0,3999,2500,1447,20,12,20,0,312.92,787.81,NA,70270,93276,NA,02010,2,1
45035010801,45,035,010801,1680,1108,557,7,5,3,0,1135,778,350,1,4,2,0,88.81,223.6,NA,NA,93276,NA,02010,2,1
45035010803,45,035,010803,10117,9251,547,144,28,141,6,7108,6532,370,87,24,92,3,556.21,1400.28,NA,70270,93276,NA,02010,2,1
45035010805,45,035,010805,8372,6560,1423,171,38,175,5,5725,4623,837,114,27,122,2,447.99,1127.83,NA,50875,93276,NA,02010,2,1
45035010806,45,035,010806,5058,4400,420,94,5,139,0,3714,3237,298,76,5,98,0,290.62,731.66,NA,50875,93276,NA,02010,2,1
45035010898,45,035,010898,11288,9618,1282,207,58,123,0,7814,6747,820,124,43,80,0,611.45,1539.37,NA,70270,93276,NA,02010,2,1
45035010997,45,035,010997,365,204,132,18,5,4,2,252,147,88,10,3,4,0,19.72,49.64,NA,70270,93276,NA,02010,2,1
45035010998,45,035,010998,53,35,13,2,0,0,3,35,23,10,2,0,0,0,2.74,6.9,NA,NA,93276,NA,02010,2,1
45035011098,45,035,011098,0,0,0,0,0,0,0,0,0,0,0,0,0,0,0,0,NA,50875,93276,NA,02010,2,1
45035011197,45,035,011197,0,0,0,0,0,0,0,0,0,0,0,0,0,0,0,0,NA,NA,91456,NA,00002,2,6
45035011198,45,035,011198,0,0,0,0,0,0,0,0,0,0,0,0,0,0,0,0,NA,NA,91456,NA,00002,5,6
45037009701,45,037,009701,959,230,718,7,0,0,4,673,178,488,4,0,0,3,129.33,150.53,NA,NA,92691,NA,02070,4,3
45037009702,45,037,009702,5925,3262,2633,23,1,6,0,4380,2567,1794,16,1,2,0,841.72,979.66,NA,22795,90975,NA,02070,4,3
45037009703,45,037,009703,4616,1914,2683,8,6,5,0,3230,1512,1702,7,5,4,0,620.72,722.44,NA,37150,91729,NA,02070,4,3
45037009704,45,037,009704,2296,1002,1264,29,1,0,0,1620,746,846,27,1,0,0,311.32,362.34,NA,72520,93445,NA,02070,4,3
45037009705,45,037,009705,4579,3348,1198,12,3,18,0,3179,2374,781,8,3,13,0,610.92,711.03,NA,50695,93237,NA,02070,4,3
45039009601,45,039,009601,2267,351,1894,19,2,1,0,1615,278,1322,13,2,0,0,358.5,255.03,NA,NA,92236,NA,02100,3,5
45039009602,45,039,009602,4119,1881,2226,10,2,0,0,2943,1444,1489,8,2,0,0,653.28,464.73,NA,NA,93757,NA,02100,3,5
45039009603,45,039,009603,4403,1779,2611,7,2,4,0,3264,1441,1811,6,2,4,0,724.54,515.42,NA,60415,92873,NA,02100,3,5
45039009604,45,039,009604,6765,3587,3122,35,4,17,0,4844,2794,2012,25,2,11,0,1075.26,764.92,NA,78460,93770,NA,02100,3,5
45039009605,45,039,009605,4741,1602,3095,34,4,6,0,3286,1243,2013,22,3,5,0,729.42,518.9,NA,78460,93770,NA,02100,3,5
45041000001,45,041,000001,4341,4066,220,23,6,26,0,3132,2947,151,16,4,14,0,433.3,648.87,NA,NA,91131,NA,02130,5,6
45041000003,45,041,000003,3738,1320,2396,13,1,8,0,2644,1048,1581,7,1,7,0,365.79,547.77,NA,58795,91131,NA,02130,5,6
45041000004,45,041,000004,4068,2720,1312,16,6,14,0,2941,2100,819,8,5,9,0,406.88,609.3,NA,NA,91131,NA,02130,5,6
45041000005,45,041,000005,4237,3122,1072,19,11,13,0,3207,2456,716,17,9,9,0,443.68,664.4,NA,25810,91131,NA,02130,5,6
45041000006,45,041,000006,3350,3164,172,10,0,3,1,2510,2402,100,6,0,2,0,347.25,520,NA,25810,91131,NA,02130,5,6
45041000007,45,041,000007,4775,630,4116,15,13,1,0,3352,557,2782,6,6,1,0,463.74,694.44,NA,25810,91131,NA,02130,5,6
45041000008,45,041,000008,5678,26,5607,39,3,0,3,3748,23,3698,24,1,0,2,518.53,776.49,NA,25810,91131,NA,02130,5,6
45041000009,45,041,000009,4032,148,3879,3,0,2,0,2772,123,2647,2,0,0,0,383.5,574.28,NA,25810,91131,NA,02130,5,6
45041000010,45,041,000010,2226,1457,741,8,13,7,0,1824,1289,511,8,9,7,0,252.35,377.88,NA,25810,91131,NA,02130,5,6
45041000011,45,041,000011,4555,3626,872,39,1,17,0,3640,3056,542,28,1,13,0,503.58,754.11,NA,25810,91131,NA,02130,5,6
45041000012,45,041,000012,3305,3191,67,7,16,24,0,2593,2521,44,5,8,15,0,358.74,537.2,NA,25810,91131,NA,02130,5,6
45041000013,45,041,000013,3558,3256,231,14,7,44,6,2807,2585,169,11,3,36,3,388.34,581.54,NA,25810,91131,NA,02130,5,6
45041000014,45,041,000014,4482,4238,134,46,4,60,0,3305,3144,96,27,3,35,0,457.24,684.71,NA,25810,91131,NA,02130,5,6
45041000017,45,041,000017,1942,868,1059,8,3,4,0,1370,634,726,5,2,3,0,189.54,283.83,NA,NA,92548,NA,02130,5,6
45041000018,45,041,000018,3554,2356,1164,17,4,13,0,2584,1810,745,15,4,10,0,357.49,535.34,NA,54340,92548,NA,02160,5,6
45041000019,45,041,000019,6111,4261,1818,27,2,3,0,4203,3055,1132,14,2,0,0,581.47,870.75,NA,37105,91716,NA,02250,5,6
45041000020,45,041,000020,4145,2661,1463,17,4,0,0,2901,2004,882,11,4,0,0,401.35,601.01,NA,64600,91807,NA,02190,5,6
45041000023,45,041,000023,3081,2499,570,9,2,0,1,2233,1836,389,6,2,0,0,308.93,462.62,NA,17215,90780,NA,02190,5,6
45041000025,45,041,000025,2927,1782,1133,11,1,0,0,2044,1309,730,4,1,0,0,282.78,423.46,NA,71980,93068,NA,02220,5,6
45041000026,45,041,000026,3712,1431,2273,2,6,0,0,2506,1071,1430,2,3,0,0,346.7,519.18,NA,71980,93406,NA,02220,5,6
45041000201,45,041,000201,2155,1688,441,10,5,4,7,1547,1254,282,5,4,2,0,214.02,320.5,NA,25810,91131,NA,02130,5,6
45041000202,45,041,000202,3361,3118,190,27,11,15,0,2596,2415,140,18,10,13,0,359.15,537.82,NA,25810,91131,NA,02130,5,6
45041001501,45,041,001501,5502,3366,2108,14,4,8,2,3706,2374,1314,9,3,6,0,512.72,767.78,NA,25810,90845,NA,02130,5,6
45041001502,45,041,001502,4425,2999,1420,2,4,0,0,3117,2191,922,1,3,0,0,431.23,645.76,NA,NA,90845,NA,02130,5,6
45041001601,45,041,001601,4131,2841,1262,21,1,4,2,2861,2117,723,16,1,4,0,395.81,592.72,NA,25810,92548,NA,02130,5,6
45041001602,45,041,001602,3901,2639,1243,12,7,0,0,2870,2007,851,8,4,0,0,397.06,594.59,NA,54340,92548,NA,02130,5,6
45041002201,45,041,002201,5817,1405,4392,14,3,3,0,3810,1124,2671,10,2,3,0,527.1,789.33,NA,39310,91807,NA,02190,5,6
45041002202,45,041,002202,3372,1791,1549,24,2,6,0,2367,1405,942,16,2,2,0,327.47,490.38,NA,39310,91807,NA,02190,5,6
45041002498,45,041,002498,3863,2583,1232,41,1,1,5,2698,1919,741,35,1,1,1,373.26,558.95,NA,52540,92470,NA,02190,5,6
45043009801,45,043,009801,3553,1825,1721,5,2,0,0,2383,1356,1022,3,2,0,0,352.29,391.1,NA,NA,92678,NA,02280,5,1
45043009802,45,043,009802,7401,4132,3216,38,8,4,3,4913,2982,1900,21,6,4,0,726.32,806.33,NA,1450,90078,NA,02280,5,1
45043009803,45,043,009803,7351,4374,2946,13,3,10,5,5277,3368,1884,12,3,8,2,780.13,866.07,NA,28870,91248,NA,02280,5,1
45043009804,45,043,009804,2650,388,2239,15,3,5,0,1703,292,1402,7,1,1,0,251.76,279.5,NA,NA,92665,NA,02280,5,1
45043009805,45,043,009805,9680,7913,1695,50,7,14,1,7737,6578,1112,29,5,12,1,1143.8,1269.81,NA,48985,93536,NA,02280,5,1
45043009806,45,043,009806,7176,2696,4431,25,12,7,5,4695,1981,2689,13,7,4,1,694.09,770.55,NA,28870,91248,NA,02280,5,1
45043009807,45,043,009807,5051,3667,1339,23,10,12,0,3595,2764,800,17,8,6,0,531.47,590.02,NA,28870,91248,NA,02280,5,1
45043009808,45,043,009808,3440,1075,2338,18,4,2,3,2181,736,1432,9,2,2,0,322.43,357.95,NA,NA,93016,NA,02280,5,1
45045000001,45,045,000001,1483,1069,386,13,6,9,0,1283,919,341,12,4,7,0,123.8,306.31,NA,30850,91365,NA,02310,1,4
45045000002,45,045,000002,418,257,153,2,0,6,0,383,251,127,2,0,3,0,36.96,91.44,NA,30850,91365,NA,02310,1,4
45045000003,45,045,000003,3504,1720,1760,16,2,6,0,2687,1444,1224,13,2,4,0,259.27,641.51,NA,30850,91365,NA,02310,1,4
45045000004,45,045,000004,1785,968,808,1,4,4,0,1435,833,595,1,2,4,0,138.46,342.6,NA,30850,91365,NA,02310,1,4
45045000005,45,045,000005,2021,294,1706,8,7,3,3,1553,254,1285,6,4,3,1,149.85,370.77,NA,30850,91365,NA,02310,1,4
45045000006,45,045,000006,869,123,725,16,4,1,0,661,112,535,11,2,1,0,63.78,157.81,NA,30850,91365,NA,02310,1,4
45045000007,45,045,000007,1900,61,1833,5,0,1,0,1320,48,1267,5,0,0,0,127.37,315.14,NA,30850,91365,NA,02310,1,4
45045000008,45,045,000008,1510,347,1152,2,9,0,0,994,269,715,1,9,0,0,95.91,237.31,NA,30850,91365,NA,02310,1,4
45045000009,45,045,000009,1595,437,1124,15,2,14,3,1168,350,795,10,2,11,0,112.7,278.85,NA,30850,91365,NA,02310,1,4
45045000010,45,045,000010,2191,1544,599,27,0,20,1,1801,1327,443,16,0,14,1,173.78,429.98,NA,30850,91365,NA,02310,1,4
45045000014,45,045,000014,4411,3495,818,52,3,43,0,3375,2732,576,36,3,28,0,325.66,805.76,NA,30850,91365,NA,02310,1,4
45045000016,45,045,000016,3175,2938,203,18,4,10,2,2432,2236,170,13,4,7,2,234.67,580.63,NA,NA,91365,NA,02310,1,4
45045000017,45,045,000017,4149,3746,283,74,6,38,2,3274,2969,216,55,5,29,0,315.91,781.65,NA,73825,91365,NA,02310,1,4
45045000019,45,045,000019,3990,3807,128,28,0,26,1,3029,2879,106,23,0,21,0,292.27,723.16,NA,30850,91365,NA,02310,1,4
45045000027,45,045,000027,7909,7644,156,49,23,37,0,6029,5857,104,32,13,23,0,581.75,1439.39,NA,71395,91365,NA,02310,1,4
45045000031,45,045,000031,6898,5537,1296,52,2,9,2,5008,4097,866,36,2,7,0,483.23,1195.63,NA,27070,91209,NA,02310,1,4
45045000032,45,045,000032,6507,5510,919,39,18,20,1,5014,4190,768,27,15,14,0,483.81,1197.06,NA,NA,93796,NA,02310,1,4
45045000034,45,045,000034,1091,730,334,14,3,10,0,772,547,207,8,2,8,0,74.49,184.31,NA,NA,91365,NA,02310,1,4
45045000035,45,045,000035,1376,970,401,5,0,0,0,966,712,251,3,0,0,0,93.21,230.63,NA,28375,91365,NA,02310,1,4
45045000040,45,045,000040,4733,4259,431,16,23,4,0,3557,3177,348,13,17,2,0,343.22,849.21,NA,NA,93393,NA,02310,1,4
45045000041,45,045,000041,4814,4550,235,19,7,3,0,3612,3419,171,13,7,2,0,348.53,862.34,NA,66917,93159,NA,02310,1,4
45045001101,45,045,001101,4097,3781,153,45,1,113,4,3280,3066,106,33,1,72,2,316.49,783.08,NA,30850,91365,NA,02310,1,4
45045001102,45,045,001102,1676,1318,340,13,3,2,0,1347,1102,229,12,2,2,0,129.97,321.59,NA,30850,91365,NA,02310,1,4
45045001201,45,045,001201,4571,4364,39,91,15,60,2,4181,3988,39,87,10,55,2,403.43,998.19,NA,30850,91365,NA,02310,1,4
45045001202,45,045,001202,4784,2196,2479,58,11,36,4,3312,1749,1479,47,10,27,0,319.58,790.72,NA,30850,91365,NA,02310,1,4
45045001301,45,045,001301,3763,445,3298,13,3,3,1,2556,401,2143,9,2,1,0,246.63,610.23,NA,30850,91365,NA,02310,1,4
45045001302,45,045,001302,1837,1719,94,15,0,9,0,1515,1422,72,13,0,8,0,146.18,361.7,NA,30850,91365,NA,02310,1,4
45045001501,45,045,001501,3547,3317,176,37,1,16,0,2835,2678,119,28,1,9,0,273.55,676.84,NA,30850,91365,NA,02310,1,4
45045001502,45,045,001502,3249,288,2916,32,3,9,1,2199,245,1920,25,2,7,0,212.18,525,NA,28375,91365,NA,02310,1,4
45045001802,45,045,001802,6383,5757,447,80,5,93,1,5261,4792,325,65,5,73,1,507.64,1256.03,NA,73825,91365,NA,02310,1,4
45045001803,45,045,001803,3825,3397,316,47,1,64,0,2815,2561,174,35,1,44,0,271.62,672.06,NA,73825,91365,NA,02310,1,4
45045001804,45,045,001804,2614,2514,39,18,1,42,0,2017,1954,22,14,1,26,0,194.62,481.55,NA,73825,91365,NA,02310,1,4
45045001805,45,045,001805,4813,4711,45,35,3,19,0,4040,3961,36,27,2,14,0,389.82,964.53,NA,73825,91365,NA,02310,1,4
45045001806,45,045,001806,4190,3586,409,86,7,101,1,3683,3183,349,69,7,74,1,355.38,879.29,NA,30850,91365,NA,02310,1,4
45045002001,45,045,002001,3228,612,2594,9,2,10,1,2202,530,1656,7,1,7,1,212.47,525.71,NA,28375,91365,NA,02310,1,4
45045002002,45,045,002002,4101,1957,2086,28,3,27,0,2982,1572,1359,25,3,23,0,287.74,711.93,NA,28375,91365,NA,02310,1,4
45045002003,45,045,002003,3561,1939,1592,20,7,3,0,2585,1433,1130,15,4,3,0,249.43,617.15,NA,28375,91365,NA,02310,1,4
45045002103,45,045,002103,3156,2255,883,13,2,3,0,2462,1761,689,8,1,3,0,237.56,587.79,NA,28375,91365,NA,02310,1,4
45045002104,45,045,002104,2308,1793,476,36,3,0,0,1746,1390,330,25,1,0,0,168.47,416.85,NA,54535,91365,NA,02310,1,4
45045002105,45,045,002105,2780,1559,1206,11,4,0,0,2082,1253,816,9,4,0,0,200.89,497.07,NA,37465,91365,NA,02310,1,4
45045002106,45,045,002106,3944,3409,487,32,1,15,0,2998,2676,291,18,1,12,0,289.28,715.75,NA,75535,91365,NA,02310,1,4
45045002107,45,045,002107,2922,2526,375,16,2,3,0,2303,2025,260,13,2,3,0,222.22,549.83,NA,21310,91365,NA,02310,1,4
45045002108,45,045,002108,2227,1325,864,26,7,5,0,1667,1078,565,19,3,2,0,160.85,397.99,NA,21310,91365,NA,02310,1,4
45045002201,45,045,002201,5498,5095,275,108,8,12,0,4050,3799,167,68,7,9,0,390.79,966.91,NA,54535,91365,NA,02310,1,4
45045002202,45,045,002202,2405,2160,240,4,1,0,0,1861,1691,165,4,1,0,0,179.57,444.3,NA,54535,91365,NA,02310,1,4
45045002301,45,045,002301,3902,3709,146,29,7,11,0,3105,2968,103,25,5,4,0,299.61,741.3,NA,63700,91365,NA,02310,1,4
45045002302,45,045,002302,3077,2876,137,52,10,2,0,2359,2229,91,32,6,1,0,227.62,563.2,NA,63700,91365,NA,02310,1,4
45045002303,45,045,002303,2129,1430,654,28,14,2,1,1458,1045,382,19,10,2,0,140.68,348.09,NA,14455,91365,NA,02310,1,4
45045002304,45,045,002304,2528,744,1755,16,2,11,0,1804,642,1139,14,2,7,0,174.07,430.69,NA,NA,91365,NA,02310,1,4
45045002401,45,045,002401,5100,5045,27,23,4,1,0,3906,3869,22,11,3,1,0,376.89,932.53,NA,NA,91534,NA,02310,1,4
45045002402,45,045,002402,3278,3232,26,13,1,5,1,2413,2373,22,11,1,5,1,232.83,576.09,NA,NA,91534,NA,02310,1,4
45045002501,45,045,002501,3986,3824,120,20,2,20,0,3237,3119,87,16,2,13,0,312.34,772.81,NA,30985,91391,NA,02310,1,4
45045002503,45,045,002503,3041,2873,153,11,1,3,0,2376,2261,103,9,1,2,0,229.26,567.26,NA,30985,91391,NA,02310,1,4
45045002504,45,045,002504,1973,1331,631,2,4,5,0,1447,1023,415,2,3,4,0,139.62,345.46,NA,30985,91391,NA,02310,1,4
45045002505,45,045,002505,3040,2586,400,47,5,2,0,2346,2061,252,28,3,2,0,226.37,560.09,NA,30985,91391,NA,02310,1,4
45045002601,45,045,002601,7138,6077,967,51,5,38,0,5351,4611,684,30,5,21,0,516.32,1277.52,NA,71395,93380,NA,02310,1,4
45045002602,45,045,002602,6233,5750,354,61,10,58,0,4512,4204,223,44,7,34,0,435.37,1077.21,NA,71395,93380,NA,02310,1,4
45045002604,45,045,002604,4526,3244,1219,40,4,16,3,3091,2317,737,25,3,8,1,298.25,737.96,NA,71395,93380,NA,02310,1,4
45045002605,45,045,002605,6657,6301,107,42,5,202,0,4361,4148,68,23,4,118,0,420.8,1041.16,NA,NA,93380,NA,02310,1,4
45045002803,45,045,002803,5226,4736,227,78,9,176,0,3753,3433,156,52,6,106,0,362.13,896.01,NA,NA,91365,NA,02310,1,4
45045002804,45,045,002804,2364,2311,28,15,0,10,0,1767,1728,20,9,0,10,0,170.5,421.86,NA,73825,91365,NA,02310,1,4
45045002805,45,045,002805,4155,3831,217,41,9,56,1,3147,2904,165,27,8,42,1,303.66,751.33,NA,NA,91365,NA,02310,1,4
45045002806,45,045,002806,6021,5568,366,47,1,39,0,4715,4361,291,31,1,31,0,454.96,1125.68,NA,NA,91365,NA,02310,1,4
45045002807,45,045,002807,5789,5493,159,51,5,80,1,4173,3979,107,28,4,54,1,402.66,996.28,NA,45115,91365,NA,02310,1,4
45045002901,45,045,002901,2904,1992,871,32,3,6,0,2307,1622,659,20,3,3,0,222.61,550.78,NA,30850,91365,NA,02310,1,4
45045002902,45,045,002902,4615,3668,854,43,11,37,2,3431,2791,583,30,5,22,0,331.06,819.13,NA,45115,91365,NA,02310,1,4
45045002903,45,045,002903,6195,5188,874,67,4,60,2,4568,3939,545,42,1,41,0,440.77,1090.58,NA,45115,91365,NA,02310,1,4
45045003003,45,045,003003,4344,4073,175,30,5,58,3,3107,2934,113,16,4,39,1,299.8,741.78,NA,NA,93133,NA,02310,1,4
45045003004,45,045,003004,5891,5237,577,50,8,18,1,4272,3833,390,28,7,14,0,412.21,1019.91,NA,66580,93133,NA,02310,1,4
45045003005,45,045,003005,2206,1695,475,31,2,0,3,1679,1336,322,18,2,0,1,162.01,400.85,NA,66580,93133,NA,02310,1,4
45045003006,45,045,003006,6602,5933,471,110,17,68,3,4444,4018,312,60,9,45,0,428.81,1060.98,NA,66580,93133,NA,02310,1,4
45045003007,45,045,003007,2315,2043,238,19,2,13,0,1758,1543,192,15,2,6,0,169.63,419.71,NA,66580,93133,NA,02310,1,4
45045003301,45,045,003301,4932,4472,410,41,1,8,0,3737,3422,281,25,1,8,0,360.59,892.19,NA,56365,92652,NA,02310,1,4
45045003302,45,045,003302,5752,3655,2034,39,5,19,0,4180,2800,1340,25,5,10,0,403.33,997.95,NA,NA,92652,NA,02310,1,4
45045003601,45,045,003601,4234,3696,496,30,6,5,1,3166,2817,320,18,5,5,1,305.49,755.86,NA,75535,91365,NA,02310,1,4
45045003602,45,045,003602,3110,1159,1918,13,8,11,1,1977,834,1117,11,7,8,0,190.76,472,NA,NA,91365,NA,02310,1,4
45045003701,45,045,003701,3738,3524,162,33,6,13,0,2892,2733,123,21,5,10,0,279.05,690.45,NA,5770,91365,NA,02310,1,4
45045003702,45,045,003702,5353,4823,387,127,8,8,0,4214,3856,264,82,5,7,0,406.61,1006.07,NA,5770,91365,NA,02310,1,4
45045003704,45,045,003704,4037,2980,797,215,6,34,5,3039,2336,542,136,3,20,2,293.24,725.54,NA,5770,91365,NA,02310,1,4
45045003705,45,045,003705,1880,1724,135,16,3,2,0,1475,1360,102,9,2,2,0,142.32,352.15,NA,54535,91365,NA,02310,1,4
45045003801,45,045,003801,5028,4693,290,21,2,21,1,4302,4052,209,18,2,21,0,415.11,1027.08,NA,5770,91365,NA,02310,1,4
45045003802,45,045,003802,3788,3276,458,17,12,25,0,2863,2569,254,13,9,18,0,276.25,683.52,NA,NA,91365,NA,02310,1,4
45045003902,45,045,003902,3915,3703,183,12,4,11,2,2957,2815,121,11,1,7,2,285.32,705.97,NA,72430,93432,NA,02310,1,4
45045003903,45,045,003903,3170,2978,168,11,8,4,1,2344,2206,123,6,6,3,0,226.18,559.62,NA,NA,93432,NA,02310,1,4
45045003904,45,045,003904,4187,3567,540,60,3,15,2,2973,2537,387,39,3,7,0,286.87,709.79,NA,72430,93432,NA,02310,1,4
45047009701,45,047,009701,7886,5809,2032,29,6,10,0,5906,4431,1442,20,6,7,0,712.77,1069.56,NA,74680,93627,NA,02340,4,3
45047009702,45,047,009702,7670,6537,989,59,13,71,1,5780,5017,665,42,13,43,0,697.57,1046.74,NA,30895,91378,NA,02340,4,3
45047009703,45,047,009703,8243,7474,656,52,5,55,1,6642,6067,494,38,4,39,0,801.6,1202.85,NA,30895,91378,NA,02340,4,3
45047009704,45,047,009704,6293,4872,1390,13,5,13,0,4674,3740,911,12,3,8,0,564.09,846.45,NA,30895,91378,NA,02340,4,3
45047009705,45,047,009705,6304,623,5662,12,4,3,0,4363,518,3829,10,3,3,0,526.55,790.13,NA,30895,91378,NA,02340,4,3
45047009706,45,047,009706,6349,4357,1940,26,4,22,0,4714,3436,1238,18,4,18,0,568.91,853.69,NA,30895,91378,NA,02340,4,3
45047009707,45,047,009707,7108,4985,2097,17,0,9,0,5166,3772,1376,10,0,8,0,623.46,935.55,NA,50290,92392,NA,02400,4,3
45047009708,45,047,009708,6589,4257,2244,33,6,49,0,4781,3371,1351,24,3,32,0,577,865.82,NA,30895,91378,NA,02340,4,3
45047009709,45,047,009709,1530,891,633,5,0,0,1,1149,692,453,4,0,0,0,138.67,208.08,NA,72655,93471,NA,02340,4,3
45047009710,45,047,009710,1595,1303,280,5,7,0,0,1188,972,207,3,6,0,0,143.38,215.14,NA,NA,91781,NA,02340,4,3
45049009802,45,049,009802,7877,4659,3171,37,1,9,0,5572,3562,1981,24,1,4,0,1402.42,1275.84,NA,31885,91430,NA,02430,2,2
45049009803,45,049,009803,2128,679,1437,11,1,0,0,1412,503,900,9,0,0,0,355.39,323.31,NA,79450,93809,NA,02430,2,2
45049009804,45,049,009804,5111,1872,3232,1,2,4,0,3373,1404,1965,1,1,2,0,1011.08,618.67,NA,23830,91066,NA,02460,2,2
45049009805,45,049,009805,1847,352,1470,21,0,4,0,1174,290,868,13,0,3,0,351.92,215.33,NA,27835,91222,NA,02460,2,2
45049980198,45,049,980198,1228,691,534,1,2,0,0,851,514,334,1,2,0,0,214.19,194.86,NA,9865,90416,NA,02430,2,2
45051000101,45,051,000101,2943,2087,783,73,0,0,0,2156,1637,469,50,0,0,0,281.37,409.08,NA,NA,91144,NA,02490,5,1
45051000201,45,051,000201,2606,1790,808,5,2,1,0,1856,1360,491,2,2,1,0,242.22,352.15,NA,NA,92041,NA,02490,5,1
45051000202,45,051,000202,4334,2414,1874,10,18,18,0,3035,1898,1110,6,9,12,0,396.08,575.86,NA,42730,92041,NA,02490,5,1
45051000203,45,051,000203,4249,3341,886,21,0,1,0,3034,2501,520,12,0,1,0,395.95,575.67,NA,NA,92041,NA,02490,5,1
45051000301,45,051,000301,3338,1810,1486,28,3,11,0,2293,1382,892,10,2,7,0,299.25,435.07,NA,NA,92028,NA,02490,5,1
45051000401,45,051,000401,6473,4431,1996,28,13,5,0,5014,3653,1327,19,11,4,0,380.73,938,NA,42010,91963,NA,02490,5,1
45051000402,45,051,000402,2555,2239,283,14,13,5,1,2010,1824,166,7,11,2,0,152.62,376.02,NA,51280,91963,NA,02490,5,1
45051000403,45,051,000403,2397,2372,3,6,7,9,0,2095,2075,3,5,6,6,0,159.08,391.92,NA,51280,91963,NA,02490,5,1
45051000404,45,051,000404,2951,2910,11,25,2,3,0,2515,2482,10,18,2,3,0,190.97,470.49,NA,51280,91963,NA,02490,5,1
45051000405,45,051,000405,3457,2984,428,29,6,10,0,2846,2537,276,19,6,8,0,216.1,532.42,NA,51280,91963,NA,02490,5,1
45051000501,45,051,000501,1474,1438,16,5,0,14,1,1239,1214,11,4,0,10,0,94.08,231.79,NA,49075,92327,NA,02490,5,1
45051000502,45,051,000502,867,858,1,4,1,3,0,776,768,1,3,1,3,0,58.92,145.17,NA,NA,92327,NA,02490,5,1
45051000503,45,051,000503,2317,2286,7,4,5,13,2,1979,1958,4,3,4,10,0,150.27,370.22,NA,49075,92327,NA,02490,5,1
45051000504,45,051,000504,4058,3956,43,32,5,19,3,3417,3345,34,21,4,12,1,259.46,639.24,NA,49075,92327,NA,02490,5,1
45051000505,45,051,000505,3929,3790,54,38,6,40,1,3320,3208,42,31,6,32,1,252.1,621.09,NA,49075,92327,NA,02490,5,1
45051000506,45,051,000506,3482,1281,2151,29,0,21,0,2496,1079,1379,19,0,19,0,189.53,466.94,NA,49075,92327,NA,02490,5,1
45051000507,45,051,000507,1407,1236,121,17,14,19,0,1186,1057,94,11,12,12,0,90.06,221.87,NA,49075,92327,NA,02490,5,1
45051000508,45,051,000508,953,868,45,11,5,24,0,794,728,36,9,4,17,0,60.29,148.54,NA,49075,92327,NA,02490,5,1
45051000509,45,051,000509,4941,3996,772,50,14,107,2,3805,3212,463,41,10,77,2,288.92,711.82,NA,49075,92327,NA,02490,5,1
45051000510,45,051,000510,5493,4232,895,209,25,123,9,4178,3272,656,145,17,87,1,317.25,781.6,NA,49075,92327,NA,02490,5,1
45051000511,45,051,000511,1200,1188,2,7,2,1,0,1087,1076,2,6,2,1,0,82.54,203.35,NA,70585,92327,NA,02490,5,1
45051000512,45,051,000512,3754,3657,32,36,13,16,0,3086,3011,21,27,12,15,0,234.33,577.31,NA,70585,92327,NA,02490,5,1
45051000513,45,051,000513,3614,3556,16,27,9,6,0,3069,3027,13,16,8,5,0,453.71,503.69,NA,28455,92327,NA,02490,5,1
45051000514,45,051,000514,8213,7759,212,95,10,133,4,6862,6559,140,66,8,87,2,521.05,1283.71,NA,28455,92327,NA,02490,5,1
45051000515,45,051,000515,8810,7635,754,136,34,246,5,6214,5486,440,87,25,175,1,471.85,1162.49,NA,67390,92327,NA,02490,5,1
45051000516,45,051,000516,3396,2623,720,25,8,20,0,2631,2122,476,17,2,14,0,199.78,492.2,NA,NA,92327,NA,02490,5,1
45051000601,45,051,000601,3006,2857,89,29,8,23,0,2114,2021,50,20,5,18,0,160.52,395.48,NA,67390,90728,NA,02490,5,1
45051000602,45,051,000602,4447,3908,372,69,19,79,0,3221,2874,245,40,10,52,0,244.58,602.57,NA,26372,90728,NA,02490,5,1
45051000603,45,051,000603,3476,1951,1477,10,26,12,0,2400,1438,936,5,12,9,0,182.24,448.98,NA,NA,90728,NA,02490,5,1
45051000604,45,051,000604,6479,6123,217,62,19,58,0,4922,4688,142,39,13,40,0,373.74,920.78,NA,59190,90728,NA,02490,5,1
45051000701,45,051,000701,4567,3724,811,18,5,5,4,3312,2745,544,15,5,3,0,432.23,628.41,NA,NA,90715,NA,02490,5,1
45051000702,45,051,000702,2512,2467,23,8,6,8,0,1970,1947,10,5,3,5,0,257.1,373.78,NA,16405,90715,NA,02490,5,1
45051000703,45,051,000703,2938,1911,990,32,3,2,0,2093,1505,561,22,3,2,0,273.15,397.12,NA,16405,90715,NA,02490,5,1
45051000704,45,051,000704,3360,432,2915,7,0,6,0,2291,353,1931,3,0,4,0,298.99,434.69,NA,16405,90715,NA,02490,5,1
45051000705,45,051,000705,2458,1855,574,10,2,11,6,1819,1438,365,7,2,7,0,237.39,345.13,NA,16405,90715,NA,02490,5,1
45051000706,45,051,000706,4782,3294,1457,17,4,10,0,3355,2420,916,12,2,5,0,437.84,636.57,NA,10000,90715,NA,02490,5,1
45051000707,45,051,000707,6031,5023,956,26,21,4,1,4372,3664,668,23,13,3,1,570.57,829.54,NA,16405,90715,NA,02490,5,1
45051000801,45,051,000801,4391,3703,677,6,2,3,0,3146,2705,432,5,2,2,0,410.57,596.92,NA,3430,90117,NA,02490,5,1
45051000802,45,051,000802,2395,2299,95,1,0,0,0,1734,1667,67,0,0,0,0,226.3,329.01,NA,NA,90117,NA,02490,5,1
45053009501,45,053,009501,4194,1603,2567,16,2,6,0,2881,1200,1665,9,1,6,0,814.31,554.86,NA,NA,91313,NA,02520,2,2
45053009502,45,053,009502,6345,2753,3539,35,6,12,0,4414,2131,2251,22,1,9,0,1247.62,850.1,NA,60280,92834,NA,02520,2,2
45053009503,45,053,009503,4948,2140,2766,18,12,12,0,3287,1541,1718,13,7,8,0,929.07,633.05,NA,32245,91443,NA,02520,2,2
45055009701,45,055,009701,2287,1447,835,5,0,0,0,1663,1105,554,4,0,0,0,244.78,428.46,NA,6040,90247,NA,02550,3,5
45055009702,45,055,009702,2114,1890,212,10,2,0,0,1553,1407,140,5,1,0,0,228.59,400.12,NA,NA,92288,NA,02550,3,5
45055009703,45,055,009703,1960,1226,731,1,2,0,0,1493,955,537,0,1,0,0,219.76,384.66,NA,NA,93692,NA,02550,3,5
45055009704,45,055,009704,6224,4887,1254,35,26,19,3,4528,3604,875,25,16,8,0,366.37,1084.05,NA,43000,91027,NA,02550,3,5
45055009705,45,055,009705,6804,4394,2351,25,7,26,1,5268,3525,1709,11,5,17,1,775.41,1357.27,NA,10855,90468,NA,02550,3,5
45055009706,45,055,009706,7102,5616,1416,50,12,7,1,5092,4091,956,32,8,5,0,749.5,1311.92,NA,NA,90468,NA,02550,3,5
45055009707,45,055,009707,2074,1185,866,22,1,0,0,1441,848,577,15,1,0,0,212.1,371.27,NA,NA,90377,NA,02550,3,5
45055009708,45,055,009708,6443,3288,3117,20,5,11,2,4748,2628,2091,16,4,8,1,698.87,1223.29,NA,10855,90468,NA,02550,3,5
45055009709,45,055,009709,8591,6929,1533,77,13,34,5,6002,4942,976,48,10,24,2,485.63,1436.95,NA,23245,91027,NA,02550,3,5
45057000101,45,057,000101,2528,2213,290,17,7,1,0,1852,1643,187,14,7,1,0,238.33,382.05,NA,NA,93419,NA,02580,3,5
45057000102,45,057,000102,6248,4996,1230,10,1,7,4,4657,3838,806,7,0,4,2,599.31,960.69,NA,38095,91755,NA,02580,3,5
45057000103,45,057,000103,4850,3094,1737,17,1,1,0,3553,2301,1238,12,1,1,0,457.24,732.95,NA,32965,91482,NA,02580,3,5
45057000104,45,057,000104,2232,1641,577,14,0,0,0,1615,1260,344,11,0,0,0,207.83,333.16,NA,NA,91859,NA,02580,3,5
45057000105,45,057,000105,5156,4010,1094,36,8,7,1,3790,3129,622,26,7,5,1,487.74,781.84,NA,68380,91859,NA,02580,3,5
45057000106,45,057,000106,4233,3497,712,16,2,6,0,3082,2615,452,9,1,5,0,396.62,635.79,NA,23290,91859,NA,02580,3,5
45057000107,45,057,000107,4641,1081,3543,15,1,1,0,3155,885,2260,8,1,1,0,406.02,650.85,NA,39895,91859,NA,02580,3,5
45057000108,45,057,000108,3334,2114,1187,12,9,7,5,2510,1767,721,12,6,4,0,323.01,517.79,NA,39895,91859,NA,02580,3,5
45057000109,45,057,000109,3143,2667,457,10,1,8,0,2446,2106,323,8,1,8,0,314.78,504.59,NA,39895,91859,NA,02580,3,5
45057000110,45,057,000110,8262,7046,1156,31,17,10,2,6067,5263,755,28,11,10,0,780.76,1251.56,NA,23290,91859,NA,02580,3,5
45057000111,45,057,000111,4389,3242,1134,7,1,5,0,3109,2372,728,4,1,4,0,400.1,641.36,NA,39930,91859,NA,02580,3,5
45057000112,45,057,000112,5500,4793,663,27,12,5,0,4035,3519,486,19,10,1,0,519.26,832.38,NA,NA,93523,NA,02580,3,5
45059009801,45,059,009801,9793,7557,2132,84,2,16,2,7060,5493,1499,54,2,10,2,782.31,1278.44,NA,30355,91300,NA,02610,3,3
45059009802,45,059,009802,5347,5053,266,12,4,10,2,4063,3840,204,9,3,7,0,450.22,735.74,NA,74680,92730,NA,02610,3,3
45059009803,45,059,009803,7505,4564,2914,18,4,5,0,5409,3402,1984,16,4,3,0,599.36,979.47,NA,40615,91924,NA,02610,3,3
45059009804,45,059,009804,5461,3110,2321,12,4,13,1,4218,2546,1653,9,2,7,1,467.39,763.8,NA,40615,91924,NA,02610,3,3
45059009805,45,059,009805,7287,5545,1714,11,6,6,5,5337,4197,1118,10,6,3,3,591.39,966.43,NA,40615,91924,NA,02610,3,3
45059009806,45,059,009806,4155,3074,1055,19,2,4,1,3024,2357,653,9,2,2,1,335.09,547.59,NA,15265,90663,NA,02640,3,3
45059009807,45,059,009807,5873,2978,2858,11,15,11,0,4290,2299,1967,8,10,6,0,475.37,776.84,NA,15265,90663,NA,02640,3,3
45059009808,45,059,009808,6237,5102,1089,19,3,21,3,5077,4232,812,15,1,15,2,562.58,919.35,NA,15265,90663,NA,02640,3,3
45059009809,45,059,009809,2592,2264,313,8,3,4,0,1967,1725,234,2,3,3,0,217.96,356.19,NA,36790,91690,NA,02640,3,3
45059009810,45,059,009810,3842,2122,1700,17,2,1,0,2900,1687,1197,13,2,1,0,321.35,525.14,NA,17890,90819,NA,02640,3,3
45061009801,45,061,009801,1620,896,707,12,4,1,0,1183,717,453,8,4,1,0,300.7,263.59,NA,NA,93250,NA,02670,3,6
45061009802,45,061,009802,5377,2466,2875,25,5,6,0,3767,1949,1796,13,3,6,0,957.52,839.34,NA,6310,90260,NA,02670,3,5
45061009803,45,061,009803,4247,1195,3031,13,4,4,0,2898,958,1926,10,3,1,0,736.63,645.71,NA,6310,90260,NA,02670,3,6
45061009804,45,061,009804,3555,1656,1883,7,4,5,0,2493,1271,1209,6,4,3,0,633.68,555.47,NA,NA,90104,NA,02670,3,5
45061009805,45,061,009805,1547,297,1238,4,0,8,0,1039,236,795,2,0,6,0,264.1,231.5,NA,NA,92899,NA,02670,3,6
45061009806,45,061,009806,2091,329,1747,14,0,1,0,1402,266,1128,7,0,1,0,356.37,312.38,NA,43360,92054,NA,02670,3,6
45063000201,45,063,000201,3373,2221,1088,30,5,29,0,2423,1728,653,16,3,23,0,168.76,634.24,NA,12655,93653,NA,02730,6,2
45063000203,45,063,000203,3035,2523,456,26,8,22,0,2546,2179,324,19,5,19,0,177.33,666.44,NA,75850,93653,NA,02730,6,2
45063000208,45,063,000208,7499,6056,1375,38,14,15,1,5344,4403,895,26,9,11,0,372.21,1398.84,NA,70675,93354,NA,02790,6,2
45063000209,45,063,000209,9338,8700,532,58,33,13,2,6559,6141,345,39,25,9,0,456.83,1716.87,NA,55420,92613,NA,02700,6,2
45063000212,45,063,000212,6566,6177,347,32,3,7,0,5004,4732,244,22,3,3,0,304,1686,NA,13150,90546,NA,02820,6,2
45063000213,45,063,000213,10353,9626,602,90,25,8,2,7624,7115,413,67,21,7,1,531.01,1995.64,NA,29050,91261,NA,02700,6,2
45063000214,45,063,000214,9180,6264,2843,47,21,5,0,6685,4787,1842,35,17,4,0,465.61,1749.85,NA,4285,90169,NA,02760,6,2
45063020201,45,063,020201,2146,1868,241,20,5,12,0,1784,1608,147,15,5,9,0,124.26,466.98,NA,12655,93653,NA,02730,6,2
45063020202,45,063,020202,2639,1914,685,23,5,12,0,2014,1534,459,9,5,7,0,140.28,527.18,NA,12655,93653,NA,02730,6,2
45063020503,45,063,020503,8264,6824,1145,130,12,153,0,6487,5414,868,90,8,107,0,518.36,2216.79,NA,65117,91625,NA,02820,6,2
45063020505,45,063,020505,3786,2540,1202,18,9,12,5,2821,2055,738,13,7,6,2,196.48,738.42,NA,75850,93653,NA,02730,6,2
45063020506,45,063,020506,3068,2879,90,36,1,59,3,2442,2310,64,27,1,39,1,170.09,639.21,NA,NA,93653,NA,02730,6,2
45063020507,45,063,020507,4273,3607,548,65,17,33,3,3105,2670,359,44,10,22,0,216.26,812.76,NA,51685,93653,NA,02730,6,2
45063020508,45,063,020508,1959,1919,12,15,0,13,0,1598,1566,11,12,0,9,0,111.3,418.29,NA,75850,93653,NA,02730,6,2
45063020509,45,063,020509,3144,2427,580,74,2,59,2,2667,2084,483,49,2,48,1,185.76,698.11,NA,75850,93653,NA,02730,6,2
45063020601,45,063,020601,4092,3848,199,16,10,17,2,3292,3129,128,12,8,13,2,229.29,861.71,NA,75850,93653,NA,02730,6,2
45063020602,45,063,020602,4496,4217,192,36,12,37,2,3475,3296,120,24,9,26,0,242.03,909.61,NA,68425,93653,NA,02730,6,2
45063020604,45,063,020604,3039,2673,287,33,2,44,0,2372,2104,208,23,2,35,0,165.21,620.89,NA,12655,93653,NA,02730,6,2
45063020605,45,063,020605,2708,2413,261,11,12,11,0,1926,1747,156,8,8,7,0,134.15,504.15,NA,12655,93653,NA,02730,6,2
45063020701,45,063,020701,9436,8738,576,74,17,31,0,6664,6233,346,52,12,21,0,464.15,1744.36,NA,67705,93653,NA,02730,6,2
45063020702,45,063,020702,4240,2971,1222,40,5,1,1,2869,2090,751,23,3,1,1,199.83,750.98,NA,28780,93653,NA,02730,6,2
45063021004,45,063,021004,2934,2818,91,12,3,10,0,2131,2053,62,8,3,5,0,148.42,557.81,NA,NA,91937,NA,02700,6,2
45063021005,45,063,021005,8415,7385,915,43,28,41,3,6422,5686,659,25,22,30,0,447.29,1681.01,NA,41335,91937,NA,02700,6,2
45063021006,45,063,021006,4638,4457,139,25,7,10,0,3422,3293,98,18,6,7,0,238.34,895.74,NA,41335,91937,NA,02700,6,2
45063021007,45,063,021007,4514,4249,193,43,7,22,0,3142,2962,138,19,7,16,0,218.84,822.44,NA,51685,91937,NA,02700,6,2
45063021008,45,063,021008,13466,12640,659,81,27,59,0,9399,8845,432,56,24,42,0,654.64,2460.27,NA,59110,91937,NA,02700,6,2
45063021009,45,063,021009,3112,2916,175,17,1,3,0,2202,2080,105,13,1,3,0,153.37,576.39,NA,59110,91937,NA,02700,6,2
45063021102,45,063,021102,9042,8349,534,71,12,75,1,6253,5806,348,45,8,46,0,499.66,2136.83,NA,35890,91625,NA,02820,6,2
45063021104,45,063,021104,6103,5582,365,40,8,108,0,4114,3822,195,27,4,66,0,328.74,1405.87,NA,35890,91625,NA,02820,6,2
45063021105,45,063,021105,5501,4778,632,42,9,38,2,3828,3350,412,27,9,28,2,305.89,1308.14,NA,35890,91625,NA,02820,6,2
45063021106,45,063,021106,3067,2887,125,16,1,38,0,2307,2177,90,12,1,27,0,184.35,788.37,NA,65117,91625,NA,02820,6,2
45063021597,45,063,021597,168,52,116,0,0,0,0,119,45,74,0,0,0,0,8.29,31.15,NA,4285,90169,NA,02760,6,2
45063021598,45,063,021598,17,17,0,0,0,0,0,14,14,0,0,0,0,0,0.98,3.66,NA,NA,91261,NA,02760,6,2
45065009801,45,065,009801,1168,351,815,1,0,1,0,770,206,563,0,0,1,0,148.19,108.94,NA,48310,92262,NA,03000,4,3
45065009802,45,065,009802,5737,2271,3424,24,5,8,5,4461,1926,2503,20,4,6,2,858.52,631.13,NA,43720,92119,NA,03000,4,3
45065009803,45,065,009803,1963,1018,941,1,1,2,0,1498,822,672,1,1,2,0,288.29,211.93,NA,57670,92561,NA,03000,4,3
45067009501,45,067,009501,4803,1868,2911,9,10,3,2,3303,1399,1891,5,6,2,0,559.05,527.89,NA,44575,92171,NA,02850,5,6
45067009502,45,067,009502,5366,3164,2138,20,12,31,1,3744,2430,1272,13,8,21,0,633.69,598.37,NA,44575,92171,NA,02850,5,6
45067009503,45,067,009503,3455,1355,2001,23,32,43,1,2383,1022,1295,17,16,33,0,403.33,380.85,NA,48805,92314,NA,02880,5,6
45067009504,45,067,009504,4517,2155,2315,21,19,7,0,3083,1648,1411,13,8,3,0,521.81,492.72,NA,50110,92314,NA,02880,5,6
45067009505,45,067,009505,5404,2815,2550,3,9,27,0,3773,2156,1590,2,6,19,0,638.59,603,NA,48805,92314,NA,02880,5,6
45067009506,45,067,009506,6617,2543,4049,10,2,10,3,4457,1938,2506,6,2,5,0,754.36,712.32,NA,44575,92171,NA,02850,5,6
45067009507,45,067,009507,1475,384,1090,0,1,0,0,1055,297,757,0,1,0,0,178.56,168.61,NA,NA,90520,NA,02910,5,6
45067009508,45,067,009508,2262,811,1425,24,0,2,0,1522,604,902,14,0,2,0,257.6,243.25,NA,NA,90403,NA,02940,5,6
45069009601,45,069,009601,3398,2005,1341,10,37,5,0,2464,1506,914,8,31,5,0,402.52,329.9,NA,NA,93588,NA,02970,5,5
45069009602,45,069,009602,7574,2658,4876,10,29,0,1,5272,2046,3203,6,17,0,0,861.25,705.85,NA,5680,90234,NA,02970,5,5
45069009603,45,069,009603,8177,4094,3964,25,72,15,7,5923,3222,2629,19,42,8,3,967.59,793.01,NA,5680,90234,NA,02970,5,5
45069009604,45,069,009604,5224,3278,1467,12,459,2,6,3686,2400,982,8,290,1,5,602.15,493.51,NA,43630,92093,NA,02970,5,5
45069009605,45,069,009605,2865,968,1753,22,117,3,2,1963,769,1102,12,77,1,2,320.68,262.82,NA,15310,90676,NA,02970,5,5
45069009606,45,069,009606,2123,1284,821,0,18,0,0,1523,960,552,0,11,0,0,248.8,203.91,NA,6850,90299,NA,02970,5,5
45071009501,45,071,009501,3278,2269,997,8,2,2,0,2433,1741,683,5,2,2,0,314.87,577.54,NA,57850,92704,NA,03030,3,5
45071009502,45,071,009502,7900,5777,2045,32,17,29,0,6128,4634,1441,22,11,20,0,793.06,1454.65,NA,49570,92366,NA,03030,3,5
45071009503,45,071,009503,3906,2944,940,13,7,1,1,3020,2312,692,9,6,1,0,390.84,716.88,NA,77380,93705,NA,03030,3,5
45071009504,45,071,009504,940,494,432,12,1,1,0,686,383,294,7,1,1,0,88.78,162.84,NA,13240,90559,NA,03030,3,5
45071009505,45,071,009505,9419,4385,4917,72,11,28,6,6662,3378,3217,43,9,14,1,862.17,1581.41,NA,49570,92366,NA,03030,3,5
45071009506,45,071,009506,7729,5557,2139,10,2,18,3,5867,4375,1474,6,2,10,0,759.28,1392.69,NA,58705,92756,NA,03030,3,5
45073000301,45,073,000301,3689,3634,1,35,12,7,0,2798,2764,0,20,9,5,0,227.52,516.11,NA,NA,92249,NA,03060,4,3
45073000302,45,073,000302,4247,4215,3,22,1,6,0,3413,3392,1,14,0,6,0,277.53,629.55,NA,62980,92964,NA,03060,4,3
45073000303,45,073,000303,4138,4101,22,11,3,1,0,3108,3084,12,10,1,1,0,252.73,573.29,NA,74095,93575,NA,03060,4,3
45073000304,45,073,000304,7343,6757,352,197,12,25,0,5512,5095,263,128,9,17,0,448.21,1016.72,NA,74095,93575,NA,03060,4,3
45073000305,45,073,000305,3306,3184,86,26,1,9,0,2511,2422,62,20,1,6,0,204.18,463.17,NA,NA,93575,NA,03060,4,3
45073000306,45,073,000306,6501,6102,328,22,8,38,3,5045,4787,216,12,6,24,0,410.23,930.58,NA,65095,93081,NA,03060,4,3
45073000307,45,073,000307,8320,6202,1975,82,19,40,2,6261,4833,1331,58,14,25,0,509.11,1154.87,NA,65095,93081,NA,03060,4,3
45073000308,45,073,000308,5517,4025,1444,34,1,7,6,4042,2999,1012,22,1,5,3,328.68,745.57,NA,65095,93081,NA,03060,4,3
45073000309,45,073,000309,5861,5650,148,37,10,14,2,4390,4245,102,28,7,8,0,356.97,809.76,NA,NA,92457,NA,03060,4,3
45073000310,45,073,000310,5214,4579,577,33,2,21,2,3883,3422,424,22,2,12,1,315.75,716.24,NA,76165,93666,NA,03060,4,3
45073000311,45,073,000311,3358,3234,93,29,0,1,1,2473,2389,65,18,0,1,0,201.09,456.16,NA,76165,93666,NA,03060,4,3
45075000101,45,075,000101,4298,1518,2744,21,7,4,4,3009,1223,1761,13,7,2,3,756,461.2,NA,24100,91079,NA,03150,6,6
45075000102,45,075,000102,4959,1538,3308,8,105,0,0,3349,1158,2109,5,77,0,0,841.42,513.32,NA,34360,91547,NA,03150,6,6
45075000103,45,075,000103,5365,1424,3909,16,11,5,0,3714,1235,2452,14,10,3,0,933.12,569.26,NA,63790,93510,NA,03150,6,6
45075000104,45,075,000104,4173,1579,2558,31,3,2,0,2983,1289,1676,14,3,1,0,749.46,457.22,NA,23470,91040,NA,03270,6,6
45075000105,45,075,000105,3993,1241,2740,9,0,3,0,2761,952,1800,6,0,3,0,572.03,584.43,NA,7840,90364,NA,03120,6,6
45075000106,45,075,000106,4660,2085,2530,19,16,8,2,3415,1694,1689,12,10,8,2,707.53,722.87,NA,53080,92496,NA,03210,6,6
45075000107,45,075,000107,3785,1043,2709,25,4,4,0,2604,772,1809,17,4,2,0,539.5,551.2,NA,77672,92496,NA,03210,6,6
45075000108,45,075,000108,4219,535,3671,2,0,11,0,2954,406,2539,1,0,8,0,612.02,625.29,NA,9527,92496,NA,03210,6,6
45075000109,45,075,000109,5353,4106,1170,18,5,54,0,3931,3091,789,12,5,34,0,814.43,832.09,NA,53080,92496,NA,03210,6,2
45075000110,45,075,000110,5476,3349,1939,35,8,145,0,4057,2641,1289,26,3,98,0,840.54,858.76,NA,53080,92496,NA,03210,6,2
45075000111,45,075,000111,3529,190,3323,9,4,3,0,2374,141,2221,7,2,3,0,491.85,502.51,NA,9527,92496,NA,03210,6,6
45075000112,45,075,000112,4362,57,4277,15,1,11,1,3898,50,3822,15,1,9,1,807.6,825.11,NA,53080,92496,NA,03210,6,6
45075000113,45,075,000113,2558,551,1990,12,3,2,0,1830,502,1321,4,1,2,0,379.14,387.36,NA,53080,92496,NA,03210,6,6
45075000114,45,075,000114,3876,1862,1958,25,5,25,1,2986,1566,1381,18,5,15,1,618.65,632.06,NA,53080,92496,NA,03210,6,2
45075000115,45,075,000115,3740,1760,1957,12,6,5,0,2627,1308,1301,10,5,3,0,544.27,556.07,NA,22997,92509,NA,03210,6,2
45075000116,45,075,000116,4833,3201,1579,31,9,13,0,3305,2245,1026,20,9,5,0,684.74,699.58,NA,16855,92509,NA,03180,6,2
45075000117,45,075,000117,4127,2261,1851,6,3,6,0,2969,1711,1249,4,2,3,0,615.12,628.46,NA,8245,90390,NA,03300,6,6
45075000118,45,075,000118,4671,2309,2346,12,2,2,0,3304,1765,1529,6,2,2,0,684.53,699.37,NA,68470,93211,NA,03090,6,2
45075000119,45,075,000119,3416,2473,902,16,16,9,0,2448,1812,606,13,11,6,0,507.18,518.18,NA,49390,92340,NA,03240,6,2
45075000120,45,075,000120,3410,1748,1648,9,2,3,0,2403,1312,1082,7,0,2,0,497.86,508.65,NA,50560,92405,NA,03240,6,2
45075012197,45,075,012197,0,0,0,0,0,0,0,0,0,0,0,0,0,0,0,0,NA,NA,91040,NA,03270,6,6
45075012198,45,075,012198,0,0,0,0,0,0,0,0,0,0,0,0,0,0,0,0,NA,NA,91040,NA,03270,6,6
45077000101,45,077,000101,1925,1893,21,7,3,1,0,1442,1417,15,6,3,1,0,94.9,265.08,NA,NA,91157,NA,03330,4,3
45077000102,45,077,000102,3214,3181,19,7,0,4,3,2386,2363,17,3,0,3,0,157.03,438.62,NA,NA,93146,NA,03330,4,3
45077000103,45,077,000103,4574,4545,2,14,8,3,2,3331,3310,2,10,6,3,0,219.22,612.34,NA,66760,93146,NA,03330,4,3
45077000106,45,077,000106,6828,6658,140,13,5,12,0,4997,4871,108,9,4,5,0,328.87,918.6,NA,NA,90949,NA,03330,4,3
45077000107,45,077,000107,3662,3620,20,11,6,5,0,2765,2734,13,7,6,5,0,181.97,508.29,NA,2440,90936,NA,03330,4,3
45077010401,45,077,010401,1663,1658,1,0,3,1,0,1239,1236,0,0,2,1,0,81.54,227.77,NA,NA,92639,NA,03330,4,3
45077010402,45,077,010402,5251,4618,581,28,9,15,0,3997,3538,426,14,7,12,0,263.06,734.77,NA,56140,92639,NA,03330,4,3
45077010403,45,077,010403,1609,1589,11,9,0,0,0,1180,1167,7,6,0,0,0,77.66,216.92,NA,56140,92639,NA,03330,4,3
45077010501,45,077,010501,2262,2249,0,8,2,3,0,1636,1626,0,7,1,2,0,107.67,300.75,NA,NA,92639,NA,03330,4,3
45077010502,45,077,010502,3231,3114,108,5,1,3,0,2477,2384,86,5,1,1,0,163.02,455.35,NA,56140,92639,NA,03330,4,3
45077010702,45,077,010702,0,0,0,0,0,0,0,0,0,0,0,0,0,0,0,0,NA,2440,90936,NA,03330,4,3
45077010801,45,077,010801,4604,3233,1324,39,5,2,1,3499,2491,971,32,4,1,0,230.28,643.23,NA,21985,90936,NA,03330,4,3
45077010802,45,077,010802,2310,2057,209,20,20,4,0,1783,1597,157,13,14,2,0,117.34,327.77,NA,21985,90936,NA,03330,4,3
45077010803,45,077,010803,4506,4143,299,35,21,7,1,3191,2979,172,26,9,5,0,210.01,586.61,NA,21985,90936,NA,03330,4,3
45077010804,45,077,010804,3385,3070,277,10,13,15,0,2766,2533,207,8,8,10,0,182.04,508.48,NA,21985,90936,NA,03330,4,3
45077010901,45,077,010901,3161,3041,98,16,2,4,0,2357,2266,72,13,2,4,0,155.12,433.29,NA,21985,90936,NA,03330,4,3
45077010902,45,077,010902,4286,4061,163,36,8,18,0,3150,3001,106,25,6,12,0,207.31,579.07,NA,21985,90936,NA,03330,4,3
45077010903,45,077,010903,3211,3028,131,31,1,18,2,2298,2174,93,21,1,9,0,151.24,422.44,NA,21985,90936,NA,03330,4,3
45077011001,45,077,011001,1705,1669,23,8,3,2,0,1207,1184,12,6,3,2,0,79.44,221.88,NA,41380,91950,NA,03330,4,3
45077011002,45,077,011002,5733,5184,508,29,8,4,0,4266,3894,345,18,5,4,0,280.76,784.22,NA,41380,91950,NA,03330,4,3
45077011003,45,077,011003,1663,1626,22,14,0,1,0,1232,1203,19,9,0,1,0,81.08,226.48,NA,NA,91950,NA,03330,4,3
45077011101,45,077,011101,1679,1509,146,13,1,10,0,1260,1172,72,10,1,5,0,82.92,231.63,NA,13015,90533,NA,03330,4,3
45077011102,45,077,011102,4086,3248,744,34,4,56,0,3317,2696,549,23,4,45,0,218.3,609.77,NA,13015,90533,NA,03330,4,3
45077011103,45,077,011103,1219,1139,76,2,1,1,0,916,854,59,1,1,1,0,60.28,168.39,NA,50515,90533,NA,03330,4,3
45077011201,45,077,011201,6799,5602,749,66,13,362,7,6096,5133,556,63,12,328,4,401.2,1120.63,NA,14950,90650,NA,03330,4,3
45077011202,45,077,011202,6691,5893,642,79,8,68,1,6653,5863,637,78,8,66,1,437.86,1223.03,NA,14950,90650,NA,03330,4,3
45077011203,45,077,011203,4637,3989,466,37,7,137,1,3675,3176,370,26,5,97,1,241.86,675.58,NA,14950,90650,NA,03330,4,3
45079000001,45,079,000001,2860,715,2124,10,5,5,1,2119,680,1425,7,2,5,0,286.52,341.98,NA,16000,90702,NA,03360,6,6
45079000002,45,079,000002,1853,595,1255,3,0,0,0,1349,513,833,3,0,0,0,182.4,217.71,NA,16000,90702,NA,03360,6,6
45079000003,45,079,000003,3547,489,3030,18,4,5,1,2504,431,2051,14,3,4,1,338.57,404.11,NA,16000,90702,NA,03360,6,6
45079000004,45,079,000004,2179,781,1370,13,5,9,1,1650,690,937,10,5,8,0,223.1,266.29,NA,16000,90702,NA,03360,6,6
45079000005,45,079,000005,2725,116,2582,26,0,1,0,1797,103,1678,15,0,1,0,242.98,290.01,NA,16000,90702,NA,03360,6,6
45079000006,45,079,000006,2141,1211,903,14,3,10,0,1648,1094,534,9,3,8,0,222.83,265.96,NA,16000,90702,NA,03360,6,6
45079000007,45,079,000007,1802,953,817,25,0,7,0,1513,880,612,16,0,5,0,204.58,244.18,NA,16000,90702,NA,03360,6,6
45079000008,45,079,000008,701,292,402,2,1,4,0,666,269,390,2,1,4,0,90.05,107.48,NA,16000,90702,NA,03360,6,6
45079000009,45,079,000009,3607,155,3409,39,2,0,2,2317,129,2166,20,2,0,0,313.29,373.93,NA,16000,90702,NA,03360,6,6
45079000010,45,079,000010,4721,371,4303,39,7,1,0,3620,370,3217,27,5,1,0,489.47,584.21,NA,16000,90702,NA,03360,6,6
45079000011,45,079,000011,4986,2853,2070,31,12,20,0,3995,2534,1414,20,11,16,0,540.18,644.73,NA,16000,90702,NA,03360,6,2
45079000012,45,079,000012,1724,1667,46,3,2,6,0,1336,1307,21,3,0,5,0,180.65,215.61,NA,16000,90702,NA,03360,6,2
45079000013,45,079,000013,3364,83,3260,17,1,0,3,2466,78,2374,10,1,0,3,333.44,397.98,NA,16000,90702,NA,03360,6,6
45079000014,45,079,000014,753,289,439,7,0,18,0,666,280,363,6,0,17,0,90.05,107.48,NA,16000,90702,NA,03360,6,6
45079000015,45,079,000015,324,215,88,6,1,14,0,314,211,83,5,1,14,0,42.46,50.67,NA,16000,90702,NA,03360,6,6
45079000016,45,079,000016,2627,771,1788,43,9,16,0,2464,739,1663,39,9,14,0,333.17,397.65,NA,16000,90702,NA,03360,6,6
45079000017,45,079,000017,0,0,0,0,0,0,0,0,0,0,0,0,0,0,0,0,NA,16000,90702,NA,03360,6,6
45079000018,45,079,000018,1438,1057,216,7,101,57,0,1429,1051,214,7,101,56,0,193.22,230.62,NA,16000,90702,NA,03360,6,6
45079000019,45,079,000019,2465,1812,361,30,0,260,2,2362,1782,339,28,0,211,2,319.37,381.19,NA,16000,90702,NA,03360,6,2
45079000021,45,079,000021,2993,2378,552,37,2,24,0,2632,2140,435,33,2,22,0,355.88,424.77,NA,16000,90702,NA,03360,6,2
45079000022,45,079,000022,1555,1041,488,17,5,3,1,1304,921,360,15,5,3,0,176.32,210.45,NA,16000,90702,NA,03360,6,2
45079000023,45,079,000023,2249,2227,6,10,1,5,0,1820,1802,6,8,1,3,0,246.09,293.72,NA,16000,90702,NA,03360,6,2
45079000024,45,079,000024,3237,3045,155,19,5,13,0,2547,2400,116,16,4,11,0,344.39,411.05,NA,16000,90702,NA,03360,6,2
45079000025,45,079,000025,3885,3552,260,27,5,41,0,3203,2978,157,25,5,38,0,433.09,516.92,NA,16000,90702,NA,03360,6,2
45079000026,45,079,000026,9865,6694,2887,160,17,103,4,7806,5748,1848,109,13,85,3,1055.48,1259.77,NA,16000,90702,NA,03360,6,2
45079000027,45,079,000027,3149,2757,214,59,3,113,3,2770,2437,173,49,3,105,3,374.54,447.04,NA,16000,90702,NA,03360,6,2
45079000028,45,079,000028,2333,1829,404,31,4,60,5,2200,1759,348,30,4,54,5,297.47,355.05,NA,16000,90702,NA,03360,6,6
45079000101,45,079,000101,6782,3790,2891,59,8,34,0,4837,2817,1951,40,8,21,0,654.03,780.62,NA,7255,90325,NA,03390,6,2
45079000102,45,079,000102,4125,2530,1582,9,1,3,0,2994,1912,1073,5,1,3,0,404.83,483.19,NA,NA,90494,NA,03360,6,2
45079000106,45,079,000106,6467,968,5412,48,14,22,3,4436,860,3512,36,7,18,3,599.81,715.9,NA,16000,90702,NA,03360,6,6
45079000109,45,079,000109,2647,50,2567,28,1,1,0,1745,37,1693,14,0,1,0,235.95,281.62,NA,16000,90702,NA,03360,6,6
45079000110,45,079,000110,1850,360,1478,3,1,8,0,1330,333,989,3,0,5,0,179.83,214.64,NA,16000,90702,NA,03360,6,6
45079000115,45,079,000115,11292,5083,4687,1064,100,342,16,8998,4262,3621,782,83,241,9,1216.65,1452.14,NA,16000,90702,00005,NA,6,2
45079000118,45,079,000118,6812,932,5844,24,4,3,5,4596,678,3901,11,3,3,0,621.44,741.73,NA,NA,91573,NA,03360,6,6
45079000120,45,079,000120,5080,1334,3702,17,11,12,4,3562,1041,2490,9,11,11,0,481.63,574.85,NA,22390,90962,NA,03360,6,6
45079002001,45,079,002001,2583,2143,349,37,3,51,0,2521,2083,348,37,3,50,0,340.87,406.85,NA,16000,90702,NA,03360,6,2
45079002002,45,079,002002,396,214,171,1,0,10,0,361,212,138,1,0,10,0,48.81,58.26,NA,16000,90702,NA,03360,6,6
45079010302,45,079,010302,5666,5419,209,32,1,5,0,4304,4147,134,20,1,2,0,333.33,824.24,NA,NA,90923,NA,02820,6,2
45079010303,45,079,010303,3395,2484,866,32,1,11,1,2365,1743,593,22,1,5,1,183.16,452.91,NA,16000,90923,NA,02820,6,2
45079010304,45,079,010304,4771,2910,1759,60,4,37,1,3495,2251,1176,40,3,25,0,270.68,669.32,NA,62395,90923,NA,02820,6,2
45079010305,45,079,010305,7222,6245,814,47,13,100,3,4773,4146,526,26,10,64,1,369.65,914.06,NA,35890,90923,NA,02820,6,2
45079010403,45,079,010403,3796,3094,634,29,1,35,3,3417,2853,506,25,1,31,1,264.64,654.38,NA,62395,90923,NA,03360,6,2
45079010404,45,079,010404,4076,3301,683,46,12,33,1,3707,3037,587,40,12,30,1,287.1,709.92,NA,62395,90923,NA,03360,6,2
45079010405,45,079,010405,7121,4119,2780,108,5,106,3,5927,3705,2047,80,4,90,1,459.03,1135.06,NA,62395,90923,NA,03360,6,2
45079010406,45,079,010406,9614,4818,4540,113,50,88,5,7546,3892,3443,89,44,73,5,584.41,1445.11,NA,62395,90923,NA,03360,6,2
45079010501,45,079,010501,2688,1773,783,30,5,93,4,1951,1382,484,18,4,63,0,263.8,314.86,NA,16000,90702,NA,03360,6,2
45079010502,45,079,010502,1019,18,995,6,0,0,0,706,10,693,3,0,0,0,95.46,113.94,NA,16000,90702,NA,03360,6,6
45079010701,45,079,010701,3741,134,3599,3,2,3,0,2464,115,2345,1,1,2,0,333.17,397.65,NA,16000,90702,NA,03360,6,6
45079010702,45,079,010702,5042,695,4314,26,3,3,1,3788,659,3105,17,3,3,1,512.19,611.33,NA,NA,90702,NA,03360,6,6
45079010703,45,079,010703,4565,28,4504,19,2,9,3,3491,26,3443,12,1,7,2,472.03,563.4,NA,16000,90702,NA,03360,6,6
45079010802,45,079,010802,1368,680,670,8,1,9,0,1237,649,570,8,1,9,0,167.26,199.63,NA,19285,90702,NA,03390,6,2
45079010803,45,079,010803,2638,1194,1363,45,4,32,0,1984,1003,923,30,4,24,0,268.26,320.19,NA,19285,90702,NA,03390,6,6
45079010804,45,079,010804,3201,564,2618,8,2,8,1,2429,459,1955,5,2,7,1,328.43,392,NA,19285,90702,NA,03360,6,6
45079011101,45,079,011101,3517,2719,670,60,2,63,3,2861,2287,483,43,2,44,2,386.85,461.72,NA,16000,90702,NA,03360,6,6
45079011102,45,079,011102,3865,3255,546,29,5,30,0,3020,2624,348,24,5,19,0,408.34,487.38,NA,26305,90702,NA,03360,6,2
45079011201,45,079,011201,1936,1812,78,32,6,8,0,1649,1547,60,31,4,7,0,222.97,266.12,NA,26305,90702,NA,03360,6,2
45079011202,45,079,011202,3267,2973,207,47,2,38,0,2796,2590,143,32,2,29,0,378.06,451.23,NA,26305,90702,NA,03360,6,2
45079011301,45,079,011301,6918,5162,1442,118,17,179,0,5363,4186,960,81,14,122,0,725.15,865.51,NA,26305,90702,00005,03390,6,2
45079011303,45,079,011303,3304,2040,1160,44,4,55,1,2560,1722,766,28,3,41,0,346.15,413.15,NA,19285,90702,NA,03390,6,2
45079011304,45,079,011304,4266,2549,1411,129,18,156,3,3251,2060,968,88,12,122,1,439.58,524.66,NA,78820,90702,NA,03390,6,2
45079011305,45,079,011305,5573,3241,1698,385,8,238,3,4164,2615,1083,273,6,186,1,563.03,672.01,NA,78820,90702,NA,03390,6,2
45079011403,45,079,011403,6705,5103,1217,126,30,225,4,4834,3813,769,75,18,159,0,653.62,780.14,NA,19285,92717,NA,03390,6,2
45079011404,45,079,011404,4885,2160,2595,69,10,47,4,3200,1517,1595,45,8,35,0,432.68,516.43,NA,19285,92717,NA,03390,6,6
45079011405,45,079,011405,6906,5678,896,78,20,233,1,4660,3922,526,50,10,152,0,630.09,752.05,NA,16000,92717,NA,03390,6,2
45079011406,45,079,011406,7909,6380,1185,200,16,127,1,5180,4224,727,124,10,95,0,700.41,835.97,NA,NA,92717,NA,03390,6,2
45079011603,45,079,011603,2932,2444,352,55,16,65,0,2362,2005,245,45,11,56,0,319.37,381.19,NA,16000,90702,NA,03360,6,2
45079011604,45,079,011604,4765,4451,193,65,0,56,0,3725,3475,157,52,0,41,0,503.67,601.16,NA,16000,90702,NA,03360,6,2
45079011605,45,079,011605,7621,5183,2089,187,18,139,5,5657,4113,1312,114,13,103,2,764.9,912.96,NA,16000,90702,NA,03360,6,2
45079011606,45,079,011606,3826,2843,858,69,4,51,1,2749,2133,529,50,3,34,0,371.7,443.65,NA,16000,90702,NA,03360,6,2
45079011701,45,079,011701,2265,937,1283,20,10,15,0,1820,810,975,16,6,13,0,246.09,293.72,NA,NA,90702,NA,03360,6,6
45079011702,45,079,011702,3911,204,3690,14,0,3,0,2613,158,2444,8,0,3,0,353.31,421.7,NA,16000,90702,NA,03360,6,6
45079011901,45,079,011901,6006,2934,2718,244,14,85,11,3964,2095,1641,151,11,64,2,535.99,639.73,NA,16000,91586,NA,03360,6,2
45079011902,45,079,011902,4303,3073,1121,81,13,14,1,3062,2262,724,53,9,13,1,414.02,494.16,NA,NA,91586,NA,03360,6,2
45081009601,45,081,009601,2079,1727,344,7,0,1,0,1604,1359,239,5,0,1,0,343.41,552.57,NA,NA,93003,NA,03460,4,3
45081009602,45,081,009602,7507,4258,3211,27,6,5,0,5440,3340,2076,15,4,5,0,1164.68,1874.07,NA,63250,92990,NA,03460,4,3
45081009604,45,081,009604,2995,1629,1319,44,2,1,0,2167,1233,892,39,2,1,0,463.95,746.53,NA,60325,92847,NA,00720,4,3
45081960398,45,081,960398,3776,3228,532,8,7,1,0,2821,2508,302,7,3,1,0,603.96,971.83,NA,4285,90156,NA,03460,4,3
45083000201,45,083,000201,312,147,155,9,1,0,0,294,147,137,9,1,0,0,17.5,31.14,NA,68290,93198,NA,03660,1,4
45083000202,45,083,000202,1039,231,803,2,0,3,0,837,222,611,2,0,2,0,49.81,88.66,NA,68290,93198,NA,03660,1,4
45083000204,45,083,000204,1919,689,1221,0,5,4,0,1392,602,785,0,2,3,0,82.84,147.46,NA,68290,93198,NA,03660,1,4
45083000205,45,083,000205,2296,238,2045,10,2,1,0,1525,201,1312,9,2,1,0,90.75,161.54,NA,68290,93198,NA,03660,1,4
45083000207,45,083,000207,4915,2252,2611,27,12,11,2,3478,1827,1618,15,8,9,1,206.97,368.43,NA,68290,93198,NA,03660,1,4
45083000208,45,083,000208,1775,29,1744,2,0,0,0,1059,26,1031,2,0,0,0,63.02,112.18,NA,68290,93198,NA,03660,1,4
45083000209,45,083,000209,2111,587,1508,8,2,6,0,1597,525,1059,8,2,3,0,95.04,169.17,NA,68290,93198,NA,03660,1,4
45083000211,45,083,000211,4418,2235,2107,27,0,49,0,3377,1802,1529,14,0,32,0,200.96,357.73,NA,68290,93198,NA,03660,1,4
45083000212,45,083,000212,3519,3347,125,28,1,18,0,2878,2747,92,24,0,15,0,171.27,304.87,NA,68290,93198,NA,03660,1,4
45083000214,45,083,000214,7638,6656,809,55,2,116,0,5900,5226,556,41,1,76,0,351.1,624.99,NA,73465,93198,NA,03660,1,4
45083000215,45,083,000215,2442,2230,157,45,5,4,1,1894,1773,92,20,5,4,0,112.71,200.63,NA,68290,93198,NA,03660,1,4
45083000216,45,083,000216,2723,1945,671,28,4,74,1,2134,1655,420,15,4,39,1,126.99,226.06,NA,68290,93198,NA,03660,1,4
45083000217,45,083,000217,4674,2993,1623,28,7,23,0,3513,2362,1105,23,4,19,0,209.05,372.13,NA,64240,93198,NA,03630,1,4
45083000221,45,083,000221,4847,4378,425,24,4,16,0,3730,3379,319,19,4,9,0,221.97,395.12,NA,68290,93198,NA,03660,1,4
45083000225,45,083,000225,3138,2959,121,42,6,10,0,2386,2247,95,31,6,7,0,141.99,252.75,NA,11125,91872,NA,03480,1,4
45083000226,45,083,000226,3388,2911,435,19,1,21,1,2580,2277,276,11,1,14,1,153.53,273.3,NA,40075,91872,NA,03480,1,4
45083000227,45,083,000227,4046,3836,189,8,6,7,0,3108,2943,154,4,3,4,0,184.95,329.23,NA,11125,91287,NA,03480,1,4
45083000228,45,083,000228,6351,5642,632,23,6,48,0,4757,4279,425,17,6,30,0,283.08,503.91,NA,NA,91612,NA,03510,1,4
45083000229,45,083,000229,5485,4045,1394,25,6,15,0,4268,3287,953,15,4,9,0,253.98,452.11,NA,35755,91612,NA,03480,1,4
45083000230,45,083,000230,6169,5565,569,27,4,4,0,4623,4198,399,18,4,4,0,275.11,489.72,NA,43315,93640,NA,03600,1,4
45083000232,45,083,000232,5705,5093,559,34,3,16,0,4281,3875,375,18,3,10,0,254.76,453.49,NA,30985,91404,NA,03600,1,4
45083000233,45,083,000233,6422,4265,2086,48,15,6,2,4726,3256,1422,31,10,6,1,281.24,500.63,NA,30985,91404,NA,02310,1,4
45083000234,45,083,000234,9464,8329,1042,51,17,25,0,6955,6166,719,37,14,19,0,413.88,736.75,NA,NA,92795,NA,03600,1,4
45083000235,45,083,000235,3524,3207,300,8,3,4,2,2675,2440,224,4,3,4,0,159.19,283.36,NA,79090,93783,NA,03570,1,4
45083000236,45,083,000236,6080,4553,1490,22,9,6,0,4552,3523,1000,17,7,5,0,270.88,482.2,NA,79090,93783,NA,03570,1,4
45083000237,45,083,000237,3310,2841,454,11,1,3,0,2530,2194,325,7,1,3,0,150.56,268,NA,NA,91053,NA,03570,1,4
45083000238,45,083,000238,7717,6390,1219,40,54,14,0,6041,4917,1046,33,39,6,0,359.49,639.93,NA,61720,92587,NA,03630,1,4
45083000239,45,083,000239,5194,4087,1086,12,9,0,0,3990,3210,767,7,6,0,0,237.44,422.66,NA,53845,92522,NA,03540,1,4
45083020301,45,083,020301,3472,1980,1425,31,12,21,3,2883,1852,983,24,4,17,3,171.56,305.4,NA,68290,93198,NA,03660,1,4
45083020302,45,083,020302,906,850,47,7,1,1,0,743,701,35,5,1,1,0,44.21,78.71,NA,68290,93198,NA,03660,1,4
45083020601,45,083,020601,3018,1850,1003,37,7,120,1,2289,1504,674,28,4,78,1,136.22,242.47,NA,68290,93198,NA,03630,1,4
45083020602,45,083,020602,2043,1774,162,31,1,75,0,1584,1387,109,24,1,63,0,94.26,167.79,NA,68290,93198,NA,03630,1,4
45083020603,45,083,020603,2343,2037,276,13,3,14,0,2009,1787,198,12,2,10,0,119.55,212.81,NA,68290,93198,NA,03660,1,4
45083021001,45,083,021001,2960,210,2725,23,0,1,1,1944,208,1718,16,0,1,1,115.68,205.93,NA,68290,93198,NA,03660,1,4
45083021002,45,083,021002,1335,23,1312,0,0,0,0,1009,18,991,0,0,0,0,60.04,106.88,NA,68290,93198,NA,03660,1,4
45083021301,45,083,021301,2824,1680,1064,50,2,28,0,2187,1431,697,37,2,20,0,130.15,231.67,NA,68290,93198,NA,03660,1,4
45083021302,45,083,021302,2715,2583,111,9,1,11,0,2111,2027,70,5,1,8,0,125.62,223.62,NA,68290,93198,NA,03660,1,4
45083021303,45,083,021303,5192,4765,280,59,4,84,0,4088,3784,198,44,2,60,0,243.27,433.04,NA,68290,93198,NA,03660,1,4
45083021801,45,083,021801,5954,4971,857,49,3,73,1,4371,3689,608,27,3,43,1,260.11,463.02,NA,73465,93198,NA,03510,1,4
45083021802,45,083,021802,4341,3703,550,53,6,29,0,3530,2967,500,38,6,19,0,210.07,373.93,NA,67750,93198,NA,03630,1,4
45083021901,45,083,021901,4878,4269,502,43,13,49,2,3787,3371,342,28,10,36,0,225.36,401.16,NA,67750,93198,NA,03630,1,4
45083021902,45,083,021902,3735,3551,120,14,15,35,0,2814,2692,79,9,10,24,0,167.46,298.09,NA,68290,93198,NA,03630,1,4
45083022001,45,083,022001,8336,6291,1893,88,6,58,0,6013,4618,1291,59,6,39,0,357.83,636.96,NA,61720,93198,NA,03630,1,4
45083022003,45,083,022003,3298,3091,181,16,0,10,0,2431,2277,136,12,0,6,0,144.67,257.52,NA,61720,93198,NA,03630,1,4
45083022004,45,083,022004,3399,2180,828,35,4,351,1,2290,1607,439,21,2,221,0,136.27,242.58,NA,NA,93198,NA,03660,1,4
45083022201,45,083,022201,4519,4221,250,35,1,12,0,3420,3210,178,23,1,8,0,203.52,362.28,NA,NA,93198,NA,03540,1,4
45083022202,45,083,022202,4341,3667,626,24,9,14,1,3270,2799,446,12,9,4,0,194.59,346.39,NA,17260,90793,NA,03540,1,4
45083022301,45,083,022301,5489,4617,815,53,2,1,1,4018,3426,552,37,2,1,0,239.11,425.63,NA,14050,90598,NA,03510,1,4
45083022302,45,083,022302,4614,4374,203,23,4,10,0,3458,3302,130,15,3,8,0,205.78,366.31,NA,45430,92184,NA,03510,1,4
45083022401,45,083,022401,4362,3635,703,18,5,1,0,3225,2749,459,14,2,1,0,191.92,341.63,NA,NA,91118,NA,03480,1,4
45083022402,45,083,022402,7619,7238,275,39,7,54,6,5630,5366,200,25,7,30,2,335.03,596.39,NA,7345,90338,NA,03510,1,4
45083022403,45,083,022403,4350,3519,735,25,5,66,0,3166,2637,483,14,3,29,0,188.4,335.38,NA,NA,90338,NA,03510,1,4
45083023101,45,083,023101,3986,3166,776,36,5,3,0,2913,2392,493,21,4,3,0,173.35,308.58,NA,21265,93640,NA,03600,1,4
45083023102,45,083,023102,6150,4631,1451,47,13,8,0,4670,3558,1060,36,10,6,0,277.91,494.69,NA,75580,93640,NA,03600,1,4
45085000001,45,085,000001,3251,581,2642,19,4,5,0,2385,490,1876,11,3,5,0,1045,553,NA,NA,92808,NA,03720,3,6
45085000003,45,085,000003,13236,9489,2898,433,77,315,24,10005,7272,2130,310,51,229,13,820.17,1157.62,NA,70405,93094,NA,03720,3,5
45085000004,45,085,000004,6192,2827,3296,37,10,20,2,4276,2074,2153,23,9,17,0,549,709,NA,45295,93315,NA,03720,3,5
45085000005,45,085,000005,2749,612,2066,69,0,2,0,1894,461,1379,52,0,2,0,780,510,NA,NA,93120,NA,03720,3,6
45085000006,45,085,000006,3807,1819,1968,13,7,0,0,2713,1412,1285,9,7,0,0,222.4,313.9,NA,NA,93328,NA,03720,3,6
45085000007,45,085,000007,4996,3169,1797,17,1,10,2,3519,2369,1127,13,1,8,1,288.47,407.16,NA,70405,93289,NA,03690,3,5
45085000009,45,085,000009,8198,6727,1271,75,3,120,2,6265,5235,888,55,3,84,0,513.58,724.89,NA,70405,93289,NA,03690,3,5
45085000010,45,085,000010,3648,2897,684,47,13,6,1,2829,2313,469,34,8,4,1,231.91,327.33,NA,70405,93289,NA,03690,3,5
45085000011,45,085,000011,4313,2269,2022,12,4,5,1,2959,1757,1188,7,3,3,1,242.57,342.37,NA,70405,93289,NA,03690,3,5
45085000013,45,085,000013,2768,519,2216,20,8,5,0,2078,432,1627,12,2,5,0,170.35,240.43,NA,70405,93289,NA,03690,3,6
45085000015,45,085,000015,3006,11,2968,27,0,0,0,2085,11,2063,11,0,0,0,170.92,241.24,NA,70405,93289,NA,03690,3,6
45085000016,45,085,000016,4740,447,4278,7,7,1,0,3223,350,2862,6,4,1,0,264.21,372.91,NA,68177,93289,NA,03690,3,6
45085000201,45,085,000201,4326,2446,1668,104,14,91,3,3108,1868,1093,62,11,72,2,254.78,359.61,NA,51887,93094,NA,03720,3,6
45085000202,45,085,000202,3810,1878,1798,40,11,82,1,2611,1366,1157,27,7,53,1,214.04,302.1,NA,70405,93094,NA,03720,3,5
45085000897,45,085,000897,688,193,475,14,1,2,3,466,150,306,6,1,0,3,38.2,53.92,NA,70405,93289,NA,03690,3,6
45085000898,45,085,000898,4501,742,3707,37,5,7,3,3135,574,2527,21,3,7,3,257,362.73,NA,70405,93289,NA,03690,3,5
45085001701,45,085,001701,4962,4180,658,50,0,69,5,3351,2856,416,24,0,50,5,274.7,387.72,NA,70405,93289,NA,03690,3,5
45085001702,45,085,001702,6452,4800,1551,55,3,43,0,4568,3527,982,29,1,29,0,374.47,528.54,NA,70405,93289,NA,03690,3,5
45085001801,45,085,001801,2181,1152,1008,9,2,10,0,1504,821,669,6,2,6,0,123.29,174.02,NA,57085,93341,NA,03720,3,6
45085001802,45,085,001802,5808,2737,2883,100,16,70,2,3978,2029,1807,73,14,53,2,326.1,460.27,NA,14018,93094,NA,03720,3,6
45085001802,45,085,001802,0,0,0,0,0,0,0,0,0,0,0,0,0,0,0,0,NA,14018,93094,NA,03720,3,6
45085001901,45,085,001901,4944,3686,1207,36,5,8,2,3474,2638,801,24,5,5,1,284.79,401.96,NA,57085,92743,NA,03720,3,5
45085001902,45,085,001902,4061,2949,1078,18,7,9,0,2794,2103,668,12,4,7,0,229.04,323.28,NA,NA,92743,NA,03720,3,5
45087000301,45,087,000301,2480,1791,680,4,2,3,0,1963,1468,490,1,2,2,0,157.18,170.32,NA,73105,93497,NA,03750,1,4
45087000302,45,087,000302,3597,2131,1428,26,3,5,4,2679,1759,890,20,3,3,4,214.51,232.44,NA,73105,93497,NA,03750,1,4
45087000303,45,087,000303,5091,3456,1615,14,5,1,0,3834,2685,1133,10,5,1,0,307,332.66,NA,73105,93497,NA,03750,1,4
45087000304,45,087,000304,5984,4841,1125,6,2,10,0,4446,3701,730,6,1,8,0,356,385.76,NA,10090,93497,NA,03750,1,4
45087000305,45,087,000305,2023,1644,368,6,2,3,0,1510,1251,251,4,2,2,0,120.91,131.02,NA,73105,93497,NA,03750,1,4
45087000306,45,087,000306,2021,671,1347,2,1,0,0,1437,509,926,1,1,0,0,115.06,124.68,NA,11755,90507,NA,03750,1,4
45087000307,45,087,000307,3106,2259,829,6,4,8,0,2317,1730,576,4,4,3,0,787,1312,NA,NA,93679,NA,03750,1,4
45087000308,45,087,000308,3504,2349,1145,5,5,0,0,2627,1827,794,2,4,0,0,210.35,227.93,NA,37330,91742,NA,03750,1,4
45087000309,45,087,000309,2531,2007,522,0,2,0,0,1973,1606,365,0,2,0,0,157.98,171.19,NA,42190,91989,NA,03750,1,4
45089009701,45,089,009701,2748,1388,1356,0,4,0,0,1901,1070,828,0,3,0,0,305.23,354.15,NA,NA,90442,NA,03780,5,6
45089009702,45,089,009702,1996,461,1534,1,0,0,0,1361,354,1006,1,0,0,0,218.53,253.55,NA,NA,91599,NA,03780,5,6
45089009703,45,089,009703,5578,2842,2698,28,1,8,1,3892,2179,1688,18,0,6,1,624.92,725.06,NA,33145,91495,NA,03780,5,6
45089009704,45,089,009704,3297,1055,2226,14,0,0,2,2161,781,1370,10,0,0,0,346.98,402.58,NA,NA,92353,NA,03780,5,6
45089009705,45,089,009705,9004,1442,7509,47,1,4,1,5709,1108,4577,19,1,3,1,916.66,1063.56,NA,38590,91768,NA,03780,5,6
45089009706,45,089,009706,5365,3459,1881,13,4,8,0,3942,2679,1248,7,2,6,0,632.94,734.37,NA,38590,91768,NA,03780,5,6
45089009707,45,089,009707,2773,686,2069,10,3,5,0,1866,520,1333,7,2,4,0,645,311,NA,30535,91339,NA,03780,5,6
45089009708,45,089,009708,3662,468,3182,11,1,0,0,2399,376,2018,5,0,0,0,385.19,446.92,NA,40210,91898,NA,03780,5,6
45089009709,45,089,009709,2371,1264,1101,5,1,0,0,1587,918,666,2,1,0,0,254.82,295.65,NA,1450,93458,NA,03780,5,6
45089971098,45,089,971098,21,17,4,0,0,0,0,17,13,4,0,0,0,0,2.73,3.17,NA,NA,90442,NA,03780,5,6
45091000602,45,091,000602,3788,3177,511,23,36,40,1,2860,2489,316,11,25,18,1,320.3,544.67,NA,61405,92886,NA,03870,3,5
45091000603,45,091,000603,4633,2665,1866,26,47,28,1,3310,2109,1130,25,29,17,0,370.7,630.37,NA,61405,92886,NA,03870,3,5
45091000606,45,091,000606,2045,1515,481,28,1,19,1,2033,1506,478,28,1,19,1,227.68,387.17,NA,61405,92886,NA,03870,3,5
45091000607,45,091,000607,4890,4565,252,32,12,29,0,4036,3762,226,21,8,19,0,452.01,768.63,NA,61405,92886,NA,03870,3,5
45091000618,45,091,000618,5579,4442,1043,38,11,45,0,4103,3336,706,24,9,28,0,459.51,781.39,NA,15355,90689,NA,03840,3,5
45091000619,45,091,000619,3480,2725,746,5,4,0,0,2548,2026,517,4,1,0,0,285.36,485.25,NA,33640,91521,NA,03810,3,5
45091001301,45,091,001301,0,0,0,0,0,0,0,0,0,0,0,0,0,0,0,0,NA,NA,92886,NA,03870,3,5
45091001302,45,091,001302,26,26,0,0,0,0,0,19,19,0,0,0,0,0,2.13,3.62,NA,NA,92886,NA,03870,3,5
45091060101,45,091,060101,188,125,62,0,0,1,0,156,109,46,0,0,1,0,17.47,29.71,NA,61405,92886,NA,03870,3,5
45091060102,45,091,060102,3046,2729,259,22,14,22,0,2510,2279,192,19,5,15,0,281.1,478.02,NA,61405,92886,NA,03870,3,5
45091060401,45,091,060401,3595,189,3399,6,0,1,0,2502,161,2334,6,0,1,0,280.21,476.49,NA,61405,92886,NA,03870,3,5
45091060402,45,091,060402,1553,230,1317,4,2,0,0,1047,168,875,2,2,0,0,117.26,199.4,NA,61405,92886,NA,03870,3,5
45091060501,45,091,060501,2547,648,1878,12,7,2,0,1807,518,1272,11,5,1,0,202.37,344.13,NA,61405,92886,NA,03870,3,5
45091060502,45,091,060502,2921,306,2602,1,8,3,1,2010,231,1774,1,3,1,0,225.11,382.79,NA,61405,92886,NA,03870,3,5
45091060801,45,091,060801,6798,5706,857,75,30,128,2,5076,4414,516,45,25,74,2,568.48,966.7,NA,61405,92886,NA,03870,3,5
45091060802,45,091,060802,1866,1710,69,22,9,56,0,1492,1387,48,15,6,36,0,167.09,284.14,NA,61405,92886,NA,03870,3,5
45091060901,45,091,060901,1713,1523,121,7,50,12,0,1212,1098,63,6,40,5,0,135.74,230.82,NA,61405,92886,NA,03870,3,5
45091060902,45,091,060902,7994,7512,349,40,31,62,0,6125,5767,259,29,25,45,0,685.96,1166.47,NA,35635,92886,NA,03870,3,5
45091060904,45,091,060904,3557,3339,189,7,7,15,0,2483,2337,126,7,5,8,0,278.08,472.87,NA,61405,92886,NA,03870,3,5
45091060905,45,091,060905,3312,2617,651,11,25,8,0,2308,1914,371,6,14,3,0,258.48,439.55,NA,61405,92886,NA,03870,3,5
45091061001,45,091,061001,3354,3205,52,65,12,17,3,2615,2506,37,48,10,13,1,204.33,648.44,NA,NA,91183,NA,03900,3,5
45091061002,45,091,061002,6617,6231,267,61,25,29,4,5005,4742,185,40,16,21,1,391.08,1241.09,NA,71417,91183,NA,03900,3,5
45091061101,45,091,061101,3735,3045,662,16,8,4,0,2817,2354,447,8,6,2,0,220.11,698.53,NA,26890,91183,NA,03900,3,5
45091061102,45,091,061102,3637,3435,173,16,4,9,0,2617,2484,117,10,4,2,0,204.48,648.94,NA,26890,91183,NA,03900,3,5
45091061201,45,091,061201,3866,3598,201,15,31,20,1,2876,2689,147,6,20,14,0,322.09,547.72,NA,61405,92886,NA,03870,3,5
45091061202,45,091,061202,2479,2141,87,15,232,4,0,1754,1542,62,12,135,3,0,196.44,334.04,12455,NA,92886,NA,03870,3,5
45091061203,45,091,061203,4008,3342,602,13,43,8,0,2897,2414,438,6,33,6,0,324.45,551.72,NA,NA,92886,NA,03870,3,5
45091061301,45,091,061301,3219,1330,1871,4,12,2,0,2237,1022,1203,4,6,2,0,250.53,426.02,NA,61405,92886,NA,03870,3,5
45091061302,45,091,061302,2312,1762,540,0,6,1,3,1658,1285,367,0,4,1,1,185.69,315.76,NA,61405,92886,NA,03870,3,5
45091061401,45,091,061401,2735,2261,461,6,5,2,0,1934,1595,331,4,4,0,0,216.6,368.32,NA,43675,92106,NA,03810,3,5
45091061402,45,091,061402,3893,3347,499,17,20,10,0,2846,2429,384,12,15,6,0,318.73,542.01,NA,61405,92886,NA,03870,3,5
45091061501,45,091,061501,4180,3637,503,16,17,7,0,2940,2574,344,7,11,4,0,329.26,559.91,NA,NA,93822,NA,03810,3,5
45091061502,45,091,061502,4028,3721,258,28,18,2,1,2844,2616,193,19,14,2,0,318.51,541.62,NA,79630,93822,NA,03810,3,5
45091061601,45,091,061601,2421,911,1481,23,6,0,0,1622,631,974,13,4,0,0,181.65,308.9,NA,79630,93822,NA,03810,3,5
45091061602,45,091,061602,4759,3523,1189,20,10,17,0,3466,2654,777,14,9,12,0,388.17,660.08,NA,79630,93822,NA,03810,3,5
45091061701,45,091,061701,2917,2757,134,10,2,13,1,2115,1999,102,5,2,6,1,236.87,402.79,NA,NA,90689,NA,03840,3,5
45091061702,45,091,061702,24,24,0,0,0,0,0,19,19,0,0,0,0,0,2.13,3.62,NA,NA,90689,NA,03810,3,5
45091061703,45,091,061703,5577,5049,455,30,15,28,0,3977,3617,318,17,11,14,0,445.4,757.4,NA,NA,90689,NA,03840,3,5
45091061704,45,091,061704,4205,3951,206,21,7,20,0,3549,3362,152,14,5,16,0,397.46,675.89,NA,39785,90689,NA,03840,3,5
